truth	scenario	severity	replicate	seed	n	auc	hedges_g	receptor_auc	primary_pass	existing_guard_flag	calibrated_q10_guard_flag	calibrated_q20_guard_flag	existing_guarded_acceptable_pass	calibrated_q10_acceptable_pass	calibrated_q20_acceptable_pass
planted	batch_only	0.0	0	48245	60	0.76	0.94567653452197	0.5111111111111111	True	True	False	True	False	True	False
planted	batch_only	0.0	1	48246	60	0.75	0.9746385955665767	0.51	True	True	False	True	False	True	False
planted	batch_only	0.0	2	48247	60	0.6966666666666667	0.7283391999483078	0.5233333333333333	False	True	False	False	False	False	False
planted	batch_only	0.0	3	48248	60	0.8533333333333334	1.4781362679752457	0.38555555555555554	True	False	False	False	True	True	True
planted	batch_only	0.0	4	48249	60	0.8655555555555555	1.5655614480617335	0.5466666666666666	True	True	False	False	False	True	True
planted	batch_only	0.0	5	48250	60	0.7744444444444445	1.056278447041212	0.3244444444444444	True	True	False	False	False	True	True
planted	batch_only	0.0	6	48251	60	0.7966666666666666	1.1414522233320854	0.5033333333333333	True	True	False	True	False	True	False
planted	batch_only	0.0	7	48252	60	0.7688888888888888	1.065890709333579	0.6222222222222222	True	True	False	False	False	True	True
planted	batch_only	0.0	8	48253	60	0.81	1.1883013736763424	0.5944444444444444	True	False	False	False	True	True	True
planted	batch_only	0.0	9	48254	60	0.7122222222222222	0.7307550802816914	0.38666666666666666	True	True	False	False	False	True	True
planted	batch_only	0.0	10	48255	60	0.75	0.8782313348113666	0.4011111111111111	True	True	False	False	False	True	True
planted	batch_only	0.0	11	48256	60	0.8088888888888889	1.314133349818513	0.43	True	False	False	False	True	True	True
planted	batch_only	0.0	12	48257	60	0.8266666666666667	1.265727929160344	0.4088888888888889	True	False	False	False	True	True	True
planted	batch_only	0.0	13	48258	60	0.8022222222222222	1.2345740256022903	0.5711111111111111	True	True	False	False	False	True	True
planted	batch_only	0.0	14	48259	60	0.7455555555555555	0.904040581449341	0.57	True	False	False	False	True	True	True
planted	batch_only	0.0	15	48260	60	0.7577777777777778	1.01974938223574	0.44	True	False	False	False	True	True	True
planted	batch_only	0.0	16	48261	60	0.8233333333333334	1.2484133371240322	0.54	True	True	False	False	False	True	True
planted	batch_only	0.0	17	48262	60	0.8466666666666667	1.337074153655929	0.4022222222222222	True	True	False	False	False	True	True
planted	batch_only	0.0	18	48263	60	0.7911111111111111	1.0766164084046146	0.5677777777777778	True	False	False	False	True	True	True
planted	batch_only	0.0	19	48264	60	0.82	1.242464576903444	0.44	True	True	False	False	False	True	True
planted	batch_only	0.0	20	48265	60	0.8677777777777778	1.5306353454845916	0.45	True	False	False	False	True	True	True
planted	batch_only	0.0	21	48266	60	0.78	1.0350570101391054	0.5888888888888889	True	False	False	False	True	True	True
planted	batch_only	0.0	22	48267	60	0.7677777777777778	1.0531091385586844	0.4922222222222222	True	False	False	False	True	True	True
planted	batch_only	0.0	23	48268	60	0.8011111111111111	1.125226924882701	0.5855555555555556	True	True	False	False	False	True	True
planted	batch_only	0.0	24	48269	60	0.7888888888888889	1.1627526445694316	0.4211111111111111	True	False	False	False	True	True	True
planted	batch_only	0.0	25	48270	60	0.8411111111111111	1.4450526285418954	0.40555555555555556	True	False	False	False	True	True	True
planted	batch_only	0.0	26	48271	60	0.7722222222222223	1.0050729836547578	0.6	True	True	False	False	False	True	True
planted	batch_only	0.0	27	48272	60	0.8655555555555555	1.5880911611710196	0.4222222222222222	True	False	False	False	True	True	True
planted	batch_only	0.0	28	48273	60	0.77	0.9350897224030357	0.4777777777777778	True	False	False	False	True	True	True
planted	batch_only	0.0	29	48274	60	0.7666666666666667	0.9863575720993213	0.6088888888888889	True	True	False	True	False	True	False
planted	batch_only	0.25	0	48325	60	0.8444444444444444	1.4381136676544655	0.5255555555555556	True	True	False	False	False	True	True
planted	batch_only	0.25	1	48326	60	0.84	1.3093068766392961	0.5644444444444444	True	True	False	False	False	True	True
planted	batch_only	0.25	2	48327	60	0.8222222222222222	1.3312733870416846	0.6977777777777778	True	True	False	True	False	True	False
planted	batch_only	0.25	3	48328	60	0.8455555555555555	1.4075629418392177	0.4955555555555556	True	True	False	True	False	True	False
planted	batch_only	0.25	4	48329	60	0.78	1.1104320309758264	0.45111111111111113	True	True	True	True	False	False	False
planted	batch_only	0.25	5	48330	60	0.8111111111111111	1.189491334221208	0.47333333333333333	True	True	True	True	False	False	False
planted	batch_only	0.25	6	48331	60	0.7777777777777778	1.0085381965524274	0.5655555555555556	True	False	False	False	True	True	True
planted	batch_only	0.25	7	48332	60	0.83	1.3588592957918915	0.5644444444444444	True	True	False	False	False	True	True
planted	batch_only	0.25	8	48333	60	0.7722222222222223	1.0797230711712238	0.4288888888888889	True	True	False	False	False	True	True
planted	batch_only	0.25	9	48334	60	0.82	1.3269763600616493	0.4866666666666667	True	True	False	True	False	True	False
planted	batch_only	0.25	10	48335	60	0.8377777777777777	1.3771784912701814	0.48	True	False	False	False	True	True	True
planted	batch_only	0.25	11	48336	60	0.7966666666666666	1.0437164318968977	0.46	True	True	False	False	False	True	True
planted	batch_only	0.25	12	48337	60	0.6277777777777778	0.4851489188222871	0.4766666666666667	False	True	False	True	False	False	False
planted	batch_only	0.25	13	48338	60	0.7477777777777778	0.8358634763617869	0.5588888888888889	True	False	False	False	True	True	True
planted	batch_only	0.25	14	48339	60	0.8166666666666667	1.208914069942302	0.5644444444444444	True	True	False	False	False	True	True
planted	batch_only	0.25	15	48340	60	0.8044444444444444	1.1604495139492437	0.49777777777777776	True	False	False	False	True	True	True
planted	batch_only	0.25	16	48341	60	0.8288888888888889	1.2928275861050362	0.5022222222222222	True	False	False	False	True	True	True
planted	batch_only	0.25	17	48342	60	0.7833333333333333	1.1298475594071102	0.5844444444444444	True	True	False	False	False	True	True
planted	batch_only	0.25	18	48343	60	0.6277777777777778	0.5494578771462074	0.55	False	False	False	False	False	False	False
planted	batch_only	0.25	19	48344	60	0.7177777777777777	0.7343163907677066	0.5788888888888889	True	True	False	True	False	True	False
planted	batch_only	0.25	20	48345	60	0.7488888888888889	0.9269849155229115	0.4722222222222222	True	False	False	False	True	True	True
planted	batch_only	0.25	21	48346	60	0.6966666666666667	0.6872862829898965	0.47444444444444445	False	False	False	False	False	False	False
planted	batch_only	0.25	22	48347	60	0.7877777777777778	1.1498851901012432	0.4622222222222222	True	True	False	True	False	True	False
planted	batch_only	0.25	23	48348	60	0.7088888888888889	0.8239457996512224	0.5333333333333333	True	True	False	False	False	True	True
planted	batch_only	0.25	24	48349	60	0.7622222222222222	0.874009018381498	0.5	True	True	False	False	False	True	True
planted	batch_only	0.25	25	48350	60	0.7188888888888889	0.8693420936190269	0.4811111111111111	True	True	False	False	False	True	True
planted	batch_only	0.25	26	48351	60	0.6611111111111111	0.5969627207347579	0.5211111111111111	False	True	False	False	False	False	False
planted	batch_only	0.25	27	48352	60	0.8077777777777778	1.2036760721749407	0.46	True	True	False	False	False	True	True
planted	batch_only	0.25	28	48353	60	0.8311111111111111	1.2976687274688619	0.5133333333333333	True	False	False	False	True	True	True
planted	batch_only	0.25	29	48354	60	0.83	1.2953265907409064	0.43666666666666665	True	True	False	False	False	True	True
planted	batch_only	0.5	0	48405	60	0.9	1.7633933187489994	0.4	True	True	False	True	False	True	False
planted	batch_only	0.5	1	48406	60	0.8666666666666667	1.5913848234457133	0.4666666666666667	True	True	True	True	False	False	False
planted	batch_only	0.5	2	48407	60	0.7844444444444445	1.2540725267965767	0.41555555555555557	True	True	False	True	False	True	False
planted	batch_only	0.5	3	48408	60	0.7588888888888888	1.048477116812987	0.5488888888888889	True	True	True	True	False	False	False
planted	batch_only	0.5	4	48409	60	0.7577777777777778	0.9760505950390562	0.4888888888888889	True	True	False	True	False	True	False
planted	batch_only	0.5	5	48410	60	0.8322222222222222	1.3681265040100254	0.5433333333333333	True	True	True	True	False	False	False
planted	batch_only	0.5	6	48411	60	0.7466666666666667	0.8927028399887098	0.6111111111111112	True	True	True	True	False	False	False
planted	batch_only	0.5	7	48412	60	0.7755555555555556	1.0964846267258341	0.6577777777777778	True	True	False	False	False	True	True
planted	batch_only	0.5	8	48413	60	0.84	1.3440168638116703	0.48333333333333334	True	True	False	True	False	True	False
planted	batch_only	0.5	9	48414	60	0.8555555555555555	1.4078976729416064	0.4177777777777778	True	True	False	True	False	True	False
planted	batch_only	0.5	10	48415	60	0.7433333333333333	0.9872396609358937	0.5566666666666666	True	True	False	True	False	True	False
planted	batch_only	0.5	11	48416	60	0.7866666666666666	1.0971067728396833	0.4688888888888889	True	True	False	True	False	True	False
planted	batch_only	0.5	12	48417	60	0.8566666666666667	1.463069379718974	0.5322222222222223	True	True	True	True	False	False	False
planted	batch_only	0.5	13	48418	60	0.7955555555555556	1.159600780882763	0.5133333333333333	True	True	False	True	False	True	False
planted	batch_only	0.5	14	48419	60	0.8766666666666667	1.542479638741408	0.5277777777777778	True	True	True	True	False	False	False
planted	batch_only	0.5	15	48420	60	0.82	1.2190058557559917	0.4477777777777778	True	True	True	True	False	False	False
planted	batch_only	0.5	16	48421	60	0.9222222222222223	1.9041412590310332	0.49666666666666665	True	True	True	True	False	False	False
planted	batch_only	0.5	17	48422	60	0.7822222222222223	1.0371024877935273	0.5055555555555555	True	True	True	True	False	False	False
planted	batch_only	0.5	18	48423	60	0.7988888888888889	1.1875288912593895	0.43222222222222223	True	True	False	False	False	True	True
planted	batch_only	0.5	19	48424	60	0.6922222222222222	0.7099593884327626	0.6277777777777778	False	True	False	True	False	False	False
planted	batch_only	0.5	20	48425	60	0.6444444444444445	0.607979833212821	0.4722222222222222	False	True	False	False	False	False	False
planted	batch_only	0.5	21	48426	60	0.7822222222222223	1.0792668803397418	0.5055555555555555	True	True	True	True	False	False	False
planted	batch_only	0.5	22	48427	60	0.8622222222222222	1.4165458683360335	0.6522222222222223	True	True	False	True	False	True	False
planted	batch_only	0.5	23	48428	60	0.7433333333333333	0.8762250604040673	0.48333333333333334	True	True	False	True	False	True	False
planted	batch_only	0.5	24	48429	60	0.7711111111111111	1.1036430196531195	0.5911111111111111	True	True	True	True	False	False	False
planted	batch_only	0.5	25	48430	60	0.8055555555555556	1.2662044718863543	0.6288888888888889	True	True	False	False	False	True	True
planted	batch_only	0.5	26	48431	60	0.8077777777777778	1.162787368629617	0.5488888888888889	True	True	True	True	False	False	False
planted	batch_only	0.5	27	48432	60	0.8244444444444444	1.3829456517099294	0.4255555555555556	True	True	False	False	False	True	True
planted	batch_only	0.5	28	48433	60	0.8377777777777777	1.3551789049754972	0.3933333333333333	True	True	True	True	False	False	False
planted	batch_only	0.5	29	48434	60	0.6855555555555556	0.7631786685168325	0.5344444444444445	False	True	True	True	False	False	False
planted	batch_only	0.75	0	48485	60	0.8822222222222222	1.6096196589022782	0.5388888888888889	True	True	True	True	False	False	False
planted	batch_only	0.75	1	48486	60	0.8144444444444444	1.2502884786954893	0.49444444444444446	True	True	False	True	False	True	False
planted	batch_only	0.75	2	48487	60	0.74	0.9365226508415857	0.5588888888888889	True	True	True	True	False	False	False
planted	batch_only	0.75	3	48488	60	0.8688888888888889	1.4689786353848875	0.46444444444444444	True	True	True	True	False	False	False
planted	batch_only	0.75	4	48489	60	0.6955555555555556	0.7413348972664194	0.49777777777777776	False	True	True	True	False	False	False
planted	batch_only	0.75	5	48490	60	0.8344444444444444	1.393383039513925	0.4855555555555556	True	True	True	True	False	False	False
planted	batch_only	0.75	6	48491	60	0.79	1.052016993891321	0.5466666666666666	True	True	False	True	False	True	False
planted	batch_only	0.75	7	48492	60	0.7966666666666666	1.0329388440799807	0.4077777777777778	True	True	True	True	False	False	False
planted	batch_only	0.75	8	48493	60	0.8288888888888889	1.2635144897286237	0.55	True	True	True	True	False	False	False
planted	batch_only	0.75	9	48494	60	0.7833333333333333	1.0634663280556573	0.49666666666666665	True	True	True	True	False	False	False
planted	batch_only	0.75	10	48495	60	0.7388888888888889	0.8535827079506251	0.5044444444444445	True	True	True	True	False	False	False
planted	batch_only	0.75	11	48496	60	0.7877777777777778	1.1037013309148263	0.5333333333333333	True	True	True	True	False	False	False
planted	batch_only	0.75	12	48497	60	0.8222222222222222	1.2845589382072409	0.5422222222222223	True	True	True	True	False	False	False
planted	batch_only	0.75	13	48498	60	0.8677777777777778	1.5111971117436565	0.3688888888888889	True	True	True	True	False	False	False
planted	batch_only	0.75	14	48499	60	0.77	0.928459452323269	0.4588888888888889	True	True	True	True	False	False	False
planted	batch_only	0.75	15	48500	60	0.7077777777777777	0.7612981091605057	0.45555555555555555	True	True	True	True	False	False	False
planted	batch_only	0.75	16	48501	60	0.7055555555555556	0.6820349936853953	0.5744444444444444	True	True	True	True	False	False	False
planted	batch_only	0.75	17	48502	60	0.8122222222222222	1.1693494172361503	0.4855555555555556	True	True	False	False	False	True	True
planted	batch_only	0.75	18	48503	60	0.8366666666666667	1.3516401673705423	0.5922222222222222	True	True	True	True	False	False	False
planted	batch_only	0.75	19	48504	60	0.8622222222222222	1.4708214292888842	0.5944444444444444	True	True	True	True	False	False	False
planted	batch_only	0.75	20	48505	60	0.7688888888888888	1.0551387341084912	0.44333333333333336	True	True	True	True	False	False	False
planted	batch_only	0.75	21	48506	60	0.86	1.537462595811906	0.4255555555555556	True	True	True	True	False	False	False
planted	batch_only	0.75	22	48507	60	0.8966666666666666	1.7658601632516775	0.4533333333333333	True	True	True	True	False	False	False
planted	batch_only	0.75	23	48508	60	0.8577777777777778	1.5424778673626836	0.6188888888888889	True	True	True	True	False	False	False
planted	batch_only	0.75	24	48509	60	0.7277777777777777	0.9118880138451225	0.2911111111111111	True	True	False	True	False	True	False
planted	batch_only	0.75	25	48510	60	0.8255555555555556	1.339301641110119	0.6455555555555555	True	True	True	True	False	False	False
planted	batch_only	0.75	26	48511	60	0.83	1.263645060294683	0.43555555555555553	True	True	False	True	False	True	False
planted	batch_only	0.75	27	48512	60	0.8377777777777777	1.3518583756988916	0.5944444444444444	True	True	True	True	False	False	False
planted	batch_only	0.75	28	48513	60	0.8277777777777777	1.3574115141877443	0.6177777777777778	True	True	True	True	False	False	False
planted	batch_only	0.75	29	48514	60	0.89	1.6239247214478099	0.49	True	True	True	True	False	False	False
planted	batch_only	1.0	0	48565	60	0.8555555555555555	1.5129891363803136	0.48444444444444446	True	True	True	True	False	False	False
planted	batch_only	1.0	1	48566	60	0.8255555555555556	1.391799181316918	0.4711111111111111	True	True	True	True	False	False	False
planted	batch_only	1.0	2	48567	60	0.8	1.157899104246881	0.6177777777777778	True	True	True	True	False	False	False
planted	batch_only	1.0	3	48568	60	0.8566666666666667	1.3447364071981818	0.36777777777777776	True	True	True	True	False	False	False
planted	batch_only	1.0	4	48569	60	0.8555555555555555	1.4627346406909596	0.59	True	True	True	True	False	False	False
planted	batch_only	1.0	5	48570	60	0.8422222222222222	1.424075551594057	0.5166666666666667	True	True	False	True	False	True	False
planted	batch_only	1.0	6	48571	60	0.8188888888888889	1.1597968301766366	0.44333333333333336	True	True	True	True	False	False	False
planted	batch_only	1.0	7	48572	60	0.8266666666666667	1.2459593480818487	0.4533333333333333	True	True	True	True	False	False	False
planted	batch_only	1.0	8	48573	60	0.6977777777777778	0.7037539839897455	0.4444444444444444	False	True	True	True	False	False	False
planted	batch_only	1.0	9	48574	60	0.8333333333333334	1.3047299386353173	0.5833333333333334	True	True	True	True	False	False	False
planted	batch_only	1.0	10	48575	60	0.8533333333333334	1.395327031938059	0.4622222222222222	True	True	True	True	False	False	False
planted	batch_only	1.0	11	48576	60	0.8855555555555555	1.6032993187632516	0.5666666666666667	True	True	True	True	False	False	False
planted	batch_only	1.0	12	48577	60	0.7966666666666666	1.140531209184432	0.46555555555555556	True	True	True	True	False	False	False
planted	batch_only	1.0	13	48578	60	0.7988888888888889	1.1483195744487196	0.49777777777777776	True	True	True	True	False	False	False
planted	batch_only	1.0	14	48579	60	0.8044444444444444	1.1969537895269677	0.6011111111111112	True	True	True	True	False	False	False
planted	batch_only	1.0	15	48580	60	0.7888888888888889	1.0378837539533248	0.5333333333333333	True	True	True	True	False	False	False
planted	batch_only	1.0	16	48581	60	0.7822222222222223	1.110901981589006	0.51	True	True	True	True	False	False	False
planted	batch_only	1.0	17	48582	60	0.7611111111111111	0.9688912500935885	0.4822222222222222	True	True	True	True	False	False	False
planted	batch_only	1.0	18	48583	60	0.8344444444444444	1.329581840071596	0.37777777777777777	True	True	True	True	False	False	False
planted	batch_only	1.0	19	48584	60	0.8788888888888889	1.5776702391287851	0.4711111111111111	True	True	True	True	False	False	False
planted	batch_only	1.0	20	48585	60	0.7633333333333333	0.9607649708108763	0.5233333333333333	True	True	False	True	False	True	False
planted	batch_only	1.0	21	48586	60	0.9166666666666666	1.8125642309223349	0.47555555555555556	True	True	True	True	False	False	False
planted	batch_only	1.0	22	48587	60	0.8611111111111112	1.4737555982989445	0.4211111111111111	True	True	True	True	False	False	False
planted	batch_only	1.0	23	48588	60	0.8222222222222222	1.306069490566907	0.6366666666666667	True	True	True	True	False	False	False
planted	batch_only	1.0	24	48589	60	0.9333333333333333	1.9198890950158096	0.58	True	True	True	True	False	False	False
planted	batch_only	1.0	25	48590	60	0.8488888888888889	1.3640091906503657	0.5811111111111111	True	True	True	True	False	False	False
planted	batch_only	1.0	26	48591	60	0.7888888888888889	1.0535401414255634	0.5388888888888889	True	True	True	True	False	False	False
planted	batch_only	1.0	27	48592	60	0.88	1.6134782958462695	0.5755555555555556	True	True	True	True	False	False	False
planted	batch_only	1.0	28	48593	60	0.8355555555555556	1.3435384249459328	0.6077777777777778	True	True	True	True	False	False	False
planted	batch_only	1.0	29	48594	60	0.8044444444444444	1.196697121236246	0.5211111111111111	True	True	True	True	False	False	False
planted	distributed_weak_technical	0.0	0	48645	60	0.8622222222222222	1.5169018046263731	0.41333333333333333	True	False	False	False	True	True	True
planted	distributed_weak_technical	0.0	1	48646	60	0.93	1.9453642170599668	0.62	True	True	False	False	False	True	True
planted	distributed_weak_technical	0.0	2	48647	60	0.7088888888888889	0.7590843737833967	0.48777777777777775	True	True	False	False	False	True	True
planted	distributed_weak_technical	0.0	3	48648	60	0.7288888888888889	0.7688127702011166	0.38	True	False	False	False	True	True	True
planted	distributed_weak_technical	0.0	4	48649	60	0.8522222222222222	1.3780396217158473	0.45555555555555555	True	True	False	False	False	True	True
planted	distributed_weak_technical	0.0	5	48650	60	0.7422222222222222	0.9344408650812138	0.5055555555555555	True	True	False	False	False	True	True
planted	distributed_weak_technical	0.0	6	48651	60	0.8	1.1856589770336357	0.6044444444444445	True	False	False	False	True	True	True
planted	distributed_weak_technical	0.0	7	48652	60	0.7533333333333333	0.9656130027554797	0.2777777777777778	True	False	False	False	True	True	True
planted	distributed_weak_technical	0.0	8	48653	60	0.7211111111111111	0.7395180073176498	0.5455555555555556	True	True	False	False	False	True	True
planted	distributed_weak_technical	0.0	9	48654	60	0.7955555555555556	1.1906037683688802	0.4022222222222222	True	True	False	False	False	True	True
planted	distributed_weak_technical	0.0	10	48655	60	0.8033333333333333	1.217009111794264	0.65	True	True	False	False	False	True	True
planted	distributed_weak_technical	0.0	11	48656	60	0.8322222222222222	1.289928799579858	0.33666666666666667	True	True	False	False	False	True	True
planted	distributed_weak_technical	0.0	12	48657	60	0.8777777777777778	1.6549440696058004	0.41333333333333333	True	True	False	False	False	True	True
planted	distributed_weak_technical	0.0	13	48658	60	0.7	0.7290986411457945	0.4866666666666667	True	False	False	False	True	True	True
planted	distributed_weak_technical	0.0	14	48659	60	0.7888888888888889	1.1421283547923546	0.4533333333333333	True	True	False	False	False	True	True
planted	distributed_weak_technical	0.0	15	48660	60	0.8155555555555556	1.3526170441012104	0.5644444444444444	True	True	False	False	False	True	True
planted	distributed_weak_technical	0.0	16	48661	60	0.7555555555555555	0.9161894709099266	0.5144444444444445	True	False	False	False	True	True	True
planted	distributed_weak_technical	0.0	17	48662	60	0.7588888888888888	0.8662370269483404	0.4622222222222222	True	True	False	False	False	True	True
planted	distributed_weak_technical	0.0	18	48663	60	0.8211111111111111	1.3216689736234195	0.5311111111111111	True	False	False	False	True	True	True
planted	distributed_weak_technical	0.0	19	48664	60	0.7877777777777778	1.085827320961765	0.46111111111111114	True	False	False	False	True	True	True
planted	distributed_weak_technical	0.0	20	48665	60	0.8433333333333334	1.466957878778852	0.5488888888888889	True	False	False	False	True	True	True
planted	distributed_weak_technical	0.0	21	48666	60	0.7588888888888888	0.926236692288484	0.43777777777777777	True	False	False	False	True	True	True
planted	distributed_weak_technical	0.0	22	48667	60	0.7744444444444445	1.02317772639154	0.4955555555555556	True	False	False	False	True	True	True
planted	distributed_weak_technical	0.0	23	48668	60	0.81	1.2038704930112905	0.3988888888888889	True	False	False	False	True	True	True
planted	distributed_weak_technical	0.0	24	48669	60	0.7177777777777777	0.8063015336148331	0.4166666666666667	True	False	False	False	True	True	True
planted	distributed_weak_technical	0.0	25	48670	60	0.83	1.351968000552243	0.5755555555555556	True	False	False	False	True	True	True
planted	distributed_weak_technical	0.0	26	48671	60	0.6633333333333333	0.6007570889172315	0.49333333333333335	False	True	False	False	False	False	False
planted	distributed_weak_technical	0.0	27	48672	60	0.8844444444444445	1.696733088406277	0.7133333333333334	True	False	False	False	True	True	True
planted	distributed_weak_technical	0.0	28	48673	60	0.8355555555555556	1.2778678784452469	0.4866666666666667	True	True	False	False	False	True	True
planted	distributed_weak_technical	0.0	29	48674	60	0.8866666666666667	1.6451924076896824	0.52	True	True	False	False	False	True	True
planted	distributed_weak_technical	0.25	0	48725	60	0.8444444444444444	1.407927645530914	0.5477777777777778	True	False	False	False	True	True	True
planted	distributed_weak_technical	0.25	1	48726	60	0.66	0.6086209158949099	0.5255555555555556	False	False	False	False	False	False	False
planted	distributed_weak_technical	0.25	2	48727	60	0.8344444444444444	1.336161019818157	0.34444444444444444	True	True	False	False	False	True	True
planted	distributed_weak_technical	0.25	3	48728	60	0.7366666666666667	0.8318014968596291	0.5277777777777778	True	False	False	False	True	True	True
planted	distributed_weak_technical	0.25	4	48729	60	0.8133333333333334	1.1305176544957902	0.5866666666666667	True	False	False	False	True	True	True
planted	distributed_weak_technical	0.25	5	48730	60	0.8311111111111111	1.303341387839508	0.46555555555555556	True	True	False	True	False	True	False
planted	distributed_weak_technical	0.25	6	48731	60	0.7844444444444445	1.0068024229665995	0.37777777777777777	True	False	False	False	True	True	True
planted	distributed_weak_technical	0.25	7	48732	60	0.7777777777777778	0.9249348855147419	0.4122222222222222	True	True	False	False	False	True	True
planted	distributed_weak_technical	0.25	8	48733	60	0.8966666666666666	1.7887854453119996	0.5633333333333334	True	True	False	False	False	True	True
planted	distributed_weak_technical	0.25	9	48734	60	0.7833333333333333	1.1345916865323569	0.48444444444444446	True	True	False	False	False	True	True
planted	distributed_weak_technical	0.25	10	48735	60	0.7511111111111111	0.8900131898704984	0.4255555555555556	True	False	False	False	True	True	True
planted	distributed_weak_technical	0.25	11	48736	60	0.7711111111111111	1.012961089900889	0.67	True	True	False	False	False	True	True
planted	distributed_weak_technical	0.25	12	48737	60	0.7977777777777778	1.100772159030498	0.4022222222222222	True	True	False	False	False	True	True
planted	distributed_weak_technical	0.25	13	48738	60	0.7322222222222222	0.8899676107139226	0.53	True	False	False	False	True	True	True
planted	distributed_weak_technical	0.25	14	48739	60	0.7755555555555556	1.104437737319112	0.6144444444444445	True	True	True	True	False	False	False
planted	distributed_weak_technical	0.25	15	48740	60	0.7344444444444445	0.8164596810065649	0.5188888888888888	True	True	False	False	False	True	True
planted	distributed_weak_technical	0.25	16	48741	60	0.7722222222222223	1.1190884358068702	0.4477777777777778	True	False	False	False	True	True	True
planted	distributed_weak_technical	0.25	17	48742	60	0.7033333333333334	0.787160464909649	0.5455555555555556	True	False	False	False	True	True	True
planted	distributed_weak_technical	0.25	18	48743	60	0.8333333333333334	1.3121405232411043	0.4666666666666667	True	False	False	False	True	True	True
planted	distributed_weak_technical	0.25	19	48744	60	0.7177777777777777	0.7054152427556711	0.5833333333333334	True	False	False	False	True	True	True
planted	distributed_weak_technical	0.25	20	48745	60	0.7633333333333333	1.0009756314355513	0.57	True	True	False	False	False	True	True
planted	distributed_weak_technical	0.25	21	48746	60	0.8288888888888889	1.2960148663528321	0.5922222222222222	True	False	False	False	True	True	True
planted	distributed_weak_technical	0.25	22	48747	60	0.7966666666666666	1.1576646862175815	0.37666666666666665	True	True	False	True	False	True	False
planted	distributed_weak_technical	0.25	23	48748	60	0.87	1.5735957330838135	0.47555555555555556	True	True	False	False	False	True	True
planted	distributed_weak_technical	0.25	24	48749	60	0.7044444444444444	0.7591893087747676	0.6088888888888889	True	False	False	False	True	True	True
planted	distributed_weak_technical	0.25	25	48750	60	0.7655555555555555	1.0810454924584825	0.51	True	True	False	False	False	True	True
planted	distributed_weak_technical	0.25	26	48751	60	0.7855555555555556	0.9534661513147846	0.5288888888888889	True	True	False	True	False	True	False
planted	distributed_weak_technical	0.25	27	48752	60	0.8288888888888889	1.277255201163262	0.5422222222222223	True	False	False	False	True	True	True
planted	distributed_weak_technical	0.25	28	48753	60	0.7877777777777778	1.1488154368800823	0.5777777777777777	True	True	False	False	False	True	True
planted	distributed_weak_technical	0.25	29	48754	60	0.7488888888888889	0.8956297132044719	0.4688888888888889	True	True	False	True	False	True	False
planted	distributed_weak_technical	0.5	0	48805	60	0.76	0.9921628771984032	0.46111111111111114	True	True	False	False	False	True	True
planted	distributed_weak_technical	0.5	1	48806	60	0.8055555555555556	1.2270952318914643	0.5088888888888888	True	True	True	True	False	False	False
planted	distributed_weak_technical	0.5	2	48807	60	0.7544444444444445	0.9967425559267938	0.47333333333333333	True	False	False	False	True	True	True
planted	distributed_weak_technical	0.5	3	48808	60	0.7655555555555555	1.0236313665260712	0.5388888888888889	True	True	False	False	False	True	True
planted	distributed_weak_technical	0.5	4	48809	60	0.75	0.9244163940813669	0.5244444444444445	True	False	False	False	True	True	True
planted	distributed_weak_technical	0.5	5	48810	60	0.83	1.3008698030830783	0.4388888888888889	True	True	True	True	False	False	False
planted	distributed_weak_technical	0.5	6	48811	60	0.74	0.9048049408086901	0.6022222222222222	True	True	False	True	False	True	False
planted	distributed_weak_technical	0.5	7	48812	60	0.8466666666666667	1.4490431627042468	0.5422222222222223	True	True	False	False	False	True	True
planted	distributed_weak_technical	0.5	8	48813	60	0.8733333333333333	1.534824093004221	0.5	True	True	False	False	False	True	True
planted	distributed_weak_technical	0.5	9	48814	60	0.7455555555555555	1.010967819609426	0.4166666666666667	True	True	True	True	False	False	False
planted	distributed_weak_technical	0.5	10	48815	60	0.8177777777777778	1.244973433590876	0.5622222222222222	True	True	False	False	False	True	True
planted	distributed_weak_technical	0.5	11	48816	60	0.8622222222222222	1.5611986761621828	0.3466666666666667	True	True	False	True	False	True	False
planted	distributed_weak_technical	0.5	12	48817	60	0.7488888888888889	0.9759150505696393	0.6011111111111112	True	True	False	False	False	True	True
planted	distributed_weak_technical	0.5	13	48818	60	0.8266666666666667	1.3558600071289912	0.5055555555555555	True	True	False	False	False	True	True
planted	distributed_weak_technical	0.5	14	48819	60	0.8233333333333334	1.3559587396852686	0.5588888888888889	True	True	False	False	False	True	True
planted	distributed_weak_technical	0.5	15	48820	60	0.7666666666666667	1.0114209019551976	0.36333333333333334	True	True	True	True	False	False	False
planted	distributed_weak_technical	0.5	16	48821	60	0.7622222222222222	0.9829975440422551	0.4477777777777778	True	True	False	False	False	True	True
planted	distributed_weak_technical	0.5	17	48822	60	0.81	1.2693438417078549	0.3933333333333333	True	True	False	False	False	True	True
planted	distributed_weak_technical	0.5	18	48823	60	0.7911111111111111	1.1363839404241685	0.3844444444444444	True	True	False	False	False	True	True
planted	distributed_weak_technical	0.5	19	48824	60	0.8344444444444444	1.2952788384307805	0.5066666666666667	True	True	False	True	False	True	False
planted	distributed_weak_technical	0.5	20	48825	60	0.77	1.0156431736688631	0.5133333333333333	True	True	False	False	False	True	True
planted	distributed_weak_technical	0.5	21	48826	60	0.7855555555555556	1.1358118569421551	0.5244444444444445	True	True	False	True	False	True	False
planted	distributed_weak_technical	0.5	22	48827	60	0.8477777777777777	1.5351875519681581	0.5822222222222222	True	True	True	True	False	False	False
planted	distributed_weak_technical	0.5	23	48828	60	0.7611111111111111	0.9649299478646894	0.43	True	True	True	True	False	False	False
planted	distributed_weak_technical	0.5	24	48829	60	0.8133333333333334	1.2544306475150409	0.4255555555555556	True	True	False	False	False	True	True
planted	distributed_weak_technical	0.5	25	48830	60	0.7944444444444444	1.118685825785285	0.46	True	False	False	False	True	True	True
planted	distributed_weak_technical	0.5	26	48831	60	0.7711111111111111	0.9543941151790892	0.44333333333333336	True	False	False	False	True	True	True
planted	distributed_weak_technical	0.5	27	48832	60	0.5477777777777778	0.26386844407465154	0.4588888888888889	False	True	False	True	False	False	False
planted	distributed_weak_technical	0.5	28	48833	60	0.8044444444444444	1.2570078829264117	0.6488888888888888	True	True	False	False	False	True	True
planted	distributed_weak_technical	0.5	29	48834	60	0.7811111111111111	1.0877540830209937	0.5322222222222223	True	True	False	False	False	True	True
planted	distributed_weak_technical	0.75	0	48885	60	0.8255555555555556	1.2737227379044118	0.43555555555555553	True	True	False	True	False	True	False
planted	distributed_weak_technical	0.75	1	48886	60	0.8411111111111111	1.37570936453802	0.4811111111111111	True	True	True	True	False	False	False
planted	distributed_weak_technical	0.75	2	48887	60	0.7177777777777777	0.7826900727839939	0.4622222222222222	True	True	True	True	False	False	False
planted	distributed_weak_technical	0.75	3	48888	60	0.7866666666666666	1.1269222561240713	0.6055555555555555	True	True	True	True	False	False	False
planted	distributed_weak_technical	0.75	4	48889	60	0.8288888888888889	1.339891403752334	0.6455555555555555	True	False	False	False	True	True	True
planted	distributed_weak_technical	0.75	5	48890	60	0.84	1.4370404473571874	0.5577777777777778	True	True	True	True	False	False	False
planted	distributed_weak_technical	0.75	6	48891	60	0.8266666666666667	1.2472338552022522	0.5444444444444444	True	True	True	True	False	False	False
planted	distributed_weak_technical	0.75	7	48892	60	0.8233333333333334	1.2457277261710125	0.4922222222222222	True	True	True	True	False	False	False
planted	distributed_weak_technical	0.75	8	48893	60	0.8522222222222222	1.4470504754922429	0.4477777777777778	True	True	True	True	False	False	False
planted	distributed_weak_technical	0.75	9	48894	60	0.8266666666666667	1.3339754449922765	0.5877777777777777	True	True	True	True	False	False	False
planted	distributed_weak_technical	0.75	10	48895	60	0.78	1.1177981444092793	0.4088888888888889	True	True	False	True	False	True	False
planted	distributed_weak_technical	0.75	11	48896	60	0.7455555555555555	0.870011173012697	0.41555555555555557	True	True	False	True	False	True	False
planted	distributed_weak_technical	0.75	12	48897	60	0.9233333333333333	1.8664915274607987	0.4711111111111111	True	True	True	True	False	False	False
planted	distributed_weak_technical	0.75	13	48898	60	0.8188888888888889	1.2084094904340363	0.43444444444444447	True	True	False	True	False	True	False
planted	distributed_weak_technical	0.75	14	48899	60	0.9166666666666666	1.7950145121951828	0.4922222222222222	True	True	False	True	False	True	False
planted	distributed_weak_technical	0.75	15	48900	60	0.9	1.7049810420195584	0.57	True	True	True	True	False	False	False
planted	distributed_weak_technical	0.75	16	48901	60	0.8622222222222222	1.527258685144583	0.5044444444444445	True	True	True	True	False	False	False
planted	distributed_weak_technical	0.75	17	48902	60	0.7488888888888889	0.8922772344090172	0.5011111111111111	True	True	True	True	False	False	False
planted	distributed_weak_technical	0.75	18	48903	60	0.82	1.2515473716964427	0.5533333333333333	True	True	True	True	False	False	False
planted	distributed_weak_technical	0.75	19	48904	60	0.7288888888888889	0.9596721928541185	0.4211111111111111	True	True	False	True	False	True	False
planted	distributed_weak_technical	0.75	20	48905	60	0.8088888888888889	1.2449815473145514	0.5866666666666667	True	True	True	True	False	False	False
planted	distributed_weak_technical	0.75	21	48906	60	0.7622222222222222	1.0391622676675007	0.4288888888888889	True	True	True	True	False	False	False
planted	distributed_weak_technical	0.75	22	48907	60	0.8888888888888888	1.7200289883704876	0.5533333333333333	True	True	True	True	False	False	False
planted	distributed_weak_technical	0.75	23	48908	60	0.7111111111111111	0.7702347926953705	0.5055555555555555	True	True	True	True	False	False	False
planted	distributed_weak_technical	0.75	24	48909	60	0.8288888888888889	1.3048969063482554	0.39444444444444443	True	True	True	True	False	False	False
planted	distributed_weak_technical	0.75	25	48910	60	0.8566666666666667	1.475668618827111	0.47	True	True	True	True	False	False	False
planted	distributed_weak_technical	0.75	26	48911	60	0.8744444444444445	1.5449653185143961	0.5377777777777778	True	True	True	True	False	False	False
planted	distributed_weak_technical	0.75	27	48912	60	0.8722222222222222	1.6122374020452492	0.5733333333333334	True	True	True	True	False	False	False
planted	distributed_weak_technical	0.75	28	48913	60	0.8533333333333334	1.4990266701408967	0.5922222222222222	True	True	False	True	False	True	False
planted	distributed_weak_technical	0.75	29	48914	60	0.8111111111111111	1.2553277560765999	0.58	True	True	False	True	False	True	False
planted	distributed_weak_technical	1.0	0	48965	60	0.8577777777777778	1.463630832598953	0.48444444444444446	True	True	True	True	False	False	False
planted	distributed_weak_technical	1.0	1	48966	60	0.7933333333333333	1.155608161430285	0.5566666666666666	True	True	True	True	False	False	False
planted	distributed_weak_technical	1.0	2	48967	60	0.7766666666666666	1.09941033161313	0.4677777777777778	True	True	True	True	False	False	False
planted	distributed_weak_technical	1.0	3	48968	60	0.8111111111111111	1.1804908614910077	0.5455555555555556	True	True	True	True	False	False	False
planted	distributed_weak_technical	1.0	4	48969	60	0.7588888888888888	0.9555447646822687	0.43	True	True	True	True	False	False	False
planted	distributed_weak_technical	1.0	5	48970	60	0.8055555555555556	1.2013564258962006	0.5933333333333334	True	True	True	True	False	False	False
planted	distributed_weak_technical	1.0	6	48971	60	0.8611111111111112	1.420539736844747	0.4411111111111111	True	True	True	True	False	False	False
planted	distributed_weak_technical	1.0	7	48972	60	0.7622222222222222	1.0650570481265598	0.45222222222222225	True	True	True	True	False	False	False
planted	distributed_weak_technical	1.0	8	48973	60	0.9144444444444444	1.9321044670626992	0.42444444444444446	True	True	True	True	False	False	False
planted	distributed_weak_technical	1.0	9	48974	60	0.8455555555555555	1.430379555633759	0.5622222222222222	True	True	True	True	False	False	False
planted	distributed_weak_technical	1.0	10	48975	60	0.8088888888888889	1.2433685234370682	0.47333333333333333	True	True	True	True	False	False	False
planted	distributed_weak_technical	1.0	11	48976	60	0.8788888888888889	1.560117640243369	0.43666666666666665	True	True	False	True	False	True	False
planted	distributed_weak_technical	1.0	12	48977	60	0.8833333333333333	1.723093588359499	0.4922222222222222	True	True	True	True	False	False	False
planted	distributed_weak_technical	1.0	13	48978	60	0.8666666666666667	1.4575603830109947	0.4988888888888889	True	True	True	True	False	False	False
planted	distributed_weak_technical	1.0	14	48979	60	0.7477777777777778	1.0424446572841886	0.53	True	True	True	True	False	False	False
planted	distributed_weak_technical	1.0	15	48980	60	0.8122222222222222	1.19825917571199	0.43666666666666665	True	True	True	True	False	False	False
planted	distributed_weak_technical	1.0	16	48981	60	0.7977777777777778	1.1896824921331126	0.43222222222222223	True	True	True	True	False	False	False
planted	distributed_weak_technical	1.0	17	48982	60	0.94	1.9881555671723399	0.5522222222222222	True	True	True	True	False	False	False
planted	distributed_weak_technical	1.0	18	48983	60	0.6988888888888889	0.7865949979152576	0.3466666666666667	False	True	True	True	False	False	False
planted	distributed_weak_technical	1.0	19	48984	60	0.8666666666666667	1.565382540180919	0.5144444444444445	True	True	True	True	False	False	False
planted	distributed_weak_technical	1.0	20	48985	60	0.7966666666666666	1.1244130974411501	0.4288888888888889	True	True	True	True	False	False	False
planted	distributed_weak_technical	1.0	21	48986	60	0.8044444444444444	1.1960115393853041	0.4288888888888889	True	True	True	True	False	False	False
planted	distributed_weak_technical	1.0	22	48987	60	0.88	1.5592988744720546	0.5122222222222222	True	True	True	True	False	False	False
planted	distributed_weak_technical	1.0	23	48988	60	0.7588888888888888	1.0269372016079665	0.5711111111111111	True	True	False	True	False	True	False
planted	distributed_weak_technical	1.0	24	48989	60	0.9177777777777778	1.9463559968116786	0.5033333333333333	True	True	True	True	False	False	False
planted	distributed_weak_technical	1.0	25	48990	60	0.88	1.6905262129995238	0.6633333333333333	True	True	True	True	False	False	False
planted	distributed_weak_technical	1.0	26	48991	60	0.8766666666666667	1.5795334074421081	0.5366666666666666	True	True	True	True	False	False	False
planted	distributed_weak_technical	1.0	27	48992	60	0.8011111111111111	1.2427894657250154	0.5811111111111111	True	True	True	True	False	False	False
planted	distributed_weak_technical	1.0	28	48993	60	0.8744444444444445	1.59732989303862	0.6722222222222223	True	True	True	True	False	False	False
planted	distributed_weak_technical	1.0	29	48994	60	0.8366666666666667	1.4046544331218127	0.5288888888888889	True	True	True	True	False	False	False
planted	independent_technical	0.0	0	47845	60	0.8766666666666667	1.5042934141710695	0.4288888888888889	True	True	False	False	False	True	True
planted	independent_technical	0.0	1	47846	60	0.6988888888888889	0.7049316306642931	0.4166666666666667	False	True	False	False	False	False	False
planted	independent_technical	0.0	2	47847	60	0.7455555555555555	0.9105575079961167	0.42333333333333334	True	True	False	False	False	True	True
planted	independent_technical	0.0	3	47848	60	0.8566666666666667	1.5437052261344388	0.5022222222222222	True	False	False	False	True	True	True
planted	independent_technical	0.0	4	47849	60	0.7655555555555555	0.9819571136857288	0.5	True	True	False	False	False	True	True
planted	independent_technical	0.0	5	47850	60	0.8388888888888889	1.3325649374735518	0.41	True	True	True	True	False	False	False
planted	independent_technical	0.0	6	47851	60	0.7544444444444445	0.9608563899289195	0.6155555555555555	True	True	False	False	False	True	True
planted	independent_technical	0.0	7	47852	60	0.8944444444444445	1.7177156867975092	0.5744444444444444	True	True	False	False	False	True	True
planted	independent_technical	0.0	8	47853	60	0.7677777777777778	0.9815667240232808	0.46	True	False	False	False	True	True	True
planted	independent_technical	0.0	9	47854	60	0.8077777777777778	1.1693072269470037	0.3888888888888889	True	True	False	False	False	True	True
planted	independent_technical	0.0	10	47855	60	0.8188888888888889	1.2257815001010097	0.5588888888888889	True	True	False	True	False	True	False
planted	independent_technical	0.0	11	47856	60	0.7944444444444444	1.146479673263051	0.5144444444444445	True	True	False	False	False	True	True
planted	independent_technical	0.0	12	47857	60	0.8733333333333333	1.571235216554972	0.48777777777777775	True	True	False	False	False	True	True
planted	independent_technical	0.0	13	47858	60	0.7666666666666667	1.0687586405460798	0.4088888888888889	True	True	False	False	False	True	True
planted	independent_technical	0.0	14	47859	60	0.8222222222222222	1.1692281375917681	0.45111111111111113	True	False	False	False	True	True	True
planted	independent_technical	0.0	15	47860	60	0.7955555555555556	1.1816331642063185	0.4711111111111111	True	False	False	False	True	True	True
planted	independent_technical	0.0	16	47861	60	0.8211111111111111	1.2909815090273173	0.42777777777777776	True	True	False	False	False	True	True
planted	independent_technical	0.0	17	47862	60	0.7777777777777778	1.085352379364098	0.5744444444444444	True	True	False	False	False	True	True
planted	independent_technical	0.0	18	47863	60	0.7433333333333333	0.8455324215419912	0.5533333333333333	True	True	False	True	False	True	False
planted	independent_technical	0.0	19	47864	60	0.7066666666666667	0.7288179313272521	0.54	True	True	False	False	False	True	True
planted	independent_technical	0.0	20	47865	60	0.75	0.982584127174501	0.5177777777777778	True	True	False	False	False	True	True
planted	independent_technical	0.0	21	47866	60	0.88	1.619907292571811	0.4088888888888889	True	True	False	False	False	True	True
planted	independent_technical	0.0	22	47867	60	0.7211111111111111	0.7640765423459008	0.5811111111111111	True	False	False	False	True	True	True
planted	independent_technical	0.0	23	47868	60	0.7444444444444445	0.9474518826703595	0.5655555555555556	True	True	False	False	False	True	True
planted	independent_technical	0.0	24	47869	60	0.8866666666666667	1.6371216159060282	0.5322222222222223	True	True	False	False	False	True	True
planted	independent_technical	0.0	25	47870	60	0.8355555555555556	1.2912739018398172	0.5411111111111111	True	False	False	False	True	True	True
planted	independent_technical	0.0	26	47871	60	0.8111111111111111	1.1888492772344033	0.3811111111111111	True	True	False	False	False	True	True
planted	independent_technical	0.0	27	47872	60	0.8055555555555556	1.1603423493468632	0.37666666666666665	True	False	False	False	True	True	True
planted	independent_technical	0.0	28	47873	60	0.8522222222222222	1.522089085840942	0.5977777777777777	True	True	False	False	False	True	True
planted	independent_technical	0.0	29	47874	60	0.8411111111111111	1.3552812348400485	0.5355555555555556	True	True	False	False	False	True	True
planted	independent_technical	0.25	0	47925	60	0.7966666666666666	1.2166884729549423	0.43666666666666665	True	False	False	False	True	True	True
planted	independent_technical	0.25	1	47926	60	0.7555555555555555	0.9392408427137424	0.43666666666666665	True	False	False	False	True	True	True
planted	independent_technical	0.25	2	47927	60	0.7366666666666667	0.9199566242410832	0.6511111111111111	True	False	False	False	True	True	True
planted	independent_technical	0.25	3	47928	60	0.7988888888888889	1.2085792199666912	0.4855555555555556	True	True	False	False	False	True	True
planted	independent_technical	0.25	4	47929	60	0.7566666666666667	0.9742240331566804	0.5422222222222223	True	False	False	False	True	True	True
planted	independent_technical	0.25	5	47930	60	0.8433333333333334	1.4232330848971206	0.46555555555555556	True	True	False	False	False	True	True
planted	independent_technical	0.25	6	47931	60	0.8744444444444445	1.5052115638875958	0.5	True	True	False	True	False	True	False
planted	independent_technical	0.25	7	47932	60	0.8744444444444445	1.6356484027511557	0.3844444444444444	True	True	False	True	False	True	False
planted	independent_technical	0.25	8	47933	60	0.7811111111111111	1.0728362970685332	0.6255555555555555	True	False	False	False	True	True	True
planted	independent_technical	0.25	9	47934	60	0.8433333333333334	1.4271860492640385	0.43444444444444447	True	False	False	False	True	True	True
planted	independent_technical	0.25	10	47935	60	0.7722222222222223	0.9666754118336155	0.3655555555555556	True	True	False	False	False	True	True
planted	independent_technical	0.25	11	47936	60	0.7588888888888888	0.963411255630843	0.5566666666666666	True	False	False	False	True	True	True
planted	independent_technical	0.25	12	47937	60	0.8533333333333334	1.4875434766020468	0.42777777777777776	True	True	False	True	False	True	False
planted	independent_technical	0.25	13	47938	60	0.8111111111111111	1.2367306590008178	0.5655555555555556	True	True	False	False	False	True	True
planted	independent_technical	0.25	14	47939	60	0.6811111111111111	0.6313940562816439	0.41333333333333333	False	True	False	False	False	False	False
planted	independent_technical	0.25	15	47940	60	0.7433333333333333	0.9364158786976543	0.3622222222222222	True	True	False	True	False	True	False
planted	independent_technical	0.25	16	47941	60	0.76	0.9876204283495557	0.6455555555555555	True	True	False	False	False	True	True
planted	independent_technical	0.25	17	47942	60	0.6733333333333333	0.5730347382439861	0.4677777777777778	False	True	False	False	False	False	False
planted	independent_technical	0.25	18	47943	60	0.7833333333333333	1.1666007106748344	0.45555555555555555	True	True	False	False	False	True	True
planted	independent_technical	0.25	19	47944	60	0.8077777777777778	1.0578873936499196	0.44	True	True	False	False	False	True	True
planted	independent_technical	0.25	20	47945	60	0.7611111111111111	1.0113694176396726	0.6255555555555555	True	True	False	False	False	True	True
planted	independent_technical	0.25	21	47946	60	0.7911111111111111	1.125341406109609	0.5922222222222222	True	True	False	False	False	True	True
planted	independent_technical	0.25	22	47947	60	0.7688888888888888	1.0144823677648127	0.3977777777777778	True	False	False	False	True	True	True
planted	independent_technical	0.25	23	47948	60	0.6488888888888888	0.587418295448198	0.4077777777777778	False	False	False	False	False	False	False
planted	independent_technical	0.25	24	47949	60	0.6744444444444444	0.6778663966766222	0.5244444444444445	False	True	False	False	False	False	False
planted	independent_technical	0.25	25	47950	60	0.5944444444444444	0.3933288724006601	0.3788888888888889	False	False	False	False	False	False	False
planted	independent_technical	0.25	26	47951	60	0.7833333333333333	1.0930414753927784	0.5611111111111111	True	True	False	False	False	True	True
planted	independent_technical	0.25	27	47952	60	0.7633333333333333	0.9476334436423399	0.5	True	True	False	False	False	True	True
planted	independent_technical	0.25	28	47953	60	0.75	1.0138311638741455	0.46444444444444444	True	True	False	False	False	True	True
planted	independent_technical	0.25	29	47954	60	0.7855555555555556	1.039903326617611	0.5311111111111111	True	False	False	False	True	True	True
planted	independent_technical	0.5	0	48005	60	0.7688888888888888	1.062782598163337	0.47	True	True	False	False	False	True	True
planted	independent_technical	0.5	1	48006	60	0.7455555555555555	1.0358846890638571	0.45	True	False	False	False	True	True	True
planted	independent_technical	0.5	2	48007	60	0.8077777777777778	1.207686445949692	0.5066666666666667	True	True	False	True	False	True	False
planted	independent_technical	0.5	3	48008	60	0.7766666666666666	1.0344304679285985	0.44	True	True	False	False	False	True	True
planted	independent_technical	0.5	4	48009	60	0.7933333333333333	1.1219491203654166	0.6288888888888889	True	True	False	True	False	True	False
planted	independent_technical	0.5	5	48010	60	0.73	0.9095714041684028	0.5955555555555555	True	False	False	False	True	True	True
planted	independent_technical	0.5	6	48011	60	0.7755555555555556	1.070432491320628	0.6122222222222222	True	True	False	False	False	True	True
planted	independent_technical	0.5	7	48012	60	0.7255555555555555	0.8234294197771097	0.42444444444444446	True	False	False	False	True	True	True
planted	independent_technical	0.5	8	48013	60	0.6855555555555556	0.6787132567703374	0.46444444444444444	False	False	False	False	False	False	False
planted	independent_technical	0.5	9	48014	60	0.8477777777777777	1.4269522400107495	0.4666666666666667	True	True	False	False	False	True	True
planted	independent_technical	0.5	10	48015	60	0.7611111111111111	0.941099663148548	0.37777777777777777	True	False	False	False	True	True	True
planted	independent_technical	0.5	11	48016	60	0.8311111111111111	1.3394431203766317	0.39111111111111113	True	True	False	False	False	True	True
planted	independent_technical	0.5	12	48017	60	0.7388888888888889	0.9124510356871637	0.5388888888888889	True	True	False	False	False	True	True
planted	independent_technical	0.5	13	48018	60	0.87	1.51789098311232	0.5755555555555556	True	True	False	False	False	True	True
planted	independent_technical	0.5	14	48019	60	0.8077777777777778	1.2035590366148037	0.54	True	True	False	False	False	True	True
planted	independent_technical	0.5	15	48020	60	0.8311111111111111	1.3051168487701899	0.38222222222222224	True	True	False	False	False	True	True
planted	independent_technical	0.5	16	48021	60	0.7922222222222223	1.1792932468966424	0.5188888888888888	True	True	False	False	False	True	True
planted	independent_technical	0.5	17	48022	60	0.7333333333333333	0.9698510288584122	0.58	True	True	False	False	False	True	True
planted	independent_technical	0.5	18	48023	60	0.8155555555555556	1.204284354853601	0.5655555555555556	True	True	True	True	False	False	False
planted	independent_technical	0.5	19	48024	60	0.7977777777777778	1.2182181389647755	0.5311111111111111	True	True	False	False	False	True	True
planted	independent_technical	0.5	20	48025	60	0.7377777777777778	0.9079539843814893	0.45222222222222225	True	True	False	True	False	True	False
planted	independent_technical	0.5	21	48026	60	0.7844444444444445	1.14984388266201	0.6066666666666667	True	False	False	False	True	True	True
planted	independent_technical	0.5	22	48027	60	0.8544444444444445	1.4500229769328008	0.4033333333333333	True	False	False	False	True	True	True
planted	independent_technical	0.5	23	48028	60	0.7655555555555555	1.054629911778666	0.38666666666666666	True	True	False	False	False	True	True
planted	independent_technical	0.5	24	48029	60	0.7577777777777778	0.9378425705956097	0.40444444444444444	True	True	False	True	False	True	False
planted	independent_technical	0.5	25	48030	60	0.7411111111111112	0.9274397983812294	0.5544444444444444	True	True	False	False	False	True	True
planted	independent_technical	0.5	26	48031	60	0.8788888888888889	1.6570050062257098	0.4888888888888889	True	True	False	True	False	True	False
planted	independent_technical	0.5	27	48032	60	0.7255555555555555	0.8006166603743643	0.5366666666666666	True	False	False	False	True	True	True
planted	independent_technical	0.5	28	48033	60	0.8377777777777777	1.358748176647436	0.5288888888888889	True	True	False	True	False	True	False
planted	independent_technical	0.5	29	48034	60	0.7455555555555555	0.9286851671781221	0.48	True	True	False	False	False	True	True
planted	independent_technical	0.75	0	48085	60	0.8488888888888889	1.3807081700665818	0.5888888888888889	True	True	False	False	False	True	True
planted	independent_technical	0.75	1	48086	60	0.8588888888888889	1.5072114539418018	0.43	True	False	False	False	True	True	True
planted	independent_technical	0.75	2	48087	60	0.8222222222222222	1.2361769798048483	0.5188888888888888	True	True	False	False	False	True	True
planted	independent_technical	0.75	3	48088	60	0.7988888888888889	1.134615450407698	0.5255555555555556	True	False	False	False	True	True	True
planted	independent_technical	0.75	4	48089	60	0.8944444444444445	1.6972206554541576	0.5644444444444444	True	False	False	False	True	True	True
planted	independent_technical	0.75	5	48090	60	0.8566666666666667	1.4070774056945878	0.6622222222222223	True	True	False	False	False	True	True
planted	independent_technical	0.75	6	48091	60	0.8633333333333333	1.5365492827752114	0.3988888888888889	True	True	False	True	False	True	False
planted	independent_technical	0.75	7	48092	60	0.7744444444444445	0.9932824583683482	0.5355555555555556	True	False	False	False	True	True	True
planted	independent_technical	0.75	8	48093	60	0.79	0.9411071229148825	0.5244444444444445	True	True	False	False	False	True	True
planted	independent_technical	0.75	9	48094	60	0.7911111111111111	1.1006773978889546	0.4088888888888889	True	False	False	False	True	True	True
planted	independent_technical	0.75	10	48095	60	0.7155555555555555	0.8016031831985256	0.49666666666666665	True	True	False	False	False	True	True
planted	independent_technical	0.75	11	48096	60	0.8277777777777777	1.3582391760784167	0.4911111111111111	True	True	False	False	False	True	True
planted	independent_technical	0.75	12	48097	60	0.7722222222222223	1.0179550846808023	0.5088888888888888	True	False	False	False	True	True	True
planted	independent_technical	0.75	13	48098	60	0.8188888888888889	1.1815623881826887	0.4722222222222222	True	True	False	True	False	True	False
planted	independent_technical	0.75	14	48099	60	0.7688888888888888	0.9983873593052185	0.5877777777777777	True	True	False	False	False	True	True
planted	independent_technical	0.75	15	48100	60	0.8433333333333334	1.3789057914471745	0.4722222222222222	True	True	False	True	False	True	False
planted	independent_technical	0.75	16	48101	60	0.8744444444444445	1.558439602845683	0.48	True	False	False	False	True	True	True
planted	independent_technical	0.75	17	48102	60	0.9211111111111111	1.9130946136191218	0.5455555555555556	True	True	True	True	False	False	False
planted	independent_technical	0.75	18	48103	60	0.7733333333333333	1.0366795750617213	0.5255555555555556	True	False	False	False	True	True	True
planted	independent_technical	0.75	19	48104	60	0.74	0.8706055305923547	0.4811111111111111	True	False	False	False	True	True	True
planted	independent_technical	0.75	20	48105	60	0.8111111111111111	1.168609811258545	0.52	True	False	False	False	True	True	True
planted	independent_technical	0.75	21	48106	60	0.8044444444444444	1.1516836248055462	0.6855555555555556	True	True	False	False	False	True	True
planted	independent_technical	0.75	22	48107	60	0.8288888888888889	1.2929592909405003	0.5766666666666667	True	True	False	False	False	True	True
planted	independent_technical	0.75	23	48108	60	0.7488888888888889	0.9678281215631052	0.3888888888888889	True	True	False	False	False	True	True
planted	independent_technical	0.75	24	48109	60	0.75	1.003883601577617	0.5233333333333333	True	False	False	False	True	True	True
planted	independent_technical	0.75	25	48110	60	0.7355555555555555	0.8878510873864185	0.49	True	True	False	False	False	True	True
planted	independent_technical	0.75	26	48111	60	0.9411111111111111	2.1658304882556023	0.3611111111111111	True	True	True	True	False	False	False
planted	independent_technical	0.75	27	48112	60	0.8311111111111111	1.3986967385944122	0.36666666666666664	True	False	False	False	True	True	True
planted	independent_technical	0.75	28	48113	60	0.75	0.9664636044891771	0.6055555555555555	True	False	False	False	True	True	True
planted	independent_technical	0.75	29	48114	60	0.6711111111111111	0.5845372804886348	0.42333333333333334	False	True	False	False	False	False	False
planted	independent_technical	1.0	0	48165	60	0.6911111111111111	0.6227229147604918	0.6688888888888889	False	True	False	False	False	False	False
planted	independent_technical	1.0	1	48166	60	0.8566666666666667	1.4717142819116475	0.6633333333333333	True	True	False	False	False	True	True
planted	independent_technical	1.0	2	48167	60	0.8488888888888889	1.4402528556238088	0.5277777777777778	True	False	False	False	True	True	True
planted	independent_technical	1.0	3	48168	60	0.7666666666666667	0.9673417911536014	0.5066666666666667	True	True	False	False	False	True	True
planted	independent_technical	1.0	4	48169	60	0.89	1.624352807751908	0.47333333333333333	True	True	False	False	False	True	True
planted	independent_technical	1.0	5	48170	60	0.8077777777777778	1.239331066072548	0.48333333333333334	True	True	False	False	False	True	True
planted	independent_technical	1.0	6	48171	60	0.8566666666666667	1.4962333915136592	0.5455555555555556	True	False	False	False	True	True	True
planted	independent_technical	1.0	7	48172	60	0.8477777777777777	1.4217081941974774	0.43777777777777777	True	True	False	True	False	True	False
planted	independent_technical	1.0	8	48173	60	0.7611111111111111	0.9924377214768163	0.4622222222222222	True	True	False	False	False	True	True
planted	independent_technical	1.0	9	48174	60	0.8022222222222222	1.2223012420469317	0.59	True	False	False	False	True	True	True
planted	independent_technical	1.0	10	48175	60	0.8166666666666667	1.2898446034224849	0.37666666666666665	True	True	False	False	False	True	True
planted	independent_technical	1.0	11	48176	60	0.8433333333333334	1.1892556516502737	0.5566666666666666	True	False	False	False	True	True	True
planted	independent_technical	1.0	12	48177	60	0.8866666666666667	1.637659513850814	0.49	True	True	False	True	False	True	False
planted	independent_technical	1.0	13	48178	60	0.7922222222222223	1.1246004388076825	0.5011111111111111	True	True	False	False	False	True	True
planted	independent_technical	1.0	14	48179	60	0.7866666666666666	1.1124804053483386	0.5588888888888889	True	False	False	False	True	True	True
planted	independent_technical	1.0	15	48180	60	0.7811111111111111	1.0324839587649597	0.4166666666666667	True	True	False	True	False	True	False
planted	independent_technical	1.0	16	48181	60	0.6622222222222223	0.5698602595890744	0.5066666666666667	False	True	False	False	False	False	False
planted	independent_technical	1.0	17	48182	60	0.7188888888888889	0.8613275808335172	0.5744444444444444	True	True	False	False	False	True	True
planted	independent_technical	1.0	18	48183	60	0.8366666666666667	1.3156874887537318	0.4488888888888889	True	False	False	False	True	True	True
planted	independent_technical	1.0	19	48184	60	0.8455555555555555	1.3581158790844712	0.5477777777777778	True	False	False	False	True	True	True
planted	independent_technical	1.0	20	48185	60	0.7544444444444445	0.9277355987467711	0.44666666666666666	True	True	False	False	False	True	True
planted	independent_technical	1.0	21	48186	60	0.7011111111111111	0.7752405988801158	0.4311111111111111	True	False	False	False	True	True	True
planted	independent_technical	1.0	22	48187	60	0.82	1.2224700835356344	0.37555555555555553	True	False	False	False	True	True	True
planted	independent_technical	1.0	23	48188	60	0.8055555555555556	1.2103358379079483	0.38222222222222224	True	True	False	False	False	True	True
planted	independent_technical	1.0	24	48189	60	0.7688888888888888	1.03451910733568	0.43555555555555553	True	True	False	False	False	True	True
planted	independent_technical	1.0	25	48190	60	0.8633333333333333	1.4670268946943932	0.4988888888888889	True	False	False	False	True	True	True
planted	independent_technical	1.0	26	48191	60	0.7522222222222222	0.8739148473532303	0.4811111111111111	True	True	False	True	False	True	False
planted	independent_technical	1.0	27	48192	60	0.86	1.612339913671983	0.5022222222222222	True	True	False	False	False	True	True
planted	independent_technical	1.0	28	48193	60	0.7077777777777777	0.7848740565137433	0.51	True	False	False	False	True	True	True
planted	independent_technical	1.0	29	48194	60	0.8055555555555556	1.142133020803929	0.47	True	True	False	False	False	True	True
synthetic_null	batch_only	0.0	0	45445	60	0.5033333333333333	0.01704326511189032	0.45666666666666667	False	False	False	False	False	False	False
synthetic_null	batch_only	0.0	1	45446	60	0.4766666666666667	-0.14955479080449918	0.4622222222222222	False	True	False	False	False	False	False
synthetic_null	batch_only	0.0	2	45447	60	0.5133333333333333	0.06679904403772562	0.49666666666666665	False	False	False	False	False	False	False
synthetic_null	batch_only	0.0	3	45448	60	0.47444444444444445	-0.11733548683017754	0.47	False	True	False	False	False	False	False
synthetic_null	batch_only	0.0	4	45449	60	0.5088888888888888	-0.05112318939869209	0.56	False	True	False	True	False	False	False
synthetic_null	batch_only	0.0	5	45450	60	0.35444444444444445	-0.4129761713806261	0.3977777777777778	False	True	False	False	False	False	False
synthetic_null	batch_only	0.0	6	45451	60	0.5533333333333333	0.2165256302292426	0.5844444444444444	False	False	False	False	False	False	False
synthetic_null	batch_only	0.0	7	45452	60	0.5144444444444445	-0.03874382733928763	0.5755555555555556	False	False	False	False	False	False	False
synthetic_null	batch_only	0.0	8	45453	60	0.6677777777777778	0.5046558330042791	0.6244444444444445	False	False	False	False	False	False	False
synthetic_null	batch_only	0.0	9	45454	60	0.5055555555555555	-0.07284253400261757	0.49	False	True	False	False	False	False	False
synthetic_null	batch_only	0.0	10	45455	60	0.5533333333333333	0.2585036805664984	0.48777777777777775	False	True	False	False	False	False	False
synthetic_null	batch_only	0.0	11	45456	60	0.4777777777777778	-0.02965661720309225	0.5433333333333333	False	False	False	False	False	False	False
synthetic_null	batch_only	0.0	12	45457	60	0.5033333333333333	-0.05460357646871204	0.5611111111111111	False	True	False	False	False	False	False
synthetic_null	batch_only	0.0	13	45458	60	0.6055555555555555	0.39655824981990506	0.6066666666666667	False	True	False	False	False	False	False
synthetic_null	batch_only	0.0	14	45459	60	0.5944444444444444	0.3600720491805625	0.5011111111111111	False	True	False	False	False	False	False
synthetic_null	batch_only	0.0	15	45460	60	0.5022222222222222	0.09568909935061147	0.5633333333333334	False	False	False	False	False	False	False
synthetic_null	batch_only	0.0	16	45461	60	0.4477777777777778	-0.2075019078680404	0.4922222222222222	False	False	False	False	False	False	False
synthetic_null	batch_only	0.0	17	45462	60	0.4588888888888889	-0.14081112866451573	0.47888888888888886	False	True	False	False	False	False	False
synthetic_null	batch_only	0.0	18	45463	60	0.5422222222222223	0.19644885970680165	0.4411111111111111	False	True	False	False	False	False	False
synthetic_null	batch_only	0.0	19	45464	60	0.5122222222222222	0.05645522888415525	0.5533333333333333	False	True	False	True	False	False	False
synthetic_null	batch_only	0.0	20	45465	60	0.40444444444444444	-0.4271790380721613	0.44	False	True	False	True	False	False	False
synthetic_null	batch_only	0.0	21	45466	60	0.5588888888888889	0.10852490607797625	0.5133333333333333	False	False	False	False	False	False	False
synthetic_null	batch_only	0.0	22	45467	60	0.5111111111111111	0.06173468580663726	0.4777777777777778	False	True	False	False	False	False	False
synthetic_null	batch_only	0.0	23	45468	60	0.4888888888888889	-0.059740511407924794	0.4822222222222222	False	True	False	False	False	False	False
synthetic_null	batch_only	0.0	24	45469	60	0.5444444444444444	0.1387445327283879	0.5177777777777778	False	False	False	False	False	False	False
synthetic_null	batch_only	0.0	25	45470	60	0.48444444444444446	-0.0954472485116884	0.43444444444444447	False	True	False	True	False	False	False
synthetic_null	batch_only	0.0	26	45471	60	0.4666666666666667	-0.16084584272808886	0.38666666666666666	False	True	False	False	False	False	False
synthetic_null	batch_only	0.0	27	45472	60	0.38333333333333336	-0.34867888196647423	0.46	False	False	False	False	False	False	False
synthetic_null	batch_only	0.0	28	45473	60	0.35444444444444445	-0.5065842542725073	0.43666666666666665	False	False	False	False	False	False	False
synthetic_null	batch_only	0.0	29	45474	60	0.44666666666666666	-0.3085833960668086	0.6033333333333334	False	True	False	False	False	False	False
synthetic_null	batch_only	0.25	0	45525	60	0.46444444444444444	-0.11353745704302341	0.4166666666666667	False	True	False	False	False	False	False
synthetic_null	batch_only	0.25	1	45526	60	0.4388888888888889	-0.14199503188232399	0.4533333333333333	False	True	False	False	False	False	False
synthetic_null	batch_only	0.25	2	45527	60	0.5911111111111111	0.338123476651729	0.42	False	True	False	False	False	False	False
synthetic_null	batch_only	0.25	3	45528	60	0.51	-0.04946164000277676	0.49666666666666665	False	False	False	False	False	False	False
synthetic_null	batch_only	0.25	4	45529	60	0.5477777777777778	0.022024745182517614	0.6777777777777778	False	True	False	False	False	False	False
synthetic_null	batch_only	0.25	5	45530	60	0.43777777777777777	-0.2021556586834715	0.56	False	True	False	False	False	False	False
synthetic_null	batch_only	0.25	6	45531	60	0.5266666666666666	0.06261892418109324	0.5388888888888889	False	True	False	False	False	False	False
synthetic_null	batch_only	0.25	7	45532	60	0.48333333333333334	-0.015815131515724206	0.7511111111111111	False	False	False	False	False	False	False
synthetic_null	batch_only	0.25	8	45533	60	0.5211111111111111	-0.033657884938658345	0.49777777777777776	False	True	False	False	False	False	False
synthetic_null	batch_only	0.25	9	45534	60	0.43444444444444447	-0.17634936582490263	0.4533333333333333	False	True	False	True	False	False	False
synthetic_null	batch_only	0.25	10	45535	60	0.40555555555555556	-0.1882440261434648	0.5611111111111111	False	True	False	False	False	False	False
synthetic_null	batch_only	0.25	11	45536	60	0.3888888888888889	-0.5647366464682472	0.4411111111111111	False	True	False	True	False	False	False
synthetic_null	batch_only	0.25	12	45537	60	0.51	-0.023150368101871543	0.4777777777777778	False	True	False	False	False	False	False
synthetic_null	batch_only	0.25	13	45538	60	0.39666666666666667	-0.3501834053200669	0.45555555555555555	False	True	False	True	False	False	False
synthetic_null	batch_only	0.25	14	45539	60	0.5077777777777778	0.03983577821033603	0.44	False	True	False	True	False	False	False
synthetic_null	batch_only	0.25	15	45540	60	0.43777777777777777	-0.2521998862262981	0.57	False	True	False	False	False	False	False
synthetic_null	batch_only	0.25	16	45541	60	0.5588888888888889	0.275435625356848	0.4444444444444444	False	False	False	False	False	False	False
synthetic_null	batch_only	0.25	17	45542	60	0.5533333333333333	0.16545985326135906	0.4166666666666667	False	True	False	True	False	False	False
synthetic_null	batch_only	0.25	18	45543	60	0.5	0.012993057761684459	0.5688888888888889	False	True	False	False	False	False	False
synthetic_null	batch_only	0.25	19	45544	60	0.5311111111111111	0.11364006636795038	0.46444444444444444	False	True	False	False	False	False	False
synthetic_null	batch_only	0.25	20	45545	60	0.46	-0.09371521502668043	0.5366666666666666	False	True	False	False	False	False	False
synthetic_null	batch_only	0.25	21	45546	60	0.4166666666666667	-0.26534380143819153	0.33555555555555555	False	True	False	False	False	False	False
synthetic_null	batch_only	0.25	22	45547	60	0.5577777777777778	0.2988054939837784	0.5922222222222222	False	True	False	True	False	False	False
synthetic_null	batch_only	0.25	23	45548	60	0.5833333333333334	0.13685118485623782	0.5166666666666667	False	True	False	True	False	False	False
synthetic_null	batch_only	0.25	24	45549	60	0.5833333333333334	0.27995975666936973	0.5288888888888889	False	True	False	True	False	False	False
synthetic_null	batch_only	0.25	25	45550	60	0.4311111111111111	-0.23049122732845714	0.6233333333333333	False	True	False	False	False	False	False
synthetic_null	batch_only	0.25	26	45551	60	0.4588888888888889	-0.18620079564338549	0.52	False	False	False	False	False	False	False
synthetic_null	batch_only	0.25	27	45552	60	0.5866666666666667	0.27649630422533344	0.4266666666666667	False	True	False	True	False	False	False
synthetic_null	batch_only	0.25	28	45553	60	0.6288888888888889	0.3247122397018065	0.4588888888888889	False	True	True	True	False	False	False
synthetic_null	batch_only	0.25	29	45554	60	0.47555555555555556	-0.1847325655488325	0.5833333333333334	False	True	False	True	False	False	False
synthetic_null	batch_only	0.5	0	45605	60	0.5188888888888888	0.08763238704814047	0.41	False	True	False	False	False	False	False
synthetic_null	batch_only	0.5	1	45606	60	0.5144444444444445	0.11164711464834975	0.5722222222222222	False	True	False	False	False	False	False
synthetic_null	batch_only	0.5	2	45607	60	0.6288888888888889	0.5813867540446795	0.59	False	True	False	True	False	False	False
synthetic_null	batch_only	0.5	3	45608	60	0.5111111111111111	-0.012399601694710084	0.5433333333333333	False	True	False	True	False	False	False
synthetic_null	batch_only	0.5	4	45609	60	0.4288888888888889	-0.2089679775934281	0.6322222222222222	False	True	False	True	False	False	False
synthetic_null	batch_only	0.5	5	45610	60	0.39	-0.35792770358834397	0.5055555555555555	False	True	True	True	False	False	False
synthetic_null	batch_only	0.5	6	45611	60	0.45222222222222225	-0.1653583841243191	0.47444444444444445	False	True	True	True	False	False	False
synthetic_null	batch_only	0.5	7	45612	60	0.5666666666666667	0.14607157850517147	0.35444444444444445	False	True	True	True	False	False	False
synthetic_null	batch_only	0.5	8	45613	60	0.5777777777777777	0.223035920626887	0.37333333333333335	False	True	False	False	False	False	False
synthetic_null	batch_only	0.5	9	45614	60	0.4266666666666667	-0.24913666840371126	0.5455555555555556	False	True	False	True	False	False	False
synthetic_null	batch_only	0.5	10	45615	60	0.5377777777777778	0.17766762727543667	0.5111111111111111	False	True	False	False	False	False	False
synthetic_null	batch_only	0.5	11	45616	60	0.6277777777777778	0.40310548999303153	0.44333333333333336	False	True	True	True	False	False	False
synthetic_null	batch_only	0.5	12	45617	60	0.6133333333333333	0.27773583205965957	0.4488888888888889	False	True	True	True	False	False	False
synthetic_null	batch_only	0.5	13	45618	60	0.62	0.35635706619402	0.6133333333333333	False	True	True	True	False	False	False
synthetic_null	batch_only	0.5	14	45619	60	0.5966666666666667	0.25694485716814724	0.31333333333333335	False	True	False	False	False	False	False
synthetic_null	batch_only	0.5	15	45620	60	0.5788888888888889	0.2878610806066629	0.59	False	True	False	True	False	False	False
synthetic_null	batch_only	0.5	16	45621	60	0.4111111111111111	-0.20923515541766327	0.4477777777777778	False	True	False	False	False	False	False
synthetic_null	batch_only	0.5	17	45622	60	0.54	0.220822066962745	0.4855555555555556	False	True	False	True	False	False	False
synthetic_null	batch_only	0.5	18	45623	60	0.5311111111111111	0.01801402684166187	0.5	False	True	False	True	False	False	False
synthetic_null	batch_only	0.5	19	45624	60	0.5344444444444445	0.10196177751386473	0.5444444444444444	False	True	False	True	False	False	False
synthetic_null	batch_only	0.5	20	45625	60	0.5533333333333333	0.1824663350899928	0.6133333333333333	False	True	False	True	False	False	False
synthetic_null	batch_only	0.5	21	45626	60	0.4855555555555556	-0.05149980378436559	0.48777777777777775	False	True	False	False	False	False	False
synthetic_null	batch_only	0.5	22	45627	60	0.43	-0.2856437723254005	0.5433333333333333	False	True	False	True	False	False	False
synthetic_null	batch_only	0.5	23	45628	60	0.4411111111111111	-0.2263732691782009	0.5433333333333333	False	True	False	False	False	False	False
synthetic_null	batch_only	0.5	24	45629	60	0.5855555555555556	0.2573795145425132	0.5488888888888889	False	True	True	True	False	False	False
synthetic_null	batch_only	0.5	25	45630	60	0.5777777777777777	0.274414177356337	0.5377777777777778	False	True	False	True	False	False	False
synthetic_null	batch_only	0.5	26	45631	60	0.45444444444444443	-0.1545159065799976	0.6688888888888889	False	True	True	True	False	False	False
synthetic_null	batch_only	0.5	27	45632	60	0.51	0.10737123063769764	0.5166666666666667	False	True	True	True	False	False	False
synthetic_null	batch_only	0.5	28	45633	60	0.6177777777777778	0.42251382019697287	0.4988888888888889	False	True	False	True	False	False	False
synthetic_null	batch_only	0.5	29	45634	60	0.41444444444444445	-0.2447924967173375	0.3655555555555556	False	True	True	True	False	False	False
synthetic_null	batch_only	0.75	0	45685	60	0.5022222222222222	-0.020081498870979944	0.6166666666666667	False	True	False	True	False	False	False
synthetic_null	batch_only	0.75	1	45686	60	0.6722222222222223	0.670667613265526	0.41444444444444445	False	True	True	True	False	False	False
synthetic_null	batch_only	0.75	2	45687	60	0.4288888888888889	-0.2788830547258675	0.6866666666666666	False	True	True	True	False	False	False
synthetic_null	batch_only	0.75	3	45688	60	0.4922222222222222	-0.005510241206071602	0.5488888888888889	False	True	True	True	False	False	False
synthetic_null	batch_only	0.75	4	45689	60	0.59	0.3004730639622958	0.5666666666666667	False	True	True	True	False	False	False
synthetic_null	batch_only	0.75	5	45690	60	0.38333333333333336	-0.3834453238100734	0.5811111111111111	False	True	True	True	False	False	False
synthetic_null	batch_only	0.75	6	45691	60	0.6377777777777778	0.4333911565097709	0.5766666666666667	False	True	True	True	False	False	False
synthetic_null	batch_only	0.75	7	45692	60	0.6022222222222222	0.4275085239021553	0.43333333333333335	False	True	False	True	False	False	False
synthetic_null	batch_only	0.75	8	45693	60	0.7077777777777777	0.7924296966682686	0.5844444444444444	True	True	True	True	False	False	False
synthetic_null	batch_only	0.75	9	45694	60	0.5366666666666666	0.046384835457964034	0.52	False	True	False	False	False	False	False
synthetic_null	batch_only	0.75	10	45695	60	0.5377777777777778	0.08706074341181347	0.5722222222222222	False	True	True	True	False	False	False
synthetic_null	batch_only	0.75	11	45696	60	0.6677777777777778	0.5919685270783439	0.5466666666666666	False	True	True	True	False	False	False
synthetic_null	batch_only	0.75	12	45697	60	0.5166666666666667	0.08805993456302239	0.5155555555555555	False	True	True	True	False	False	False
synthetic_null	batch_only	0.75	13	45698	60	0.6055555555555555	0.4170323887065121	0.5033333333333333	False	True	True	True	False	False	False
synthetic_null	batch_only	0.75	14	45699	60	0.5111111111111111	0.11623331385117462	0.41444444444444445	False	True	False	True	False	False	False
synthetic_null	batch_only	0.75	15	45700	60	0.5166666666666667	0.16060291311042021	0.41555555555555557	False	True	True	True	False	False	False
synthetic_null	batch_only	0.75	16	45701	60	0.66	0.5951164414169127	0.3844444444444444	False	True	False	True	False	False	False
synthetic_null	batch_only	0.75	17	45702	60	0.5688888888888889	0.27629967790789806	0.6655555555555556	False	True	True	True	False	False	False
synthetic_null	batch_only	0.75	18	45703	60	0.6788888888888889	0.5788092349811131	0.5288888888888889	False	True	True	True	False	False	False
synthetic_null	batch_only	0.75	19	45704	60	0.64	0.43474566559342576	0.5433333333333333	False	True	True	True	False	False	False
synthetic_null	batch_only	0.75	20	45705	60	0.5788888888888889	0.2962074481726159	0.44333333333333336	False	True	True	True	False	False	False
synthetic_null	batch_only	0.75	21	45706	60	0.5377777777777778	0.15138209200992514	0.6333333333333333	False	True	True	True	False	False	False
synthetic_null	batch_only	0.75	22	45707	60	0.5488888888888889	0.10814806061233974	0.5477777777777778	False	True	False	True	False	False	False
synthetic_null	batch_only	0.75	23	45708	60	0.5188888888888888	0.17033296918972185	0.5166666666666667	False	True	True	True	False	False	False
synthetic_null	batch_only	0.75	24	45709	60	0.5355555555555556	0.07617681329570901	0.5422222222222223	False	True	True	True	False	False	False
synthetic_null	batch_only	0.75	25	45710	60	0.49666666666666665	0.15580568281014365	0.6	False	True	True	True	False	False	False
synthetic_null	batch_only	0.75	26	45711	60	0.5311111111111111	0.15929096475737886	0.4777777777777778	False	True	True	True	False	False	False
synthetic_null	batch_only	0.75	27	45712	60	0.40444444444444444	-0.32299457837522033	0.5544444444444444	False	True	True	True	False	False	False
synthetic_null	batch_only	0.75	28	45713	60	0.5788888888888889	0.3162611279450952	0.5122222222222222	False	True	True	True	False	False	False
synthetic_null	batch_only	0.75	29	45714	60	0.6855555555555556	0.6553346501090582	0.61	False	True	True	True	False	False	False
synthetic_null	batch_only	1.0	0	45765	60	0.6333333333333333	0.42276712430682056	0.5133333333333333	False	True	True	True	False	False	False
synthetic_null	batch_only	1.0	1	45766	60	0.6722222222222223	0.6279338392901792	0.5	False	True	True	True	False	False	False
synthetic_null	batch_only	1.0	2	45767	60	0.4	-0.3287012307581756	0.3611111111111111	False	True	True	True	False	False	False
synthetic_null	batch_only	1.0	3	45768	60	0.5711111111111111	0.29779241287204655	0.4855555555555556	False	True	True	True	False	False	False
synthetic_null	batch_only	1.0	4	45769	60	0.6655555555555556	0.5555272851051624	0.5177777777777778	False	True	True	True	False	False	False
synthetic_null	batch_only	1.0	5	45770	60	0.66	0.5644274349078152	0.4722222222222222	False	True	False	True	False	False	False
synthetic_null	batch_only	1.0	6	45771	60	0.5366666666666666	0.1227833740455662	0.5788888888888889	False	True	True	True	False	False	False
synthetic_null	batch_only	1.0	7	45772	60	0.5922222222222222	0.3515988450012129	0.5155555555555555	False	True	True	True	False	False	False
synthetic_null	batch_only	1.0	8	45773	60	0.6477777777777778	0.521283738568939	0.4622222222222222	False	True	True	True	False	False	False
synthetic_null	batch_only	1.0	9	45774	60	0.5022222222222222	-0.0022190156130908337	0.5711111111111111	False	True	True	True	False	False	False
synthetic_null	batch_only	1.0	10	45775	60	0.7222222222222222	0.7626947525717188	0.47555555555555556	True	True	True	True	False	False	False
synthetic_null	batch_only	1.0	11	45776	60	0.5511111111111111	0.15265891058943223	0.3655555555555556	False	True	True	True	False	False	False
synthetic_null	batch_only	1.0	12	45777	60	0.6888888888888889	0.7194852837371581	0.5755555555555556	False	True	True	True	False	False	False
synthetic_null	batch_only	1.0	13	45778	60	0.6488888888888888	0.5532180571419251	0.6288888888888889	False	True	True	True	False	False	False
synthetic_null	batch_only	1.0	14	45779	60	0.7066666666666667	0.733605024553222	0.4222222222222222	True	True	True	True	False	False	False
synthetic_null	batch_only	1.0	15	45780	60	0.4533333333333333	-0.23882424916761955	0.4766666666666667	False	True	True	True	False	False	False
synthetic_null	batch_only	1.0	16	45781	60	0.71	0.8094526258603973	0.37	True	True	True	True	False	False	False
synthetic_null	batch_only	1.0	17	45782	60	0.5622222222222222	0.16759111003761148	0.4922222222222222	False	True	False	True	False	False	False
synthetic_null	batch_only	1.0	18	45783	60	0.6055555555555555	0.30428293899836195	0.4811111111111111	False	True	False	True	False	False	False
synthetic_null	batch_only	1.0	19	45784	60	0.6788888888888889	0.6018913446930014	0.4955555555555556	False	True	True	True	False	False	False
synthetic_null	batch_only	1.0	20	45785	60	0.5488888888888889	0.141049237997108	0.5433333333333333	False	True	True	True	False	False	False
synthetic_null	batch_only	1.0	21	45786	60	0.5833333333333334	0.2197095275175987	0.5633333333333334	False	True	False	True	False	False	False
synthetic_null	batch_only	1.0	22	45787	60	0.4222222222222222	-0.21840720632491395	0.5544444444444444	False	True	True	True	False	False	False
synthetic_null	batch_only	1.0	23	45788	60	0.5888888888888889	0.3400240790901337	0.47555555555555556	False	True	True	True	False	False	False
synthetic_null	batch_only	1.0	24	45789	60	0.5533333333333333	0.2571438070051441	0.5411111111111111	False	True	True	True	False	False	False
synthetic_null	batch_only	1.0	25	45790	60	0.5066666666666667	0.038885032532453345	0.3011111111111111	False	True	True	True	False	False	False
synthetic_null	batch_only	1.0	26	45791	60	0.6922222222222222	0.7375917198746046	0.5188888888888888	False	True	True	True	False	False	False
synthetic_null	batch_only	1.0	27	45792	60	0.6188888888888889	0.3477247598416295	0.5566666666666666	False	True	True	True	False	False	False
synthetic_null	batch_only	1.0	28	45793	60	0.6088888888888889	0.28552565355932596	0.6333333333333333	False	True	True	True	False	False	False
synthetic_null	batch_only	1.0	29	45794	60	0.5166666666666667	0.06277899266233852	0.4722222222222222	False	True	True	True	False	False	False
synthetic_null	distributed_weak_technical	0.0	0	45845	60	0.5588888888888889	0.2665713789220446	0.4488888888888889	False	True	False	False	False	False	False
synthetic_null	distributed_weak_technical	0.0	1	45846	60	0.4688888888888889	-0.044626216447656596	0.5833333333333334	False	False	False	False	False	False	False
synthetic_null	distributed_weak_technical	0.0	2	45847	60	0.3388888888888889	-0.5491543979557784	0.6266666666666667	False	True	False	False	False	False	False
synthetic_null	distributed_weak_technical	0.0	3	45848	60	0.49666666666666665	0.017657746036506213	0.5577777777777778	False	True	False	False	False	False	False
synthetic_null	distributed_weak_technical	0.0	4	45849	60	0.4677777777777778	-0.015923791940960014	0.34	False	True	False	False	False	False	False
synthetic_null	distributed_weak_technical	0.0	5	45850	60	0.45444444444444443	-0.11864045889447669	0.52	False	True	False	False	False	False	False
synthetic_null	distributed_weak_technical	0.0	6	45851	60	0.4622222222222222	-0.039697383246920806	0.58	False	True	False	False	False	False	False
synthetic_null	distributed_weak_technical	0.0	7	45852	60	0.42333333333333334	-0.21769575722798037	0.4111111111111111	False	True	False	False	False	False	False
synthetic_null	distributed_weak_technical	0.0	8	45853	60	0.4577777777777778	-0.03651361837335419	0.5455555555555556	False	True	False	False	False	False	False
synthetic_null	distributed_weak_technical	0.0	9	45854	60	0.49777777777777776	-0.04694929468610643	0.40555555555555556	False	False	False	False	False	False	False
synthetic_null	distributed_weak_technical	0.0	10	45855	60	0.5088888888888888	0.044215252146272505	0.5255555555555556	False	True	False	False	False	False	False
synthetic_null	distributed_weak_technical	0.0	11	45856	60	0.42333333333333334	-0.14493128545597808	0.54	False	False	False	False	False	False	False
synthetic_null	distributed_weak_technical	0.0	12	45857	60	0.43333333333333335	-0.2246958677270896	0.43555555555555553	False	False	False	False	False	False	False
synthetic_null	distributed_weak_technical	0.0	13	45858	60	0.41444444444444445	-0.2887547606003791	0.5911111111111111	False	True	False	True	False	False	False
synthetic_null	distributed_weak_technical	0.0	14	45859	60	0.4577777777777778	-0.08581965028537872	0.5688888888888889	False	True	False	False	False	False	False
synthetic_null	distributed_weak_technical	0.0	15	45860	60	0.5533333333333333	0.24693659839186588	0.5988888888888889	False	True	True	True	False	False	False
synthetic_null	distributed_weak_technical	0.0	16	45861	60	0.5966666666666667	0.28147820692590286	0.4622222222222222	False	True	False	False	False	False	False
synthetic_null	distributed_weak_technical	0.0	17	45862	60	0.45	-0.14202707137593035	0.5933333333333334	False	True	False	False	False	False	False
synthetic_null	distributed_weak_technical	0.0	18	45863	60	0.46555555555555556	-0.1999502539627324	0.5033333333333333	False	True	False	False	False	False	False
synthetic_null	distributed_weak_technical	0.0	19	45864	60	0.4388888888888889	-0.13915065639875782	0.43222222222222223	False	False	False	False	False	False	False
synthetic_null	distributed_weak_technical	0.0	20	45865	60	0.5888888888888889	0.3025377510724795	0.35888888888888887	False	True	False	False	False	False	False
synthetic_null	distributed_weak_technical	0.0	21	45866	60	0.4711111111111111	-0.22093475312012897	0.5444444444444444	False	False	False	False	False	False	False
synthetic_null	distributed_weak_technical	0.0	22	45867	60	0.5111111111111111	0.03177298808875082	0.57	False	True	False	True	False	False	False
synthetic_null	distributed_weak_technical	0.0	23	45868	60	0.5188888888888888	0.1571678146434271	0.6133333333333333	False	True	False	False	False	False	False
synthetic_null	distributed_weak_technical	0.0	24	45869	60	0.5944444444444444	0.2606788300687119	0.5277777777777778	False	True	False	False	False	False	False
synthetic_null	distributed_weak_technical	0.0	25	45870	60	0.5244444444444445	0.03666142205349192	0.44555555555555554	False	False	False	False	False	False	False
synthetic_null	distributed_weak_technical	0.0	26	45871	60	0.55	0.13295292894761812	0.4633333333333333	False	True	False	False	False	False	False
synthetic_null	distributed_weak_technical	0.0	27	45872	60	0.4822222222222222	-0.10079897686560636	0.5744444444444444	False	False	False	False	False	False	False
synthetic_null	distributed_weak_technical	0.0	28	45873	60	0.6355555555555555	0.4580969488215638	0.49444444444444446	False	False	False	False	False	False	False
synthetic_null	distributed_weak_technical	0.0	29	45874	60	0.4633333333333333	-0.1793417806552545	0.43555555555555553	False	True	False	False	False	False	False
synthetic_null	distributed_weak_technical	0.25	0	45925	60	0.6611111111111111	0.5231352821598718	0.5611111111111111	False	False	False	False	False	False	False
synthetic_null	distributed_weak_technical	0.25	1	45926	60	0.42333333333333334	-0.3060630596804795	0.6	False	False	False	False	False	False	False
synthetic_null	distributed_weak_technical	0.25	2	45927	60	0.5688888888888889	0.2311021224927779	0.5244444444444445	False	True	False	False	False	False	False
synthetic_null	distributed_weak_technical	0.25	3	45928	60	0.4	-0.28822664459188696	0.5888888888888889	False	True	False	False	False	False	False
synthetic_null	distributed_weak_technical	0.25	4	45929	60	0.54	0.09331596072214342	0.4888888888888889	False	True	False	False	False	False	False
synthetic_null	distributed_weak_technical	0.25	5	45930	60	0.47555555555555556	-0.09953430767028536	0.5666666666666667	False	True	False	False	False	False	False
synthetic_null	distributed_weak_technical	0.25	6	45931	60	0.5877777777777777	0.3316201082488932	0.4477777777777778	False	True	False	False	False	False	False
synthetic_null	distributed_weak_technical	0.25	7	45932	60	0.5344444444444445	0.09303641530591208	0.5944444444444444	False	True	False	False	False	False	False
synthetic_null	distributed_weak_technical	0.25	8	45933	60	0.6633333333333333	0.44314109091900783	0.3888888888888889	False	True	False	True	False	False	False
synthetic_null	distributed_weak_technical	0.25	9	45934	60	0.6733333333333333	0.6064627802392615	0.43444444444444447	False	False	False	False	False	False	False
synthetic_null	distributed_weak_technical	0.25	10	45935	60	0.44222222222222224	-0.14678784832147534	0.5033333333333333	False	False	False	False	False	False	False
synthetic_null	distributed_weak_technical	0.25	11	45936	60	0.49	-0.02270885728574643	0.5811111111111111	False	False	False	False	False	False	False
synthetic_null	distributed_weak_technical	0.25	12	45937	60	0.48	-0.05785341623035481	0.4688888888888889	False	True	True	True	False	False	False
synthetic_null	distributed_weak_technical	0.25	13	45938	60	0.5044444444444445	-0.005662512076778984	0.40444444444444444	False	True	False	False	False	False	False
synthetic_null	distributed_weak_technical	0.25	14	45939	60	0.6311111111111111	0.3103814113003788	0.6444444444444445	False	True	False	True	False	False	False
synthetic_null	distributed_weak_technical	0.25	15	45940	60	0.5088888888888888	0.006365585376999034	0.6088888888888889	False	True	False	True	False	False	False
synthetic_null	distributed_weak_technical	0.25	16	45941	60	0.46	-0.04111541364158087	0.45555555555555555	False	True	False	False	False	False	False
synthetic_null	distributed_weak_technical	0.25	17	45942	60	0.49333333333333335	-0.08957742845609386	0.6466666666666666	False	True	False	False	False	False	False
synthetic_null	distributed_weak_technical	0.25	18	45943	60	0.5911111111111111	0.3922550452139803	0.49777777777777776	False	True	False	False	False	False	False
synthetic_null	distributed_weak_technical	0.25	19	45944	60	0.45111111111111113	-0.17918900803788204	0.48	False	True	False	False	False	False	False
synthetic_null	distributed_weak_technical	0.25	20	45945	60	0.48333333333333334	-0.09181998105454318	0.44222222222222224	False	False	False	False	False	False	False
synthetic_null	distributed_weak_technical	0.25	21	45946	60	0.5288888888888889	0.020405776901296715	0.43555555555555553	False	True	False	True	False	False	False
synthetic_null	distributed_weak_technical	0.25	22	45947	60	0.6533333333333333	0.6007404766945738	0.5666666666666667	False	False	False	False	False	False	False
synthetic_null	distributed_weak_technical	0.25	23	45948	60	0.43555555555555553	-0.2848976732499057	0.5422222222222223	False	True	False	False	False	False	False
synthetic_null	distributed_weak_technical	0.25	24	45949	60	0.4444444444444444	-0.18376372632399576	0.4488888888888889	False	False	False	False	False	False	False
synthetic_null	distributed_weak_technical	0.25	25	45950	60	0.5233333333333333	0.09980924996784754	0.4988888888888889	False	False	False	False	False	False	False
synthetic_null	distributed_weak_technical	0.25	26	45951	60	0.5222222222222223	0.03157869095196211	0.4822222222222222	False	False	False	False	False	False	False
synthetic_null	distributed_weak_technical	0.25	27	45952	60	0.5811111111111111	0.18854895442966843	0.5211111111111111	False	False	False	False	False	False	False
synthetic_null	distributed_weak_technical	0.25	28	45953	60	0.5744444444444444	0.23652893653238938	0.4866666666666667	False	True	False	False	False	False	False
synthetic_null	distributed_weak_technical	0.25	29	45954	60	0.3488888888888889	-0.49358771313694055	0.4766666666666667	False	True	False	False	False	False	False
synthetic_null	distributed_weak_technical	0.5	0	46005	60	0.5122222222222222	0.18301431011340474	0.6811111111111111	False	True	True	True	False	False	False
synthetic_null	distributed_weak_technical	0.5	1	46006	60	0.44222222222222224	-0.13910197233918495	0.5277777777777778	False	True	False	True	False	False	False
synthetic_null	distributed_weak_technical	0.5	2	46007	60	0.6411111111111111	0.49136960391150813	0.3977777777777778	False	True	False	True	False	False	False
synthetic_null	distributed_weak_technical	0.5	3	46008	60	0.5166666666666667	0.11678861672907861	0.5833333333333334	False	True	False	True	False	False	False
synthetic_null	distributed_weak_technical	0.5	4	46009	60	0.6033333333333334	0.3372252973851514	0.5144444444444445	False	True	False	True	False	False	False
synthetic_null	distributed_weak_technical	0.5	5	46010	60	0.6033333333333334	0.33828550891132186	0.4888888888888889	False	True	False	False	False	False	False
synthetic_null	distributed_weak_technical	0.5	6	46011	60	0.4911111111111111	-0.059535857916408204	0.47444444444444445	False	True	False	True	False	False	False
synthetic_null	distributed_weak_technical	0.5	7	46012	60	0.5022222222222222	0.03417248360794806	0.5533333333333333	False	True	True	True	False	False	False
synthetic_null	distributed_weak_technical	0.5	8	46013	60	0.49777777777777776	0.0027672973784213704	0.5066666666666667	False	False	False	False	False	False	False
synthetic_null	distributed_weak_technical	0.5	9	46014	60	0.39666666666666667	-0.31485298910757126	0.4388888888888889	False	True	False	True	False	False	False
synthetic_null	distributed_weak_technical	0.5	10	46015	60	0.5977777777777777	0.3418981005028895	0.4444444444444444	False	True	False	False	False	False	False
synthetic_null	distributed_weak_technical	0.5	11	46016	60	0.5777777777777777	0.21587500966720405	0.5355555555555556	False	True	False	False	False	False	False
synthetic_null	distributed_weak_technical	0.5	12	46017	60	0.5944444444444444	0.3024004080581185	0.48	False	True	False	False	False	False	False
synthetic_null	distributed_weak_technical	0.5	13	46018	60	0.43777777777777777	-0.13923567233254008	0.44222222222222224	False	True	False	True	False	False	False
synthetic_null	distributed_weak_technical	0.5	14	46019	60	0.47	-0.08656664534798326	0.6222222222222222	False	True	False	True	False	False	False
synthetic_null	distributed_weak_technical	0.5	15	46020	60	0.5444444444444444	0.13624616127004202	0.6377777777777778	False	True	False	False	False	False	False
synthetic_null	distributed_weak_technical	0.5	16	46021	60	0.47888888888888886	-0.15794438045087747	0.6322222222222222	False	True	False	False	False	False	False
synthetic_null	distributed_weak_technical	0.5	17	46022	60	0.5066666666666667	0.042626379612237586	0.39	False	True	False	False	False	False	False
synthetic_null	distributed_weak_technical	0.5	18	46023	60	0.5311111111111111	0.09210745321541237	0.5944444444444444	False	True	True	True	False	False	False
synthetic_null	distributed_weak_technical	0.5	19	46024	60	0.55	0.10409425374822175	0.3977777777777778	False	True	False	True	False	False	False
synthetic_null	distributed_weak_technical	0.5	20	46025	60	0.39555555555555555	-0.3300435029158451	0.46111111111111114	False	False	False	False	False	False	False
synthetic_null	distributed_weak_technical	0.5	21	46026	60	0.5722222222222222	0.2047686948426213	0.46555555555555556	False	True	False	False	False	False	False
synthetic_null	distributed_weak_technical	0.5	22	46027	60	0.5333333333333333	0.14642059694025059	0.38666666666666666	False	True	False	True	False	False	False
synthetic_null	distributed_weak_technical	0.5	23	46028	60	0.38666666666666666	-0.3002067764060753	0.6322222222222222	False	True	False	True	False	False	False
synthetic_null	distributed_weak_technical	0.5	24	46029	60	0.4711111111111111	-0.21469746268597667	0.5166666666666667	False	False	False	False	False	False	False
synthetic_null	distributed_weak_technical	0.5	25	46030	60	0.5133333333333333	0.045780050636683944	0.39	False	True	True	True	False	False	False
synthetic_null	distributed_weak_technical	0.5	26	46031	60	0.5566666666666666	0.21981363710790627	0.5422222222222223	False	True	False	True	False	False	False
synthetic_null	distributed_weak_technical	0.5	27	46032	60	0.5422222222222223	0.15323142223363628	0.5233333333333333	False	True	False	True	False	False	False
synthetic_null	distributed_weak_technical	0.5	28	46033	60	0.5244444444444445	0.08385792084909276	0.5044444444444445	False	True	False	False	False	False	False
synthetic_null	distributed_weak_technical	0.5	29	46034	60	0.46	-0.1488630224363835	0.49	False	True	False	False	False	False	False
synthetic_null	distributed_weak_technical	0.75	0	46085	60	0.4533333333333333	-0.1848282640353986	0.4866666666666667	False	True	False	True	False	False	False
synthetic_null	distributed_weak_technical	0.75	1	46086	60	0.72	0.8932050985554969	0.4622222222222222	True	True	True	True	False	False	False
synthetic_null	distributed_weak_technical	0.75	2	46087	60	0.5366666666666666	0.06940076314582246	0.37	False	False	False	False	False	False	False
synthetic_null	distributed_weak_technical	0.75	3	46088	60	0.4955555555555556	0.1029093598342076	0.3933333333333333	False	True	False	True	False	False	False
synthetic_null	distributed_weak_technical	0.75	4	46089	60	0.5077777777777778	0.019875605076816186	0.5433333333333333	False	True	False	False	False	False	False
synthetic_null	distributed_weak_technical	0.75	5	46090	60	0.5811111111111111	0.257836792662901	0.4722222222222222	False	True	False	True	False	False	False
synthetic_null	distributed_weak_technical	0.75	6	46091	60	0.5355555555555556	0.09147653111180751	0.5433333333333333	False	True	True	True	False	False	False
synthetic_null	distributed_weak_technical	0.75	7	46092	60	0.4911111111111111	0.04703193090217105	0.4711111111111111	False	True	False	False	False	False	False
synthetic_null	distributed_weak_technical	0.75	8	46093	60	0.5877777777777777	0.35237701573593133	0.4444444444444444	False	True	True	True	False	False	False
synthetic_null	distributed_weak_technical	0.75	9	46094	60	0.5588888888888889	0.21877638197038377	0.5766666666666667	False	True	True	True	False	False	False
synthetic_null	distributed_weak_technical	0.75	10	46095	60	0.5744444444444444	0.2105612698585437	0.5788888888888889	False	True	False	True	False	False	False
synthetic_null	distributed_weak_technical	0.75	11	46096	60	0.5366666666666666	0.133468373284898	0.5455555555555556	False	True	True	True	False	False	False
synthetic_null	distributed_weak_technical	0.75	12	46097	60	0.5666666666666667	0.25006967345325154	0.6266666666666667	False	True	False	False	False	False	False
synthetic_null	distributed_weak_technical	0.75	13	46098	60	0.5233333333333333	0.1312760654770294	0.6166666666666667	False	True	False	True	False	False	False
synthetic_null	distributed_weak_technical	0.75	14	46099	60	0.5911111111111111	0.29464926400718916	0.5255555555555556	False	True	True	True	False	False	False
synthetic_null	distributed_weak_technical	0.75	15	46100	60	0.6777777777777778	0.6217050492699476	0.5655555555555556	False	True	True	True	False	False	False
synthetic_null	distributed_weak_technical	0.75	16	46101	60	0.5944444444444444	0.38447596011270496	0.4888888888888889	False	True	True	True	False	False	False
synthetic_null	distributed_weak_technical	0.75	17	46102	60	0.5155555555555555	0.03656577814542145	0.6566666666666666	False	True	False	False	False	False	False
synthetic_null	distributed_weak_technical	0.75	18	46103	60	0.5311111111111111	0.08286065972684517	0.5044444444444445	False	True	False	True	False	False	False
synthetic_null	distributed_weak_technical	0.75	19	46104	60	0.5266666666666666	0.05710182765375009	0.48777777777777775	False	True	False	True	False	False	False
synthetic_null	distributed_weak_technical	0.75	20	46105	60	0.55	0.1544380311632942	0.5322222222222223	False	True	False	False	False	False	False
synthetic_null	distributed_weak_technical	0.75	21	46106	60	0.6077777777777778	0.3810898569105523	0.45111111111111113	False	True	False	True	False	False	False
synthetic_null	distributed_weak_technical	0.75	22	46107	60	0.6166666666666667	0.3398021148323145	0.6166666666666667	False	True	True	True	False	False	False
synthetic_null	distributed_weak_technical	0.75	23	46108	60	0.6222222222222222	0.37843648152756343	0.47444444444444445	False	True	False	False	False	False	False
synthetic_null	distributed_weak_technical	0.75	24	46109	60	0.4855555555555556	-0.0696996681677804	0.5277777777777778	False	True	False	True	False	False	False
synthetic_null	distributed_weak_technical	0.75	25	46110	60	0.56	0.13948758072543593	0.6011111111111112	False	True	False	True	False	False	False
synthetic_null	distributed_weak_technical	0.75	26	46111	60	0.6444444444444445	0.47096864987289794	0.5922222222222222	False	True	False	False	False	False	False
synthetic_null	distributed_weak_technical	0.75	27	46112	60	0.5255555555555556	0.02905188108572858	0.4922222222222222	False	True	False	True	False	False	False
synthetic_null	distributed_weak_technical	0.75	28	46113	60	0.5811111111111111	0.12055058000510928	0.5088888888888888	False	True	True	True	False	False	False
synthetic_null	distributed_weak_technical	0.75	29	46114	60	0.5366666666666666	0.2025237589719081	0.5722222222222222	False	True	False	True	False	False	False
synthetic_null	distributed_weak_technical	1.0	0	46165	60	0.6933333333333334	0.8017978815551001	0.4588888888888889	False	True	False	True	False	False	False
synthetic_null	distributed_weak_technical	1.0	1	46166	60	0.5955555555555555	0.3707803338658091	0.6155555555555555	False	True	True	True	False	False	False
synthetic_null	distributed_weak_technical	1.0	2	46167	60	0.5811111111111111	0.2989237673195163	0.6088888888888889	False	True	False	True	False	False	False
synthetic_null	distributed_weak_technical	1.0	3	46168	60	0.5622222222222222	0.24151297576370734	0.6066666666666667	False	True	True	True	False	False	False
synthetic_null	distributed_weak_technical	1.0	4	46169	60	0.7933333333333333	1.1408804877712833	0.7055555555555556	True	True	True	True	False	False	False
synthetic_null	distributed_weak_technical	1.0	5	46170	60	0.44666666666666666	-0.18308804282166102	0.5622222222222222	False	True	False	True	False	False	False
synthetic_null	distributed_weak_technical	1.0	6	46171	60	0.6011111111111112	0.37851634727256267	0.5155555555555555	False	True	True	True	False	False	False
synthetic_null	distributed_weak_technical	1.0	7	46172	60	0.7222222222222222	0.7476733694245243	0.4666666666666667	True	True	True	True	False	False	False
synthetic_null	distributed_weak_technical	1.0	8	46173	60	0.7277777777777777	0.891583051134908	0.45555555555555555	True	True	True	True	False	False	False
synthetic_null	distributed_weak_technical	1.0	9	46174	60	0.6155555555555555	0.3737279907986737	0.51	False	True	True	True	False	False	False
synthetic_null	distributed_weak_technical	1.0	10	46175	60	0.6511111111111111	0.49553514195005127	0.5166666666666667	False	True	False	True	False	False	False
synthetic_null	distributed_weak_technical	1.0	11	46176	60	0.5977777777777777	0.3982538321460429	0.5211111111111111	False	True	True	True	False	False	False
synthetic_null	distributed_weak_technical	1.0	12	46177	60	0.4866666666666667	-0.045220333218484746	0.6111111111111112	False	True	True	True	False	False	False
synthetic_null	distributed_weak_technical	1.0	13	46178	60	0.6955555555555556	0.7573774665751656	0.5311111111111111	False	True	True	True	False	False	False
synthetic_null	distributed_weak_technical	1.0	14	46179	60	0.5811111111111111	0.18836447113792298	0.5111111111111111	False	True	True	True	False	False	False
synthetic_null	distributed_weak_technical	1.0	15	46180	60	0.5866666666666667	0.27529807818616503	0.6377777777777778	False	True	False	True	False	False	False
synthetic_null	distributed_weak_technical	1.0	16	46181	60	0.6522222222222223	0.4735991385950062	0.49777777777777776	False	True	True	True	False	False	False
synthetic_null	distributed_weak_technical	1.0	17	46182	60	0.6955555555555556	0.6971840684981411	0.4388888888888889	False	True	True	True	False	False	False
synthetic_null	distributed_weak_technical	1.0	18	46183	60	0.6222222222222222	0.47784405814810466	0.5388888888888889	False	True	True	True	False	False	False
synthetic_null	distributed_weak_technical	1.0	19	46184	60	0.5722222222222222	0.21199498297156066	0.47888888888888886	False	True	True	True	False	False	False
synthetic_null	distributed_weak_technical	1.0	20	46185	60	0.6455555555555555	0.4441745050772624	0.4577777777777778	False	True	True	True	False	False	False
synthetic_null	distributed_weak_technical	1.0	21	46186	60	0.6233333333333333	0.4157231620558423	0.5177777777777778	False	True	True	True	False	False	False
synthetic_null	distributed_weak_technical	1.0	22	46187	60	0.7344444444444445	0.7350396481293007	0.5555555555555556	True	True	True	True	False	False	False
synthetic_null	distributed_weak_technical	1.0	23	46188	60	0.6422222222222222	0.5194439914606144	0.4622222222222222	False	True	True	True	False	False	False
synthetic_null	distributed_weak_technical	1.0	24	46189	60	0.4888888888888889	-0.00666231717499709	0.54	False	True	True	True	False	False	False
synthetic_null	distributed_weak_technical	1.0	25	46190	60	0.6144444444444445	0.35585010222861935	0.5333333333333333	False	True	True	True	False	False	False
synthetic_null	distributed_weak_technical	1.0	26	46191	60	0.7022222222222222	0.6760668281565352	0.44666666666666666	True	True	True	True	False	False	False
synthetic_null	distributed_weak_technical	1.0	27	46192	60	0.6511111111111111	0.5691506488347803	0.58	False	True	True	True	False	False	False
synthetic_null	distributed_weak_technical	1.0	28	46193	60	0.5388888888888889	0.2096210548053484	0.41888888888888887	False	True	True	True	False	False	False
synthetic_null	distributed_weak_technical	1.0	29	46194	60	0.4388888888888889	-0.17206902909726374	0.5311111111111111	False	True	False	True	False	False	False
synthetic_null	independent_technical	0.0	0	45045	60	0.3811111111111111	-0.38224262888091004	0.43777777777777777	False	True	False	False	False	False	False
synthetic_null	independent_technical	0.0	1	45046	60	0.48777777777777775	-0.03260940628909779	0.4688888888888889	False	True	False	False	False	False	False
synthetic_null	independent_technical	0.0	2	45047	60	0.4022222222222222	-0.3423477594037294	0.3511111111111111	False	True	False	True	False	False	False
synthetic_null	independent_technical	0.0	3	45048	60	0.5811111111111111	0.3556380298094019	0.4688888888888889	False	False	False	False	False	False	False
synthetic_null	independent_technical	0.0	4	45049	60	0.5144444444444445	0.04366805350522099	0.49333333333333335	False	True	False	False	False	False	False
synthetic_null	independent_technical	0.0	5	45050	60	0.44666666666666666	-0.11758026193218386	0.42	False	True	False	False	False	False	False
synthetic_null	independent_technical	0.0	6	45051	60	0.44	-0.29611762244430545	0.5766666666666667	False	False	False	False	False	False	False
synthetic_null	independent_technical	0.0	7	45052	60	0.4022222222222222	-0.39031752471338094	0.5588888888888889	False	False	False	False	False	False	False
synthetic_null	independent_technical	0.0	8	45053	60	0.5366666666666666	0.06172633654485782	0.47888888888888886	False	True	False	False	False	False	False
synthetic_null	independent_technical	0.0	9	45054	60	0.5211111111111111	0.08254790270738456	0.44333333333333336	False	False	False	False	False	False	False
synthetic_null	independent_technical	0.0	10	45055	60	0.5488888888888889	0.04676973836655037	0.4166666666666667	False	True	False	False	False	False	False
synthetic_null	independent_technical	0.0	11	45056	60	0.44333333333333336	-0.130306067069196	0.5011111111111111	False	True	False	False	False	False	False
synthetic_null	independent_technical	0.0	12	45057	60	0.4922222222222222	-0.04191509101289294	0.39	False	False	False	False	False	False	False
synthetic_null	independent_technical	0.0	13	45058	60	0.48	-0.07176215349660492	0.45	False	True	False	False	False	False	False
synthetic_null	independent_technical	0.0	14	45059	60	0.5044444444444445	-0.0583487350834218	0.5733333333333334	False	False	False	False	False	False	False
synthetic_null	independent_technical	0.0	15	45060	60	0.6133333333333333	0.41144834227746613	0.5233333333333333	False	False	False	False	False	False	False
synthetic_null	independent_technical	0.0	16	45061	60	0.4855555555555556	-0.0886957183584496	0.5333333333333333	False	True	False	False	False	False	False
synthetic_null	independent_technical	0.0	17	45062	60	0.53	0.1110608339106132	0.48	False	True	False	True	False	False	False
synthetic_null	independent_technical	0.0	18	45063	60	0.48333333333333334	0.00011472283836265152	0.4988888888888889	False	True	False	False	False	False	False
synthetic_null	independent_technical	0.0	19	45064	60	0.6255555555555555	0.4740787685172854	0.5377777777777778	False	True	False	False	False	False	False
synthetic_null	independent_technical	0.0	20	45065	60	0.5366666666666666	0.023659888522638225	0.5533333333333333	False	False	False	False	False	False	False
synthetic_null	independent_technical	0.0	21	45066	60	0.5444444444444444	0.14019985315804714	0.52	False	False	False	False	False	False	False
synthetic_null	independent_technical	0.0	22	45067	60	0.5222222222222223	0.0215822463734481	0.55	False	True	False	False	False	False	False
synthetic_null	independent_technical	0.0	23	45068	60	0.5766666666666667	0.28969557726001	0.46111111111111114	False	True	False	False	False	False	False
synthetic_null	independent_technical	0.0	24	45069	60	0.43555555555555553	-0.06700479741481939	0.5833333333333334	False	True	False	False	False	False	False
synthetic_null	independent_technical	0.0	25	45070	60	0.3611111111111111	-0.5144725673842673	0.4255555555555556	False	False	False	False	False	False	False
synthetic_null	independent_technical	0.0	26	45071	60	0.49444444444444446	0.14747990982338552	0.4988888888888889	False	False	False	False	False	False	False
synthetic_null	independent_technical	0.0	27	45072	60	0.4766666666666667	-0.1481238130705445	0.5255555555555556	False	True	False	False	False	False	False
synthetic_null	independent_technical	0.0	28	45073	60	0.48444444444444446	-0.15069404701408284	0.5533333333333333	False	False	False	False	False	False	False
synthetic_null	independent_technical	0.0	29	45074	60	0.38333333333333336	-0.4159646611248785	0.6133333333333333	False	False	False	False	False	False	False
synthetic_null	independent_technical	0.25	0	45125	60	0.5222222222222223	-0.005280679128439855	0.5077777777777778	False	False	False	False	False	False	False
synthetic_null	independent_technical	0.25	1	45126	60	0.5288888888888889	0.03277084368027545	0.42	False	False	False	False	False	False	False
synthetic_null	independent_technical	0.25	2	45127	60	0.45222222222222225	-0.09013671312200786	0.44333333333333336	False	False	False	False	False	False	False
synthetic_null	independent_technical	0.25	3	45128	60	0.3	-0.7388357551167829	0.39444444444444443	False	True	False	False	False	False	False
synthetic_null	independent_technical	0.25	4	45129	60	0.58	0.2762952707474489	0.5511111111111111	False	False	False	False	False	False	False
synthetic_null	independent_technical	0.25	5	45130	60	0.4688888888888889	-0.12953305950237431	0.5555555555555556	False	False	False	False	False	False	False
synthetic_null	independent_technical	0.25	6	45131	60	0.5822222222222222	0.20142573986797235	0.5944444444444444	False	True	False	False	False	False	False
synthetic_null	independent_technical	0.25	7	45132	60	0.4722222222222222	-0.09042241234282482	0.5966666666666667	False	False	False	False	False	False	False
synthetic_null	independent_technical	0.25	8	45133	60	0.3977777777777778	-0.3944498273274696	0.5033333333333333	False	False	False	False	False	False	False
synthetic_null	independent_technical	0.25	9	45134	60	0.6	0.3656661169557027	0.4622222222222222	False	False	False	False	False	False	False
synthetic_null	independent_technical	0.25	10	45135	60	0.5333333333333333	0.09321070318303698	0.58	False	True	False	True	False	False	False
synthetic_null	independent_technical	0.25	11	45136	60	0.5311111111111111	0.13284258310499217	0.36333333333333334	False	True	False	False	False	False	False
synthetic_null	independent_technical	0.25	12	45137	60	0.4911111111111111	-0.07147007567042385	0.5033333333333333	False	False	False	False	False	False	False
synthetic_null	independent_technical	0.25	13	45138	60	0.5777777777777777	0.15551352683761047	0.5011111111111111	False	False	False	False	False	False	False
synthetic_null	independent_technical	0.25	14	45139	60	0.41888888888888887	-0.16026170758585329	0.4855555555555556	False	True	False	True	False	False	False
synthetic_null	independent_technical	0.25	15	45140	60	0.5444444444444444	0.16017253728727002	0.41444444444444445	False	False	False	False	False	False	False
synthetic_null	independent_technical	0.25	16	45141	60	0.4477777777777778	-0.1472159936188823	0.4622222222222222	False	False	False	False	False	False	False
synthetic_null	independent_technical	0.25	17	45142	60	0.5477777777777778	0.17996806271380733	0.55	False	True	False	False	False	False	False
synthetic_null	independent_technical	0.25	18	45143	60	0.34	-0.5847295684325263	0.4411111111111111	False	True	True	True	False	False	False
synthetic_null	independent_technical	0.25	19	45144	60	0.68	0.5823861858022206	0.47	False	True	False	False	False	False	False
synthetic_null	independent_technical	0.25	20	45145	60	0.40555555555555556	-0.36043189882549065	0.5588888888888889	False	True	False	False	False	False	False
synthetic_null	independent_technical	0.25	21	45146	60	0.6355555555555555	0.4960895926528016	0.56	False	True	False	False	False	False	False
synthetic_null	independent_technical	0.25	22	45147	60	0.5511111111111111	0.18120973250371059	0.3811111111111111	False	False	False	False	False	False	False
synthetic_null	independent_technical	0.25	23	45148	60	0.51	0.17969185092142623	0.6122222222222222	False	False	False	False	False	False	False
synthetic_null	independent_technical	0.25	24	45149	60	0.5622222222222222	0.198927005643622	0.47444444444444445	False	True	False	False	False	False	False
synthetic_null	independent_technical	0.25	25	45150	60	0.4711111111111111	-0.1321849263438525	0.6233333333333333	False	True	False	True	False	False	False
synthetic_null	independent_technical	0.25	26	45151	60	0.4711111111111111	-0.13301061973143974	0.5	False	False	False	False	False	False	False
synthetic_null	independent_technical	0.25	27	45152	60	0.41	-0.3489460789454627	0.49	False	True	False	False	False	False	False
synthetic_null	independent_technical	0.25	28	45153	60	0.36777777777777776	-0.4235689517404303	0.41555555555555557	False	False	False	False	False	False	False
synthetic_null	independent_technical	0.25	29	45154	60	0.3988888888888889	-0.3607137093317127	0.4477777777777778	False	True	False	False	False	False	False
synthetic_null	independent_technical	0.5	0	45205	60	0.5055555555555555	0.048498658265603393	0.5888888888888889	False	True	False	True	False	False	False
synthetic_null	independent_technical	0.5	1	45206	60	0.6133333333333333	0.40769900832747313	0.5144444444444445	False	False	False	False	False	False	False
synthetic_null	independent_technical	0.5	2	45207	60	0.5	0.028669377127379558	0.6011111111111112	False	False	False	False	False	False	False
synthetic_null	independent_technical	0.5	3	45208	60	0.45	-0.25896069225682516	0.4822222222222222	False	False	False	False	False	False	False
synthetic_null	independent_technical	0.5	4	45209	60	0.5155555555555555	0.13349005995034688	0.42	False	True	False	False	False	False	False
synthetic_null	independent_technical	0.5	5	45210	60	0.47444444444444445	-0.13085198426407682	0.6211111111111111	False	True	False	False	False	False	False
synthetic_null	independent_technical	0.5	6	45211	60	0.5088888888888888	0.03913081869799937	0.5566666666666666	False	False	False	False	False	False	False
synthetic_null	independent_technical	0.5	7	45212	60	0.42333333333333334	-0.16652145575717822	0.5755555555555556	False	False	False	False	False	False	False
synthetic_null	independent_technical	0.5	8	45213	60	0.43222222222222223	-0.3342194704682362	0.41	False	False	False	False	False	False	False
synthetic_null	independent_technical	0.5	9	45214	60	0.6544444444444445	0.46318128223723437	0.48444444444444446	False	False	False	False	False	False	False
synthetic_null	independent_technical	0.5	10	45215	60	0.45111111111111113	-0.1138387521299917	0.41888888888888887	False	False	False	False	False	False	False
synthetic_null	independent_technical	0.5	11	45216	60	0.3622222222222222	-0.466195475211261	0.4088888888888889	False	True	False	False	False	False	False
synthetic_null	independent_technical	0.5	12	45217	60	0.5044444444444445	-0.06564814301716165	0.5333333333333333	False	True	False	False	False	False	False
synthetic_null	independent_technical	0.5	13	45218	60	0.5688888888888889	0.28313543393733376	0.44333333333333336	False	True	False	True	False	False	False
synthetic_null	independent_technical	0.5	14	45219	60	0.44555555555555554	-0.1725121182193101	0.5044444444444445	False	True	False	False	False	False	False
synthetic_null	independent_technical	0.5	15	45220	60	0.49777777777777776	0.019200764531796952	0.42777777777777776	False	True	False	True	False	False	False
synthetic_null	independent_technical	0.5	16	45221	60	0.5644444444444444	0.2508330237631787	0.5788888888888889	False	True	False	False	False	False	False
synthetic_null	independent_technical	0.5	17	45222	60	0.5766666666666667	0.4341811755716618	0.5188888888888888	False	False	False	False	False	False	False
synthetic_null	independent_technical	0.5	18	45223	60	0.5411111111111111	0.1796239450689971	0.6322222222222222	False	False	False	False	False	False	False
synthetic_null	independent_technical	0.5	19	45224	60	0.5022222222222222	-0.0329080365839745	0.3988888888888889	False	True	False	True	False	False	False
synthetic_null	independent_technical	0.5	20	45225	60	0.46111111111111114	-0.07082351942632026	0.4911111111111111	False	True	False	False	False	False	False
synthetic_null	independent_technical	0.5	21	45226	60	0.4077777777777778	-0.260597495157818	0.59	False	False	False	False	False	False	False
synthetic_null	independent_technical	0.5	22	45227	60	0.5222222222222223	-0.005890901460678303	0.5366666666666666	False	False	False	False	False	False	False
synthetic_null	independent_technical	0.5	23	45228	60	0.5488888888888889	0.292656200975691	0.4955555555555556	False	True	False	False	False	False	False
synthetic_null	independent_technical	0.5	24	45229	60	0.6211111111111111	0.36555098774807443	0.5711111111111111	False	True	False	True	False	False	False
synthetic_null	independent_technical	0.5	25	45230	60	0.5777777777777777	0.23353211447314015	0.4911111111111111	False	True	True	True	False	False	False
synthetic_null	independent_technical	0.5	26	45231	60	0.4911111111111111	-0.020231269726089303	0.5577777777777778	False	True	False	True	False	False	False
synthetic_null	independent_technical	0.5	27	45232	60	0.4688888888888889	-0.05642147837280633	0.5511111111111111	False	True	False	False	False	False	False
synthetic_null	independent_technical	0.5	28	45233	60	0.41555555555555557	-0.2830524426749951	0.5577777777777778	False	False	False	False	False	False	False
synthetic_null	independent_technical	0.5	29	45234	60	0.53	0.08697598227810303	0.5311111111111111	False	False	False	False	False	False	False
synthetic_null	independent_technical	0.75	0	45285	60	0.4577777777777778	-0.15716084337916492	0.4111111111111111	False	True	False	False	False	False	False
synthetic_null	independent_technical	0.75	1	45286	60	0.3388888888888889	-0.4820682267251754	0.5911111111111111	False	True	False	False	False	False	False
synthetic_null	independent_technical	0.75	2	45287	60	0.6177777777777778	0.4725798990768809	0.47444444444444445	False	True	False	False	False	False	False
synthetic_null	independent_technical	0.75	3	45288	60	0.5166666666666667	-0.042214166973355026	0.3422222222222222	False	True	False	False	False	False	False
synthetic_null	independent_technical	0.75	4	45289	60	0.5711111111111111	0.3262816238827243	0.5633333333333334	False	False	False	False	False	False	False
synthetic_null	independent_technical	0.75	5	45290	60	0.53	-0.009032194347251773	0.43444444444444447	False	True	False	False	False	False	False
synthetic_null	independent_technical	0.75	6	45291	60	0.5011111111111111	0.03124029647958059	0.5755555555555556	False	False	False	False	False	False	False
synthetic_null	independent_technical	0.75	7	45292	60	0.5166666666666667	0.0814979769730897	0.5077777777777778	False	False	False	False	False	False	False
synthetic_null	independent_technical	0.75	8	45293	60	0.6311111111111111	0.4309969139186752	0.6255555555555555	False	True	False	False	False	False	False
synthetic_null	independent_technical	0.75	9	45294	60	0.5511111111111111	0.023010570941083705	0.6033333333333334	False	False	False	False	False	False	False
synthetic_null	independent_technical	0.75	10	45295	60	0.5777777777777777	0.27480818599534657	0.5044444444444445	False	True	False	False	False	False	False
synthetic_null	independent_technical	0.75	11	45296	60	0.4622222222222222	-0.06102017819574983	0.52	False	True	False	True	False	False	False
synthetic_null	independent_technical	0.75	12	45297	60	0.6533333333333333	0.5058587179219581	0.5044444444444445	False	False	False	False	False	False	False
synthetic_null	independent_technical	0.75	13	45298	60	0.38333333333333336	-0.37820687178150025	0.48777777777777775	False	True	False	False	False	False	False
synthetic_null	independent_technical	0.75	14	45299	60	0.5844444444444444	0.33505077532502453	0.45	False	True	False	False	False	False	False
synthetic_null	independent_technical	0.75	15	45300	60	0.5277777777777778	0.10086890806785496	0.4711111111111111	False	True	False	False	False	False	False
synthetic_null	independent_technical	0.75	16	45301	60	0.5211111111111111	0.09072343358362552	0.5355555555555556	False	True	False	False	False	False	False
synthetic_null	independent_technical	0.75	17	45302	60	0.45666666666666667	-0.1206189811754818	0.3466666666666667	False	True	False	False	False	False	False
synthetic_null	independent_technical	0.75	18	45303	60	0.4955555555555556	-0.046083732976548275	0.5433333333333333	False	True	False	True	False	False	False
synthetic_null	independent_technical	0.75	19	45304	60	0.37777777777777777	-0.41529328008094457	0.5644444444444444	False	True	False	False	False	False	False
synthetic_null	independent_technical	0.75	20	45305	60	0.61	0.40298396545668536	0.54	False	True	False	True	False	False	False
synthetic_null	independent_technical	0.75	21	45306	60	0.4922222222222222	0.02618453175588689	0.33444444444444443	False	True	False	True	False	False	False
synthetic_null	independent_technical	0.75	22	45307	60	0.45	-0.1769909968500868	0.5233333333333333	False	False	False	False	False	False	False
synthetic_null	independent_technical	0.75	23	45308	60	0.4077777777777778	-0.35607752555696137	0.5377777777777778	False	True	False	False	False	False	False
synthetic_null	independent_technical	0.75	24	45309	60	0.6188888888888889	0.32535660590885507	0.5222222222222223	False	True	False	False	False	False	False
synthetic_null	independent_technical	0.75	25	45310	60	0.5011111111111111	0.0004718106085915959	0.4088888888888889	False	False	False	False	False	False	False
synthetic_null	independent_technical	0.75	26	45311	60	0.6144444444444445	0.4255619772433525	0.4711111111111111	False	False	False	False	False	False	False
synthetic_null	independent_technical	0.75	27	45312	60	0.6233333333333333	0.4671434342632536	0.44	False	False	False	False	False	False	False
synthetic_null	independent_technical	0.75	28	45313	60	0.44222222222222224	-0.29014105092064874	0.6166666666666667	False	True	False	False	False	False	False
synthetic_null	independent_technical	0.75	29	45314	60	0.45222222222222225	-0.14823628563511895	0.4988888888888889	False	True	True	True	False	False	False
synthetic_null	independent_technical	1.0	0	45365	60	0.5966666666666667	0.25445264472977147	0.49666666666666665	False	True	False	False	False	False	False
synthetic_null	independent_technical	1.0	1	45366	60	0.52	0.040078976845770616	0.4666666666666667	False	True	False	True	False	False	False
synthetic_null	independent_technical	1.0	2	45367	60	0.45555555555555555	-0.1646249601847171	0.5877777777777777	False	True	False	True	False	False	False
synthetic_null	independent_technical	1.0	3	45368	60	0.49333333333333335	-0.006121836320911518	0.43555555555555553	False	False	False	False	False	False	False
synthetic_null	independent_technical	1.0	4	45369	60	0.4444444444444444	-0.1727499956561431	0.6888888888888889	False	False	False	False	False	False	False
synthetic_null	independent_technical	1.0	5	45370	60	0.4688888888888889	-0.11948251803904615	0.6877777777777778	False	True	False	True	False	False	False
synthetic_null	independent_technical	1.0	6	45371	60	0.4255555555555556	-0.11541255386179976	0.4477777777777778	False	False	False	False	False	False	False
synthetic_null	independent_technical	1.0	7	45372	60	0.5466666666666666	-0.005420182072888199	0.46111111111111114	False	False	False	False	False	False	False
synthetic_null	independent_technical	1.0	8	45373	60	0.4888888888888889	0.02900276423300929	0.4777777777777778	False	False	False	False	False	False	False
synthetic_null	independent_technical	1.0	9	45374	60	0.55	0.17517800348524987	0.45666666666666667	False	True	False	False	False	False	False
synthetic_null	independent_technical	1.0	10	45375	60	0.40555555555555556	-0.2514418127310333	0.5966666666666667	False	True	False	False	False	False	False
synthetic_null	independent_technical	1.0	11	45376	60	0.5055555555555555	-0.04286971916666544	0.6866666666666666	False	True	False	False	False	False	False
synthetic_null	independent_technical	1.0	12	45377	60	0.43333333333333335	-0.19103894314047476	0.6133333333333333	False	True	False	False	False	False	False
synthetic_null	independent_technical	1.0	13	45378	60	0.3466666666666667	-0.5952623972819078	0.5311111111111111	False	True	False	False	False	False	False
synthetic_null	independent_technical	1.0	14	45379	60	0.4	-0.3533262992266277	0.4988888888888889	False	True	False	False	False	False	False
synthetic_null	independent_technical	1.0	15	45380	60	0.4777777777777778	0.001678710538514375	0.44	False	False	False	False	False	False	False
synthetic_null	independent_technical	1.0	16	45381	60	0.5011111111111111	-0.04606863913555635	0.47555555555555556	False	True	False	False	False	False	False
synthetic_null	independent_technical	1.0	17	45382	60	0.4222222222222222	-0.26814544729651807	0.4622222222222222	False	False	False	False	False	False	False
synthetic_null	independent_technical	1.0	18	45383	60	0.5355555555555556	0.05866203161833593	0.5933333333333334	False	True	False	False	False	False	False
synthetic_null	independent_technical	1.0	19	45384	60	0.5322222222222223	0.11386879056094228	0.48444444444444446	False	True	False	True	False	False	False
synthetic_null	independent_technical	1.0	20	45385	60	0.5366666666666666	0.110892497285341	0.4811111111111111	False	True	False	True	False	False	False
synthetic_null	independent_technical	1.0	21	45386	60	0.44666666666666666	-0.14940088450020308	0.6155555555555555	False	False	False	False	False	False	False
synthetic_null	independent_technical	1.0	22	45387	60	0.5355555555555556	0.11366208202440374	0.44222222222222224	False	False	False	False	False	False	False
synthetic_null	independent_technical	1.0	23	45388	60	0.5255555555555556	0.1434968758857707	0.5744444444444444	False	True	False	False	False	False	False
synthetic_null	independent_technical	1.0	24	45389	60	0.48444444444444446	-0.08576672051998932	0.5566666666666666	False	True	False	False	False	False	False
synthetic_null	independent_technical	1.0	25	45390	60	0.6122222222222222	0.38032535537945306	0.43444444444444447	False	True	False	False	False	False	False
synthetic_null	independent_technical	1.0	26	45391	60	0.4222222222222222	-0.2503778638526328	0.6122222222222222	False	True	False	True	False	False	False
synthetic_null	independent_technical	1.0	27	45392	60	0.3788888888888889	-0.40423904733823207	0.49	False	True	False	False	False	False	False
synthetic_null	independent_technical	1.0	28	45393	60	0.4722222222222222	-0.04965768934772254	0.6233333333333333	False	True	False	True	False	False	False
synthetic_null	independent_technical	1.0	29	45394	60	0.5366666666666666	0.19762355140800464	0.5877777777777777	False	True	False	False	False	False	False
