query_name	mode	rank	result_id	qvals	combined_scores	pvals	sig_id	scores	zscores	pert_id	cmap_name	target	moa	canonical_smiles	inchi_key	compound_aliases	compound_resolved
gse111972_ms_wm_full_top150	opposite	1	6a15f47aa244fe002d77fe23	0.566910809286373	-7.492613130981653	3.39120767312166e-05	CPC020_A375_6H:BRD-K94353609-001-15-8:10	-0.0666666666666667	1.6763327069777334	BRD-K94353609	fluocinolone			CC1(C)O[C@@H]2C[C@H]3[C@@H]4C[C@H](F)C5=CC(=O)C=C[C@]5(C)[C@@]4(F)[C@@H](O)C[C@]3(C)[C@@]2(O1)C(=O)CO	FEBLZLNTKCEFIT-VSXGLTOVSA-N		True
gse111972_ms_wm_full_top150	opposite	2	6a15f47aa244fe002d77fe23	0.596745389998244	-6.217142808229098	0.000174006152306931	ERG005_VCAP_6H:BRD-K88378636-001-02-8:20	-0.0619047619047619	1.6537437548647282	BRD-K88378636	withaferin-a	NAMPT	IKK inhibitor	C[C@@H]([C@H]1CC[C@H]2[C@@H]3C[C@H]4O[C@]45[C@@H](O)C=CC(=O)[C@]5(C)[C@H]3CC[C@]12C)[C@H]6CC(=C(CO)C(=O)O6)C	DBRXOUCRJQVYJQ-CKNDUULBSA-N		True
gse111972_ms_wm_full_top150	opposite	3	6a15f47aa244fe002d77fe23	0.566910809286373	-7.187086554972128	6.38789093338693e-05	CPC020_VCAP_6H:BRD-A79803969-003-13-8:10	-0.0619047619047619	1.7133966820661108	BRD-A79803969	memantine	GRIN1	Glutamate receptor antagonist	CC12CC3CC(C)(C1)CC(N)(C3)C2	BUGYDGFZZOZRHP-UHFFFAOYSA-N		True
gse111972_ms_wm_full_top150	opposite	4	6a15f47aa244fe002d77fe23	0.805603902146875	-5.276130949829359	0.000992252213219087	CPC005_A549_6H:BRD-K11742128-003-15-0:10	-0.0571428571428571	1.7567322807262284	BRD-K11742128	triprolidine	HRH1	Histamine receptor antagonist	Cc1ccc(cc1)C(=C/CN1CCCC1)c1ccccn1	CBEQULMOCCWAQT-WOJGMQOQSA-N		True
gse111972_ms_wm_full_top150	opposite	5	6a15f47aa244fe002d77fe23	0.74950198399974	-5.727363806201572	0.000616785548531868	CPC006_PC3_24H:BRD-K89329876-001-02-9:40	-0.0571428571428571	1.7843000749411155	BRD-K89329876	BRD-K89329876	KIF11	Kinesin inhibitor	CC(C)(C)c1ccc2cc(C#N)c(C#N)cc2c1	MKILROQBJOOZKC-UHFFFAOYSA-N		True
gse111972_ms_wm_full_top150	opposite	6	6a15f47aa244fe002d77fe23	0.768581834015827	-5.252295932848271	0.000700196022486329	CPC017_A549_6H:BRD-K06426971-001-01-9:10	-0.0571428571428571	1.6648689710497608	BRD-K06426971	ryuvidine	CDK4	Histone lysine methyltransferase inhibitor	Cc1nc2c(s1)C(=O)C=C(Nc1ccc(C)cc1)C2=O	HFPLHASLIOXVGS-UHFFFAOYSA-N		True
gse111972_ms_wm_full_top150	opposite	7	6a15f47aa244fe002d77fe23	0.844712216679552	-4.684185153620095	0.00183275264048566	CPC014_HCC515_6H:BRD-K81142122-001-15-8:10	-0.0523809523809524	1.7114953960725223	BRD-K81142122	STK-249718			Cn1nc(nc2c(=O)n(C)c(=O)nc12)c3ccccn3	HDXJYJIPXWVRSM-UHFFFAOYSA-N		True
gse111972_ms_wm_full_top150	opposite	8	6a15f47aa244fe002d77fe23	0.879621510318152	-4.703804360071263	0.00208906127517002	CPC008_VCAP_6H:BRD-K43637719-001-03-9:10	-0.0523809523809524	1.7551189077590355	BRD-K43637719	KU-C104141			COc1ccc(cc1)-c1cc2nc(C)cc(N3CCN(CC3)C(=O)c3ccoc3)n2n1	DPBQFUHCNDIONU-UHFFFAOYSA-N		True
gse111972_ms_wm_full_top150	opposite	9	6a15f47aa244fe002d77fe23	0.869167133307089	-4.890005052864237	0.00198973064225034	CPC004_HA1E_6H:BRD-A06352508-001-02-9:10	-0.0523809523809524	1.8103045730781377	BRD-A06352508	SB-218078	CHEK1	CHK inhibitor	O=C1NC(=O)c2c1c1c3ccccc3n3C4CCC(O4)n4c5ccccc5c2c4c13	OTPNDVKVEAIXTI-UHFFFAOYSA-N		True
gse111972_ms_wm_full_top150	opposite	10	6a15f47aa244fe002d77fe23	0.885415802724685	-4.595228987965119	0.00219239120485918	CPC011_VCAP_24H:BRD-K44779798-001-05-7:10	-0.0523809523809524	1.728126126375533	BRD-K44779798	miglitol	GAA	Glucosidase inhibitor	OCCN1C[C@H](O)[C@@H](O)[C@H](O)[C@H]1CO	IBAQFPQHRJAVAV-ULAWRXDQSA-N		True
gse111972_ms_wm_full_top150	opposite	11	6a15f47aa244fe002d77fe23	0.805603902146875	-5.690286336193343	0.000939930174063709	CPC003_HCC515_6H:BRD-A01346607-001-03-4:10	-0.0523809523809524	1.879902887144763	BRD-A01346607	flumetasone	NR3C1	Glucocorticoid receptor agonist	C[C@@H]1CC2C3C[C@H](F)C4=CC(=O)C=C[C@]4(C)[C@@]3(F)[C@@H](O)C[C@]2(C)[C@@]1(O)C(=O)CO	WXURHACBFYSXBI-DRBBXQFKSA-N		True
gse111972_ms_wm_full_top150	opposite	12	6a15f47aa244fe002d77fe23	0.800757396434433	-5.864511375214246	0.000748214063803811	CPC005_VCAP_6H:BRD-A47513740-001-02-5:10	-0.0523809523809524	1.8760588302997603	BRD-A47513740	calyculin	PPP1CA	Protein phosphatase inhibitor	COC[C@H]([C@@H](O)[C@@H](O)C(=O)NCC[C@@H](C)c1nc(/C=C/C[C@H]2OC3(C[C@H](O)[C@H]2C)OC([C@@H](C[C@@H](O)[C@@H](C)[C@@H](O)[C@@H](C)/C=C(C)/C(=C/C=C/C(=CC#N)/C)/C)OC)[C@@H](OP(=O)(O)O)C3(C)C)co1)N(C)C	FKAWLXNLHHIHLA-OQLQHIBWSA-N		True
gse111972_ms_wm_full_top150	opposite	13	6a15f47aa244fe002d77fe23	0.805603902146875	-5.146876653537675	0.001235097118633	CPC010_HCC515_6H:BRD-K30697463-001-15-0:10	-0.0523809523809524	1.7697206668365713	BRD-K30697463	BRD-K30697463			C[C@@H]1C[C@H]2[C@@H]3CCC4=CC(=O)C=C[C@]4(C)[C@@]3(F)[C@@H](O)C[C@]2(C)[C@H]1C(=O)CO	VWVSBHGCDBMOOT-IIEHVVJPSA-N	desoximetasone	True
gse111972_ms_wm_full_top150	opposite	14	6a15f47aa244fe002d77fe23	0.988109102987716	-4.295545639855284	0.00281598053130186	CPC013_A549_6H:BRD-K14791739-001-01-9:10	-0.0523809523809524	1.6842830831820699	BRD-K14791739	fluticasone	NR3C1	Glucocorticoid receptor agonist	CCC(=O)O[C@]1([C@H](C)C[C@@H]2[C@H]3C[C@H](F)C4=CC(=O)C=C[C@@]4(C)[C@]3(F)[C@@H](O)C[C@@]12C)C(=O)SCF	WMWTYOKRWGGJOA-GFDKJMNNSA-N		True
gse111972_ms_wm_full_top150	opposite	15	6a15f47aa244fe002d77fe23	0.879621510318152	-4.628704135749876	0.00205551246703347	CPC014_VCAP_24H:BRD-K38775274-001-13-0:10	-0.0523809523809524	1.722577792317763	BRD-K38775274	dexamethasone	NR3C1	Glucocorticoid receptor agonist	C[C@@H]1C[C@H]2[C@@H]3CCC4=CC(=O)C=C[C@]4(C)[C@@]3(F)[C@@H](O)C[C@]2(C)[C@@]1(O)C(=O)CO	UREBDLICKHMUKA-CXSFZGCWSA-N		True
gse111972_ms_wm_full_top150	opposite	16	6a15f47aa244fe002d77fe23	0.843182058232008	-5.206287510626712	0.00157570988947559	CPC002_HCC515_6H:BRD-K60230970-001-04-3:10	-0.0523809523809524	1.8577139731949084	BRD-K60230970	MG-132	PSMB1	Proteasome inhibitor	CC(C)C[C@H](NC(=O)[C@H](CC(C)C)NC(=O)[C@H](CC(C)C)NC(=O)OCc1ccccc1)C=O	TZYWCYJVHRLUCT-VABKMULXSA-N		True
gse111972_ms_wm_full_top150	opposite	17	6a15f47aa244fe002d77fe23	1.0	-3.4813378860617656	0.00814882602413406	CPC013_MCF7_24H:BRD-K56287385-001-01-4:10	-0.0476190476190476	1.6665851067379793	BRD-K56287385	ST-001903			COC(=O)CCc1[nH]c2ccccc2c1Sc3ccccc3	LZSQQWLNWAMWTO-UHFFFAOYSA-N		True
gse111972_ms_wm_full_top150	opposite	18	6a15f47aa244fe002d77fe23	1.0	-3.875496799881182	0.00483000144187052	CPD001_PC3_24H:BRD-K88429204-001-25-2:10	-0.0476190476190476	1.6733197537412179	BRD-K88429204	pyrimethamine			CCc1nc(N)nc(N)c1-c1ccc(Cl)cc1	WKSAUQYGYAYLPV-UHFFFAOYSA-N		True
gse111972_ms_wm_full_top150	opposite	19	6a15f47aa244fe002d77fe23	1.0	-3.4968232951472435	0.0071163296933385	CVD001_HUH7_6H:BRD-K81142122-001-14-1:2.5	-0.0476190476190476	1.628137894192629	BRD-K81142122	STK-249718			Cn1nc(nc2c(=O)n(C)c(=O)nc12)c3ccccn3	HDXJYJIPXWVRSM-UHFFFAOYSA-N		True
gse111972_ms_wm_full_top150	opposite	20	6a15f47aa244fe002d77fe23	1.0	-3.8094366876773122	0.00721475662036797	CPC006_MCF7_24H:BRD-A41451487-001-06-2:160	-0.0476190476190476	1.7786325791270698	BRD-A41451487	PK-11195	TSPO	Benzodiazepine receptor antagonist	CCC(C)N(C)C(=O)c1cc2ccccc2c(n1)-c1ccccc1Cl	RAVIZVQZGXBOQO-UHFFFAOYSA-N		True
gse111972_ms_wm_full_top150	opposite	21	6a15f47aa244fe002d77fe23	1.0	-4.049253381662196	0.0047581059101094	CPC011_PC3_24H:BRD-K32398298-001-02-2:10	-0.0476190476190476	1.74343961128818	BRD-K32398298	alprazolam	GABRA1	Benzodiazepine receptor agonist	Cc1nnc2CN=C(c3ccccc3)c3cc(Cl)ccc3-n12	VREFGVBLTWBCJP-UHFFFAOYSA-N		True
gse111972_ms_wm_full_top150	opposite	22	6a15f47aa244fe002d77fe23	1.0	-3.6878730755483815	0.00751637916677359	CPC008_A549_6H:BRD-K05979026-019-01-5:10	-0.0476190476190476	1.736293854436926	BRD-K05979026	BRD-K05979026			O=C(NCCc1nc2ccccc2n1CC=Cc1ccccc1)C1CCCCC1	VBWSRXWCSKGVFF-FMIVXFBMSA-N		True
gse111972_ms_wm_full_top150	opposite	23	6a15f47aa244fe002d77fe23	1.0	-4.250938051917775	0.00377732776506992	CPC013_MCF7_6H:BRD-K83643280-001-01-1:10	-0.0476190476190476	1.75454480616087	BRD-K83643280	BG-FA-0953			Cc1cccc2nc([nH]c12)/C(=C/c3ccc(o3)[N+](=O)[O-])/C#N	MQFZWJTXPQRJEY-JXMROGBWSA-N		True
gse111972_ms_wm_full_top150	opposite	24	6a15f47aa244fe002d77fe23	1.0	-3.947999512621361	0.00490274929333004	CPC013_HEPG2_6H:BRD-K72381041-001-01-1:10	-0.0476190476190476	1.7094160686250255	BRD-K72381041	BRD-K72381041			C[C@@H](CO)N1C[C@@H](C)[C@H](CN(C)C(=O)CCC(F)(F)F)OCCCC[C@H](C)Oc2ccc(NC(=O)CCC(F)(F)F)cc2C1=O	VVKQUOIOXTWGEY-VWEIPLKFSA-N		True
gse111972_ms_wm_full_top150	opposite	25	6a15f47aa244fe002d77fe23	0.909831846556634	-4.887911434391583	0.00233786127032236	CPC006_HCC15_6H:BRD-A77216878-001-01-4:10	-0.0476190476190476	1.8576870784082269	BRD-A77216878	manumycin-a	FNTA	NFKB pathway inhibitor	CCCC[C@@H](C)C=C(C)C=C(/C)C(=O)NC1=C[C@@](O)(C=CC=CC=CC(=O)NC2C(=O)CCC2=O)[C@@H]2OC2C1=O	XIZGHTZLVCHYJN-YCWSEAROSA-N		True
gse111972_ms_wm_full_top150	opposite	26	6a15f47aa244fe002d77fe23	1.0	-3.5997912158887857	0.0082581056452355	CPC009_A549_6H:BRD-A35108200-001-11-2:10	-0.0476190476190476	1.7280770991012793	BRD-A35108200	dexamethasone	NR3C1	Glucocorticoid receptor agonist	CC1CC2C3CCC4=CC(=O)C=CC4(C)C3(F)C(O)CC2(C)C1(O)C(=O)CO	UREBDLICKHMUKA-UHFFFAOYSA-N		True
gse111972_ms_wm_full_top150	opposite	27	6a15f47aa244fe002d77fe23	1.0	-3.4951130708215055	0.00701894748697519	CPC019_HCC515_6H:BRD-A14985772-001-02-5:10	-0.0476190476190476	1.6228200867475195	BRD-A14985772	L-ascorbyl-6-palmitate			CCCCCCCCCCCCCCCC(=O)OCC(O)[C@H]1OC(=O)C(=O)C1O	CYJPUZLKFAUFHF-CNBHCMJISA-N		True
gse111972_ms_wm_full_top150	opposite	28	6a15f47aa244fe002d77fe23	1.0	-3.6063887853555086	0.00941406728644528	CPC004_VCAP_24H:BRD-A18917088-001-03-1:10	-0.0476190476190476	1.7798580491310745	BRD-A18917088	estradiol	ESR1	Estrogen receptor agonist	C[C@]12CCC3C(CCc4cc(O)ccc34)C1CC[C@@H]2O	VOXZDWNPVJITMN-PAOLREHBSA-N		True
gse111972_ms_wm_full_top150	opposite	29	6a15f47aa244fe002d77fe23	1.0	-4.369332872125633	0.00421280469820952	CPC005_HA1E_24H:BRD-K18518344-001-03-5:10	-0.0476190476190476	1.8393871052107775	BRD-K18518344	digitoxigenin			C[C@]12CC[C@H]3[C@@H](CC[C@@H]4C[C@@H](O)CC[C@]34C)[C@@]1(O)CC[C@@H]2C1=CC(=O)OC1	XZTUSOXSLKTKJQ-CESUGQOBSA-N		True
gse111972_ms_wm_full_top150	opposite	30	6a15f47aa244fe002d77fe23	1.0	-3.937800259901174	0.00434424795635298	CVD001_HEPG2_6H:BRD-K81142122-001-14-1:2.5	-0.0476190476190476	1.6670863250948433	BRD-K81142122	STK-249718			Cn1nc(nc2c(=O)n(C)c(=O)nc12)c3ccccn3	HDXJYJIPXWVRSM-UHFFFAOYSA-N		True
gse111972_ms_wm_full_top150	opposite	31	6a15f47aa244fe002d77fe23	1.0	-3.9310511829178347	0.00601460926989183	CPC008_HT29_6H:BRD-K32636001-001-01-5:10	-0.0476190476190476	1.7701118137194551	BRD-K32636001	BRD-K32636001			COC(=O)c1cnn(c1C=NN=C(S)Nc1ccccc1)-c1ccc(Cl)cc1	IOTJXEMRQZVVKK-UHFFFAOYSA-N		True
gse111972_ms_wm_full_top150	opposite	32	6a15f47aa244fe002d77fe23	1.0	-3.905339840221639	0.00592919621267104	CPC011_VCAP_24H:BRD-A56359832-001-08-7:10	-0.0476190476190476	1.753629328461321	BRD-A56359832	zileuton	ALOX5	Leukotriene inhibitor	CC(N(O)C(N)=O)c1cc2ccccc2s1	MWLSOWXNZPKENC-UHFFFAOYSA-N		True
gse111972_ms_wm_full_top150	opposite	33	6a15f47aa244fe002d77fe23	1.0	-3.781254946402984	0.00551624714424794	CPC017_A549_24H:BRD-A93424738-001-03-0:10	-0.0476190476190476	1.674339417814243	BRD-A93424738	dexamethasone-acetate	NR3C1	Corticosteroid agonist	C[C@@H]1CC2C3CCC4=CC(=O)C=C[C@]4(C)[C@@]3(F)[C@@H](O)C[C@]2(C)[C@@]1(O)C(=O)COC(C)=O	AKUJBENLRBOFTD-HIBZCRSPSA-N		True
gse111972_ms_wm_full_top150	opposite	34	6a15f47aa244fe002d77fe23	1.0	-4.533147125528841	0.00332421367303067	CPC004_MCF7_6H:BRD-K99621550-003-03-4:10	-0.0476190476190476	1.8291275793122073	BRD-K99621550	tubocurarine	CHRNA2	Acetylcholine receptor antagonist	COc1cc2CCN(C)[C@H]3Cc4ccc(Oc5c(O)c(OC)cc6CC[N+](C)(C)[C@H](Cc7ccc(O)c(Oc1cc23)c7)c56)cc4	JFJZZMVDLULRGK-URLMMPGGSA-O		True
gse111972_ms_wm_full_top150	opposite	35	6a15f47aa244fe002d77fe23	1.0	-3.9236103868357723	0.00468705582466018	CPC014_VCAP_24H:BRD-A97833537-001-06-4:10	-0.0476190476190476	1.6846037522553294	BRD-A97833537	EMF-sumo1-1			Fc1ccccc1C(=O)N2CC(=O)Nc3ccc(Cl)cc3C2c4ccccc4	JVDNHGVLKRELPZ-UHFFFAOYSA-N		True
gse111972_ms_wm_full_top150	opposite	36	6a15f47aa244fe002d77fe23	1.0	-4.040051692686092	0.00447890981564712	CPC013_PC3_6H:BRD-K80346834-001-01-5:10	-0.0476190476190476	1.7200289844243355	BRD-K80346834	BRD-K80346834			Cc1ccc2nc([nH]c2c1)/C(=C/c3ccc(o3)[N+](=O)[O-])/C#N	KYFKUQZHXQMABC-JXMROGBWSA-N		True
gse111972_ms_wm_full_top150	opposite	37	6a15f47aa244fe002d77fe23	0.981075911167448	-4.573627760568319	0.00277301934759656	CPC009_PC3_6H:BRD-K80962769-019-01-0:10	-0.0476190476190476	1.7886364940361952	BRD-K80962769	BRD-K80962769			CC(C)N1CCc2c(C1)scc2-c1nc2ccccc2s1	GKCFPCSHMYQKJY-UHFFFAOYSA-N		True
gse111972_ms_wm_full_top150	opposite	38	6a15f47aa244fe002d77fe23	1.0	-3.625938528279733	0.00645618407576717	CPC015_ASC_24H:BRD-A95513702-001-03-0:10	-0.0476190476190476	1.655661476690007	BRD-A95513702	BRD-A95513702			C[C@@]12CCC3C(CCC4=CC(=O)C=C[C@]34C)C2CCC1=O	LUJVUUWNAPIQQI-WFZCBACDSA-N	androsta-1,4-dien-3,17-dione	True
gse111972_ms_wm_full_top150	opposite	39	6a15f47aa244fe002d77fe23	1.0	-3.210923676905257	0.0134142395837979	CPC012_MCF7_24H:BRD-K48935217-001-01-3:10	-0.0428571428571429	1.714839496427289	BRD-K48935217	epothilone	TUBB	Microtubule inhibitor	C[C@H]1CCC[C@@]2(C)O[C@H]2C[C@H](OC(=O)C[C@H](O)C(C)(C)C(=O)[C@H](C)[C@H]1O)C(C)=Cc1csc(C)n1	QXRSDHAAWVKZLJ-PVYNADRNSA-N		True
gse111972_ms_wm_full_top150	opposite	40	6a15f47aa244fe002d77fe23	1.0	-3.290981219039527	0.0152406828037866	CPC001_PC3_6H:BRD-A09828896-004-04-5:10	-0.0428571428571429	1.81122137186188	BRD-A09828896	SKF-81297	DRD1	Dopamine receptor agonist	Oc1cc2C(CNCCc2c(Cl)c1O)c1ccccc1	GHWJEDJMOVUXEC-UHFFFAOYSA-N		True
gse111972_ms_wm_full_top150	opposite	41	6a15f47aa244fe002d77fe23	1.0	-3.2650780920492837	0.0122362149124085	CPC013_SKB_24H:BRD-K37340241-001-01-9:10	-0.0428571428571429	1.7073616932883073	BRD-K37340241	BRD-K37340241			CC(C)C[C@@H]1NC(=O)[C@H]2C[C@H]([C@H](N2C1=O)c3ccc(O)cc3)C(=O)NCCCCCNC(=O)CS	WIQGOFAGXARMCY-XAPVIXHLSA-N		True
gse111972_ms_wm_full_top150	opposite	42	6a15f47aa244fe002d77fe23	1.0	-3.2389080756887827	0.0144893543334151	CPC007_A375_24H:BRD-A09719808-001-02-3:10	-0.0428571428571429	1.761280280990912	BRD-A09719808	BRD-A09719808			CCC(OC(=O)c1ccc(c(c1)[N+]([O-])=O)S(C)(=O)=O)C(=O)NC1C2CC3CC(C2)CC1C3	OKEYLXGAJZVHLC-UHFFFAOYSA-N		True
gse111972_ms_wm_full_top150	opposite	43	6a15f47aa244fe002d77fe23	1.0	-2.9961115236899127	0.0164210329951438	CPC014_VCAP_24H:BRD-K85402309-001-01-7:10	-0.0428571428571429	1.6788705138546542	BRD-K85402309	dovitinib	EGFR	EGFR inhibitor	CN1CCN(CC1)c1ccc2nc([nH]c2c1)-c1c(N)c2c(F)cccc2[nH]c1=O	BAWMTQUBRCAWFL-ZZEZOPTASA-N		True
gse111972_ms_wm_full_top150	opposite	44	6a15f47aa244fe002d77fe23	1.0	-3.309945952257819	0.0114433697006004	CPC015_MCF7_24H:BRD-K14920963-304-01-9:10	-0.0428571428571429	1.704886888973063	BRD-K14920963	erythrosine			OC(=O)c1ccccc1-c1c2cc(I)c(O)c(I)c2oc2c(I)c(=O)c(I)cc12	LAINPTZBIXYTIZ-UHFFFAOYSA-N		True
gse111972_ms_wm_full_top150	opposite	45	6a15f47aa244fe002d77fe23	1.0	-3.014990717673959	0.0166241008036447	CPC014_A549_6H:BRD-K49865102-001-02-7:10	-0.0428571428571429	1.6945177241967906	BRD-K49865102	PD-0325901	MAP2K1	MEK inhibitor	OC[C@@H](O)CONC(=O)c1ccc(F)c(F)c1Nc1ccc(I)cc1F	SUDAHWBOROXANE-SECBINFHSA-N		True
gse111972_ms_wm_full_top150	opposite	46	6a15f47aa244fe002d77fe23	1.0	-3.0751501954316662	0.0183155176923086	CPC006_A549_24H:BRD-A41451487-001-06-2:160	-0.0428571428571429	1.7701958212790114	BRD-A41451487	PK-11195	TSPO	Benzodiazepine receptor antagonist	CCC(C)N(C)C(=O)c1cc2ccccc2c(n1)-c1ccccc1Cl	RAVIZVQZGXBOQO-UHFFFAOYSA-N		True
gse111972_ms_wm_full_top150	opposite	47	6a15f47aa244fe002d77fe23	1.0	-3.0628548886898597	0.0152406828037866	CPC014_A549_6H:BRD-K36529613-001-01-8:10	-0.0428571428571429	1.6856699762406284	BRD-K36529613	PU-H71	HSP90AA1	HSP inhibitor	CC(C)NCCCn1c(Sc2cc3OCOc3cc2I)nc2c(N)ncnc12	SUPVGFZUWFMATN-UHFFFAOYSA-N		True
gse111972_ms_wm_full_top150	opposite	48	6a15f47aa244fe002d77fe23	1.0	-3.4275800135047367	0.011914301584936	CPC006_HEPG2_6H:BRD-K41859756-001-01-9:10	-0.0428571428571429	1.7815500044051291	BRD-K41859756	NVP-AUY922	HSP90AA1	HSP inhibitor	CCNC(=O)c1noc(c1-c1ccc(CN2CCOCC2)cc1)-c1cc(C(C)C)c(O)cc1O	NDAZATDQFDPQBD-UHFFFAOYSA-N		True
gse111972_ms_wm_full_top150	opposite	49	6a15f47aa244fe002d77fe23	1.0	-3.666290806857565	0.00903354895164199	CPC010_PC3_6H:BRD-K06765193-001-08-7:10	-0.0428571428571429	1.7935600992409966	BRD-K06765193	BRD-K06765193			[O-][N+](=O)c1ccc(/C=C(C#N)/c2nc3ccccc3[nH]2)o1	LISLUXJODLGWGJ-VQHVLOKHSA-N		True
gse111972_ms_wm_full_top150	opposite	50	6a15f47aa244fe002d77fe23	1.0	-3.20450167134544	0.0156269449570111	CPC006_HA1E_24H:BRD-K54256913-001-01-2:10	-0.0428571428571429	1.774240455872524	BRD-K54256913	MK-1775	WEE1	WEE1 kinase inhibitor	CN1CCN(CC1)c1ccc(Nc2ncc3c(n2)n(-c2cccc(n2)C(C)(C)O)n(CC=C)c3=O)cc1	BKWJAKQVGHWELA-UHFFFAOYSA-N		True
gse111972_ms_wm_full_top150	similar	1	6a15f47aa244fe002d77fe23	0.566910809286373	8.400608335637836	2.80958046211066e-05	MUC.CP002_NKDBA_24H:BRD-K35424586-001-01-6:3.3333	0.0666666666666667	-1.845736451635581	BRD-K35424586	SA-247714			C[C@@H](CO)N1C[C@H](C)[C@H](CN(C)Cc2ccc(cc2)C(=O)Nc3ccccc3N)Oc4ccc(cc4CC1=O)N(C)C	ZBLCOVKAEUNWGN-BVXAZASISA-N		True
gse111972_ms_wm_full_top150	similar	2	6a15f47aa244fe002d77fe23	0.574328877611345	7.051693348704618	9.82437059826143e-05	CPC014_SKB_24H:BRD-K39944607-001-03-0:10	0.0619047619047619	-1.759538309536324	BRD-K39944607	ochratoxin-a			C[C@@H]1Cc2c(Cl)cc(C(=O)N[C@@H](Cc3ccccc3)C(=O)O)c(O)c2C(=O)O1	RWQKHEORZBHNRI-BMIGLBTASA-N		True
gse111972_ms_wm_full_top150	similar	3	6a15f47aa244fe002d77fe23	0.574328877611345	7.04607757694848	0.000144530306159475	KMS002_THP1_24H:BRD-K51556300-001-01-9:10.15	0.0619047619047619	-1.834896407360257	BRD-K51556300	BRD-K51556300			C[C@@H](CO)N1C[C@@H](C)[C@@H](CN(C)Cc2ccc(cc2)c3ccccc3)Oc4ccc(NC(=O)CCCCCC(=O)Nc5ccccc5N)cc4CC1=O	VYCOOHAMPRTWAW-UTLSLIQUSA-N		True
gse111972_ms_wm_full_top150	similar	4	6a15f47aa244fe002d77fe23	0.574328877611345	7.206198588638027	0.000111988521491756	HOG001_MCF7_24H:BRD-K06854232-001-03-3:0.3704	0.0619047619047619	-1.82397242923277	BRD-K06854232	AM-580	RARA	Retinoid receptor agonist	CC1(C)CCC(C)(C)c2cc(ccc12)C(=O)Nc1ccc(cc1)C(O)=O	SZWKGOZKRMMLAJ-UHFFFAOYSA-N		True
gse111972_ms_wm_full_top150	similar	5	6a15f47aa244fe002d77fe23	0.596745389998244	6.781154680293563	0.000181216334648723	KMS002_NOMO1_24H:BRD-K49010888-001-01-2:1.12	0.0619047619047619	-1.8122694594023043	BRD-K49010888	BRD-K49010888			C[C@H](CO)N1C[C@H](C)[C@H](CN(C)Cc2ccc(cc2)c3ccccc3)Oc4ccc(NC(=O)CCCCCC(=O)Nc5ccccc5N)cc4CC1=O	VYCOOHAMPRTWAW-YHPNNPEYSA-N		True
gse111972_ms_wm_full_top150	similar	6	6a15f47aa244fe002d77fe23	0.724541390722911	6.507365729124079	0.000260813673259113	CPC018_MCF7_6H:BRD-K20742498-001-01-5:10	0.0571428571428571	-1.8158386165706075	BRD-K20742498	RS-39604	HTR4	Serotonin receptor antagonist	COc1cc(COc2cc(N)c(Cl)cc2C(=O)CCC2CCN(CCNS(C)(=O)=O)CC2)cc(OC)c1	BKVIWGRFRKLFIO-UHFFFAOYSA-N		True
gse111972_ms_wm_full_top150	similar	7	6a15f47aa244fe002d77fe23	0.724541390722911	6.278584808262387	0.000313981445230653	CPC019_A549_24H:BRD-K11224669-001-01-8:10	0.0571428571428571	-1.792295951881894	BRD-K11224669	BRD-K11224669			C[C@@H](CO)N1C[C@H](C)[C@@H](CN(C)Cc2ccc(cc2)C(F)(F)F)Oc3ccc(NC(=O)Nc4ccccc4)cc3C1=O	RUOZLMFIBHXSJW-YHGPEZAFSA-N		True
gse111972_ms_wm_full_top150	similar	8	6a15f47aa244fe002d77fe23	0.725920334860576	5.938143836310133	0.00047480131224967	CPD001_MCF7_24H:BRD-A06352418-001-20-0:10	0.0571428571428571	-1.7867203602192987	BRD-A06352418	terfenadine	HRH1	Histamine receptor antagonist	CC(C)(C)c1ccc(cc1)C(O)CCCN1CCC(CC1)C(O)(c1ccccc1)c1ccccc1	GUGOEEXESWIERI-UHFFFAOYSA-N		True
gse111972_ms_wm_full_top150	similar	9	6a15f47aa244fe002d77fe23	0.72806517791905	5.737467846755159	0.000493211477952123	CPC013_A375_6H:BRD-K45044657-001-01-4:10	0.0571428571428571	-1.7349638354946202	BRD-K45044657	TC-H-106			Cc1ccc(NC(=O)CCCCCC(=O)Nc2ccccc2N)cc1	WTKBRPXPNAKVEQ-UHFFFAOYSA-N		True
gse111972_ms_wm_full_top150	similar	10	6a15f47aa244fe002d77fe23	0.729647858231497	5.922018677378541	0.000521953446277296	HOG001_A549_6H:BRD-A85860691-001-02-2:3.33	0.0571428571428571	-1.8041908345987223	BRD-A85860691	chaetocin	SUV39H1	Histone lysine methyltransferase inhibitor	CN1C(=O)C23CC4(C(Nc5ccccc54)N3C(=O)C1(CO)SS2)C67CC8(SSC9(CO)N(C)C8=O)N(C7Nc%10ccccc%106)C9=O	PZPPOCZWRGNKIR-UHFFFAOYSA-N		True
gse111972_ms_wm_full_top150	similar	11	6a15f47aa244fe002d77fe23	0.724541390722911	5.85989137375955	0.000448275039774057	CPC015_MCF7_24H:BRD-A10977446-001-05-5:10	0.0571428571428571	-1.7500281771220814	BRD-A10977446	carvedilol	ADRA1D	Adrenergic receptor antagonist	COc1ccccc1OCCNCC(O)COc1cccc2[nH]c3ccccc3c12	OGHNVEJMJSYVRP-UHFFFAOYSA-N		True
gse111972_ms_wm_full_top150	similar	12	6a15f47aa244fe002d77fe23	0.724541390722911	5.995640889044546	0.000423011354782513	CPC015_A549_24H:BRD-K70914287-300-01-0:10	0.0571428571428571	-1.7771981350163273	BRD-K70914287	BIBX-1382	EGFR	EGFR inhibitor	CN1CCC(CC1)Nc1ncc2ncnc(Nc3ccc(F)c(Cl)c3)c2n1	FTFRZXFNZVCRSK-UHFFFAOYSA-N		True
gse111972_ms_wm_full_top150	similar	13	6a15f47aa244fe002d77fe23	0.974258977809028	4.126239171209123	0.00268928355154315	CPC006_A375_24H:BRD-K67868012-003-01-5:11.1	0.0523809523809524	-1.605313538209719	BRD-K67868012	PI-103	MTOR	MTOR inhibitor	Oc1cccc(c1)-c1nc(N2CCOCC2)c2oc3ncccc3c2n1	TUVCWJQQGGETHL-UHFFFAOYSA-N		True
gse111972_ms_wm_full_top150	similar	14	6a15f47aa244fe002d77fe23	0.805603902146875	5.217588925513418	0.00114979712251777	CPC015_ASC_24H:BRD-K31912990-003-01-0:10	0.0523809523809524	-1.775065179241662	BRD-K31912990	CGP-71683	NPY5R	Neuropeptide receptor antagonist	Nc1nc(NCC2CCC(CNS(=O)(=O)c3cccc4ccccc34)CC2)nc5ccccc15	UULIGRNKXHCLQN-UHFFFAOYSA-N		True
gse111972_ms_wm_full_top150	similar	15	6a15f47aa244fe002d77fe23	0.805603902146875	4.980284421390785	0.0010310021320039	CPC006_A375_24H:BRD-K92991072-001-02-3:10	0.0523809523809524	-1.6674647586694908	BRD-K92991072	PAC-1	CASP3	Caspase activator	Oc1c(CC=C)cccc1C=NNC(=O)CN1CCN(Cc2ccccc2)CC1	YQNRVGJCPCNMKT-LFVJCYFKSA-N		True
gse111972_ms_wm_full_top150	similar	16	6a15f47aa244fe002d77fe23	0.805603902146875	5.518274520741118	0.000939930174063709	ERG005_VCAP_6H:BRD-K71879491-001-17-6:5	0.0523809523809524	-1.8230752532812668	BRD-K71879491	tretinoin	RARA	Retinoid receptor ligand	CC(/C=C/C1=C(C)CCCC1(C)C)=CC=CC(C)=CC(O)=O	SHGAZHPCJJPHSC-YCNIQYBTSA-N		True
gse111972_ms_wm_full_top150	similar	17	6a15f47aa244fe002d77fe23	0.844712216679552	4.91575145774423	0.00183275264048566	ERG011_VCAP_24H:BRD-M86331534-373-03-1:0.4	0.0523809523809524	-1.7961044903752301	BRD-M86331534	pyrvinium-pamoate	AR	Akt inhibitor	CN(C)c1ccc2[n+](C)c(CCc3cc(C)n(c3C)-c3ccccc3)ccc2c1	JSZNAPGSRFTCQR-UHFFFAOYSA-N		True
gse111972_ms_wm_full_top150	similar	18	6a15f47aa244fe002d77fe23	0.89128481090368	4.375023498419108	0.00222774357650713	CPC006_RMGI_6H:BRD-K64890080-001-03-9:10	0.0523809523809524	-1.6496233519403756	BRD-K64890080	BI-2536	PLK1	PLK inhibitor	CC[C@H]1N(C2CCCC2)c2nc(Nc3ccc(cc3OC)C(=O)NC3CCN(C)CC3)ncc2N(C)C1=O	XQVVPGYIWAGRNI-JOCHJYFZSA-N		True
gse111972_ms_wm_full_top150	similar	19	6a15f47aa244fe002d77fe23	0.897228209318971	4.53453482345913	0.00226355781743206	CPC014_HT29_6H:BRD-K83972459-001-01-9:10	0.0523809523809524	-1.714244824645378	BRD-K83972459	JWE-035	AURKA	Aurora kinase inhibitor	CCN1CCN(Cc2ccc(Nc3ncc4N(C)C(=O)c5ccccc5N(C)c4n3)cc2C(F)(F)F)CC1	PXGLIUGVLBRUBV-UHFFFAOYSA-N		True
gse111972_ms_wm_full_top150	similar	20	6a15f47aa244fe002d77fe23	0.843182058232008	4.914431985234604	0.00154907333038117	CPC016_NPC_24H:BRD-K72783841-001-01-0:10	0.0523809523809524	-1.7489529784983462	BRD-K72783841	BRD-K72783841			Oc1ccc(C=C(C#N)C(=O)NCCCc2ccccc2)cc1O	GSQOBTOAOGXIFL-UHFFFAOYSA-N	tyrphostin-AG-555	True
gse111972_ms_wm_full_top150	similar	21	6a15f47aa244fe002d77fe23	0.843182058232008	5.0342261054233175	0.00149690699039281	CPC015_A549_24H:BRD-K95435023-001-01-0:10	0.0523809523809524	-1.7821498398642106	BRD-K95435023	PHA-665752	MET	C-Met inhibitor	Cc1[nH]c(C=C2/C(=O)Nc3ccc(cc23)S(=O)(=O)Cc2c(Cl)cccc2Cl)c(C)c1C(=O)N1CCC[C@@H]1CN1CCCC1	OYONTEXKYJZFHA-SSHUPFPWSA-N		True
gse111972_ms_wm_full_top150	similar	22	6a15f47aa244fe002d77fe23	0.957544717596969	4.436252361112178	0.00252756553735096	CPC014_MCF7_6H:BRD-K83972459-001-01-9:10	0.0523809523809524	-1.7080262208833368	BRD-K83972459	JWE-035	AURKA	Aurora kinase inhibitor	CCN1CCN(Cc2ccc(Nc3ncc4N(C)C(=O)c5ccccc5N(C)c4n3)cc2C(F)(F)F)CC1	PXGLIUGVLBRUBV-UHFFFAOYSA-N		True
gse111972_ms_wm_full_top150	similar	23	6a15f47aa244fe002d77fe23	0.999191534947556	4.336311666491789	0.0029474551575117	CPC014_PC3_24H:BRD-A77467113-001-01-8:10	0.0523809523809524	-1.7135827703683322	BRD-A77467113	EMF-sumo1-11			Fc1ccc(cc1)C(=O)C(CN2CCOCC2)c3ccccc3	HKPDBQHHTHILOX-UHFFFAOYSA-N		True
gse111972_ms_wm_full_top150	similar	24	6a15f47aa244fe002d77fe23	0.843182058232008	5.089664553735658	0.00144619054942126	CPC020_VCAP_24H:BRD-K85660637-001-02-1:10	0.0523809523809524	-1.7922777277223543	BRD-K85660637	BRD-K85660637			[O-][N+](=O)c1ccc(/C=N/NC(=O)CNc2cccc3ccccc23)o1	ZEUTZRYWGMGMEG-VXLYETTFSA-N		True
gse111972_ms_wm_full_top150	similar	25	6a15f47aa244fe002d77fe23	0.844712216679552	4.888217033394365	0.0018633106582751	CVD001_HEPG2_6H:BRD-K37392901-003-01-7:2.5	0.0523809523809524	-1.7907428114715216	BRD-K37392901	NSC-632839	SENP2	Ubiquitin specific protease inhibitor	Cc1ccc(C=C2CNCC(=Cc3ccc(C)cc3)C2=O)cc1	PKCYYPHSCUSQDK-UHFFFAOYSA-N		True
gse111972_ms_wm_full_top150	similar	26	6a15f47aa244fe002d77fe23	0.805603902146875	4.740742273491802	0.00127966234544109	CPC004_HA1E_6H:BRD-K50311478-001-01-6:10	0.0523809523809524	-1.6387482181414608	BRD-K50311478	BRD-K50311478			Cc1ccc(cc1)S(=O)(=O)N[C@H](Cc2ccccc2)C(=O)CCl	MQUQNUAYKLCRME-MRXNPFEDSA-N	tosyl-phenylalanyl-chloromethyl-ketone	True
gse111972_ms_wm_full_top150	similar	27	6a15f47aa244fe002d77fe23	0.903245693418906	4.730176609338638	0.00229983836535917	PCLB002_PC3_24H:BRD-K84937637:0.04	0.0523809523809524	-1.7928862504399536	BRD-K84937637	sirolimus	FKBP1A	MTOR inhibitor	CO[C@@H]1C[C@H](C[C@@H](C)[C@@H]2CC(=O)[C@H](C)C=C(C)[C@@H](O)[C@@H](OC)C(=O)[C@H](C)C[C@H](C)C=CC=CC=C(C)[C@H](C[C@@H]3CC[C@@H](C)[C@@](O)(O3)C(=O)C(=O)N3CCCC[C@H]3C(=O)O2)OC)CC[C@H]1O	QFJCIRLUMZQUOT-HPLJOQBZSA-N		True
gse111972_ms_wm_full_top150	similar	28	6a15f47aa244fe002d77fe23	0.74950198399974	5.925227149958647	0.000665305785979353	CPD003_MCF7_24H:BRD-A49172652-001-21-4:10	0.0523809523809524	-1.865050952562607	BRD-A49172652	lansoprazole	ATP4A	ATPase inhibitor	Cc1c(OCC(F)(F)F)ccnc1CS(=O)c1nc2ccccc2[nH]1	MJIHNNLFOKEZEW-UHFFFAOYSA-N		True
gse111972_ms_wm_full_top150	similar	29	6a15f47aa244fe002d77fe23	0.805603902146875	4.929872796050821	0.0011090058084898	CPC006_H1299_6H:BRD-A13122391-001-01-9:0.08	0.0523809523809524	-1.6682783048149763	BRD-A13122391	triptolide			CC(C)[C@@]12O[C@H]2[C@@H]3O[C@]34[C@]5(O[C@H]5CC6C7=C(CC[C@@]64C)C(=O)OC7)[C@@H]1O	DFBIRQPKNDILPW-KTGKZQHOSA-N		True
gse111972_ms_wm_full_top150	similar	30	6a15f47aa244fe002d77fe23	0.805603902146875	5.237167325269208	0.000839539727694868	CPC006_HT29_6H:BRD-K09499853-305-01-1:10	0.0523809523809524	-1.7026129914408594	BRD-K09499853	KU-0060648	PIK3CA	PI3K inhibitor	CCN1CCN(CC(=O)Nc2ccc(-c3cccc4c3oc(cc4=O)N3CCOCC3)c3sc4ccccc4c23)CC1	AATCBLYHOUOCTO-UHFFFAOYSA-N		True
gse111972_ms_wm_full_top150	similar	31	6a15f47aa244fe002d77fe23	1.0	4.065356034704131	0.00408452633970802	CPC008_HEPG2_6H:BRD-K18711687-019-01-7:10	0.0476190476190476	-1.7017987364261529	BRD-K18711687	BRD-K18711687			Oc1ccc(CNc2ccccc2Cl)c2cccnc12	SIQPSBPDNFPNKG-UHFFFAOYSA-N		True
gse111972_ms_wm_full_top150	similar	32	6a15f47aa244fe002d77fe23	1.0	4.338863292436787	0.0032179982513222	CPC013_SKB_24H:BRD-K64881305-001-01-1:10	0.0476190476190476	-1.7408275474402088	BRD-K64881305	ispinesib	KIF11	Kinesin inhibitor	CC(C)[C@@H](N(CCCN)C(=O)c1ccc(C)cc1)c1nc2cc(Cl)ccc2c(=O)n1Cc1ccccc1	QJZRFPJCWMNVAV-HHHXNRCGSA-N		True
gse111972_ms_wm_full_top150	similar	33	6a15f47aa244fe002d77fe23	1.0	4.102439888775034	0.00421280469820952	CPC012_MCF7_24H:BRD-K03736784-001-01-1:10	0.0476190476190476	-1.7270313917840963	BRD-K03736784	BRD-K03736784						True
gse111972_ms_wm_full_top150	similar	34	6a15f47aa244fe002d77fe23	1.0	4.462371609703266	0.0032179982513222	CPC019_HT29_6H:BRD-K45253154-001-04-3:10	0.0476190476190476	-1.7903812361702174	BRD-K45253154	SD-6-035-A7			C[C@H](CO)N1C[C@@H](C)[C@H](CN(C)Cc2ccc3OCOc3c2)OCCCC[C@@H](C)Oc4ccc(cc4C1=O)N(C)C	WIYHORLWMFSPCL-QJWQVSSASA-N		True
gse111972_ms_wm_full_top150	similar	35	6a15f47aa244fe002d77fe23	1.0	3.6510287895050038	0.00601460926989183	CPC007_A549_24H:BRD-K95196255-001-09-0:10	0.0476190476190476	-1.6440206173392198	BRD-K95196255	BRD-K95196255			CN1CCN(Cc2cc(COCc3ccccc3)c4cccnc4c2O)CC1	VYDKIYBONPPDRB-UHFFFAOYSA-N		True
gse111972_ms_wm_full_top150	similar	36	6a15f47aa244fe002d77fe23	1.0	3.7090658826234333	0.00505082955600071	CPC003_HCC515_24H:BRD-K72895815-001-01-4:10	0.0476190476190476	-1.6149985476121833	BRD-K72895815	SSR-69071	ELANE	Leukocyte elastase inhibitor	COc1cc2c(C(=O)N(COc3cc(=O)n4cccc(OCCN5CCCCC5)c4n3)S2(=O)=O)c(c1)C(C)C	DRZXDZYWZSKFDL-UHFFFAOYSA-N		True
gse111972_ms_wm_full_top150	similar	37	6a15f47aa244fe002d77fe23	1.0	3.9454006755369226	0.00505082955600071	CPC013_A375_6H:BRD-K18163752-001-01-9:10	0.0476190476190476	-1.7179032571493318	BRD-K18163752	BRD-K18163752			CC(=CCN([C@H](CO)c1ccccc1)C(=O)C#Cc2ccccc2)C	PCWNDSDJZMZSNJ-OAQYLSRUSA-N		True
gse111972_ms_wm_full_top150	similar	38	6a15f47aa244fe002d77fe23	1.0	4.17333532672681	0.00434424795635298	CPC017_MCF7_24H:BRD-K09549677-300-01-8:10	0.0476190476190476	-1.7668012072801507	BRD-K09549677	mibefradil	CACNA1C	T-type calcium channel blocker	COCC(=O)O[C@]1(CCN(C)CCCc2nc3ccccc3[nH]2)CCc2cc(F)ccc2[C@@H]1C(C)C	HBNPJJILLOYFJU-VMPREFPWSA-N		True
gse111972_ms_wm_full_top150	similar	39	6a15f47aa244fe002d77fe23	0.957391608364656	4.9549117863382754	0.00250479712529705	PCLB002_A375_24H:BRD-K63828191:10	0.0476190476190476	-1.9048360411955976	BRD-K63828191	raloxifene	ESR1	Estrogen receptor antagonist	Oc1ccc(cc1)-c1sc2cc(O)ccc2c1C(=O)c1ccc(OCCN2CCCCC2)cc1	GZUITABIAKMVPG-UHFFFAOYSA-N		True
gse111972_ms_wm_full_top150	similar	40	6a15f47aa244fe002d77fe23	0.974258977809028	4.3573959149133525	0.00272678649847193	CPC006_VCAP_6H:BRD-A18763547-300-04-8:10	0.0476190476190476	-1.6992211840973057	BRD-A18763547	BRD-A18763547			OC(CN1CCNCC1)Cn1c2ccc(Br)cc2c2cc(Br)ccc12	KUUJEXLRLIPQQJ-UHFFFAOYSA-N	BAX-channel-blocker	True
gse111972_ms_wm_full_top150	similar	41	6a15f47aa244fe002d77fe23	1.0	3.8720893656851616	0.00543643086841437	CPC013_MCF7_6H:BRD-K56334280-001-01-0:10	0.0476190476190476	-1.7097686579972087	BRD-K56334280	amonafide	TOP2A	Topoisomerase inhibitor	CN(C)CCN1C(=O)c2cccc3cc(N)cc(C1=O)c23	UPALIKSFLSVKIS-UHFFFAOYSA-N		True
gse111972_ms_wm_full_top150	similar	42	6a15f47aa244fe002d77fe23	1.0	3.7767853547628443	0.00592919621267104	CPC012_HT29_6H:BRD-K72615639-001-01-0:10	0.0476190476190476	-1.695904027916669	BRD-K72615639	BRD-K72615639			Oc1ccccc1C(=O)N/N=C/c2cc(Br)cc(Br)c2O	FWCLTYYMXFHMFZ-REZTVBANSA-N		True
gse111972_ms_wm_full_top150	similar	43	6a15f47aa244fe002d77fe23	0.989912531949816	4.309255882265874	0.00286736793575597	CPC006_A673_6H:BRD-K76703230-001-01-3:0.31	0.0476190476190476	-1.6948781863225182	BRD-K76703230	YM-155	BIRC5	Survivin inhibitor	COCCn1c2c(C(=O)c3ccccc3C2=O)[n+](Cc2cnccn2)c1C	OTSOOHRUMBRSHZ-UHFFFAOYSA-N		True
gse111972_ms_wm_full_top150	similar	44	6a15f47aa244fe002d77fe23	1.0	4.3691132260887136	0.00360200075753983	CPC019_A375_6H:BRD-K33045404-001-01-1:10	0.0476190476190476	-1.7880873926725225	BRD-K33045404	BRD-K33045404			C[C@H](CO)N1C[C@H](C)[C@@H](CN(C)Cc2ccc(cc2)C(=O)Nc3ccccc3N)Oc4c(NC(=O)Nc5ccccc5)cccc4C1=O	XHCFGJIATIGRMD-JQASONJCSA-N		True
gse111972_ms_wm_full_top150	similar	45	6a15f47aa244fe002d77fe23	1.0	4.0840197287285305	0.00354501803395027	CPC006_HCC515_24H:BRD-K95606637-001-04-8:10	0.0476190476190476	-1.6666872662287868	BRD-K95606637	BRD-K95606637			CSc1nc(nc(n1)c2ccc(C)cc2)C(Cl)Cl	VRYFPFHGCPTRHR-UHFFFAOYSA-N		True
gse111972_ms_wm_full_top150	similar	46	6a15f47aa244fe002d77fe23	1.0	3.778189695609158	0.0055969784937429	CPC010_MCF7_24H:BRD-K41845021-004-02-9:10	0.0476190476190476	-1.6776695895793567	BRD-K41845021	BRD-K41845021			Cc1c(n2ccccc2[n+]1CCc1ccccc1)P(=S)(c1ccccc1)c1ccccc1	LLAPOGNBVGIRHM-UHFFFAOYSA-N		True
gse111972_ms_wm_full_top150	similar	47	6a15f47aa244fe002d77fe23	1.0	3.883176603473197	0.00618831573797975	CPC019_HA1E_6H:BRD-K17953061-001-05-1:10	0.0476190476190476	-1.7583445868992835	BRD-K17953061	staurosporine	CDK2	PKC inhibitor	CN[C@@H]1C[C@H]2O[C@@](C)([C@@H]1OC)n3c4ccccc4c5c6CNC(=O)c6c7c8ccccc8n2c7c35	HKSZLNNOFSGOKW-FYTWVXJKSA-N		True
gse111972_ms_wm_full_top150	similar	48	6a15f47aa244fe002d77fe23	1.0	3.8255222187899642	0.00654745133247319	CPC019_VCAP_24H:BRD-K55116708-001-01-6:10	0.0476190476190476	-1.7516707086799366	BRD-K55116708	BRD-K55116708			C[C@@H](CO)N1C[C@@H](C)[C@@H](CN(C)Cc2ccc(cc2)C(=O)Nc3ccccc3N)Oc4c(NC(=O)Nc5ccccc5)cccc4C1=O	XHCFGJIATIGRMD-RNDKRWLGSA-N		True
gse111972_ms_wm_full_top150	similar	49	6a15f47aa244fe002d77fe23	1.0	4.000666771978689	0.00567863198311117	CPC017_ASC_24H:BRD-K14618467-003-01-8:10	0.0476190476190476	-1.7814340830196176	BRD-K14618467	IKK-16	IKBKB	IKK inhibitor	O=C(N1CCC(CC1)N1CCCC1)c1ccc(Nc2nccc(n2)-c2cc3ccccc3s2)cc1	BWZJBXAPRCVCKQ-UHFFFAOYSA-N		True
gse111972_ms_wm_full_top150	similar	50	6a15f47aa244fe002d77fe23	1.0	4.397496064268391	0.00311450669306735	CPC012_HCC515_6H:BRD-A19248578-001-02-9:10	0.0476190476190476	-1.754359386171047	BRD-A19248578	latrunculin-b			C[C@H]1CC[C@@H]2C[C@H](C[C@@](O)(O2)C2CSC(=O)N2)OC(=O)C=C(C)/CCC=C/1	NSHPHXHGRHSMIK-IWZLBRJHSA-N		True
mif_cd74_receptor_state	opposite	1	6a15f499a244fe002d77fe24	3.08543314439944e-07	-16.845859883731617	1.96364104246716e-10	CPC014_A549_24H:BRD-U33728988-000-01-6:10	-0.857142857142857	1.7354453133075465	BRD-U33728988	QL-X-138			restricted	restricted		True
mif_cd74_receptor_state	opposite	2	6a15f499a244fe002d77fe24	3.33468284702094e-07	-17.082030143641155	3.58325144158852e-10	CPC005_A375_24H:BRD-K69023402-001-02-5:10	-0.857142857142857	1.8084407787225931	BRD-K69023402	thapsigargin	ATP2A1	ATPase inhibitor	CCCCCCCC(=O)O[C@@H]1[C@@H](OC(=O)/C(=CC)/C)C(=C2[C@@H]3OC(=O)[C@@](C)(O)[C@@]3(O)[C@H](C[C@](C)(OC(=O)C)[C@@H]12)OC(=O)CCC)C	IXFPJGBNCFXKPI-FSIHEZPISA-N		True
mif_cd74_receptor_state	opposite	3	6a15f499a244fe002d77fe24	3.27392831556839e-07	-16.9113711542581	3.28853553153404e-10	CPC003_VCAP_24H:BRD-K36198571-001-01-2:10	-0.857142857142857	1.7833360414937607	BRD-K36198571	WAY-170523	MMP13	Metalloproteinase inhibitor	Cc1cc(C)c(N(Cc2ccccc2)S(=O)(=O)c2ccc(OCCNC(=O)c3cc4ccccc4o3)cc2)c(c1)C(=O)NO	FARMEEAGJWMFSZ-UHFFFAOYSA-N		True
mif_cd74_receptor_state	opposite	4	6a15f499a244fe002d77fe24	3.08543314439944e-07	-17.240524709404088	2.45816189728592e-10	CPC006_A375_24H:BRD-K81473043-001-04-7:0.35	-0.857142857142857	1.7941331942270715	BRD-K81473043	tanespimycin	HSP90AA1	HSP inhibitor	CO[C@H]1C[C@H](C)CC2=C(NCC=C)C(=O)C=C(NC(=O)C(C)=CC=C/[C@H](OC)[C@@H](OC(N)=O)C(C)=C[C@H](C)[C@H]1O)C2=O	AYUNIORJHRXIBJ-TXHRRWQRSA-N		True
mif_cd74_receptor_state	opposite	5	6a15f499a244fe002d77fe24	3.08543314439944e-07	-16.965292705638692	2.27299903994917e-10	CPC006_WSUDLCL2_6H:BRD-A20131130-001-01-7:10	-0.857142857142857	1.7592645115022925	BRD-A20131130	BRD-A20131130			CC1OC(CC1O)n1cnc2c(N)ncnc12	FFHPXOJTVQDVMO-UHFFFAOYSA-N	2',5'-dideoxyadenosine	True
mif_cd74_receptor_state	opposite	6	6a15f499a244fe002d77fe24	3.22959318770476e-07	-17.020802134374406	2.90272045646741e-10	CPC007_A375_24H:BRD-K05153001-001-05-5:10	-0.857142857142857	1.7846759467020377	BRD-K05153001	BRD-K05153001			CC(=O)C(C(=O)C)c1c(Cl)c(O)c(O)c2c(coc12)C(=O)c3ccccc3	IIXFNJQVQREYEM-UHFFFAOYSA-N		True
mif_cd74_receptor_state	opposite	7	6a15f499a244fe002d77fe24	3.08543314439944e-07	-16.313147964173787	1.88564556560735e-10	DEB001_MCF7_6H:BRD-A39996500-001-01-4:10	-0.857142857142857	1.677523879973909	BRD-A39996500	radicicol			CC1CC2OC2C=CC=CC(=O)Cc2c(Cl)c(O)cc(O)c2C(=O)O1	WYZWZEOGROVVHK-ZUVMSYQZSA-N		True
mif_cd74_receptor_state	opposite	8	6a15f499a244fe002d77fe24	8.83733908701768e-06	-13.230134814124764	3.49403269264531e-08	CPC010_A375_6H:BRD-A36275421-001-18-6:10	-0.714285714285714	1.774267793513829	BRD-A36275421	BRD-A36275421			COc1ccc(cc1Cl)N(C(C(=O)NCCc2ccccc2)c3cccs3)C(=O)CCl	UNVKYJSNMVDZJE-UHFFFAOYSA-N		True
mif_cd74_receptor_state	opposite	9	6a15f499a244fe002d77fe24	8.83733908701768e-06	-13.094051648830566	3.37952769875537e-08	CPC011_PC3_24H:BRD-K20168484-001-05-0:10	-0.714285714285714	1.7526166898758522	BRD-K20168484	BRD-K20168484	ALOX5AP	Lipoxygenase inhibitor	CC(C)c1ccc2n(Cc3ccc(Cl)cc3)c(CC(C)(C)C(=O)O)c(SC(C)(C)C)c2c1	QAOAOVKBIIKRNL-UHFFFAOYSA-N		True
mif_cd74_receptor_state	opposite	10	6a15f499a244fe002d77fe24	8.83733908701768e-06	-13.053426287481226	2.33402182434937e-08	CPC019_A375_6H:BRD-K07005393-001-01-0:10	-0.714285714285714	1.7103781089778098	BRD-K07005393	BRD-K07005393			C[C@H](CO)N1C[C@@H](C)[C@@H](CN(C)Cc2ccc(Cl)c(Cl)c2)Oc3ccc(NC(=O)CCCCCC(=O)Nc4ccccc4N)cc3C1=O	QAVYVNAGSVFDOJ-NJQVLOCASA-N		True
mif_cd74_receptor_state	opposite	11	6a15f499a244fe002d77fe24	8.83733908701768e-06	-12.270556748657901	3.0887500605017e-08	LJP001_MDAMB231_24H:BRD-K53561341-001-03-4:10	-0.714285714285714	1.63384844510293	BRD-K53561341	KIN-001-220			CCN1CCN(CC1)C(=O)Cc1ccc(Nc2ncc(F)c(Nc3ccc(cc3)C(=O)Nc3ccccc3Cl)n2)cc1	AKSIZPIFQAYJGF-UHFFFAOYSA-N	aurora-a-inhibitor-i	True
mif_cd74_receptor_state	opposite	12	6a15f499a244fe002d77fe24	8.83733908701768e-06	-11.856012709913514	4.52594115662828e-08	LJP001_MDAMB231_24H:BRD-K64890080-001-09-6:10	-0.714285714285714	1.6143168283649796	BRD-K64890080	BI-2536	PLK1	PLK inhibitor	CC[C@H]1N(C2CCCC2)c2nc(Nc3ccc(cc3OC)C(=O)NC3CCN(C)CC3)ncc2N(C)C1=O	XQVVPGYIWAGRNI-JOCHJYFZSA-N		True
mif_cd74_receptor_state	opposite	13	6a15f499a244fe002d77fe24	8.83733908701768e-06	-13.499473221234853	2.81828499049204e-08	CPC010_A375_6H:BRD-A18411371-001-10-6:10	-0.714285714285714	1.7880061239884715	BRD-A18411371	BRD-A18411371			COc1ccc(cc1)C(N(C(=O)CCl)c2cccc(Cl)c2)C(=O)NC3CCCCC3	WZPVBLAQLFFXTN-UHFFFAOYSA-N		True
mif_cd74_receptor_state	opposite	14	6a15f499a244fe002d77fe24	8.83733908701768e-06	-13.281231720694256	2.9510466853807e-08	CPC011_A375_6H:BRD-K82109576-065-20-2:10	-0.714285714285714	1.7637701900968379	BRD-K82109576	vincristine	TUBB	Tubulin inhibitor	CC[C@]1(O)C[C@@H]2CN(C1)CCc3c([nH]c4ccccc34)[C@@](C2)(C(=O)OC)c5cc6c(cc5OC)N(C=O)[C@@H]7[C@@]86CCN9CC=C[C@](CC)([C@H]98)[C@@H](OC(=O)C)[C@]7(O)C(=O)OC	OGWKCGZFUXNPDA-CFWMRBGOSA-N		True
mif_cd74_receptor_state	opposite	15	6a15f499a244fe002d77fe24	8.83733908701768e-06	-13.736165540626427	2.9510466853807e-08	CPC006_A375_24H:BRD-K61829047-001-01-6:10	-0.714285714285714	1.8241861761241716	BRD-K61829047	7b-cis	XPO1	Exportin antagonist	CCOC(=O)C=C/n1nnc(n1)-c1cccc(Cl)c1	AICKZRPQDLFSPA-SREVYHEPSA-N	7B-CIS	True
mif_cd74_receptor_state	opposite	16	6a15f499a244fe002d77fe24	8.83733908701768e-06	-13.162351638455755	4.76868258800973e-08	CPC006_A375_24H:BRD-K30707190-001-02-5:80	-0.714285714285714	1.7977421316108364	BRD-K30707190	PNU-74654	CTNNB1	Beta-catenin inhibitor	Cc1ccc(C=NNC(=O)c2ccccc2Oc2ccccc2)o1	JJEDWBQZCRESJL-DEDYPNTBSA-N		True
mif_cd74_receptor_state	opposite	17	6a15f499a244fe002d77fe24	9.07597147335517e-06	-11.859543436485023	5.44867824208059e-08	CPC019_A549_24H:BRD-K51556300-001-01-9:10	-0.714285714285714	1.6327118420903661	BRD-K51556300	BRD-K51556300			C[C@@H](CO)N1C[C@@H](C)[C@@H](CN(C)Cc2ccc(cc2)c3ccccc3)Oc4ccc(NC(=O)CCCCCC(=O)Nc5ccccc5N)cc4CC1=O	VYCOOHAMPRTWAW-UTLSLIQUSA-N		True
mif_cd74_receptor_state	opposite	18	6a15f499a244fe002d77fe24	8.83733908701768e-06	-12.885656315601116	4.29315631692875e-08	CPC010_A375_6H:BRD-A37735495-001-10-6:10	-0.714285714285714	1.749051955388811	BRD-A37735495	BRD-A37735495			Fc1ccc(cc1)N(C(C(=O)NC2CCCCC2)c3cccnc3)C(=O)CCl	IGCXFVOTAXQEEE-UHFFFAOYSA-N		True
mif_cd74_receptor_state	opposite	19	6a15f499a244fe002d77fe24	8.83733908701768e-06	-13.095980992062662	4.24776696379092e-08	CPC006_A375_24H:BRD-K61323504-001-03-2:11.1	-0.714285714285714	1.7764875804844387	BRD-K61323504	SB-225002	CXCR2	CCK receptor antagonist	Oc1cc(ccc1NC(=O)Nc1ccccc1Br)[N+]([O-])=O	MQBZVUNNWUIPMK-UHFFFAOYSA-N		True
mif_cd74_receptor_state	opposite	20	6a15f499a244fe002d77fe24	8.83733908701768e-06	-11.983223112892274	3.49403269264531e-08	LJP002_MDAMB231_6H:BRD-K41859756-001-03-5:2	-0.714285714285714	1.6070468767254082	BRD-K41859756	NVP-AUY922	HSP90AA1	HSP inhibitor	CCNC(=O)c1noc(c1-c1ccc(CN2CCOCC2)cc1)-c1cc(C(C)C)c(O)cc1O	NDAZATDQFDPQBD-UHFFFAOYSA-N		True
mif_cd74_receptor_state	opposite	21	6a15f499a244fe002d77fe24	8.83733908701768e-06	-12.824656850591712	2.9510466853807e-08	CPC019_A375_6H:BRD-K35024477-001-01-6:10	-0.714285714285714	1.7031362698122132	BRD-K35024477	BRD-K35024477			C[C@H](CO)N1C[C@H](C)[C@H](CN(C)Cc2ccc(Cl)c(Cl)c2)Oc3ccc(NC(=O)c4ccncc4)cc3C1=O	GNLIZSFOCYRQDY-CUMRGQLISA-N		True
mif_cd74_receptor_state	opposite	22	6a15f499a244fe002d77fe24	9.03442048884882e-06	-12.737656901802026	5.33931739512428e-08	CPC008_A375_24H:BRD-K30351863-019-01-2:10	-0.714285714285714	1.7514791230771036	BRD-K30351863	BRD-K30351863	APEX1	APEX inhibitor	CC(=O)Nc1sc2CNCc2c1-c1nc2ccccc2s1	MODNMLYGANOZDZ-UHFFFAOYSA-N		True
mif_cd74_receptor_state	opposite	23	6a15f499a244fe002d77fe24	8.83733908701768e-06	-13.049837235872364	4.15813637154213e-08	CPC009_VCAP_24H:BRD-K69516039-001-02-9:10	-0.714285714285714	1.7680067995052746	BRD-K69516039	BRD-K69516039			O=C(Nc1cc(ccc1N1CCCC1)S(=O)(=O)N1CCOCC1)c1cc2CCCCc2s1	PODUXAQFLMUPKS-UHFFFAOYSA-N		True
mif_cd74_receptor_state	opposite	24	6a15f499a244fe002d77fe24	8.83733908701768e-06	-13.128937812776554	4.2027611220607e-08	CPC006_MCF7_6H:BRD-K15025317-001-05-2:10	-0.714285714285714	1.7798413318220223	BRD-K15025317	BAY-11-7082			Cc1ccc(cc1)S(=O)(=O)C=CC#N	DOEWDSDBFRHVAP-KRXBUXKQSA-N		True
mif_cd74_receptor_state	opposite	25	6a15f499a244fe002d77fe24	8.83733908701768e-06	-13.346524291237044	3.73232362464736e-08	CPC006_A375_24H:BRD-K33583600-001-09-6:10	-0.714285714285714	1.7967807063419652	BRD-K33583600	BRD-K33583600			Oc1ccc(cc1)C=CC(=O)c1ccc(O)cc1O	DXDRHHKMWQZJHT-FPYGCLRLSA-N	isoliquiritigenin	True
mif_cd74_receptor_state	opposite	26	6a15f499a244fe002d77fe24	8.83733908701768e-06	-13.472385956940853	3.0887500605017e-08	CPC010_A375_6H:BRD-A72180425-001-10-6:10	-0.714285714285714	1.7938743366295844	BRD-A72180425	K784-3188			COc1ccc(cc1)N(C(C(=O)NCCc2ccccc2)c3cccs3)C(=O)CCl	STXBWZSVEOQYLQ-UHFFFAOYSA-N	K-784-3188	True
mif_cd74_receptor_state	opposite	27	6a15f499a244fe002d77fe24	8.83733908701768e-06	-12.67213517355033	4.62182550214334e-08	CPC008_A375_6H:BRD-K28040935-019-01-9:10	-0.714285714285714	1.7275818754678298	BRD-K28040935	BRD-K28040935			Fc1ccc(F)c(OCCn2c(CCNC(=O)C3CCCCC3)nc3ccccc23)c1	CITLXYFJDVTSRT-UHFFFAOYSA-N		True
mif_cd74_receptor_state	opposite	28	6a15f499a244fe002d77fe24	8.83733908701768e-06	-13.678191672929724	3.0538535461063e-08	CPC007_A375_24H:BRD-K60870698-001-08-8:10	-0.714285714285714	1.8200818888781818	BRD-K60870698	BRD-K60870698			Oc1c(CN2CCCCC2)cc(COCc3ccccc3)c4cccnc14	CAHUZYYLADXTHI-UHFFFAOYSA-N		True
mif_cd74_receptor_state	opposite	29	6a15f499a244fe002d77fe24	8.83733908701768e-06	-13.450463661991735	2.9510466853807e-08	CPC010_A375_6H:BRD-A68065211-001-08-7:10	-0.714285714285714	1.7862444800986923	BRD-A68065211	BRD-A68065211			ClCC(=O)N(C(C(=O)NC1CCCCC1)c2cccnc2)c3cccc(Cl)c3	BLDIGKDTIQNPDL-UHFFFAOYSA-N		True
mif_cd74_receptor_state	opposite	30	6a15f499a244fe002d77fe24	9.36227738231777e-06	-11.65196046954043	5.72990883731751e-08	LJP001_MDAMB231_24H:BRD-K01436366-001-05-7:10	-0.714285714285714	1.6089751636480507	BRD-K01436366	XMD-1150	LRRK2	Leucine rich repeat kinase inhibitor	COc1cc(ccc1Nc1ncc2N(C)C(=O)c3ccccc3N(C)c2n1)C(=O)N1CCC(CC1)N1CCN(C)CC1	IWMCPJZTADUIFX-UHFFFAOYSA-N		True
mif_cd74_receptor_state	opposite	31	6a15f499a244fe002d77fe24	8.83733908701768e-06	-13.480086748485506	3.12396390902759e-08	CPC010_A375_6H:BRD-U86222656-000-01-7:10	-0.714285714285714	1.7960771107160576	BRD-U86222656	BRD-U86222656						True
mif_cd74_receptor_state	opposite	32	6a15f499a244fe002d77fe24	8.83733908701768e-06	-12.33797579119699	3.94064498661891e-08	ERG015_VCAP_6H:BRD-K27305650-001-06-7:10	-0.714285714285714	1.666295894547845	BRD-K27305650	LY-294002	MTOR	PLK inhibitor	O=c1cc(oc2c(cccc12)-c1ccccc1)N1CCOCC1	CZQHHVNHHHRRDU-UHFFFAOYSA-N		True
mif_cd74_receptor_state	opposite	33	6a15f499a244fe002d77fe24	8.92001488176717e-06	-13.109317894857178	4.91923693193274e-08	CPC006_A375_24H:BRD-K92301463-001-03-0:10	-0.714285714285714	1.7938060291867015	BRD-K92301463	BRD-K92301463			CCCCC(C)(C)[C@H](O)C=C[C@H]1[C@H](O)CC(=O)[C@@H]1CC=C/CCCC(O)=O	QAOBBBBDJSWHMU-WMBBNPMCSA-N	16,16-dimethylprostaglandin-e2	True
mif_cd74_receptor_state	opposite	34	6a15f499a244fe002d77fe24	8.83733908701768e-06	-13.593172166944457	3.81457054859291e-08	CPC003_HA1E_6H:BRD-K30296925-001-02-1:10	-0.714285714285714	1.8323208981341814	BRD-K30296925	flavokavain-b	IKBKB	Anti-cancer agent	COc1cc(O)c(C(=O)/C=C/c2ccccc2)c(OC)c1	QKQLSQLKXBHUSO-CMDGGOBGSA-N		True
mif_cd74_receptor_state	opposite	35	6a15f499a244fe002d77fe24	8.83733908701768e-06	-12.873736894071506	4.2027611220607e-08	CPC008_A375_24H:BRD-K99530743-001-01-3:10	-0.714285714285714	1.7452446912173138	BRD-K99530743	BRD-K99530743			CC1(C)Oc2c(C=C1)ccc(O)c2C(=O)C=Cc1ccccc1	SQDZRLDQWVTYLW-CSKARUKUSA-N		True
mif_cd74_receptor_state	opposite	36	6a15f499a244fe002d77fe24	8.83733908701768e-06	-13.28766883741419	4.52594115662828e-08	CPC004_VCAP_24H:BRD-A01643550-001-03-1:10	-0.714285714285714	1.8092513848304677	BRD-A01643550	prednisolone-acetate	NR3C1	Glucocorticoid receptor agonist	CC(=O)OCC(=O)[C@@]1(O)CCC2C3CCC4=CC(=O)C=CC4(C)C3[C@@H](O)C[C@]12C	LRJOMUJRLNCICJ-AUGMLKDDSA-N		True
mif_cd74_receptor_state	opposite	37	6a15f499a244fe002d77fe24	8.83733908701768e-06	-11.843640608571592	4.43164979475997e-08	ERG004_VCAP_24H:BRD-A72596465-001-01-3:30	-0.714285714285714	1.610627048016246	BRD-A72596465	GW-6471	PPARA	PPAR receptor antagonist	CCOC(=O)NCC(Cc1ccc(OCCc2nc(oc2C)c3ccccc3)cc1)NC(=CC(=O)c4ccc(cc4)C(F)(F)F)C	UEPVEQWUZJXOKB-UHFFFAOYSA-N		True
mif_cd74_receptor_state	opposite	38	6a15f499a244fe002d77fe24	8.83733908701768e-06	-13.020553292819171	2.78585101391014e-08	CPC014_A549_24H:BRD-K86930074-001-01-9:10	-0.714285714285714	1.7234256404901787	BRD-K86930074	cediranib	FLT1	KIT inhibitor	COc1cc2c(Oc3ccc4[nH]c(C)cc4c3F)ncnc2cc1OCCCN1CCCC1	XXJWYDDUDKYVKI-UHFFFAOYSA-N		True
mif_cd74_receptor_state	opposite	39	6a15f499a244fe002d77fe24	8.92001488176717e-06	-12.35478687391134	5.12584657645524e-08	CPC013_SKB_24H:BRD-K74133369-001-01-8:10	-0.714285714285714	1.6947036543884648	BRD-K74133369	oligomycin-a	ATP5F1A	ATPase inhibitor	CC[C@H]1CC[C@@H]2O[C@]3(CC[C@@H](C)[C@@H](C[C@@H](C)O)O3)[C@H](C)[C@H](OC(=O)C=C[C@@H](C)[C@H](O)[C@@H](C)C(=O)[C@@H](C)[C@H](O)[C@@H](C)C(=O)[C@@](C)(O)[C@H](O)[C@@H](C)CC=CC=C1)[C@H]2C	MNULEGDCPYONBU-JBMMDCLPSA-N		True
mif_cd74_receptor_state	opposite	40	6a15f499a244fe002d77fe24	8.83733908701768e-06	-12.236705548981242	2.85101947039164e-08	PCLB002_HCC515_24H:BRD-A19500257:0.04	-0.714285714285714	1.6218298006836087	BRD-A19500257	geldanamycin	HSP90AA1	HSP inhibitor	COC1CC(C)CC2=C(OC)C(=O)C=C(NC(=O)C(C)=CC=CC(OC)C(OC(N)=O)C(C)=CC(C)C1O)C2=O	QTQAWLPCGQOSGP-VDYWNIEOSA-N		True
mif_cd74_receptor_state	opposite	41	6a15f499a244fe002d77fe24	8.83733908701768e-06	-13.944452359401405	3.12396390902759e-08	CPC005_A375_24H:BRD-A56020723-001-02-0:10	-0.714285714285714	1.8579488523696066	BRD-A56020723	CA-074-Me	CTSB	Cathepsin inhibitor	CCCNC(=O)[C@H]1O[C@@H]1C(=O)N[C@@H](C(C)CC)C(=O)N2CCC[C@H]2C(=O)OC	XGWSRLSPWIEMLQ-RQLZCWDZSA-N		True
mif_cd74_receptor_state	opposite	42	6a15f499a244fe002d77fe24	8.83733908701768e-06	-11.971315256676766	4.07002051372102e-08	LJP001_MDAMB231_24H:BRD-K64890080-001-09-6:2	-0.714285714285714	1.6198459821150988	BRD-K64890080	BI-2536	PLK1	PLK inhibitor	CC[C@H]1N(C2CCCC2)c2nc(Nc3ccc(cc3OC)C(=O)NC3CCN(C)CC3)ncc2N(C)C1=O	XQVVPGYIWAGRNI-JOCHJYFZSA-N		True
mif_cd74_receptor_state	opposite	43	6a15f499a244fe002d77fe24	0.000242669740579655	-9.431873164070948	3.72432920822199e-06	CPC012_ASC_24H:BRD-K56196992-001-01-2:10	-0.571428571428571	1.7373285439900708	BRD-K56196992	BRD-K56196992			C[C@@H](CO)N1C[C@@H](C)[C@@H](CN(C)Cc2ccc(cc2)C(=O)Nc3ccccc3N)Oc4c(NC(=O)c5ccc(cc5)c6nccs6)cccc4C1=O	UIWHTZIAIXNFGN-USUMGCFOSA-N		True
mif_cd74_receptor_state	opposite	44	6a15f499a244fe002d77fe24	0.000242669740579655	-10.113180817307558	2.83366033631522e-06	CPC006_A375_24H:BRD-K08316444-001-04-3:0.63	-0.571428571428571	1.8229659028300913	BRD-K08316444	rotenone	ND1	Mitochondrial complex I inhibitor	COc1cc2OC[C@H]3Oc4c5C[C@@H](Oc5ccc4C(=O)[C@H]3c2cc1OC)C(=C)C	JUVIOZPCNVVQFO-HBGVWJBISA-N		True
mif_cd74_receptor_state	opposite	45	6a15f499a244fe002d77fe24	0.000242669740579655	-9.832139601459511	3.27074352516414e-06	CPC006_A375_24H:BRD-K37865504-001-02-5:10	-0.571428571428571	1.7924349969644442	BRD-K37865504	LY-2183240	FAAH	FAAH inhibitor	CN(C)C(=O)n1nnnc1Cc1ccc(cc1)-c1ccccc1	GZNIYOXWFCDBBJ-UHFFFAOYSA-N		True
mif_cd74_receptor_state	opposite	46	6a15f499a244fe002d77fe24	0.000242669740579655	-10.12646901358551	1.67292217899119e-06	CPC018_HT29_6H:BRD-K73290745-003-01-8:10	-0.571428571428571	1.7530384286290854	BRD-K73290745	ICI-199441	OPRK1	Opioid receptor agonist	CN([C@H](CN1CCCC1)c1ccccc1)C(=O)Cc1ccc(Cl)c(Cl)c1	AEJOEPSMZCEYJN-HXUWFJFHSA-N		True
mif_cd74_receptor_state	opposite	47	6a15f499a244fe002d77fe24	0.000242669740579655	-9.220179856098763	3.72432920822199e-06	CPC014_A375_6H:BRD-K36529613-001-01-8:10	-0.571428571428571	1.698335141501077	BRD-K36529613	PU-H71	HSP90AA1	HSP inhibitor	CC(C)NCCCn1c(Sc2cc3OCOc3cc2I)nc2c(N)ncnc12	SUPVGFZUWFMATN-UHFFFAOYSA-N		True
mif_cd74_receptor_state	opposite	48	6a15f499a244fe002d77fe24	0.000242669740579655	-9.196383131764884	2.99211350151533e-06	CPC019_A375_6H:BRD-K05197617-001-05-8:10	-0.571428571428571	1.6647984454164633	BRD-K05197617	BRD-K05197617			Cc1ccc2nc(Nc3ccccc3)cc(C)c2c1	BFOWTYGBWYCXKR-UHFFFAOYSA-N		True
mif_cd74_receptor_state	opposite	49	6a15f499a244fe002d77fe24	0.000242669740579655	-9.180494888748996	3.1852096693256e-06	CPC018_A549_6H:BRD-K77987382-001-08-2:10	-0.571428571428571	1.6701337838279982	BRD-K77987382	mebendazole			COC(=O)Nc1nc2ccc(cc2[nH]1)C(=O)c1ccccc1	OPXLLQIJSORQAM-UHFFFAOYSA-N		True
mif_cd74_receptor_state	opposite	50	6a15f499a244fe002d77fe24	0.000259569839373346	-9.105607666589558	4.808308594526e-06	CPC008_A549_6H:BRD-K10846167-001-01-6:10	-0.571428571428571	1.7122216130895167	BRD-K10846167	BRD-K10846167			C(Nc1nc(nc2n(cnc12)-c1ccsc1)N1CCOCC1)c1nc2cc3ccccc3cc2[nH]1	YKFITDVTDUOHEH-UHFFFAOYSA-N		True
mif_cd74_receptor_state	similar	1	6a15f499a244fe002d77fe24	3.08543314439944e-07	16.46393958458149	2.213921796034e-10	CPC011_A549_24H:BRD-K92093830-003-23-3:10	0.857142857142857	-1.7052528540702134	BRD-K92093830	doxorubicin	TOP2A	Topoisomerase inhibitor	COc1cccc2C(=O)c3c(O)c4C[C@](O)(C[C@H](O[C@H]5C[C@H](N)[C@H](O)[C@H](C)O5)c4c(O)c3C(=O)c12)C(=O)CO	AOJJSUZBOXZQNB-TZSSRYMLSA-N		True
mif_cd74_receptor_state	similar	2	6a15f499a244fe002d77fe24	3.22959318770476e-07	17.436490463323103	2.72442896054471e-10	LJP001_MDAMB231_24H:BRD-K49328571-001-06-9:2	0.857142857142857	-1.8229997572586552	BRD-K49328571	dasatinib	EPHA2	KIT inhibitor	Cc1nc(Nc2ncc(s2)C(=O)Nc2c(C)cccc2Cl)cc(n1)N1CCN(CCO)CC1	ZBNZXTGUTAYRHI-UHFFFAOYSA-N		True
mif_cd74_receptor_state	similar	3	6a15f499a244fe002d77fe24	3.22959318770476e-07	17.311532072075966	2.79461828118931e-10	KMS002_NOMO1_24H:BRD-K49010888-001-01-2:1.12	0.857142857142857	-1.8120280974813094	BRD-K49010888	BRD-K49010888			C[C@H](CO)N1C[C@H](C)[C@H](CN(C)Cc2ccc(cc2)c3ccccc3)Oc4ccc(NC(=O)CCCCCC(=O)Nc5ccccc5N)cc4CC1=O	VYCOOHAMPRTWAW-YHPNNPEYSA-N		True
mif_cd74_receptor_state	similar	4	6a15f499a244fe002d77fe24	3.34400318130942e-07	16.856391682794804	3.67138100683367e-10	LJP002_MCF7_24H:BRD-K19220233-001-02-3:2	0.857142857142857	-1.7865487015527415	BRD-K19220233	JNK-9L	MAPK8	JNK inhibitor	N#Cc1cc(cc(c1)-c1ccnc(Nc2ccc(cc2)-n2cnc(n2)-c2cccnc2)n1)N1CCOCC1	VCUNSUCAAIMDKU-UHFFFAOYSA-N		True
mif_cd74_receptor_state	similar	5	6a15f499a244fe002d77fe24	3.08543314439944e-07	15.785596807517722	2.27299903994917e-10	CPC006_A375_24H:BRD-A75817871-001-04-2:40	0.857142857142857	-1.636932573943723	BRD-A75817871	blebbistatin	MYH2	ATPase inhibitor	Cc1ccc2N=C3N(CCC3(O)C(=O)c2c1)c1ccccc1	LZAXPYOBKSJSEX-UHFFFAOYSA-N		True
mif_cd74_receptor_state	similar	6	6a15f499a244fe002d77fe24	3.08543314439944e-07	16.713016235321703	1.38864813666578e-10	CPC006_A375_6H:BRD-U94846492-000-01-1:10	0.857142857142857	-1.6954778174047958	BRD-U94846492	quinine	KCNN4	Hemozoin biocrystallization inhibitor	COc1ccc2nccc([C@@H](O)[C@H]3C[C@@H]4CC[N@]3C[C@@H]4C=C)c2c1	LOUPRKONTZGTKE-AFHBHXEDSA-N		True
mif_cd74_receptor_state	similar	7	6a15f499a244fe002d77fe24	3.08543314439944e-07	16.373616775142334	2.52260412656172e-10	CPC011_MCF7_24H:BRD-K18909381-050-07-8:10	0.857142857142857	-1.7059136649189186	BRD-K18909381	CGS-12066B	HTR1B	Serotonin receptor agonist	CN1CCN(CC1)c2nc3cc(ccc3n4cccc24)C(F)(F)F	LXFHSCDLMBZYKY-UHFFFAOYSA-N		True
mif_cd74_receptor_state	similar	8	6a15f499a244fe002d77fe24	8.83733908701768e-06	12.743893431821101	3.77326836664957e-08	CPC013_ASC_24H:BRD-K11663430-001-01-5:10	0.714285714285714	-1.7167464347530899	BRD-K11663430	pyroxamide			ONC(=O)CCCCCCC(=O)Nc1cccnc1	PTJGLFIIZFVFJV-UHFFFAOYSA-N		True
mif_cd74_receptor_state	similar	9	6a15f499a244fe002d77fe24	8.83733908701768e-06	13.506877890527772	3.01927222855259e-08	CPC020_PC3_24H:BRD-A16478930-001-02-8:10	0.714285714285714	-1.7961040374352486	BRD-A16478930	amcinonide	NR3C1	Glucocorticoid receptor agonist	CC(=O)OCC(=O)C12OC3(CCCC3)OC1CC1C3CCC4=CC(=O)C=CC4(C)C3(F)C(O)CC21C	ILKJAFIWWBXGDU-UHFFFAOYSA-N		True
mif_cd74_receptor_state	similar	10	6a15f499a244fe002d77fe24	8.83733908701768e-06	13.115029584338263	3.41735829039708e-08	CPC016_ASC_24H:BRD-A11678676-001-03-4:10	0.714285714285714	-1.756561204669302	BRD-A11678676	wortmannin	PIK3CA	PI3K inhibitor	COC[C@H]1OC(=O)c2coc3C(=O)C4=C([C@@H](C[C@@]5(C)C4CCC5=O)OC(=O)C)[C@]1(C)c23	QDLHCMPXEPAAMD-ZGSWIPFCSA-N		True
mif_cd74_receptor_state	similar	11	6a15f499a244fe002d77fe24	8.83733908701768e-06	13.00974567384785	3.0538535461063e-08	CPC009_MCF7_24H:BRD-A74980173-001-09-3:10	0.714285714285714	-1.7311354487555588	BRD-A74980173	gatifloxacin			COc1c(N2CCNC(C)C2)c(F)cc2c1n(cc(C(O)=O)c2=O)C1CC1	XUBOMFCQGDBHNK-UHFFFAOYSA-N		True
mif_cd74_receptor_state	similar	12	6a15f499a244fe002d77fe24	9.30440866348485e-06	12.133248482674604	5.67275727339939e-08	CPC015_A375_6H:BRD-A55416093-001-03-1:10	0.714285714285714	-1.6744278067404028	BRD-A55416093	colforsin	ADCY2	Adenylyl cyclase activator	CC(=O)O[C@H]1[C@@H](O)C2C(C)(C)CC[C@H](O)[C@]2(C)[C@@]2(O)C(=O)C[C@@](C)(O[C@]12C)C=C	OHCQJHSOBUTRHG-VDCUXWMXSA-N		True
mif_cd74_receptor_state	similar	13	6a15f499a244fe002d77fe24	8.83733908701768e-06	13.357850811560386	3.34203187929505e-08	CPC019_A549_6H:BRD-K77480336-001-02-8:10	0.714285714285714	-1.7867669516220046	BRD-K77480336	BRD-K77480336			COc1ccc(/N=c/2cc(oc3ccc(O)cc23)c4ccc(OC)cc4)cc1	GZBUZCUHQUUESZ-DARPEHSRSA-N		True
mif_cd74_receptor_state	similar	14	6a15f499a244fe002d77fe24	8.83733908701768e-06	12.770568952169311	3.41735829039708e-08	CPC013_MCF7_24H:BRD-K89843224-001-01-0:10	0.714285714285714	-1.7104258773249852	BRD-K89843224	BRD-K89843224			CC(=O)N1C(=N)S/C(=C/c2cc3ccc(C)cc3nc2O)/C1=O	RMCQSAVULQTLFU-IFQGXUADSA-N		True
mif_cd74_receptor_state	similar	15	6a15f499a244fe002d77fe24	8.83733908701768e-06	13.295465166195195	4.62182550214334e-08	LJP002_HS578T_24H:BRD-A24396574-001-02-3:10	0.714285714285714	-1.8125599460913506	BRD-A24396574	celastrol			CC1C(=O)C(=O)C=C2C1=CC=C3[C@@]2(C)CCC4(C)[C@@H]5C[C@@](C)(CC[C@]5(C)CC[C@]34C)C(=O)O	AQKDBFWJOPNOKZ-TWPXQOCQSA-N		True
mif_cd74_receptor_state	similar	16	6a15f499a244fe002d77fe24	8.92001488176717e-06	11.483520959549338	5.07355744693569e-08	CPC002_HA1E_24H:BRD-K98548675-001-02-6:10	0.714285714285714	-1.5742307108986762	BRD-K98548675	parthenolide			CC1=C/CC[C@@]2(C)O[C@H]2[C@H]2OC(=O)C(=C)[C@@H]2CC1	KTEXNACQROZXEV-SLXBATTESA-N		True
mif_cd74_receptor_state	similar	17	6a15f499a244fe002d77fe24	8.83733908701768e-06	12.848922536842126	3.77326836664957e-08	CPC016_A549_24H:BRD-A30437061-001-02-7:10	0.714285714285714	-1.7308950418922495	BRD-A30437061	camptothecin	TOP1	Topoisomerase inhibitor	CCC1(O)C(=O)OCc2c1cc3-c4nc5ccccc5cc4Cn3c2=O	VSJKWCGYPAHWDS-UHFFFAOYSA-N		True
mif_cd74_receptor_state	similar	18	6a15f499a244fe002d77fe24	8.83733908701768e-06	13.511566263310028	2.98500398119278e-08	CPC019_A549_6H:BRD-K98824517-001-06-4:10	0.714285714285714	-1.7955438345827746	BRD-K98824517	BRD-K98824517			CCn1nc(/C=C/c2ccccc2)nc3c(=O)n(C)c(=O)nc13	BMHKZVDHCKLDME-MDZDMXLPSA-N		True
mif_cd74_receptor_state	similar	19	6a15f499a244fe002d77fe24	9.03442048884882e-06	12.982756301268743	5.28529729577422e-08	LJP001_HS578T_6H:BRD-K92571446-001-01-4:0.08	0.714285714285714	-1.7840978638874794	BRD-K92571446	WZ-3105	CLK2	CLK inhibitor	CC(C)n1cnc2c(Nc3cccc(NC(=O)C=C)c3)nc(N[C@H]3CC[C@@H](CC3)N(C)C)nc12	DGEBYERMQBTMHV-IRJFHVNHSA-N		True
mif_cd74_receptor_state	similar	20	6a15f499a244fe002d77fe24	8.83733908701768e-06	11.963789446386524	3.94064498661891e-08	CPC006_NOMO1_6H:BRD-K00615600-001-06-1:25	0.714285714285714	-1.6157604436193054	BRD-K00615600	AG-14361	PARP1	PARP inhibitor	CN(C)Cc1ccc(cc1)-c1nc2cccc3C(=O)NCCn1c23	SEKJSSBJKFLZIT-UHFFFAOYSA-N		True
mif_cd74_receptor_state	similar	21	6a15f499a244fe002d77fe24	9.47893277134807e-06	12.951188532719078	5.84558913227566e-08	KMS002_NOMO1_24H:BRD-K49010888-001-01-2:3.35	0.714285714285714	-1.7905269011257452	BRD-K49010888	BRD-K49010888			C[C@H](CO)N1C[C@H](C)[C@H](CN(C)Cc2ccc(cc2)c3ccccc3)Oc4ccc(NC(=O)CCCCCC(=O)Nc5ccccc5N)cc4CC1=O	VYCOOHAMPRTWAW-YHPNNPEYSA-N		True
mif_cd74_receptor_state	similar	22	6a15f499a244fe002d77fe24	8.83733908701768e-06	13.546873146328599	3.89825652326302e-08	LJP002_MDAMB231_24H:BRD-K19220233-001-02-3:10	0.714285714285714	-1.8284027819514874	BRD-K19220233	JNK-9L	MAPK8	JNK inhibitor	N#Cc1cc(cc(c1)-c1ccnc(Nc2ccc(cc2)-n2cnc(n2)-c2cccnc2)n1)N1CCOCC1	VCUNSUCAAIMDKU-UHFFFAOYSA-N		True
mif_cd74_receptor_state	similar	23	6a15f499a244fe002d77fe24	8.83733908701768e-06	13.976417690510651	2.2784884685361e-08	CPC019_A549_24H:BRD-K01229043-001-01-6:10	0.714285714285714	-1.8288107587638687	BRD-K01229043	BRD-K01229043			C[C@H](CO)N1C[C@@H](C)[C@H](CN(C)C(=O)Nc2ccc(F)cc2)Oc3ccc(NC(=O)Nc4ccc(cc4)C(F)(F)F)cc3C1=O	RYXOQQNEEVIEQP-KFDHSVMUSA-N		True
mif_cd74_receptor_state	similar	24	6a15f499a244fe002d77fe24	8.83733908701768e-06	11.882760886359453	3.61161097848809e-08	BRAF001_A375_24H:BRD-K67578145-001-05-5:0.15625	0.714285714285714	-1.5966518987877376	BRD-K67578145	GDC-0879	BRAF	RAF inhibitor	OCCn1cc(c(n1)-c1ccncc1)-c1ccc2c(CCC2=N/O)c1	DEZZLWQELQORIU-RELWKKBWSA-N		True
mif_cd74_receptor_state	similar	25	6a15f499a244fe002d77fe24	1.00829990243327e-05	11.463276397755038	6.26521932414331e-08	CPC006_A375_24H:BRD-K26664453-001-03-4:10	0.714285714285714	-1.5914445354663065	BRD-K26664453	BRD-K26664453			C[C@H]1[C@H]2[C@H](Cc3ccccc3)NC(=O)[C@]22OC(=O)C=C[C@H](O)CCC[C@@H](C)CC=C[C@H]2[C@H](O)C1=C	GBOGMAARMMDZGR-JNQYJPGFSA-N	cytochalasin-b	True
mif_cd74_receptor_state	similar	26	6a15f499a244fe002d77fe24	8.83733908701768e-06	12.301803408310171	2.75371547831948e-08	ASG001_MCF7_6H:BRD-K71879491-001-17-6:10	0.714285714285714	-1.6272052528568102	BRD-K71879491	tretinoin	RARA	Retinoid receptor ligand	CC(/C=C/C1=C(C)CCCC1(C)C)=CC=CC(C)=CC(O)=O	SHGAZHPCJJPHSC-YCNIQYBTSA-N		True
mif_cd74_receptor_state	similar	27	6a15f499a244fe002d77fe24	8.83733908701768e-06	13.817354522227998	3.30486861928126e-08	LJP002_HS578T_24H:BRD-K42918627-001-01-9:10	0.714285714285714	-1.8470310564402468	BRD-K42918627	GSK-2126458			COc1nccc(-c2ccc3nccc(-c4ccnnc4)c3c2)c1NS(=O)(=O)c1ccc(F)cc1F	NPPBBAURRJGWEH-UHFFFAOYSA-N		True
mif_cd74_receptor_state	similar	28	6a15f499a244fe002d77fe24	8.97526997480644e-06	13.0454535682782	5.17856451628674e-08	DEB001_MCF7_6H:BRD-A39996500-001-01-4:0.1	0.714285714285714	-1.7905336934231117	BRD-A39996500	radicicol			CC1CC2OC2C=CC=CC(=O)Cc2c(Cl)c(O)cc(O)c2C(=O)O1	WYZWZEOGROVVHK-ZUVMSYQZSA-N		True
mif_cd74_receptor_state	similar	29	6a15f499a244fe002d77fe24	8.83733908701768e-06	12.181647736530117	3.94064498661891e-08	CPC006_A375_24H:BRD-A67788537-001-01-7:120	0.714285714285714	-1.6451831285558807	BRD-A67788537	salermide	SIRT2	SIRT inhibitor	CC(C(=O)Nc1cccc(c1)N=Cc1c(O)ccc2ccccc12)c1ccccc1	HQSSEGBEYORUBY-WPWMEQJKSA-N		True
mif_cd74_receptor_state	similar	30	6a15f499a244fe002d77fe24	0.000242669740579655	9.057786840275732	3.12911990027444e-06	CPC004_VCAP_24H:BRD-K43290182-001-01-9:10	0.571428571428571	-1.6455007408203892	BRD-K43290182	Ro-04-6790	HTR6	Serotonin receptor antagonist	CNc1cc(NS(=O)(=O)c2ccc(N)cc2)nc(NC)n1	JELFWSXQTXRMAJ-UHFFFAOYSA-N		True
mif_cd74_receptor_state	similar	31	6a15f499a244fe002d77fe24	0.000242669740579655	9.172559627972243	2.5594951404417e-06	CPC006_A375_24H:BRD-K20285085-001-01-4:10	0.571428571428571	-1.6403456274299015	BRD-K20285085	fostamatinib	SYK	Syk inhibitor	COc1cc(Nc2ncc(F)c(Nc3ccc4OC(C)(C)C(=O)Nc4n3)n2)cc(OC)c1OC	NHHQJBCNYHBUSI-UHFFFAOYSA-N		True
mif_cd74_receptor_state	similar	32	6a15f499a244fe002d77fe24	0.000242669740579655	9.449651747115682	2.30559337592406e-06	CPC006_HT29_6H:BRD-K71726959-001-06-7:122.55	0.571428571428571	-1.676297235069014	BRD-K71726959	BRD-K71726959	CDK5	CDK inhibitor	CC(C)n1cnc2c(NCc3ccccc3)nc(NCCO)nc12	WHDJEAZLMYPLGL-UHFFFAOYSA-N		True
mif_cd74_receptor_state	similar	33	6a15f499a244fe002d77fe24	0.000242669740579655	9.003103946621328	3.72432920822199e-06	CPC010_VCAP_24H:BRD-K74980345-019-03-9:10	0.571428571428571	-1.6583502766510736	BRD-K74980345	BRD-K74980345			Cc1ccc(CNc2ncnc3ccc(cc23)-c2ccoc2C)o1	OADKGQNGTYVZLA-UHFFFAOYSA-N		True
mif_cd74_receptor_state	similar	34	6a15f499a244fe002d77fe24	0.000242669740579655	9.05016281628485	3.29963115652228e-06	CPC006_SKLU1_6H:BRD-A36630025-001-02-6:0.35	0.571428571428571	-1.6510272158565016	BRD-A36630025	SN-38	TOP1	Topoisomerase inhibitor	CCc1c2Cn3c(cc4c(COC(=O)C4(O)CC)c3=O)-c2nc5ccc(O)cc15	FJHBVJOVLFPMQE-UHFFFAOYSA-N		True
mif_cd74_receptor_state	similar	35	6a15f499a244fe002d77fe24	0.000242669740579655	9.235972739255631	4.18843392671425e-06	CPC017_PHH_24H:BRD-K65814004-003-01-1:10	0.571428571428571	-1.7173784816051687	BRD-K65814004	diphenyleneiodonium	NOS2	Nitric oxide synthase inhibitor	[I+]1c2ccccc2-c2ccccc12	QFXKXRXFBRLLPQ-UHFFFAOYSA-N		True
mif_cd74_receptor_state	similar	36	6a15f499a244fe002d77fe24	0.000242669740579655	9.30081919662412	3.38743442856146e-06	CPC013_ASC_24H:BRD-K76236182-001-01-2:10	0.571428571428571	-1.700292446824891	BRD-K76236182	BRD-K76236182			C[C@@H](CO)N1C[C@H](C)[C@H](CN(C)Cc2ccc(cc2)C(=O)Nc3ccccc3N)Oc4c(NC(=O)c5ccc(cc5)c6nccs6)cccc4C1=O	UIWHTZIAIXNFGN-UXVOWUFOSA-N		True
mif_cd74_receptor_state	similar	37	6a15f499a244fe002d77fe24	0.000242669740579655	9.49999221126834	4.1196334671918e-06	DEB001_MCF7_6H:BRD-K80738081-001-29-4:10	0.571428571428571	-1.764111926901231	BRD-K80738081	resveratrol	SIRT1	SIRT activator	Oc1ccc(cc1)C=Cc1cc(O)cc(O)c1	LUKBXSAWLPMMSZ-OWOJBTEDSA-N		True
mif_cd74_receptor_state	similar	38	6a15f499a244fe002d77fe24	0.000242669740579655	8.703690251846096	3.85280931063536e-06	CPC004_HA1E_24H:BRD-A72703248-003-01-5:10	0.571428571428571	-1.6075605085606648	BRD-A72703248	SKF-96365	CYP3A4	Calcium channel blocker	COc1ccc(CCCOC(Cn2ccnc2)c2ccc(OC)cc2)cc1	HLMBXBGDBBCYII-UHFFFAOYSA-N		True
mif_cd74_receptor_state	similar	39	6a15f499a244fe002d77fe24	0.000242669740579655	9.79203630403573	2.73155481906766e-06	CPC014_VCAP_6H:BRD-K80622725-001-10-2:10	0.571428571428571	-1.760021166996477	BRD-K80622725	STK-397047			Cc1nn(C)c2nc(=O)n(C)c(=O)c2n1	CPXHNWKHOFNPDO-UHFFFAOYSA-N		True
mif_cd74_receptor_state	similar	40	6a15f499a244fe002d77fe24	0.000242669740579655	10.424680719820497	2.03027669294539e-06	CPC019_HCC515_6H:BRD-K22832646-001-06-2:10	0.571428571428571	-1.8313187284734045	BRD-K22832646	MW-STK33-1A			COc1cc(/C=C/2SC(=NC2=O)N)ccc1O	ICKPGBPIOPGQTC-UITAMQMPSA-N		True
mif_cd74_receptor_state	similar	41	6a15f499a244fe002d77fe24	0.000242669740579655	9.163894347297243	4.18843392671425e-06	CPC016_A549_24H:BRD-A82371568-001-01-5:10	0.571428571428571	-1.7039758998920467	BRD-A82371568	clofarabine	POLA1	Ribonucleoside reductase inhibitor	Nc1nc(Cl)nc2n(cnc12)C3OC(CO)C(O)C3F	WDDPHFBMKLOVOX-UHFFFAOYSA-N		True
mif_cd74_receptor_state	similar	42	6a15f499a244fe002d77fe24	0.000242669740579655	9.39705131423544	2.78225876333912e-06	CPC010_VCAP_24H:BRD-K57457519-001-07-8:10	0.571428571428571	-1.6914549495507842	BRD-K57457519	BRD-K57457519			Cc1cccc(CNc2ncnc3ccc(cc23)c4ccoc4)c1	DBTWZLIQIQEKBB-UHFFFAOYSA-N		True
mif_cd74_receptor_state	similar	43	6a15f499a244fe002d77fe24	0.000242669740579655	8.932250875200488	2.88576579241452e-06	CPC002_HCC515_6H:BRD-A35989968-001-03-4:10	0.571428571428571	-1.612395639188372	BRD-A35989968	megestrol-acetate	PGR	DNA inhibitor	CC(=O)O[C@@]1(CCC2C3C=C(C)C4=CC(=O)CCC4(C)C3CCC12C)C(C)=O	RQZAXGRLVPAYTJ-VSUSFZLSSA-N		True
mif_cd74_receptor_state	similar	44	6a15f499a244fe002d77fe24	0.000242669740579655	9.327767628173618	3.27074352516414e-06	CPC014_VCAP_24H:BRD-K14681867-015-01-6:10	0.571428571428571	-1.700486142182983	BRD-K14681867	somatostatin	SSTR1	Somatostatin receptor agonist	C[C@@H](O)[C@@H]1NC(=O)[C@H](CCCCN)NC(=O)[C@H](Cc2c[nH]c3ccccc23)NC(=O)[C@H](Cc2ccccc2)NC(=O)[C@H](Cc2ccccc2)NC(=O)[C@H](CC(N)=O)NC(=O)[C@H](CCCCN)NC(=O)[C@H](CSSC[C@H](NC(=O)[C@H](CO)NC(=O)[C@@H](NC(=O)[C@H](Cc2ccccc2)NC1=O)[C@@H](C)O)C(O)=O)NC(=O)CNC(=O)[C@H](C)N	NHXLMOGPVYXJNR-ATOGVRKGSA-N		True
mif_cd74_receptor_state	similar	45	6a15f499a244fe002d77fe24	0.000242669740579655	9.705080228434802	3.47696535979209e-06	LJP001_MDAMB231_24H:BRD-K49328571-001-06-9:0.4	0.571428571428571	-1.7778780822626608	BRD-K49328571	dasatinib	EPHA2	KIT inhibitor	Cc1nc(Nc2ncc(s2)C(=O)Nc2c(C)cccc2Cl)cc(n1)N1CCN(CCO)CC1	ZBNZXTGUTAYRHI-UHFFFAOYSA-N		True
mif_cd74_receptor_state	similar	46	6a15f499a244fe002d77fe24	0.000242669740579655	9.167179519334361	3.12911990027444e-06	CPC006_VCAP_6H:BRD-K83354763-001-01-1:6	0.571428571428571	-1.6653737779767617	BRD-K83354763	BRD-K83354763			Cc1ccc(NCCCc2ccccc2)c(N)c1	YMFNPBSZFWXMAD-UHFFFAOYSA-N	NFKB-activation-inhibitor-II	True
mif_cd74_receptor_state	similar	47	6a15f499a244fe002d77fe24	0.000242669740579655	9.772628208702441	3.82038481915928e-06	HOG003_MCF7_24H:BRD-K09499853-305-01-1:10	0.571428571428571	-1.8037691789626948	BRD-K09499853	KU-0060648	PIK3CA	PI3K inhibitor	CCN1CCN(CC(=O)Nc2ccc(-c3cccc4c3oc(cc4=O)N3CCOCC3)c3sc4ccccc4c23)CC1	AATCBLYHOUOCTO-UHFFFAOYSA-N		True
mif_cd74_receptor_state	similar	48	6a15f499a244fe002d77fe24	0.000242669740579655	8.865757805147753	3.32870830955725e-06	CPC005_VCAP_24H:BRD-K64746805-001-02-9:10	0.571428571428571	-1.6185111525491287	BRD-K64746805	MBCQ	PDE5A	Phosphodiesterase inhibitor	Clc1ccc2ncnc(NCc3ccc4OCOc4c3)c2c1	CNODHOSDWZLJGA-UHFFFAOYSA-N	mbcq	True
mif_cd74_receptor_state	similar	49	6a15f499a244fe002d77fe24	0.000242669740579655	9.72492726834211	3.32870830955725e-06	CPC016_A549_24H:BRD-K08547377-003-03-2:10	0.571428571428571	-1.7753590372615105	BRD-K08547377	irinotecan	TOP1	Topoisomerase inhibitor	CCc1c2Cn3c(cc4c(COC(=O)[C@]4(O)CC)c3=O)-c2nc2ccc(OC(=O)N3CCC(CC3)N3CCCCC3)cc12	UWKQSNNFCGGAFS-XIFFEERXSA-N		True
mif_cd74_receptor_state	similar	50	6a15f499a244fe002d77fe24	0.000247514273053829	8.882205962509905	4.39997107603457e-06	CPC013_A549_24H:BRD-K89839824-001-01-2:10	0.571428571428571	-1.6581952313830772	BRD-K89839824	raltitrexed	TYMS	Thymidylate synthase inhibitor	CN(Cc1ccc2[nH]c(C)nc(=O)c2c1)c1ccc(s1)C(=O)N[C@@H](CCC(O)=O)C(O)=O	IVTVGDXNLFLDRM-HNNXBMFYSA-N		True
ifn_lysosomal_apc_state	opposite	1	6a15f4a8a244fe002d77fe25	2.85209566712362e-08	-19.461953479995742	3.09020646939038e-12	CPC019_A375_6H:BRD-K05197617-001-05-8:10	-0.529411764705882	1.6908716194345974	BRD-K05197617	BRD-K05197617			Cc1ccc2nc(Nc3ccccc3)cc(C)c2c1	BFOWTYGBWYCXKR-UHFFFAOYSA-N		True
ifn_lysosomal_apc_state	opposite	2	6a15f4a8a244fe002d77fe25	5.32061205077654e-07	-16.97519463106708	4.10147860673283e-10	CPC005_A375_24H:BRD-K69023402-001-02-5:10	-0.470588235294118	1.8083612383373078	BRD-K69023402	thapsigargin	ATP2A1	ATPase inhibitor	CCCCCCCC(=O)O[C@@H]1[C@@H](OC(=O)/C(=CC)/C)C(=C2[C@@H]3OC(=O)[C@@](C)(O)[C@@]3(O)[C@H](C[C@](C)(OC(=O)C)[C@@H]12)OC(=O)CCC)C	IXFPJGBNCFXKPI-FSIHEZPISA-N		True
ifn_lysosomal_apc_state	opposite	3	6a15f4a8a244fe002d77fe25	3.70923459088819e-07	-16.972606567312337	2.26048297875241e-10	CPC006_WSUDLCL2_6H:BRD-A20131130-001-01-7:10	-0.470588235294118	1.7595853896283598	BRD-A20131130	BRD-A20131130			CC1OC(CC1O)n1cnc2c(N)ncnc12	FFHPXOJTVQDVMO-UHFFFAOYSA-N	2',5'-dideoxyadenosine	True
ifn_lysosomal_apc_state	opposite	4	6a15f4a8a244fe002d77fe25	4.70712929556801e-06	-15.376579635335606	5.61980551897766e-09	CPC002_PC3_24H:BRD-K34092021-001-02-3:10	-0.411764705882353	1.8637648701652079	BRD-K34092021	arvanil	CNR1	TRPV agonist	CCCCC/C=CC/C=CC/C=CC/C=CCCCC(=O)NCc1ccc(O)c(OC)c1	QVLMCRFQGHWOPM-ZKWNWVNESA-N		True
ifn_lysosomal_apc_state	opposite	5	6a15f4a8a244fe002d77fe25	4.71443193564889e-06	-13.566742408632491	7.97273432872337e-09	DEB001_MCF7_6H:BRD-A39996500-001-01-4:10	-0.411764705882353	1.6752388898327801	BRD-A39996500	radicicol			CC1CC2OC2C=CC=CC(=O)Cc2c(Cl)c(O)cc(O)c2C(=O)O1	WYZWZEOGROVVHK-ZUVMSYQZSA-N		True
ifn_lysosomal_apc_state	opposite	6	6a15f4a8a244fe002d77fe25	4.71443193564889e-06	-13.819174896091129	8.35060401487715e-09	CPC014_VCAP_6H:BRD-A26595446-001-08-1:10	-0.411764705882353	1.710657625946057	BRD-A26595446	BRD-A26595446			Cc1cccc(C)c1NC(=O)C(Cl)C(=O)c2ccccc2	FPMBWSWPBUTVSU-UHFFFAOYSA-N		True
ifn_lysosomal_apc_state	opposite	7	6a15f4a8a244fe002d77fe25	4.7161861024928e-06	-14.11547676636583	1.17879864740295e-08	CPC006_A375_24H:BRD-K61323504-001-03-2:11.1	-0.411764705882353	1.7803328858708296	BRD-K61323504	SB-225002	CXCR2	CCK receptor antagonist	Oc1cc(ccc1NC(=O)Nc1ccccc1Br)[N+]([O-])=O	MQBZVUNNWUIPMK-UHFFFAOYSA-N		True
ifn_lysosomal_apc_state	opposite	8	6a15f4a8a244fe002d77fe25	4.88465195996193e-06	-12.76715642196588	1.28605334662324e-08	LJP001_MDAMB231_24H:BRD-K64890080-001-09-6:10	-0.411764705882353	1.6179920739866818	BRD-K64890080	BI-2536	PLK1	PLK inhibitor	CC[C@H]1N(C2CCCC2)c2nc(Nc3ccc(cc3OC)C(=O)NC3CCN(C)CC3)ncc2N(C)C1=O	XQVVPGYIWAGRNI-JOCHJYFZSA-N		True
ifn_lysosomal_apc_state	opposite	9	6a15f4a8a244fe002d77fe25	4.70712929556801e-06	-14.82274321283012	7.14717475792288e-09	CPC006_VCAP_6H:BRD-K64642496-001-01-6:40	-0.411764705882353	1.8196645934363154	BRD-K64642496	KO-143	ABCG2	Breast cancer resistance protein inhibitor	COc1ccc2c3C[C@@H]4N([C@@H](CC(C)C)c3[nH]c2c1)C(=O)[C@H](CCC(=O)OC(C)(C)C)NC4=O	NXNRAECHCJZNRF-JBACZVJFSA-N		True
ifn_lysosomal_apc_state	opposite	10	6a15f4a8a244fe002d77fe25	4.71443193564889e-06	-14.390388546436828	1.01692757844085e-08	CPC007_HA1E_24H:BRD-K39345836-001-05-8:10	-0.411764705882353	1.800439224239123	BRD-K39345836	BRD-K39345836			Cn1nnnc1Sc2ncnc3scc(c4ccccc4)c23	HIPMWEIBNDUPSH-UHFFFAOYSA-N		True
ifn_lysosomal_apc_state	opposite	11	6a15f4a8a244fe002d77fe25	4.70712929556801e-06	-14.387397878432147	7.14717475792288e-09	CPC011_A375_6H:BRD-K82109576-065-20-2:10	-0.411764705882353	1.766220876605547	BRD-K82109576	vincristine	TUBB	Tubulin inhibitor	CC[C@]1(O)C[C@@H]2CN(C1)CCc3c([nH]c4ccccc34)[C@@](C2)(C(=O)OC)c5cc6c(cc5OC)N(C=O)[C@@H]7[C@@]86CCN9CC=C[C@](CC)([C@H]98)[C@@H](OC(=O)C)[C@]7(O)C(=O)OC	OGWKCGZFUXNPDA-CFWMRBGOSA-N		True
ifn_lysosomal_apc_state	opposite	12	6a15f4a8a244fe002d77fe25	4.71443193564889e-06	-14.66526833992302	1.01692757844085e-08	CPC003_HA1E_6H:BRD-K30296925-001-02-1:10	-0.411764705882353	1.834830537617929	BRD-K30296925	flavokavain-b	IKBKB	Anti-cancer agent	COc1cc(O)c(C(=O)/C=C/c2ccccc2)c(OC)c1	QKQLSQLKXBHUSO-CMDGGOBGSA-N		True
ifn_lysosomal_apc_state	opposite	13	6a15f4a8a244fe002d77fe25	5.87567820342275e-05	-10.98277098445736	3.43975311599362e-07	CPC015_NPC_24H:BRD-K42500029-001-01-9:10	-0.352941176470588	1.699205898733431	BRD-K42500029	CGP-57380	MKNK1	MAP kinase inhibitor	Nc1ncnc2[nH]nc(Nc3ccc(F)cc3)c12	UQPMANVRZYYQMD-UHFFFAOYSA-N		True
ifn_lysosomal_apc_state	opposite	14	6a15f4a8a244fe002d77fe25	6.31856757535873e-05	-11.333198825888434	4.75268929259153e-07	CPC006_A375_24H:BRD-K92301463-001-03-0:10	-0.352941176470588	1.7923596790219292	BRD-K92301463	BRD-K92301463			CCCCC(C)(C)[C@H](O)C=C[C@H]1[C@H](O)CC(=O)[C@@H]1CC=C/CCCC(O)=O	QAOBBBBDJSWHMU-WMBBNPMCSA-N	16,16-dimethylprostaglandin-e2	True
ifn_lysosomal_apc_state	opposite	15	6a15f4a8a244fe002d77fe25	5.87567820342275e-05	-10.855979967315806	3.18384617944691e-07	CPC019_VCAP_6H:BRD-K30468800-001-01-8:10	-0.352941176470588	1.6709096341838658	BRD-K30468800	BRD-K30468800			C[C@H](CO)N1C[C@@H](C)[C@H](CN(C)Cc2ccc(Cl)c(Cl)c2)Oc3ccc(NC(=O)c4ccncc4)cc3C1=O	GNLIZSFOCYRQDY-KFDHSVMUSA-N		True
ifn_lysosomal_apc_state	opposite	16	6a15f4a8a244fe002d77fe25	6.03624873173514e-05	-10.610461329784936	4.25832679339394e-07	CPC017_ASC_24H:BRD-A20968261-001-01-3:10	-0.352941176470588	1.6654935428117261	BRD-A20968261	WAY-213613	SLC1A2	Glutamate inhibitor	NC(CC(=O)Nc1ccc(Oc2cc(F)c(F)cc2Br)cc1)C(=O)O	BNYDDAAZMBUFRG-UHFFFAOYSA-N		True
ifn_lysosomal_apc_state	opposite	17	6a15f4a8a244fe002d77fe25	5.87567820342275e-05	-11.272585056707127	3.90379061209388e-07	CPC006_HT29_24H:BRD-K90382497-001-03-2:10	-0.352941176470588	1.7590015350174069	BRD-K90382497	GW-843682X	PLK3	PLK inhibitor	COc1cc2ncn(-c3cc(OCc4ccccc4C(F)(F)F)c(s3)C(N)=O)c2cc1OC	JSKUWFIZUALZLX-UHFFFAOYSA-N		True
ifn_lysosomal_apc_state	opposite	18	6a15f4a8a244fe002d77fe25	5.87567820342275e-05	-11.2032389194609	2.61188532468417e-07	CPC019_A375_6H:BRD-K35024477-001-01-6:10	-0.352941176470588	1.7018321151884814	BRD-K35024477	BRD-K35024477			C[C@H](CO)N1C[C@H](C)[C@H](CN(C)Cc2ccc(Cl)c(Cl)c2)Oc3ccc(NC(=O)c4ccncc4)cc3C1=O	GNLIZSFOCYRQDY-CUMRGQLISA-N		True
ifn_lysosomal_apc_state	opposite	19	6a15f4a8a244fe002d77fe25	5.87567820342275e-05	-12.060641024749144	2.71891449187255e-07	CPC004_VCAP_24H:BRD-K52219182-001-01-6:10	-0.352941176470588	1.8369429830429616	BRD-K52219182	ICI-63197			CCCn1c2nc(N)nn2cc(C)c1=O	UQDVRVNMIJAGRK-UHFFFAOYSA-N		True
ifn_lysosomal_apc_state	opposite	20	6a15f4a8a244fe002d77fe25	6.03624873173514e-05	-11.465620672655405	4.20611561283382e-07	CPC005_VCAP_24H:BRD-K84895041-001-01-6:10	-0.352941176470588	1.7982131517470004	BRD-K84895041	BMY-45778	PTGIR	IP receptor activator	OC(=O)COc1cccc(c1)-c1ocnc1-c1nc(c(o1)-c1ccccc1)-c1ccccc1	DSRSEEYZGWTODH-UHFFFAOYSA-N		True
ifn_lysosomal_apc_state	opposite	21	6a15f4a8a244fe002d77fe25	6.03624873173514e-05	-11.586956961065882	4.25832679339394e-07	CPC001_HA1E_6H:BRD-K08502430-001-01-0:10	-0.352941176470588	1.818771248458408	BRD-K08502430	angiogenesis-inhibitor	EGFR	Angiogenesis inhibitor	O=C/1Nc2ccccc2C1=C/c3c[nH]cn3	VEEGZPWAAPPXRB-BJMVGYQFSA-N		True
ifn_lysosomal_apc_state	opposite	22	6a15f4a8a244fe002d77fe25	5.87567820342275e-05	-10.707519840654927	3.43975311599362e-07	ERG004_VCAP_6H:BRD-K50204028-001-01-8:30	-0.352941176470588	1.656620255470532	BRD-K50204028	BRD-K50204028			C[C@@H](CO)N1C[C@@H](C)[C@@H](CN(C)C(=O)Nc2cccc3ccccc23)OCCCC[C@@H](C)Oc4ccc(NC(=O)c5ccncc5)cc4C1=O	UHIMEEWAODCTDO-XRMYXDSJSA-N		True
ifn_lysosomal_apc_state	opposite	23	6a15f4a8a244fe002d77fe25	5.87567820342275e-05	-11.60150241916415	3.43975311599362e-07	CPC006_A375_24H:BRD-K33583600-001-09-6:10	-0.352941176470588	1.7949332980458117	BRD-K33583600	BRD-K33583600			Oc1ccc(cc1)C=CC(=O)c1ccc(O)cc1O	DXDRHHKMWQZJHT-FPYGCLRLSA-N	isoliquiritigenin	True
ifn_lysosomal_apc_state	opposite	24	6a15f4a8a244fe002d77fe25	5.87567820342275e-05	-11.590946164451557	2.71891449187255e-07	CPC012_NPC_24H:BRD-K05562558-001-01-3:10	-0.352941176470588	1.7654042749407575	BRD-K05562558	BRD-K05562558			Oc1ccccc1NC(=O)CCCCCCC(=O)N/N=C/c2ccc(s2)[N+](=O)[O-]	IOMNPNGPPQOBNJ-DEDYPNTBSA-N		True
ifn_lysosomal_apc_state	opposite	25	6a15f4a8a244fe002d77fe25	3.07544512029992e-05	-13.371809411005424	9.19565921648228e-08	CPC007_HT29_6H:BRD-K72864428-001-02-7:10	-0.352941176470588	1.9003719024511052	BRD-K72864428	BRD-K72864428			CS(=O)(=O)C(=Cc1cccn1S(=O)(=O)c1cccc2ccccc12)C#N	NSFRRADKFRJNDA-FOWTUZBSSA-N		True
ifn_lysosomal_apc_state	opposite	26	6a15f4a8a244fe002d77fe25	6.03624873173514e-05	-10.268533334254661	4.20611561283382e-07	ERG004_VCAP_24H:BRD-A72596465-001-01-3:30	-0.352941176470588	1.610467694509273	BRD-A72596465	GW-6471	PPARA	PPAR receptor antagonist	CCOC(=O)NCC(Cc1ccc(OCCc2nc(oc2C)c3ccccc3)cc1)NC(=CC(=O)c4ccc(cc4)C(F)(F)F)C	UEPVEQWUZJXOKB-UHFFFAOYSA-N		True
ifn_lysosomal_apc_state	opposite	27	6a15f4a8a244fe002d77fe25	5.87567820342275e-05	-11.048317755923561	3.57391732031057e-07	CPC014_VCAP_24H:BRD-K05396879-001-05-9:10	-0.352941176470588	1.7137529696513576	BRD-K05396879	BRD-K05396879			CCCCC/C=C/C=C/1[C@@H](C/C=CCCCC(=O)O)C=CC1=O	VHRUMKCAEVRUBK-GODQJPCRSA-N	15-delta-prostaglandin-j2	True
ifn_lysosomal_apc_state	opposite	28	6a15f4a8a244fe002d77fe25	7.47387429893282e-05	-11.061495597897231	5.88356569585919e-07	CPC004_PC3_24H:BRD-K39256324-001-01-5:10	-0.352941176470588	1.7754185433644603	BRD-K39256324	rottlerin			CC(=O)c1c(O)c(C)c(O)c(Cc2c(O)c(C(=O)C=Cc3ccccc3)c4OC(C)(C)C=Cc4c2O)c1O	DEZFNHCVIZBHBI-UHFFFAOYSA-N		True
ifn_lysosomal_apc_state	opposite	29	6a15f4a8a244fe002d77fe25	5.87567820342275e-05	-11.690597573938417	3.71236035523132e-07	CPC004_PC3_6H:BRD-K30867024-003-01-7:10	-0.352941176470588	1.8180344465328777	BRD-K30867024	SB-216641	HTR1B	Serotonin receptor antagonist	COc1ccc(NC(=O)c2ccc(cc2)-c2ccc(cc2C)-c2noc(C)n2)cc1OCCN(C)C	JRNUKVFYILMMLX-UHFFFAOYSA-N		True
ifn_lysosomal_apc_state	opposite	30	6a15f4a8a244fe002d77fe25	5.87567820342275e-05	-10.703910363689767	2.75538343589817e-07	LJP001_MDAMB231_24H:BRD-K53561341-001-03-4:10	-0.352941176470588	1.631738934577628	BRD-K53561341	KIN-001-220			CCN1CCN(CC1)C(=O)Cc1ccc(Nc2ncc(F)c(Nc3ccc(cc3)C(=O)Nc3ccccc3Cl)n2)cc1	AKSIZPIFQAYJGF-UHFFFAOYSA-N	aurora-a-inhibitor-i	True
ifn_lysosomal_apc_state	opposite	31	6a15f4a8a244fe002d77fe25	5.87567820342275e-05	-10.43011191946822	3.18384617944691e-07	LJP002_MDAMB231_6H:BRD-K41859756-001-03-5:2	-0.352941176470588	1.6053617033492487	BRD-K41859756	NVP-AUY922	HSP90AA1	HSP inhibitor	CCNC(=O)c1noc(c1-c1ccc(CN2CCOCC2)cc1)-c1cc(C(C)C)c(O)cc1O	NDAZATDQFDPQBD-UHFFFAOYSA-N		True
ifn_lysosomal_apc_state	opposite	32	6a15f4a8a244fe002d77fe25	6.13340618985539e-05	-11.063086624873145	4.52745066690253e-07	CPC007_A375_24H:BRD-K84203638-019-03-0:10	-0.352941176470588	1.7438259063345858	BRD-K84203638	BRD-K84203638			Cc1ccnc(NC(=O)CCCOc2cc(=O)n(C)c3ccccc23)c1	KRZBWKRPRKNWHY-UHFFFAOYSA-N		True
ifn_lysosomal_apc_state	opposite	33	6a15f4a8a244fe002d77fe25	6.09760480042738e-05	-11.125735382487234	4.47253593247727e-07	CPC006_SKMEL28_6H:BRD-K41895714-001-02-2:10	-0.352941176470588	1.752237139949446	BRD-K41895714	AS-605240	PIK3CG	PI3K inhibitor	O=C1NC(=O)C(S1)=C/c1ccc2nccnc2c1	SQWZFLMPDUSYGV-UXBLZVDNSA-N		True
ifn_lysosomal_apc_state	opposite	34	6a15f4a8a244fe002d77fe25	6.0708093070791e-05	-11.51460099216388	4.31107017064647e-07	CPC004_VCAP_24H:BRD-A01643550-001-03-1:10	-0.352941176470588	1.8089317284621114	BRD-A01643550	prednisolone-acetate	NR3C1	Glucocorticoid receptor agonist	CC(=O)OCC(=O)[C@@]1(O)CCC2C3CCC4=CC(=O)C=CC4(C)C3[C@@H](O)C[C@]12C	LRJOMUJRLNCICJ-AUGMLKDDSA-N		True
ifn_lysosomal_apc_state	opposite	35	6a15f4a8a244fe002d77fe25	6.09760480042738e-05	-11.201360157681973	4.47253593247727e-07	CPC006_HCC515_24H:BRD-K87947369-001-01-6:10	-0.352941176470588	1.7641475921794294	BRD-K87947369	tozasertib	FLT3	JAK inhibitor	CN1CCN(CC1)c2cc(Nc3cc(C)n[nH]3)nc(Sc4ccc(NC(=O)C5CC5)cc4)n2	GCIKSSRWRFVXBI-UHFFFAOYSA-N		True
ifn_lysosomal_apc_state	opposite	36	6a15f4a8a244fe002d77fe25	5.87567820342275e-05	-11.997962414450159	2.61188532468417e-07	CPC006_A375_24H:BRD-K61829047-001-01-6:10	-0.352941176470588	1.8225548790419042	BRD-K61829047	7b-cis	XPO1	Exportin antagonist	CCOC(=O)C=C/n1nnc(n1)-c1cccc(Cl)c1	AICKZRPQDLFSPA-SREVYHEPSA-N	7B-CIS	True
ifn_lysosomal_apc_state	opposite	37	6a15f4a8a244fe002d77fe25	5.87567820342275e-05	-11.340132053438738	2.98276099787126e-07	CPC012_HT29_6H:BRD-K98004941-001-01-0:10	-0.352941176470588	1.7378496531474472	BRD-K98004941	BRD-K98004941			C[C@H](CO)N1C[C@H](C)[C@@H](CN(C)Cc2ccc(cc2)C(F)(F)F)OCCCC[C@@H](C)Oc3ccc(NC(=O)C4CCCCC4)cc3C1=O	RGDWZLATWUCGFS-GLBCCIBASA-N		True
ifn_lysosomal_apc_state	opposite	38	6a15f4a8a244fe002d77fe25	5.87567820342275e-05	-10.944999664873114	3.57391732031057e-07	CPC016_ASC_24H:BRD-K89930444-001-01-9:10	-0.352941176470588	1.6977268479133691	BRD-K89930444	AG-592			Oc1ccc(/C=C(C#N)/C(=O)NC2CCC(CC3CCC(CC3)NC(=O)C(=Cc4ccc(O)c(O)c4)C#N)CC2)cc1O	VEPQEAOWDILSHB-KOJZRSEWSA-N		True
ifn_lysosomal_apc_state	opposite	39	6a15f4a8a244fe002d77fe25	0.000587198249401638	-9.322098615392779	7.20199981085986e-06	CPC005_VCAP_24H:BRD-K50464341-001-02-6:10	-0.294117647058824	1.812739641829626	BRD-K50464341	berbamine	CALM1	Calmodulin antagonist	COc1cc2CCN(C)[C@@H]3Cc4ccc(OC(=O)c5ccc(cc5)[N+](=O)[O-])c(Oc6ccc(C[C@@H]7N(C)CCc8cc(OC)c(Oc(c1OC)c32)cc78)cc6)c4	PUAVTDKYTXNVBU-OIDHKYIRSA-N		True
ifn_lysosomal_apc_state	opposite	40	6a15f4a8a244fe002d77fe25	0.000642646445488063	-7.602150576686105	1.36458599581548e-05	LJP001_MDAMB231_24H:BRD-K64890080-001-09-6:0.4	-0.294117647058824	1.562621171354987	BRD-K64890080	BI-2536	PLK1	PLK inhibitor	CC[C@H]1N(C2CCCC2)c2nc(Nc3ccc(cc3OC)C(=O)NC3CCN(C)CC3)ncc2N(C)C1=O	XQVVPGYIWAGRNI-JOCHJYFZSA-N		True
ifn_lysosomal_apc_state	opposite	41	6a15f4a8a244fe002d77fe25	0.000587198249401638	-8.918733314759105	7.95944237292692e-06	CPC012_MCF7_6H:BRD-K05562558-001-01-3:10	-0.294117647058824	1.7490739455311957	BRD-K05562558	BRD-K05562558			Oc1ccccc1NC(=O)CCCCCCC(=O)N/N=C/c2ccc(s2)[N+](=O)[O-]	IOMNPNGPPQOBNJ-DEDYPNTBSA-N		True
ifn_lysosomal_apc_state	opposite	42	6a15f4a8a244fe002d77fe25	0.000587198249401638	-8.601527641099688	1.00756355899437e-05	CPC011_VCAP_24H:BRD-K71430621-001-02-3:10	-0.294117647058824	1.7214321889881108	BRD-K71430621	clobenpropit	HRH3	Histamine receptor antagonist	Clc1ccc(CNC(=N)SCCCc2c[nH]cn2)cc1	UCAIEVHKDLMIFL-UHFFFAOYSA-N		True
ifn_lysosomal_apc_state	opposite	43	6a15f4a8a244fe002d77fe25	0.000587198249401638	-9.393681439897007	7.95944237292692e-06	CPC005_A375_24H:BRD-A56020723-001-02-0:10	-0.294117647058824	1.84221714892566	BRD-A56020723	CA-074-Me	CTSB	Cathepsin inhibitor	CCCNC(=O)[C@H]1O[C@@H]1C(=O)N[C@@H](C(C)CC)C(=O)N2CCC[C@H]2C(=O)OC	XGWSRLSPWIEMLQ-RQLZCWDZSA-N		True
ifn_lysosomal_apc_state	opposite	44	6a15f4a8a244fe002d77fe25	0.000587198249401638	-8.183865744318917	1.06129291517651e-05	CPC019_MCF7_6H:BRD-K00429057-001-01-6:10	-0.294117647058824	1.6452743687397693	BRD-K00429057	BRD-K00429057			C[C@H](CO)N1C[C@H](C)[C@@H](CN(C)C(=O)Nc2ccc(F)cc2)OCCCC[C@H](C)Oc3ccc(NS(=O)(=O)c4ccccc4)cc3C1=O	NWAOHTRJRZZISF-FMALNZMYSA-N		True
ifn_lysosomal_apc_state	opposite	45	6a15f4a8a244fe002d77fe25	0.000592692602230259	-8.341930059421376	1.15190788165006e-05	CPC012_SKB_24H:BRD-K72615639-001-01-0:10	-0.294117647058824	1.689134580912198	BRD-K72615639	BRD-K72615639			Oc1ccccc1C(=O)N/N=C/c2cc(Br)cc(Br)c2O	FWCLTYYMXFHMFZ-REZTVBANSA-N		True
ifn_lysosomal_apc_state	opposite	46	6a15f4a8a244fe002d77fe25	0.000587198249401638	-9.102088340715257	8.22534996493227e-06	CPC007_HA1E_6H:BRD-K10057859-001-02-1:10	-0.294117647058824	1.7900422215087528	BRD-K10057859	BRD-K10057859			CS(=O)(=O)c1ccc(cc1[N+]([O-])=O)C(=O)OCC(=O)N1CCOCC1	YYDWZZCRNMLZSH-UHFFFAOYSA-N		True
ifn_lysosomal_apc_state	opposite	47	6a15f4a8a244fe002d77fe25	0.0006005436451972	-8.770544252330557	1.19943193404099e-05	CPC006_A375_24H:BRD-K30707190-001-02-5:80	-0.294117647058824	1.7822598615032381	BRD-K30707190	PNU-74654	CTNNB1	Beta-catenin inhibitor	Cc1ccc(C=NNC(=O)c2ccccc2Oc2ccccc2)o1	JJEDWBQZCRESJL-DEDYPNTBSA-N		True
ifn_lysosomal_apc_state	opposite	48	6a15f4a8a244fe002d77fe25	0.000587198249401638	-8.761729949925737	9.35952737116796e-06	CPC012_HCC515_6H:BRD-K03736784-001-01-1:10	-0.294117647058824	1.7423289639707686	BRD-K03736784	BRD-K03736784						True
ifn_lysosomal_apc_state	opposite	49	6a15f4a8a244fe002d77fe25	0.000587198249401638	-8.163578196247721	8.59068779923874e-06	MUC.CP001_NKDBA_24H:BRD-K94127894-001-01-0:10.2021	-0.294117647058824	1.6114534572217598	BRD-K94127894	SA-89068			C[C@@H](CO)N1C[C@@H](C)[C@@H](CN(C)Cc2ccc3OCOc3c2)Oc4ccc(NC(=O)Cc5cn(C)c6ccccc56)cc4C1=O	JVQYZDSRPVTFBX-SOTYFPCESA-N		True
ifn_lysosomal_apc_state	opposite	50	6a15f4a8a244fe002d77fe25	0.000587198249401638	-8.577515037340971	1.07230330257043e-05	CPC008_A549_6H:BRD-K30351863-019-01-2:10	-0.294117647058824	1.725968466825397	BRD-K30351863	BRD-K30351863	APEX1	APEX inhibitor	CC(=O)Nc1sc2CNCc2c1-c1nc2ccccc2s1	MODNMLYGANOZDZ-UHFFFAOYSA-N		True
ifn_lysosomal_apc_state	similar	1	6a15f4a8a244fe002d77fe25	2.85209566712362e-08	20.76308518571136	5.63738320997782e-12	PCLB002_HCC515_24H:BRD-K02130563:0.37	0.529411764705882	-1.8457843666505438	BRD-K02130563	panobinostat	HDAC1	HDAC inhibitor	Cc1[nH]c2ccccc2c1CCNCc1ccc(C=CC(=O)NO)cc1	FPOHNWQLNRZRFC-ZHACJKMWSA-N		True
ifn_lysosomal_apc_state	similar	2	6a15f4a8a244fe002d77fe25	2.85209566712362e-08	20.386078593414137	5.63738320997782e-12	KMS002_NOMO1_24H:BRD-K49010888-001-01-2:1.12	0.529411764705882	-1.8122694594023043	BRD-K49010888	BRD-K49010888			C[C@H](CO)N1C[C@H](C)[C@H](CN(C)Cc2ccc(cc2)c3ccccc3)Oc4ccc(NC(=O)CCCCCC(=O)Nc5ccccc5N)cc4CC1=O	VYCOOHAMPRTWAW-YHPNNPEYSA-N		True
ifn_lysosomal_apc_state	similar	3	6a15f4a8a244fe002d77fe25	2.85209566712362e-08	20.650836563751003	4.23628277318996e-12	LJP001_MCF7_6H:BRD-K99545815-001-02-2:10	0.529411764705882	-1.81577501285994	BRD-K99545815	PF-562271	PTK2B	Focal adhesion kinase inhibitor	CN(c1ncccc1CNc1nc(Nc2ccc3NC(=O)Cc3c2)ncc1C(F)(F)F)S(C)(=O)=O	MZDKLVOWGIOKTN-UHFFFAOYSA-N		True
ifn_lysosomal_apc_state	similar	4	6a15f4a8a244fe002d77fe25	2.85209566712362e-08	20.802881249985223	4.48880152768723e-12	LJP002_MDAMB231_24H:BRD-K19220233-001-02-3:10	0.529411764705882	-1.833197066029179	BRD-K19220233	JNK-9L	MAPK8	JNK inhibitor	N#Cc1cc(cc(c1)-c1ccnc(Nc2ccc(cc2)-n2cnc(n2)-c2cccnc2)n1)N1CCOCC1	VCUNSUCAAIMDKU-UHFFFAOYSA-N		True
ifn_lysosomal_apc_state	similar	5	6a15f4a8a244fe002d77fe25	3.95586454160705e-07	16.95629651968454	2.67981199529549e-10	CPC018_SKB_24H:BRD-K04010869-001-02-6:10	0.470588235294118	-1.7714669171641717	BRD-K04010869	prostaglandin-a1			CCCCC[C@H](O)/C=C/[C@H]1C=CC(=O)[C@@H]1CCCCCCC(=O)O	BGKHCLZFGPIKKU-LDDQNKHRSA-N	PROSTAGLANDIN-A1	True
ifn_lysosomal_apc_state	similar	6	6a15f4a8a244fe002d77fe25	5.62138661242305e-07	16.669314432081105	4.72727506008619e-10	PCLB002_HCC515_24H:BRD-K02130563:3.33	0.470588235294118	-1.7875194487537671	BRD-K02130563	panobinostat	HDAC1	HDAC inhibitor	Cc1[nH]c2ccccc2c1CCNCc1ccc(C=CC(=O)NO)cc1	FPOHNWQLNRZRFC-ZHACJKMWSA-N		True
ifn_lysosomal_apc_state	similar	7	6a15f4a8a244fe002d77fe25	5.06434161920695e-07	14.976329654094963	3.54902587250832e-10	CPC002_PC3_6H:BRD-K07762753-001-02-8:10	0.470588235294118	-1.5848150964059398	BRD-K07762753	aminopurvalanol-a	CDK2	CDK inhibitor	CC(C)[C@H](CO)Nc1nc(Nc2cc(N)cc(Cl)c2)c2ncn(C(C)C)c2n1	RAMROQQYRRQPDL-HNNXBMFYSA-N		True
ifn_lysosomal_apc_state	similar	8	6a15f4a8a244fe002d77fe25	5.33089326788859e-07	16.738358000132166	4.23393144217833e-10	LJP002_MCF7_24H:BRD-K19220233-001-02-3:2	0.470588235294118	-1.7857570177604014	BRD-K19220233	JNK-9L	MAPK8	JNK inhibitor	N#Cc1cc(cc(c1)-c1ccnc(Nc2ccc(cc2)-n2cnc(n2)-c2cccnc2)n1)N1CCOCC1	VCUNSUCAAIMDKU-UHFFFAOYSA-N		True
ifn_lysosomal_apc_state	similar	9	6a15f4a8a244fe002d77fe25	3.70923459088819e-07	17.280265773522792	2.10948787988582e-10	CPC015_A549_24H:BRD-K95435023-001-01-0:10	0.470588235294118	-1.7859220693778046	BRD-K95435023	PHA-665752	MET	C-Met inhibitor	Cc1[nH]c(C=C2/C(=O)Nc3ccc(cc23)S(=O)(=O)Cc2c(Cl)cccc2Cl)c(C)c1C(=O)N1CCC[C@@H]1CN1CCCC1	OYONTEXKYJZFHA-SSHUPFPWSA-N		True
ifn_lysosomal_apc_state	similar	10	6a15f4a8a244fe002d77fe25	3.70923459088819e-07	16.113219142933936	2.07314049145313e-10	CPC006_HCC515_24H:BRD-A13122391-001-01-9:0.08	0.470588235294118	-1.6640092278310255	BRD-A13122391	triptolide			CC(C)[C@@]12O[C@H]2[C@@H]3O[C@]34[C@]5(O[C@H]5CC6C7=C(CC[C@@]64C)C(=O)OC7)[C@@H]1O	DFBIRQPKNDILPW-KTGKZQHOSA-N		True
ifn_lysosomal_apc_state	similar	11	6a15f4a8a244fe002d77fe25	5.14690785267482e-07	15.235074811333133	3.84734638243347e-10	CPC006_A375_24H:BRD-K86574132-001-04-9:48	0.470588235294118	-1.6181981739456441	BRD-K86574132	BRD-K86574132			CC(C)N1C(=O)S/C(=C/c2ccc(Sc3nc4ccccc4[nH]3)o2)/C1=O	PMGRYRIPEBUYKR-NTEUORMPSA-N		True
ifn_lysosomal_apc_state	similar	12	6a15f4a8a244fe002d77fe25	4.71443193564889e-06	14.429981240879775	8.47989774279308e-09	CPC019_A549_6H:BRD-K77480336-001-02-8:10	0.411764705882353	-1.7877452380317749	BRD-K77480336	BRD-K77480336			COc1ccc(/N=c/2cc(oc3ccc(O)cc23)c4ccc(OC)cc4)cc1	GZBUZCUHQUUESZ-DARPEHSRSA-N		True
ifn_lysosomal_apc_state	similar	13	6a15f4a8a244fe002d77fe25	4.71443193564889e-06	14.598377881681591	8.09704024890354e-09	CVD001_PHH_6H:BRD-K37312348-001-05-1:3.825	0.411764705882353	-1.8041234013449392	BRD-K37312348	kenpaullone	CDK5	CDK inhibitor	Brc1ccc2[nH]c-3c(CC(=O)Nc4ccccc-34)c2c1	QQUXFYAWXPMDOE-UHFFFAOYSA-N		True
ifn_lysosomal_apc_state	similar	14	6a15f4a8a244fe002d77fe25	4.70712929556801e-06	14.112840132718182	6.92511786372375e-09	CPC013_SKB_24H:BRD-A90643929-001-01-1:10	0.411764705882353	-1.7296052655792404	BRD-A90643929	BRD-A90643929			OCCOc1ccccc1C1N2C(C(C(=O)NCC(O)c3ccccc3)C11C(=O)Nc3ccc(cc13)C#CC1=CCCCC1)C(=O)OC(C2c1ccccc1)c1ccccc1	GCRFRIPIRUDQRJ-UHFFFAOYSA-N		True
ifn_lysosomal_apc_state	similar	15	6a15f4a8a244fe002d77fe25	4.70712929556801e-06	14.13408346865642	5.43891599427456e-09	CPC008_HT29_6H:BRD-K33297438-001-04-2:10	0.411764705882353	-1.7102189596062363	BRD-K33297438	BRD-K33297438			Oc1nc(nc2ccccc12)c3ccc(o3)c4cccc(Cl)c4	HNUSJPTYXPMREL-UHFFFAOYSA-N		True
ifn_lysosomal_apc_state	similar	16	6a15f4a8a244fe002d77fe25	4.71443193564889e-06	14.246346213314826	1.04769275060281e-08	CPC020_MCF7_24H:BRD-K06666320-001-06-7:10	0.411764705882353	-1.7853087551908253	BRD-K06666320	MW-STK33-23			CCCn1c(NC(=O)c2cccc(c2)S(=O)(=O)N3CCCC3)nc4ccccc14	URSKZILGGPFGHW-UHFFFAOYSA-N		True
ifn_lysosomal_apc_state	similar	17	6a15f4a8a244fe002d77fe25	4.88465195996193e-06	13.723278584718503	1.32359930705128e-08	CPC016_SKB_24H:BRD-K72783841-001-01-0:10	0.411764705882353	-1.741921107024338	BRD-K72783841	BRD-K72783841			Oc1ccc(C=C(C#N)C(=O)NCCCc2ccccc2)cc1O	GSQOBTOAOGXIFL-UHFFFAOYSA-N	tyrphostin-AG-555	True
ifn_lysosomal_apc_state	similar	18	6a15f4a8a244fe002d77fe25	4.88465195996193e-06	12.919372770211528	1.30471152017555e-08	CPC006_T3M10_6H:BRD-A13122391-001-01-9:0.08	0.411764705882353	-1.6385815872737528	BRD-A13122391	triptolide			CC(C)[C@@]12O[C@H]2[C@@H]3O[C@]34[C@]5(O[C@H]5CC6C7=C(CC[C@@]64C)C(=O)OC7)[C@@H]1O	DFBIRQPKNDILPW-KTGKZQHOSA-N		True
ifn_lysosomal_apc_state	similar	19	6a15f4a8a244fe002d77fe25	4.88465195996193e-06	13.664736058203333	1.30471152017555e-08	CPC015_A549_24H:BRD-K29458283-001-17-4:10	0.411764705882353	-1.733117024965377	BRD-K29458283	chlorambucil			OC(=O)CCCc1ccc(cc1)N(CCCl)CCCl	JCKYGMPEJWAADB-UHFFFAOYSA-N		True
ifn_lysosomal_apc_state	similar	20	6a15f4a8a244fe002d77fe25	4.71443193564889e-06	13.634329304102286	1.01692757844085e-08	CPC012_A549_6H:BRD-K84855052-001-01-6:10	0.411764705882353	-1.7058456202266257	BRD-K84855052	BRD-K84855052			CC(=O)Nc1c(C#N)c(c(C#N)c(=O)n1c2ccc(C)cc2)c3ccccc3	CVYPURZTRLVZRF-UHFFFAOYSA-N		True
ifn_lysosomal_apc_state	similar	21	6a15f4a8a244fe002d77fe25	4.71443193564889e-06	13.143858223336785	1.06336976026307e-08	CPC006_A375_24H:BRD-A67788537-001-01-7:120	0.411764705882353	-1.6484808488095903	BRD-A67788537	salermide	SIRT2	SIRT inhibitor	CC(C(=O)Nc1cccc(c1)N=Cc1c(O)ccc2ccccc12)c1ccccc1	HQSSEGBEYORUBY-WPWMEQJKSA-N		True
ifn_lysosomal_apc_state	similar	22	6a15f4a8a244fe002d77fe25	3.7469807782695e-06	14.500665030909959	3.5011149788778e-09	CPC006_HT29_24H:BRD-K21672174-001-02-2:160	0.411764705882353	-1.714879249829824	BRD-K21672174	Ro-28-1675	GCK	Glucokinase activator	CS(=O)(=O)c1ccc(cc1)[C@@H](CC1CCCC1)C(=O)Nc1nccs1	NEQSWPCDHDQINX-MRXNPFEDSA-N		True
ifn_lysosomal_apc_state	similar	23	6a15f4a8a244fe002d77fe25	4.70712929556801e-06	14.276591417757338	6.39549129318188e-09	CPC013_SKB_24H:BRD-K64881305-001-01-1:10	0.411764705882353	-1.742295793898799	BRD-K64881305	ispinesib	KIF11	Kinesin inhibitor	CC(C)[C@@H](N(CCCN)C(=O)c1ccc(C)cc1)c1nc2cc(Cl)ccc2c(=O)n1Cc1ccccc1	QJZRFPJCWMNVAV-HHHXNRCGSA-N		True
ifn_lysosomal_apc_state	similar	24	6a15f4a8a244fe002d77fe25	6.05291477923778e-06	13.020640114925367	1.75327952679456e-08	CPC015_A375_6H:BRD-A55416093-001-03-1:10	0.411764705882353	-1.6787506771866134	BRD-A55416093	colforsin	ADCY2	Adenylyl cyclase activator	CC(=O)O[C@H]1[C@@H](O)C2C(C)(C)CC[C@H](O)[C@]2(C)[C@@]2(O)C(=O)C[C@@](C)(O[C@]12C)C=C	OHCQJHSOBUTRHG-VDCUXWMXSA-N		True
ifn_lysosomal_apc_state	similar	25	6a15f4a8a244fe002d77fe25	6.25682306114105e-06	13.696221608246818	1.82695901012084e-08	MUC.CP002_NKDBA_24H:BRD-K94176593-001-02-9:1.7444	0.411764705882353	-1.7699330070749844	BRD-K94176593	TWS-119	GSK3B	GSK-3 inhibitor	Nc1cccc(c1)-c1cc2c(Oc3cccc(O)c3)ncnc2[nH]1	VPVLEBIVXZSOMQ-UHFFFAOYSA-N		True
ifn_lysosomal_apc_state	similar	26	6a15f4a8a244fe002d77fe25	5.67617090271006e-06	12.634256059382471	1.59111520550634e-08	CPC006_HA1E_24H:BRD-A52650764-001-01-0:10	0.411764705882353	-1.6201298608507626	BRD-A52650764	ingenol	PRKCD	PKC activator	CC1CC2C(C3C=C(COC(=O)c4ccccc4)C(O)C4(O)C(OC(=O)c5ccccc5)C(C)=CC14C3=O)C2(C)C	GIMKEHNOTHXONN-UHFFFAOYSA-N		True
ifn_lysosomal_apc_state	similar	27	6a15f4a8a244fe002d77fe25	2.53704481377424e-06	15.120539939002075	2.31130714889848e-09	CPC006_HA1E_24H:BRD-K45399554-001-03-2:10	0.411764705882353	-1.7508442251439416	BRD-K45399554	CAM-9-027-3			C[C@@H](CN(C)C)N1C[C@@H](C)[C@H](CN(C)S(=O)(=O)c2ccc(F)cc2)OCCCC[C@H](C)Oc2ccc(NC(=O)Nc3ccccc3)cc2C1=O	BKTXRPJVVXUPPO-PNCWTNKOSA-N		True
ifn_lysosomal_apc_state	similar	28	6a15f4a8a244fe002d77fe25	5.69425804338429e-06	13.058076301287262	1.63608993280915e-08	CPC012_PC3_24H:BRD-A59985574-003-01-9:10	0.411764705882353	-1.6770810318122538	BRD-A59985574	topotecan	TOP1	Topoisomerase inhibitor	CCC1(O)C(=O)OCc2c1cc1-c3nc4ccc(O)c(CN(C)C)c4cc3Cn1c2=O	UCFGDBYHRUNTLO-UHFFFAOYSA-N		True
ifn_lysosomal_apc_state	similar	29	6a15f4a8a244fe002d77fe25	5.87567820342275e-05	10.792895059213985	3.71236035523132e-07	CPC006_SW480_6H:BRD-K74148702-001-03-8:48	0.352941176470588	-1.678430454163274	BRD-K74148702	curcumin	PTGS1	Lipoxygenase inhibitor	COc1ccc(/C=C/C(=O)CC(=O)C=Cc2cccc(O)c2OC)cc1O	VZMSCIKIANDZNI-OAMUUVBCSA-N		True
ifn_lysosomal_apc_state	similar	30	6a15f4a8a244fe002d77fe25	6.1889646575242e-05	11.55263331932579	4.58291900402993e-07	MUC.CP004_MCF7_24H:BRD-K20000640-001-01-5:10.0624	0.352941176470588	-1.8225102456495645	BRD-K20000640	SA-247384			C[C@@H](CO)N1C[C@H](C)[C@@H](CN(C)Cc2ccc(cc2)C(=O)Nc3ccccc3N)Oc4ccc(cc4CC1=O)N(C)C	ZBLCOVKAEUNWGN-WDCWYOMISA-N		True
ifn_lysosomal_apc_state	similar	31	6a15f4a8a244fe002d77fe25	5.87567820342275e-05	10.992292807897647	3.52872567740706e-07	CPC013_PC3_6H:BRD-U82589721-000-01-4:10	0.352941176470588	-1.7036022717804011	BRD-U82589721	HG-5-113-01			restricted	restricted		True
ifn_lysosomal_apc_state	similar	32	6a15f4a8a244fe002d77fe25	1.23790472668008e-05	13.691179635481287	3.64353279828285e-08	CPC006_HT29_24H:BRD-A67788537-001-01-7:120	0.352941176470588	-1.8405890147365538	BRD-A67788537	salermide	SIRT2	SIRT inhibitor	CC(C(=O)Nc1cccc(c1)N=Cc1c(O)ccc2ccccc12)c1ccccc1	HQSSEGBEYORUBY-WPWMEQJKSA-N		True
ifn_lysosomal_apc_state	similar	33	6a15f4a8a244fe002d77fe25	5.87567820342275e-05	11.413294056772775	2.94382769456133e-07	CPC015_SKB_24H:BRD-K15409150-001-01-7:10	0.352941176470588	-1.7475334481039335	BRD-K15409150	penfluridol			OC1(CCN(CCCC(c2ccc(F)cc2)c2ccc(F)cc2)CC1)c1ccc(Cl)c(c1)C(F)(F)F	MDLAAYDRRZXJIF-UHFFFAOYSA-N		True
ifn_lysosomal_apc_state	similar	34	6a15f4a8a244fe002d77fe25	5.87567820342275e-05	11.615825786168466	3.66573074230232e-07	LJP002_MDAMB231_24H:BRD-K72414522-001-01-8:10	0.352941176470588	-1.8048656896348454	BRD-K72414522	AZD-5438			CC(C)n1c(C)ncc1-c1ccnc(Nc2ccc(cc2)S(C)(=O)=O)n1	WJRRGYBTGDJBFX-UHFFFAOYSA-N		True
ifn_lysosomal_apc_state	similar	35	6a15f4a8a244fe002d77fe25	5.87567820342275e-05	10.014406148472894	3.71236035523132e-07	CPC001_PC3_24H:BRD-K78692225-001-11-2:10	0.352941176470588	-1.5573656713735302	BRD-K78692225	leflunomide	DHODH	PDGFR inhibitor	Cc1oncc1C(=O)Nc1ccc(cc1)C(F)(F)F	VHOGYURTWQBHIL-UHFFFAOYSA-N		True
ifn_lysosomal_apc_state	similar	36	6a15f4a8a244fe002d77fe25	5.87567820342275e-05	11.782649741426194	2.68284410249993e-07	CPC020_PC3_24H:BRD-A16478930-001-02-8:10	0.352941176470588	-1.7930184678800931	BRD-A16478930	amcinonide	NR3C1	Glucocorticoid receptor agonist	CC(=O)OCC(=O)C12OC3(CCCC3)OC1CC1C3CCC4=CC(=O)C=CC4(C)C3(F)C(O)CC21C	ILKJAFIWWBXGDU-UHFFFAOYSA-N		True
ifn_lysosomal_apc_state	similar	37	6a15f4a8a244fe002d77fe25	5.87567820342275e-05	11.239728957437737	3.85518828225982e-07	CPC017_A549_24H:BRD-K95309561-001-15-5:10	0.352941176470588	-1.7523867874149814	BRD-K95309561	dienestrol	ESR1	Estrogen receptor agonist	CC=C(c1ccc(O)cc1)C(c1ccc(O)cc1)=CC	NFDFQCUYFHCNBW-SCGPFSFSSA-N		True
ifn_lysosomal_apc_state	similar	38	6a15f4a8a244fe002d77fe25	5.87567820342275e-05	10.621073306610946	3.90379061209388e-07	CPC008_A375_6H:BRD-K40329609-019-01-5:10	0.352941176470588	-1.6573380600703544	BRD-K40329609	BRD-K40329609			CN1CCc2c(C1)sc(NC(C)=O)c2-c1nc2ccccc2s1	BNBPDLHZYILUPO-UHFFFAOYSA-N		True
ifn_lysosomal_apc_state	similar	39	6a15f4a8a244fe002d77fe25	5.87567820342275e-05	10.815977282679732	3.10211389373655e-07	CPC006_VCAP_6H:BRD-A56592690-001-01-9:30	0.352941176470588	-1.661863628043352	BRD-A56592690	PX-12	TXN	Thioredoxin inhibitor	CCC(C)SSc1ncc[nH]1	BPBPYQWMFCTCNG-UHFFFAOYSA-N		True
ifn_lysosomal_apc_state	similar	40	6a15f4a8a244fe002d77fe25	5.87567820342275e-05	11.770373432055969	3.22537240402926e-07	LJP001_MDAMB231_24H:BRD-K20285085-001-03-0:10	0.352941176470588	-1.8132200949575012	BRD-K20285085	fostamatinib	SYK	Syk inhibitor	COc1cc(Nc2ncc(F)c(Nc3ccc4OC(C)(C)C(=O)Nc4n3)n2)cc(OC)c1OC	NHHQJBCNYHBUSI-UHFFFAOYSA-N		True
ifn_lysosomal_apc_state	similar	41	6a15f4a8a244fe002d77fe25	6.2058940396697e-05	10.59541123569641	4.63894529817165e-07	CPC013_A375_6H:BRD-K56334280-001-01-0:10	0.352941176470588	-1.672894316228373	BRD-K56334280	amonafide	TOP2A	Topoisomerase inhibitor	CN(C)CCN1C(=O)c2cccc3cc(N)cc(C1=O)c23	UPALIKSFLSVKIS-UHFFFAOYSA-N		True
ifn_lysosomal_apc_state	similar	42	6a15f4a8a244fe002d77fe25	5.87567820342275e-05	11.237699839559538	2.12739245376153e-07	CPC006_A375_6H:BRD-U94846492-000-01-1:10	0.352941176470588	-1.6842690619287128	BRD-U94846492	quinine	KCNN4	Hemozoin biocrystallization inhibitor	COc1ccc2nccc([C@@H](O)[C@H]3C[C@@H]4CC[N@]3C[C@@H]4C=C)c2c1	LOUPRKONTZGTKE-AFHBHXEDSA-N		True
ifn_lysosomal_apc_state	similar	43	6a15f4a8a244fe002d77fe25	5.87567820342275e-05	11.486648669146284	3.66573074230232e-07	CPC019_HA1E_6H:BRD-K91145395-001-02-7:10	0.352941176470588	-1.78479416388272	BRD-K91145395	prostratin			C[C@@H]1C[C@]2(OC(=O)C)[C@H]([C@@H]3C=C(CO)C[C@@]4(O)[C@@H](C=C(C)C4=O)[C@@]13O)C2(C)C	BOJKFRKNLSCGHY-HXGSDTCMSA-N		True
ifn_lysosomal_apc_state	similar	44	6a15f4a8a244fe002d77fe25	5.87567820342275e-05	10.768716979306213	2.86721612302191e-07	CPC006_HCC515_24H:BRD-K74148702-001-03-8:48	0.352941176470588	-1.6459536643683192	BRD-K74148702	curcumin	PTGS1	Lipoxygenase inhibitor	COc1ccc(/C=C/C(=O)CC(=O)C=Cc2cccc(O)c2OC)cc1O	VZMSCIKIANDZNI-OAMUUVBCSA-N		True
ifn_lysosomal_apc_state	similar	45	6a15f4a8a244fe002d77fe25	5.87567820342275e-05	11.233984026550711	2.47460131480927e-07	CPC008_VCAP_6H:BRD-K14236372-001-01-7:10	0.352941176470588	-1.7004454606467534	BRD-K14236372	BRD-K14236372	S1PR3	Lysophospholipid receptor agonist	Clc1ccc(OCCOc2ccc(Br)nc2Br)c(Cl)c1	KMGUBUXDNOMSRM-UHFFFAOYSA-N		True
ifn_lysosomal_apc_state	similar	46	6a15f4a8a244fe002d77fe25	5.97472840425948e-05	11.585971542932677	4.1032730286909e-07	LJP001_MDAMB231_24H:BRD-K49328571-001-06-9:2	0.352941176470588	-1.8140297668126424	BRD-K49328571	dasatinib	EPHA2	KIT inhibitor	Cc1nc(Nc2ncc(s2)C(=O)Nc2c(C)cccc2Cl)cc(n1)N1CCN(CCO)CC1	ZBNZXTGUTAYRHI-UHFFFAOYSA-N		True
ifn_lysosomal_apc_state	similar	47	6a15f4a8a244fe002d77fe25	7.40930503313159e-05	11.13685872789177	5.8154278098816e-07	KMS002_NOMO1_24H:BRD-K49010888-001-01-2:3.35	0.352941176470588	-1.7860644044442937	BRD-K49010888	BRD-K49010888			C[C@H](CO)N1C[C@H](C)[C@H](CN(C)Cc2ccc(cc2)c3ccccc3)Oc4ccc(NC(=O)CCCCCC(=O)Nc5ccccc5N)cc4CC1=O	VYCOOHAMPRTWAW-YHPNNPEYSA-N		True
ifn_lysosomal_apc_state	similar	48	6a15f4a8a244fe002d77fe25	5.87567820342275e-05	10.869290151001595	3.06190049374356e-07	CPC008_A549_6H:BRD-K88317944-001-01-5:10	0.352941176470588	-1.6686022804819305	BRD-K88317944	VU-0420364-1			CC(C)(C)NC(=O)[C@@H](N(C(=O)c1ccco1)c1ccc(cc1)C(C)(C)C)c1cccnc1	JXGIYKRRPGCLFV-QFIPXVFZSA-N		True
ifn_lysosomal_apc_state	similar	49	6a15f4a8a244fe002d77fe25	6.48909888445732e-05	9.972906796806248	4.9870670489534e-07	CPC006_HA1E_6H:BRD-K47983010-001-02-1:10	0.352941176470588	-1.5824598291578578	BRD-K47983010	BX-795	PDK1	IKK inhibitor	Ic1cnc(Nc2cccc(NC(=O)N3CCCC3)c2)nc1NCCCNC(=O)c1cccs1	VAVXGGRQQJZYBL-UHFFFAOYSA-N		True
ifn_lysosomal_apc_state	similar	50	6a15f4a8a244fe002d77fe25	6.09760480042738e-05	11.05211199021671	4.36434997745103e-07	CPC015_HEPG2_6H:BRD-A48237631-001-03-0:10	0.352941176470588	-1.7377314816742073	BRD-A48237631	mitomycin-c			CO[C@@]12[C@@H]3NC3CN1C1=C([C@@H]2COC(N)=O)C(=O)C(N)=C(C)C1=O	NWIBSHFKIJFRCO-CPKMXBGFSA-N		True
