seed	n_requested	latent_event_probability	molecular_progression_hr_per_latent_sd	visit_interval_years	attendance_mechanism	analysis_route	achieved_missing_visit_probability	n_simulated_cohorts	n_valid_fits	valid_fit_rate	significant_count	significant_probability	significant_probability_ci_low	significant_probability_ci_high	positive_call_probability	negative_call_probability	median_score_z	median_one_step_log_hr	median_usable_n	median_analyzed_events	median_latent_events	median_unconfirmed_latent_events	median_detection_delay
54941	120	0.15	1.0	0.25	complete	full_latent_time_oracle	0.0	400	386	0.965	11	0.0275	0.015423636260295411	0.048565481885614784	0.02	0.0075	0.048753549025605	0.013047960344368201	108.0	16.0	16.0	2.0	0.1242162189920909
54941	120	0.15	1.0	0.25	complete	ascertained_latent_time_oracle	0.0	400	370	0.925	12	0.03	0.017243020965143054	0.05169853570909567	0.0225	0.0075	0.07817137409526417	0.02372528138618001	108.0	14.0	16.0	2.0	0.1242162189920909
54941	120	0.15	1.0	0.25	complete	detected_visit_time	0.0	400	370	0.925	12	0.03	0.017243020965143054	0.05169853570909567	0.0225	0.0075	0.08739858688497051	0.024336014051350146	108.0	14.0	16.0	2.0	0.1242162189920909
54941	120	0.15	1.0	0.25	complete	midpoint_imputed_time	0.0	400	370	0.925	12	0.03	0.017243020965143054	0.05169853570909567	0.0225	0.0075	0.08739858688497051	0.024336014051350146	108.0	14.0	16.0	2.0	0.1242162189920909
54941	120	0.15	1.0	0.25	independent_20pct	full_latent_time_oracle	0.19947135416666661	400	388	0.97	14	0.035	0.02096129419797776	0.057885139532918004	0.01	0.025	-0.02072501861659984	-0.00556111742677945	108.0	16.0	16.0	2.0	0.15449259669777965
54941	120	0.15	1.0	0.25	independent_20pct	ascertained_latent_time_oracle	0.19947135416666661	400	351	0.8775	9	0.0225	0.011881583530495034	0.04220265755875813	0.0075	0.015	0.03985614173052814	0.01108761523013192	108.0	13.0	16.0	2.0	0.15449259669777965
54941	120	0.15	1.0	0.25	independent_20pct	detected_visit_time	0.19947135416666661	400	351	0.8775	9	0.0225	0.011881583530495034	0.04220265755875813	0.0075	0.015	0.02874868786244835	0.008265126927455685	108.0	13.0	16.0	2.0	0.15449259669777965
54941	120	0.15	1.0	0.25	independent_20pct	midpoint_imputed_time	0.19947135416666661	400	351	0.8775	12	0.03	0.017243020965143054	0.05169853570909567	0.01	0.02	0.047064179639545935	0.013392578567747048	108.0	13.0	16.0	2.0	0.15449259669777965
54941	120	0.15	1.0	0.25	score_dependent_20pct	full_latent_time_oracle	0.19913541666666668	400	394	0.985	20	0.05	0.03259742983714726	0.07596363506371961	0.035	0.015	-0.08031735010239968	-0.02125975110025452	108.0	17.0	17.0	3.0	0.14783973112143517
54941	120	0.15	1.0	0.25	score_dependent_20pct	ascertained_latent_time_oracle	0.19913541666666668	400	350	0.875	13	0.0325	0.01908984237880045	0.0548041528237668	0.01	0.0225	-0.34649888302269816	-0.10491702901991906	108.0	13.0	17.0	3.0	0.14783973112143517
54941	120	0.15	1.0	0.25	score_dependent_20pct	detected_visit_time	0.19913541666666668	400	350	0.875	11	0.0275	0.015423636260295411	0.048565481885614784	0.01	0.0175	-0.33537227775732026	-0.10241004387048123	108.0	13.0	17.0	3.0	0.14783973112143517
54941	120	0.15	1.0	0.25	score_dependent_20pct	midpoint_imputed_time	0.19913541666666668	400	350	0.875	11	0.0275	0.015423636260295411	0.048565481885614784	0.01	0.0175	-0.338688033148832	-0.10387034172511407	108.0	13.0	17.0	3.0	0.14783973112143517
54941	120	0.15	1.0	0.25	joint_score_progression_risk_20pct	full_latent_time_oracle	0.20096875000000003	400	388	0.97	21	0.0525	0.034591528357920405	0.07892197507127496	0.035	0.0175	0.061291414953635354	0.015686390944998862	108.0	16.0	16.0	4.5	0.14450934471860585
54941	120	0.15	1.0	0.25	joint_score_progression_risk_20pct	ascertained_latent_time_oracle	0.20096875000000003	400	296	0.74	28	0.07	0.04887162669974449	0.09930894642775051	0.0075	0.0625	-0.42351411329780186	-0.1322010465769301	108.0	11.0	16.0	4.5	0.14450934471860585
54941	120	0.15	1.0	0.25	joint_score_progression_risk_20pct	detected_visit_time	0.20096875000000003	400	296	0.74	27	0.0675	0.04680146916375965	0.09642666543540682	0.0075	0.06	-0.443990296891897	-0.13031651214059242	108.0	11.0	16.0	4.5	0.14450934471860585
54941	120	0.15	1.0	0.25	joint_score_progression_risk_20pct	midpoint_imputed_time	0.20096875000000003	400	296	0.74	27	0.0675	0.04680146916375965	0.09642666543540682	0.0075	0.06	-0.434089470413458	-0.13013440892732447	108.0	11.0	16.0	4.5	0.14450934471860585
54941	120	0.15	1.0	0.5	complete	full_latent_time_oracle	0.0	400	391	0.9775	18	0.045	0.028651458653886006	0.07000472919032381	0.0175	0.0275	-0.015032146333640797	-0.004228349221506414	108.0	16.0	16.0	4.0	0.254210453368211
54941	120	0.15	1.0	0.5	complete	ascertained_latent_time_oracle	0.0	400	341	0.8525	20	0.05	0.03259742983714726	0.07596363506371961	0.0275	0.0225	-0.06756887465953361	-0.021330526206010326	108.0	12.0	16.0	4.0	0.254210453368211
54941	120	0.15	1.0	0.5	complete	detected_visit_time	0.0	400	341	0.8525	18	0.045	0.028651458653886006	0.07000472919032381	0.025	0.02	-0.08574850305068568	-0.025650621011177068	108.0	12.0	16.0	4.0	0.254210453368211
54941	120	0.15	1.0	0.5	complete	midpoint_imputed_time	0.0	400	341	0.8525	18	0.045	0.028651458653886006	0.07000472919032381	0.025	0.02	-0.08574850305068568	-0.025650621011177068	108.0	12.0	16.0	4.0	0.254210453368211
54941	120	0.15	1.0	0.5	independent_20pct	full_latent_time_oracle	0.199171875	400	386	0.965	19	0.0475	0.030617076962711882	0.07299154940982647	0.0175	0.03	0.0496322462246635	0.013918376997902028	108.0	16.0	16.0	5.0	0.28976110562036156
54941	120	0.15	1.0	0.5	independent_20pct	ascertained_latent_time_oracle	0.199171875	400	266	0.665	9	0.0225	0.011881583530495034	0.04220265755875813	0.0075	0.015	-0.021045412206638723	-0.005615924093217185	108.0	10.0	16.0	5.0	0.28976110562036156
54941	120	0.15	1.0	0.5	independent_20pct	detected_visit_time	0.199171875	400	266	0.665	9	0.0225	0.011881583530495034	0.04220265755875813	0.0075	0.015	-0.0214329619929186	-0.0060443076385396964	108.0	10.0	16.0	5.0	0.28976110562036156
54941	120	0.15	1.0	0.5	independent_20pct	midpoint_imputed_time	0.199171875	400	266	0.665	10	0.025	0.013635091745936023	0.045401587871645666	0.01	0.015	-0.02007616838223455	-0.006072822657278267	108.0	10.0	16.0	5.0	0.28976110562036156
54941	120	0.15	1.0	0.5	score_dependent_20pct	full_latent_time_oracle	0.1998385416666667	400	384	0.96	12	0.03	0.017243020965143054	0.05169853570909567	0.015	0.015	0.04307713316818886	0.011620429595064196	108.0	16.0	16.0	6.0	0.2901164928518345
54941	120	0.15	1.0	0.5	score_dependent_20pct	ascertained_latent_time_oracle	0.1998385416666667	400	209	0.5225	12	0.03	0.017243020965143054	0.05169853570909567	0.0025	0.0275	-0.46146952807909813	-0.16679061269755754	108.0	10.0	16.0	6.0	0.2901164928518345
54941	120	0.15	1.0	0.5	score_dependent_20pct	detected_visit_time	0.1998385416666667	400	209	0.5225	11	0.0275	0.015423636260295411	0.048565481885614784	0.0025	0.025	-0.46651032267563725	-0.14870471595678364	108.0	10.0	16.0	6.0	0.2901164928518345
54941	120	0.15	1.0	0.5	score_dependent_20pct	midpoint_imputed_time	0.1998385416666667	400	209	0.5225	11	0.0275	0.015423636260295411	0.048565481885614784	0.0025	0.025	-0.4871521831556262	-0.16414305920818598	108.0	10.0	16.0	6.0	0.2901164928518345
54941	120	0.15	1.0	0.5	joint_score_progression_risk_20pct	full_latent_time_oracle	0.19974999999999998	400	386	0.965	21	0.0525	0.034591528357920405	0.07892197507127496	0.0275	0.025	-0.06931630401606514	-0.017639858737246942	108.0	16.0	16.0	7.0	0.276469332519179
54941	120	0.15	1.0	0.5	joint_score_progression_risk_20pct	ascertained_latent_time_oracle	0.19974999999999998	400	159	0.3975	10	0.025	0.013635091745936023	0.045401587871645666	0.0025	0.0225	-0.7154962550322626	-0.24264987499986096	108.0	9.0	16.0	7.0	0.276469332519179
54941	120	0.15	1.0	0.5	joint_score_progression_risk_20pct	detected_visit_time	0.19974999999999998	400	159	0.3975	10	0.025	0.013635091745936023	0.045401587871645666	0.0025	0.0225	-0.6949868509091286	-0.2388764502849752	108.0	9.0	16.0	7.0	0.276469332519179
54941	120	0.15	1.0	0.5	joint_score_progression_risk_20pct	midpoint_imputed_time	0.19974999999999998	400	159	0.3975	11	0.0275	0.015423636260295411	0.048565481885614784	0.0025	0.025	-0.7420070316145305	-0.24738980575329278	108.0	9.0	16.0	7.0	0.276469332519179
54941	120	0.15	1.0	1.0	complete	full_latent_time_oracle	0.0	400	390	0.975	17	0.0425	0.026701694991131116	0.06700205432475019	0.0125	0.03	0.0361678924732462	0.008825811773393068	108.0	16.0	16.0	7.0	0.5143456180211256
54941	120	0.15	1.0	1.0	complete	ascertained_latent_time_oracle	0.0	400	154	0.385	8	0.02	0.010168386791664645	0.03896341576926	0.01	0.01	0.033377585720994606	0.010982925737007132	108.0	9.0	16.0	7.0	0.5143456180211256
54941	120	0.15	1.0	1.0	complete	detected_visit_time	0.0	400	154	0.385	5	0.0125	0.005350750779971611	0.028923736195967484	0.0075	0.005	0.014808121347727965	0.004198074505526309	108.0	9.0	16.0	7.0	0.5143456180211256
54941	120	0.15	1.0	1.0	complete	midpoint_imputed_time	0.0	400	154	0.385	5	0.0125	0.005350750779971611	0.028923736195967484	0.0075	0.005	0.014808121347727965	0.004198074505526309	108.0	9.0	16.0	7.0	0.5143456180211256
54941	120	0.15	1.0	1.0	independent_20pct	full_latent_time_oracle	0.20110416666666664	400	391	0.9775	20	0.05	0.03259742983714726	0.07596363506371961	0.025	0.025	0.04478393747479652	0.011664138971375207	109.0	16.0	16.0	10.0	0.5115434504400629
54941	120	0.15	1.0	1.0	independent_20pct	ascertained_latent_time_oracle	0.20110416666666664	400	19	0.0475	0	0.0	8.673617379884035e-19	0.009512294334296508	0.0	0.0	-0.025726083585977028	-0.009932010208507256	109.0	5.0	16.0	10.0	0.5115434504400629
54941	120	0.15	1.0	1.0	independent_20pct	detected_visit_time	0.20110416666666664	400	19	0.0475	0	0.0	8.673617379884035e-19	0.009512294334296508	0.0	0.0	-0.03343780521039664	-0.011436381231701865	109.0	5.0	16.0	10.0	0.5115434504400629
54941	120	0.15	1.0	1.0	independent_20pct	midpoint_imputed_time	0.20110416666666664	400	19	0.0475	0	0.0	8.673617379884035e-19	0.009512294334296508	0.0	0.0	-0.03343780521039665	-0.011436381231701874	109.0	5.0	16.0	10.0	0.5115434504400629
54941	120	0.15	1.0	1.0	score_dependent_20pct	full_latent_time_oracle	0.19963541666666662	400	390	0.975	20	0.05	0.03259742983714726	0.07596363506371961	0.0275	0.0225	0.013778012166116557	0.0036841635946584708	108.0	16.0	16.0	11.0	0.49578061950416386
54941	120	0.15	1.0	1.0	score_dependent_20pct	ascertained_latent_time_oracle	0.19963541666666662	400	14	0.035	0	0.0	8.673617379884035e-19	0.009512294334296508	0.0	0.0	-0.5173440386096761	-0.18972492692815324	108.0	5.0	16.0	11.0	0.49578061950416386
54941	120	0.15	1.0	1.0	score_dependent_20pct	detected_visit_time	0.19963541666666662	400	14	0.035	0	0.0	8.673617379884035e-19	0.009512294334296508	0.0	0.0	-0.5418380566339399	-0.19994449165304623	108.0	5.0	16.0	11.0	0.49578061950416386
54941	120	0.15	1.0	1.0	score_dependent_20pct	midpoint_imputed_time	0.19963541666666662	400	14	0.035	0	0.0	8.673617379884035e-19	0.009512294334296508	0.0	0.0	-0.54183805663394	-0.19994449165304626	108.0	5.0	16.0	11.0	0.49578061950416386
54941	120	0.15	1.0	1.0	joint_score_progression_risk_20pct	full_latent_time_oracle	0.19932291666666668	400	389	0.9725	22	0.055	0.03659849414955068	0.08186744780797323	0.0275	0.0275	0.12742974521395622	0.03553763504128964	108.0	16.0	16.0	11.0	0.4999701241631057
54941	120	0.15	1.0	1.0	joint_score_progression_risk_20pct	ascertained_latent_time_oracle	0.19932291666666668	400	12	0.03	0	0.0	8.673617379884035e-19	0.009512294334296508	0.0	0.0	-0.13886350998455899	-0.04654758109021166	108.0	5.0	16.0	11.0	0.4999701241631057
54941	120	0.15	1.0	1.0	joint_score_progression_risk_20pct	detected_visit_time	0.19932291666666668	400	12	0.03	0	0.0	8.673617379884035e-19	0.009512294334296508	0.0	0.0	-0.11204007428867888	-0.03733531933460238	108.0	5.0	16.0	11.0	0.4999701241631057
54941	120	0.15	1.0	1.0	joint_score_progression_risk_20pct	midpoint_imputed_time	0.19932291666666668	400	12	0.03	0	0.0	8.673617379884035e-19	0.009512294334296508	0.0	0.0	-0.11204007428867888	-0.03733531933460237	108.0	5.0	16.0	11.0	0.4999701241631057
54941	120	0.15	1.7	0.25	complete	full_latent_time_oracle	0.0	400	394	0.985	100	0.25	0.2100790142364741	0.2946771329306741	0.25	0.0	1.2536707133922205	0.3557876447529794	108.0	16.0	16.0	2.0	0.12465949188724387
54941	120	0.15	1.7	0.25	complete	ascertained_latent_time_oracle	0.0	400	373	0.9325	89	0.2225	0.18448827447183322	0.2657910488837013	0.2225	0.0	1.2386103663829533	0.35996078712188584	108.0	14.0	16.0	2.0	0.12465949188724387
54941	120	0.15	1.7	0.25	complete	detected_visit_time	0.0	400	373	0.9325	84	0.21	0.1729377251738417	0.25257940554005026	0.21	0.0	1.2345263186922426	0.35508850680851356	108.0	14.0	16.0	2.0	0.12465949188724387
54941	120	0.15	1.7	0.25	complete	midpoint_imputed_time	0.0	400	373	0.9325	84	0.21	0.1729377251738417	0.25257940554005026	0.21	0.0	1.2345263186922426	0.35508850680851356	108.0	14.0	16.0	2.0	0.12465949188724387
54941	120	0.15	1.7	0.25	independent_20pct	full_latent_time_oracle	0.1999895833333334	400	388	0.97	106	0.265	0.22413371758035427	0.31033706075676515	0.265	0.0	1.3410901599038594	0.3737477095605285	108.0	16.0	16.0	3.0	0.15316505084038043
54941	120	0.15	1.7	0.25	independent_20pct	ascertained_latent_time_oracle	0.1999895833333334	400	363	0.9075	95	0.2375	0.19841751180740802	0.2815764427180976	0.2375	0.0	1.260669651902357	0.36455524745606194	108.0	14.0	16.0	3.0	0.15316505084038043
54941	120	0.15	1.7	0.25	independent_20pct	detected_visit_time	0.1999895833333334	400	363	0.9075	93	0.2325	0.19376640712110382	0.2763226703477448	0.2325	0.0	1.25707087131993	0.36223556392329986	108.0	14.0	16.0	3.0	0.15316505084038043
54941	120	0.15	1.7	0.25	independent_20pct	midpoint_imputed_time	0.1999895833333334	400	363	0.9075	92	0.23	0.19144383051896455	0.27369280842155563	0.23	0.0	1.2713437109342656	0.3652266234593189	108.0	14.0	16.0	3.0	0.15316505084038043
54941	120	0.15	1.7	0.25	score_dependent_20pct	full_latent_time_oracle	0.20032552083333333	400	388	0.97	119	0.2975	0.25479754409145056	0.34405493511393953	0.2975	0.0	1.452223864157782	0.41354839432510115	108.0	16.0	16.0	4.0	0.16488008337102145
54941	120	0.15	1.7	0.25	score_dependent_20pct	ascertained_latent_time_oracle	0.20032552083333333	400	318	0.795	41	0.1025	0.07645885298219338	0.1361034210135723	0.1	0.0025	0.9285060596017345	0.29200188577481434	108.0	12.0	16.0	4.0	0.16488008337102145
54941	120	0.15	1.7	0.25	score_dependent_20pct	detected_visit_time	0.20032552083333333	400	318	0.795	39	0.0975	0.07214511778538757	0.1305122791537211	0.095	0.0025	0.9324318035366966	0.2868378088452401	108.0	12.0	16.0	4.0	0.16488008337102145
54941	120	0.15	1.7	0.25	score_dependent_20pct	midpoint_imputed_time	0.20032552083333333	400	318	0.795	40	0.1	0.07429925914003437	0.13331057632740284	0.0975	0.0025	0.9207951987230976	0.294920773164608	108.0	12.0	16.0	4.0	0.16488008337102145
54941	120	0.15	1.7	0.25	joint_score_progression_risk_20pct	full_latent_time_oracle	0.19955468750000005	400	388	0.97	105	0.2625	0.22178679994488373	0.30773153986390706	0.2625	0.0	1.3938696609065158	0.3874779839790977	108.0	16.0	16.0	5.0	0.15750173918813648
54941	120	0.15	1.7	0.25	joint_score_progression_risk_20pct	ascertained_latent_time_oracle	0.19955468750000005	400	269	0.6725	30	0.075	0.05303774392284765	0.10504770626130436	0.0725	0.0025	0.7496048504006929	0.24085154750033175	108.0	11.0	16.0	5.0	0.15750173918813648
54941	120	0.15	1.7	0.25	joint_score_progression_risk_20pct	detected_visit_time	0.19955468750000005	400	269	0.6725	30	0.075	0.05303774392284765	0.10504770626130436	0.0725	0.0025	0.7178014641600703	0.22505269806858208	108.0	11.0	16.0	5.0	0.15750173918813648
54941	120	0.15	1.7	0.25	joint_score_progression_risk_20pct	midpoint_imputed_time	0.19955468750000005	400	269	0.6725	29	0.0725	0.05095051840227673	0.10218249325354675	0.07	0.0025	0.7224489482660826	0.23053486035369794	108.0	11.0	16.0	5.0	0.15750173918813648
54941	120	0.15	1.7	0.5	complete	full_latent_time_oracle	0.0	400	387	0.9675	117	0.2925	0.2500620261568489	0.33888557599188407	0.2925	0.0	1.4228360571546905	0.38258028924190746	108.0	16.0	16.0	3.0	0.2512626965392333
54941	120	0.15	1.7	0.5	complete	ascertained_latent_time_oracle	0.0	400	327	0.8175	86	0.215	0.17755148423753886	0.25787052353301015	0.215	0.0	1.2684590037705359	0.37664793934312296	108.0	13.0	16.0	3.0	0.2512626965392333
54941	120	0.15	1.7	0.5	complete	detected_visit_time	0.0	400	327	0.8175	79	0.1975	0.1614426641926397	0.23931227387960974	0.1975	0.0	1.231872122928505	0.3662571609719091	108.0	13.0	16.0	3.0	0.2512626965392333
54941	120	0.15	1.7	0.5	complete	midpoint_imputed_time	0.0	400	327	0.8175	79	0.1975	0.1614426641926397	0.23931227387960974	0.1975	0.0	1.231872122928505	0.3662571609719091	108.0	13.0	16.0	3.0	0.2512626965392333
54941	120	0.15	1.7	0.5	independent_20pct	full_latent_time_oracle	0.20085937499999995	400	393	0.9825	95	0.2375	0.19841751180740802	0.2815764427180976	0.235	0.0025	1.3209346423827772	0.36029811997115774	109.0	16.0	16.0	5.0	0.28836102273804753
54941	120	0.15	1.7	0.5	independent_20pct	ascertained_latent_time_oracle	0.20085937499999995	400	261	0.6525	46	0.115	0.0873329226216324	0.1499915440157759	0.115	0.0	1.0025326862573785	0.318713067793487	109.0	11.0	16.0	5.0	0.28836102273804753
54941	120	0.15	1.7	0.5	independent_20pct	detected_visit_time	0.20085937499999995	400	261	0.6525	41	0.1025	0.07645885298219338	0.1361034210135723	0.1025	0.0	0.9706565843233539	0.3188667833589085	109.0	11.0	16.0	5.0	0.28836102273804753
54941	120	0.15	1.7	0.5	independent_20pct	midpoint_imputed_time	0.20085937499999995	400	261	0.6525	44	0.11	0.08296867911910685	0.1444509104616444	0.11	0.0	0.9879203688886677	0.3180529592861394	109.0	11.0	16.0	5.0	0.28836102273804753
54941	120	0.15	1.7	0.5	score_dependent_20pct	full_latent_time_oracle	0.20128124999999997	400	391	0.9775	117	0.2925	0.2500620261568489	0.33888557599188407	0.2925	0.0	1.403849724229596	0.38962755434704116	108.0	16.0	16.0	7.0	0.29112433241014246
54941	120	0.15	1.7	0.5	score_dependent_20pct	ascertained_latent_time_oracle	0.20128124999999997	400	165	0.4125	9	0.0225	0.011881583530495034	0.04220265755875813	0.02	0.0025	0.4669386600345927	0.1522120145834174	108.0	9.0	16.0	7.0	0.29112433241014246
54941	120	0.15	1.7	0.5	score_dependent_20pct	detected_visit_time	0.20128124999999997	400	165	0.4125	8	0.02	0.010168386791664645	0.03896341576926	0.0175	0.0025	0.45109641973222186	0.15699691177890834	108.0	9.0	16.0	7.0	0.29112433241014246
54941	120	0.15	1.7	0.5	score_dependent_20pct	midpoint_imputed_time	0.20128124999999997	400	165	0.4125	8	0.02	0.010168386791664645	0.03896341576926	0.0175	0.0025	0.3819633204844254	0.14637932977494997	108.0	9.0	16.0	7.0	0.29112433241014246
54941	120	0.15	1.7	0.5	joint_score_progression_risk_20pct	full_latent_time_oracle	0.19962500000000005	400	390	0.975	115	0.2875	0.24533290309016223	0.33370982200191374	0.2875	0.0	1.3713266946174938	0.37410990852418724	108.0	16.0	16.0	8.0	0.2727760066957091
54941	120	0.15	1.7	0.5	joint_score_progression_risk_20pct	ascertained_latent_time_oracle	0.19962500000000005	400	113	0.2825	12	0.03	0.017243020965143054	0.05169853570909567	0.025	0.005	0.5701787025044023	0.20055553712471114	108.0	8.0	16.0	8.0	0.2727760066957091
54941	120	0.15	1.7	0.5	joint_score_progression_risk_20pct	detected_visit_time	0.19962500000000005	400	113	0.2825	12	0.03	0.017243020965143054	0.05169853570909567	0.025	0.005	0.529477862047702	0.1905629199444598	108.0	8.0	16.0	8.0	0.2727760066957091
54941	120	0.15	1.7	0.5	joint_score_progression_risk_20pct	midpoint_imputed_time	0.19962500000000005	400	113	0.2825	12	0.03	0.017243020965143054	0.05169853570909567	0.025	0.005	0.5326276983595291	0.204306563967778	108.0	8.0	16.0	8.0	0.2727760066957091
54941	120	0.15	1.7	1.0	complete	full_latent_time_oracle	0.0	400	392	0.98	109	0.2725	0.23118490254462754	0.3181431913774774	0.2725	0.0	1.37156885902129	0.3737951177432743	108.0	16.0	16.0	7.0	0.533164362306138
54941	120	0.15	1.7	1.0	complete	ascertained_latent_time_oracle	0.0	400	168	0.42	38	0.095	0.06999661149327467	0.12770834691750552	0.095	0.0	1.0537031030228556	0.33910290568464824	108.0	9.0	16.0	7.0	0.533164362306138
54941	120	0.15	1.7	1.0	complete	detected_visit_time	0.0	400	168	0.42	34	0.085	0.0614630200239382	0.11643218427352792	0.085	0.0	1.0126389109623903	0.32687506749917694	108.0	9.0	16.0	7.0	0.533164362306138
54941	120	0.15	1.7	1.0	complete	midpoint_imputed_time	0.0	400	168	0.42	34	0.085	0.0614630200239382	0.11643218427352792	0.085	0.0	1.0126389109623903	0.32687506749917694	108.0	9.0	16.0	7.0	0.533164362306138
54941	120	0.15	1.7	1.0	independent_20pct	full_latent_time_oracle	0.19911458333333332	400	393	0.9825	110	0.275	0.23353872471100914	0.3207418077394244	0.275	0.0	1.3478118326219055	0.362698948029104	108.0	16.0	16.0	10.0	0.54881220878859
54941	120	0.15	1.7	1.0	independent_20pct	ascertained_latent_time_oracle	0.19911458333333332	400	25	0.0625	4	0.01	0.003895483794990993	0.025426564652619582	0.01	0.0	1.1876394304542224	0.39775740429870143	108.0	6.0	16.0	10.0	0.54881220878859
54941	120	0.15	1.7	1.0	independent_20pct	detected_visit_time	0.19911458333333332	400	25	0.0625	3	0.0075	0.0025538891952499396	0.021815720724032123	0.0075	0.0	1.1876517939123186	0.4105407796115321	108.0	6.0	16.0	10.0	0.54881220878859
54941	120	0.15	1.7	1.0	independent_20pct	midpoint_imputed_time	0.19911458333333332	400	25	0.0625	3	0.0075	0.0025538891952499396	0.021815720724032123	0.0075	0.0	1.1876517939123186	0.410540779611532	108.0	6.0	16.0	10.0	0.54881220878859
54941	120	0.15	1.7	1.0	score_dependent_20pct	full_latent_time_oracle	0.19976041666666666	400	394	0.985	122	0.305	0.2619126095600189	0.3517971852303568	0.305	0.0	1.4255925034391965	0.3987009317070729	108.0	16.0	16.0	11.0	0.5225246209105577
54941	120	0.15	1.7	1.0	score_dependent_20pct	ascertained_latent_time_oracle	0.19976041666666666	400	7	0.0175	0	0.0	8.673617379884035e-19	0.009512294334296508	0.0	0.0	-0.2416140613892891	-0.07723121072049137	108.0	4.0	16.0	11.0	0.5225246209105577
54941	120	0.15	1.7	1.0	score_dependent_20pct	detected_visit_time	0.19976041666666666	400	7	0.0175	0	0.0	8.673617379884035e-19	0.009512294334296508	0.0	0.0	-0.2545657312951751	-0.08268304361111938	108.0	4.0	16.0	11.0	0.5225246209105577
54941	120	0.15	1.7	1.0	score_dependent_20pct	midpoint_imputed_time	0.19976041666666666	400	7	0.0175	0	0.0	8.673617379884035e-19	0.009512294334296508	0.0	0.0	-0.2545657312951751	-0.08268304361111938	108.0	4.0	16.0	11.0	0.5225246209105577
54941	120	0.15	1.7	1.0	joint_score_progression_risk_20pct	full_latent_time_oracle	0.19884374999999999	400	391	0.9775	118	0.295	0.25242899167233757	0.341471049004724	0.295	0.0	1.4541167238560782	0.3983967308815048	108.0	16.0	16.0	12.0	0.5016289217435498
54941	120	0.15	1.7	1.0	joint_score_progression_risk_20pct	ascertained_latent_time_oracle	0.19884374999999999	400	7	0.0175	0	0.0	8.673617379884035e-19	0.009512294334296508	0.0	0.0	0.2572537540677532	0.08955502926356167	108.0	4.0	16.0	12.0	0.5016289217435498
54941	120	0.15	1.7	1.0	joint_score_progression_risk_20pct	detected_visit_time	0.19884374999999999	400	7	0.0175	0	0.0	8.673617379884035e-19	0.009512294334296508	0.0	0.0	0.3001264079782223	0.091352237961394	108.0	4.0	16.0	12.0	0.5016289217435498
54941	120	0.15	1.7	1.0	joint_score_progression_risk_20pct	midpoint_imputed_time	0.19884374999999999	400	7	0.0175	0	0.0	8.673617379884035e-19	0.009512294334296508	0.0	0.0	0.30012640797822254	0.091352237961394	108.0	4.0	16.0	12.0	0.5016289217435498
54941	120	0.3	1.0	0.25	complete	full_latent_time_oracle	0.0	400	400	1.0	22	0.055	0.03659849414955068	0.08186744780797323	0.035	0.02	0.010031057783586254	0.0019672308874571845	108.0	32.0	32.0	3.0	0.12597970158375627
54941	120	0.3	1.0	0.25	complete	ascertained_latent_time_oracle	0.0	400	400	1.0	25	0.0625	0.04268914141220244	0.09063411613030699	0.035	0.0275	-0.047131658702703715	-0.00954024699125849	108.0	29.0	32.0	3.0	0.12597970158375627
54941	120	0.3	1.0	0.25	complete	detected_visit_time	0.0	400	400	1.0	21	0.0525	0.034591528357920405	0.07892197507127496	0.025	0.0275	-0.039826751447710584	-0.008951515546211593	108.0	29.0	32.0	3.0	0.12597970158375627
54941	120	0.3	1.0	0.25	complete	midpoint_imputed_time	0.0	400	400	1.0	21	0.0525	0.034591528357920405	0.07892197507127496	0.025	0.0275	-0.039826751447710584	-0.008951515546211593	108.0	29.0	32.0	3.0	0.12597970158375627
54941	120	0.3	1.0	0.25	independent_20pct	full_latent_time_oracle	0.2004166666666667	400	400	1.0	23	0.0575	0.038617542757733075	0.08480083772811935	0.02	0.0375	-0.05662011221972378	-0.01084718122657947	108.0	32.0	32.0	5.0	0.1547044123205954
54941	120	0.3	1.0	0.25	independent_20pct	ascertained_latent_time_oracle	0.2004166666666667	400	400	1.0	23	0.0575	0.038617542757733075	0.08480083772811935	0.025	0.0325	-0.06851520018643696	-0.013923727646972181	108.0	27.0	32.0	5.0	0.1547044123205954
54941	120	0.3	1.0	0.25	independent_20pct	detected_visit_time	0.2004166666666667	400	400	1.0	22	0.055	0.03659849414955068	0.08186744780797323	0.025	0.03	-0.05532818211488474	-0.011134424413611482	108.0	27.0	32.0	5.0	0.1547044123205954
54941	120	0.3	1.0	0.25	independent_20pct	midpoint_imputed_time	0.2004166666666667	400	400	1.0	23	0.0575	0.038617542757733075	0.08480083772811935	0.025	0.0325	-0.0638911113717176	-0.013796475146637743	108.0	27.0	32.0	5.0	0.1547044123205954
54941	120	0.3	1.0	0.25	score_dependent_20pct	full_latent_time_oracle	0.1997916666666667	400	400	1.0	18	0.045	0.028651458653886006	0.07000472919032381	0.015	0.03	-0.03151975348303215	-0.006532909916546387	108.0	32.0	32.0	6.0	0.1525468998234831
54941	120	0.3	1.0	0.25	score_dependent_20pct	ascertained_latent_time_oracle	0.1997916666666667	400	400	1.0	30	0.075	0.05303774392284765	0.10504770626130436	0.0075	0.0675	-0.3335845124195797	-0.07028899312215356	108.0	27.0	32.0	6.0	0.1525468998234831
54941	120	0.3	1.0	0.25	score_dependent_20pct	detected_visit_time	0.1997916666666667	400	400	1.0	25	0.0625	0.04268914141220244	0.09063411613030699	0.005	0.0575	-0.35281458974144825	-0.07577900915123396	108.0	27.0	32.0	6.0	0.1525468998234831
54941	120	0.3	1.0	0.25	score_dependent_20pct	midpoint_imputed_time	0.1997916666666667	400	400	1.0	26	0.065	0.04474048189620036	0.09353521417463759	0.005	0.06	-0.33712478980309424	-0.0710881406451056	108.0	27.0	32.0	6.0	0.1525468998234831
54941	120	0.3	1.0	0.25	joint_score_progression_risk_20pct	full_latent_time_oracle	0.19919010416666671	400	400	1.0	18	0.045	0.028651458653886006	0.07000472919032381	0.0275	0.0175	-0.024877559546118165	-0.004700382229473209	108.0	32.0	32.0	8.0	0.15038346768676453
54941	120	0.3	1.0	0.25	joint_score_progression_risk_20pct	ascertained_latent_time_oracle	0.19919010416666671	400	400	1.0	43	0.1075	0.08079372047159449	0.14167343058082826	0.0075	0.1	-0.6121248695805257	-0.1507973826328825	108.0	24.0	32.0	8.0	0.15038346768676453
54941	120	0.3	1.0	0.25	joint_score_progression_risk_20pct	detected_visit_time	0.19919010416666671	400	400	1.0	38	0.095	0.06999661149327467	0.12770834691750552	0.005	0.09	-0.6433937644669694	-0.1495813336584206	108.0	24.0	32.0	8.0	0.15038346768676453
54941	120	0.3	1.0	0.25	joint_score_progression_risk_20pct	midpoint_imputed_time	0.19919010416666671	400	400	1.0	40	0.1	0.07429925914003437	0.13331057632740284	0.0075	0.0925	-0.6204404309635778	-0.1524452953417606	108.0	24.0	32.0	8.0	0.15038346768676453
54941	120	0.3	1.0	0.5	complete	full_latent_time_oracle	0.0	400	400	1.0	26	0.065	0.04474048189620036	0.09353521417463759	0.04	0.025	0.03330626706165387	0.006663667905778218	108.0	32.0	32.0	6.0	0.25337661083282725
54941	120	0.3	1.0	0.5	complete	ascertained_latent_time_oracle	0.0	400	400	1.0	29	0.0725	0.05095051840227673	0.10218249325354675	0.0375	0.035	0.03284293377479807	0.0069030238031161095	108.0	26.0	32.0	6.0	0.25337661083282725
54941	120	0.3	1.0	0.5	complete	detected_visit_time	0.0	400	400	1.0	24	0.06	0.040647970113724695	0.0877228489004562	0.0325	0.0275	-0.007949276237611049	-0.0015330731559446721	108.0	26.0	32.0	6.0	0.25337661083282725
54941	120	0.3	1.0	0.5	complete	midpoint_imputed_time	0.0	400	400	1.0	24	0.06	0.040647970113724695	0.0877228489004562	0.0325	0.0275	-0.007949276237611049	-0.0015330731559446721	108.0	26.0	32.0	6.0	0.25337661083282725
54941	120	0.3	1.0	0.5	independent_20pct	full_latent_time_oracle	0.19986979166666663	400	400	1.0	22	0.055	0.03659849414955068	0.08186744780797323	0.03	0.025	0.055704047631805975	0.009975526775211688	108.0	32.0	32.0	10.0	0.30160312322447186
54941	120	0.3	1.0	0.5	independent_20pct	ascertained_latent_time_oracle	0.19986979166666663	400	400	1.0	17	0.0425	0.026701694991131116	0.06700205432475019	0.0225	0.02	0.15089150234580107	0.03666018601747684	108.0	22.0	32.0	10.0	0.30160312322447186
54941	120	0.3	1.0	0.5	independent_20pct	detected_visit_time	0.19986979166666663	400	400	1.0	13	0.0325	0.01908984237880045	0.0548041528237668	0.0125	0.02	0.14953065893408785	0.03456694875732037	108.0	22.0	32.0	10.0	0.30160312322447186
54941	120	0.3	1.0	0.5	independent_20pct	midpoint_imputed_time	0.19986979166666663	400	400	1.0	14	0.035	0.02096129419797776	0.057885139532918004	0.015	0.02	0.14889818503243535	0.03282596760972897	108.0	22.0	32.0	10.0	0.30160312322447186
54941	120	0.3	1.0	0.5	score_dependent_20pct	full_latent_time_oracle	0.20105729166666664	400	400	1.0	19	0.0475	0.030617076962711882	0.07299154940982647	0.03	0.0175	-0.02421393182195475	-0.004468058135629718	108.0	32.0	32.0	11.0	0.29629433328284316
54941	120	0.3	1.0	0.5	score_dependent_20pct	ascertained_latent_time_oracle	0.20105729166666664	400	400	1.0	24	0.06	0.040647970113724695	0.0877228489004562	0.01	0.05	-0.5363131059447438	-0.12845965829157	108.0	21.0	32.0	11.0	0.29629433328284316
54941	120	0.3	1.0	0.5	score_dependent_20pct	detected_visit_time	0.20105729166666664	400	400	1.0	21	0.0525	0.034591528357920405	0.07892197507127496	0.0075	0.045	-0.5248242002456995	-0.129509963798494	108.0	21.0	32.0	11.0	0.29629433328284316
54941	120	0.3	1.0	0.5	score_dependent_20pct	midpoint_imputed_time	0.20105729166666664	400	400	1.0	21	0.0525	0.034591528357920405	0.07892197507127496	0.0075	0.045	-0.5306929602446671	-0.1335791033232057	108.0	21.0	32.0	11.0	0.29629433328284316
54941	120	0.3	1.0	0.5	joint_score_progression_risk_20pct	full_latent_time_oracle	0.19956249999999998	400	400	1.0	19	0.0475	0.030617076962711882	0.07299154940982647	0.015	0.0325	0.04833921266538422	0.00937447757115037	108.0	32.0	32.0	13.0	0.28372067539483736
54941	120	0.3	1.0	0.5	joint_score_progression_risk_20pct	ascertained_latent_time_oracle	0.19956249999999998	400	400	1.0	44	0.11	0.08296867911910685	0.1444509104616444	0.0	0.11	-0.643922422841837	-0.16402717017884133	108.0	19.0	32.0	13.0	0.28372067539483736
54941	120	0.3	1.0	0.5	joint_score_progression_risk_20pct	detected_visit_time	0.19956249999999998	400	400	1.0	38	0.095	0.06999661149327467	0.12770834691750552	0.0	0.095	-0.6350135963801573	-0.1662715985004483	108.0	19.0	32.0	13.0	0.28372067539483736
54941	120	0.3	1.0	0.5	joint_score_progression_risk_20pct	midpoint_imputed_time	0.19956249999999998	400	400	1.0	38	0.095	0.06999661149327467	0.12770834691750552	0.0	0.095	-0.6323888487074898	-0.16627075459210755	108.0	19.0	32.0	13.0	0.28372067539483736
54941	120	0.3	1.0	1.0	complete	full_latent_time_oracle	0.0	400	400	1.0	14	0.035	0.02096129419797776	0.057885139532918004	0.0125	0.0225	0.004019821709468985	0.0007087532264951087	108.0	32.0	32.0	14.0	0.5342846397160134
54941	120	0.3	1.0	1.0	complete	ascertained_latent_time_oracle	0.0	400	396	0.99	18	0.045	0.028651458653886006	0.07000472919032381	0.0075	0.0375	0.004395022384555463	0.0010866078108715906	108.0	18.0	32.0	14.0	0.5342846397160134
54941	120	0.3	1.0	1.0	complete	detected_visit_time	0.0	400	396	0.99	8	0.02	0.010168386791664645	0.03896341576926	0.0025	0.0175	0.006080308951842932	0.0014426070408797942	108.0	18.0	32.0	14.0	0.5342846397160134
54941	120	0.3	1.0	1.0	complete	midpoint_imputed_time	0.0	400	396	0.99	8	0.02	0.010168386791664645	0.03896341576926	0.0025	0.0175	0.006080308951842932	0.0014426070408797942	108.0	18.0	32.0	14.0	0.5342846397160134
54941	120	0.3	1.0	1.0	independent_20pct	full_latent_time_oracle	0.19830208333333332	400	400	1.0	25	0.0625	0.04268914141220244	0.09063411613030699	0.0325	0.03	0.026980239402194524	0.0051853547641210265	108.0	32.0	32.0	20.0	0.5439157544589721
54941	120	0.3	1.0	1.0	independent_20pct	ascertained_latent_time_oracle	0.19830208333333332	400	309	0.7725	15	0.0375	0.022855029814710867	0.060943842444513396	0.015	0.0225	-0.05468429899309911	-0.014841797029829925	108.0	12.0	32.0	20.0	0.5439157544589721
54941	120	0.3	1.0	1.0	independent_20pct	detected_visit_time	0.19830208333333332	400	309	0.7725	13	0.0325	0.01908984237880045	0.0548041528237668	0.0125	0.02	-0.028514966745066424	-0.009129908502735496	108.0	12.0	32.0	20.0	0.5439157544589721
54941	120	0.3	1.0	1.0	independent_20pct	midpoint_imputed_time	0.19830208333333332	400	309	0.7725	13	0.0325	0.01908984237880045	0.0548041528237668	0.0125	0.02	-0.028514966745066386	-0.009129908502735486	108.0	12.0	32.0	20.0	0.5439157544589721
54941	120	0.3	1.0	1.0	score_dependent_20pct	full_latent_time_oracle	0.1996979166666667	400	400	1.0	16	0.04	0.024769063069711758	0.06398224771784103	0.0225	0.0175	-0.010759832328060347	-0.0022883065005418583	108.0	32.0	32.0	21.0	0.5370077801077202
54941	120	0.3	1.0	1.0	score_dependent_20pct	ascertained_latent_time_oracle	0.1996979166666667	400	297	0.7425	30	0.075	0.05303774392284765	0.10504770626130436	0.0	0.075	-0.8060937769001116	-0.2619549032617929	108.0	11.0	32.0	21.0	0.5370077801077202
54941	120	0.3	1.0	1.0	score_dependent_20pct	detected_visit_time	0.1996979166666667	400	297	0.7425	23	0.0575	0.038617542757733075	0.08480083772811935	0.0	0.0575	-0.7339676859977108	-0.24359912715077528	108.0	11.0	32.0	21.0	0.5370077801077202
54941	120	0.3	1.0	1.0	score_dependent_20pct	midpoint_imputed_time	0.1996979166666667	400	297	0.7425	23	0.0575	0.038617542757733075	0.08480083772811935	0.0	0.0575	-0.7339676859977109	-0.24359912715077528	108.0	11.0	32.0	21.0	0.5370077801077202
54941	120	0.3	1.0	1.0	joint_score_progression_risk_20pct	full_latent_time_oracle	0.19957291666666666	400	400	1.0	26	0.065	0.04474048189620036	0.09353521417463759	0.05	0.015	-0.09897417052837576	-0.019769635271061712	108.0	32.0	32.0	21.0	0.5368787642562409
54941	120	0.3	1.0	1.0	joint_score_progression_risk_20pct	ascertained_latent_time_oracle	0.19957291666666666	400	283	0.7075	39	0.0975	0.07214511778538757	0.1305122791537211	0.0075	0.09	-0.7394582612185898	-0.23465122604246316	108.0	11.0	32.0	21.0	0.5368787642562409
54941	120	0.3	1.0	1.0	joint_score_progression_risk_20pct	detected_visit_time	0.19957291666666666	400	283	0.7075	30	0.075	0.05303774392284765	0.10504770626130436	0.005	0.07	-0.6890953957389503	-0.22735845152940135	108.0	11.0	32.0	21.0	0.5368787642562409
54941	120	0.3	1.0	1.0	joint_score_progression_risk_20pct	midpoint_imputed_time	0.19957291666666666	400	283	0.7075	30	0.075	0.05303774392284765	0.10504770626130436	0.005	0.07	-0.6890953957389502	-0.2273584515294014	108.0	11.0	32.0	21.0	0.5368787642562409
54941	120	0.3	1.7	0.25	complete	full_latent_time_oracle	0.0	400	400	1.0	177	0.4425	0.39460190844340914	0.491492005405035	0.4425	0.0	1.8495852147066028	0.3648760437747633	108.0	32.0	32.0	3.0	0.12727225085227184
54941	120	0.3	1.7	0.25	complete	ascertained_latent_time_oracle	0.0	400	400	1.0	172	0.43	0.3823760406443324	0.47895568056246907	0.43	0.0	1.7927228931331645	0.3697829978342334	108.0	29.0	32.0	3.0	0.12727225085227184
54941	120	0.3	1.7	0.25	complete	detected_visit_time	0.0	400	400	1.0	164	0.41	0.362879477619472	0.4588327353607013	0.41	0.0	1.737972739298285	0.36254871585746695	108.0	29.0	32.0	3.0	0.12727225085227184
54941	120	0.3	1.7	0.25	complete	midpoint_imputed_time	0.0	400	400	1.0	164	0.41	0.362879477619472	0.4588327353607013	0.41	0.0	1.737972739298285	0.36254871585746695	108.0	29.0	32.0	3.0	0.12727225085227184
54941	120	0.3	1.7	0.25	independent_20pct	full_latent_time_oracle	0.19961979166666666	400	400	1.0	180	0.45	0.40195222801404185	0.4989990014193878	0.45	0.0	1.8299064081569585	0.36323491651899725	108.0	33.0	33.0	4.0	0.15538728752174433
54941	120	0.3	1.7	0.25	independent_20pct	ascertained_latent_time_oracle	0.19961979166666666	400	400	1.0	160	0.4	0.3531615288938136	0.4487409299730458	0.4	0.0	1.7045159842099311	0.34958432769349	108.0	28.0	33.0	4.0	0.15538728752174433
54941	120	0.3	1.7	0.25	independent_20pct	detected_visit_time	0.19961979166666666	400	400	1.0	154	0.385	0.3386231845670135	0.4335646431298747	0.385	0.0	1.6478088346462738	0.3418432230882863	108.0	28.0	33.0	4.0	0.15538728752174433
54941	120	0.3	1.7	0.25	independent_20pct	midpoint_imputed_time	0.19961979166666666	400	400	1.0	159	0.3975	0.3507352396832797	0.4462147806552511	0.3975	0.0	1.675766704576843	0.3453455062295928	108.0	28.0	33.0	4.0	0.15538728752174433
54941	120	0.3	1.7	0.25	score_dependent_20pct	full_latent_time_oracle	0.19989843750000003	400	400	1.0	195	0.4875	0.4388685044431795	0.5363693029151779	0.4875	0.0	1.9462493299218164	0.3808813456371754	108.0	32.0	32.0	6.0	0.16303599571560512
54941	120	0.3	1.7	0.25	score_dependent_20pct	ascertained_latent_time_oracle	0.19989843750000003	400	400	1.0	94	0.235	0.1960909748126292	0.278950541184548	0.235	0.0	1.3167407320365476	0.2903647015814271	108.0	26.0	32.0	6.0	0.16303599571560512
54941	120	0.3	1.7	0.25	score_dependent_20pct	detected_visit_time	0.19989843750000003	400	400	1.0	85	0.2125	0.17524350992363666	0.2552260593185839	0.2125	0.0	1.271890538908384	0.28101830975274333	108.0	26.0	32.0	6.0	0.16303599571560512
54941	120	0.3	1.7	0.25	score_dependent_20pct	midpoint_imputed_time	0.19989843750000003	400	400	1.0	87	0.2175	0.1798616207098898	0.2605128255889877	0.2175	0.0	1.2852080767893748	0.286158580167002	108.0	26.0	32.0	6.0	0.16303599571560512
54941	120	0.3	1.7	0.25	joint_score_progression_risk_20pct	full_latent_time_oracle	0.20006770833333332	400	400	1.0	184	0.46	0.4117698068715022	0.5089911766752415	0.46	0.0	1.8404399578676285	0.36736373709704906	108.0	32.0	32.0	9.0	0.1526805668177168
54941	120	0.3	1.7	0.25	joint_score_progression_risk_20pct	ascertained_latent_time_oracle	0.20006770833333332	400	399	0.9975	58	0.145	0.11387048965924287	0.18288323931810765	0.1425	0.0025	0.9996158399503466	0.24348122229250227	108.0	23.0	32.0	9.0	0.1526805668177168
54941	120	0.3	1.7	0.25	joint_score_progression_risk_20pct	detected_visit_time	0.20006770833333332	400	399	0.9975	50	0.125	0.09611512323676381	0.1610190975139586	0.1225	0.0025	0.9660510205973141	0.23234293559143956	108.0	23.0	32.0	9.0	0.1526805668177168
54941	120	0.3	1.7	0.25	joint_score_progression_risk_20pct	midpoint_imputed_time	0.20006770833333332	400	399	0.9975	53	0.1325	0.10274521663902703	0.1692463196966809	0.13	0.0025	0.9732587706469709	0.2363782383720296	108.0	23.0	32.0	9.0	0.1526805668177168
54941	120	0.3	1.7	0.5	complete	full_latent_time_oracle	0.0	400	400	1.0	181	0.4525	0.404404788515386	0.5014988794463721	0.4525	0.0	1.8356356621708643	0.3648259795416784	108.0	32.0	32.0	6.0	0.26455784613370464
54941	120	0.3	1.7	0.5	complete	ascertained_latent_time_oracle	0.0	400	400	1.0	167	0.4175	0.37018126768159904	0.46638826088355984	0.4175	0.0	1.722813129647643	0.37629724732112124	108.0	26.0	32.0	6.0	0.26455784613370464
54941	120	0.3	1.7	0.5	complete	detected_visit_time	0.0	400	400	1.0	144	0.36	0.3144979076102711	0.40816553480333195	0.36	0.0	1.6324859159235903	0.35591805110131536	108.0	26.0	32.0	6.0	0.26455784613370464
54941	120	0.3	1.7	0.5	complete	midpoint_imputed_time	0.0	400	400	1.0	144	0.36	0.3144979076102711	0.40816553480333195	0.36	0.0	1.6324859159235903	0.35591805110131536	108.0	26.0	32.0	6.0	0.26455784613370464
54941	120	0.3	1.7	0.5	independent_20pct	full_latent_time_oracle	0.20011458333333332	400	400	1.0	197	0.4925	0.44381128061271025	0.5413314038023042	0.4925	0.0	1.947457405221678	0.38304211210605954	108.0	32.0	32.0	10.0	0.29922600430592755
54941	120	0.3	1.7	0.5	independent_20pct	ascertained_latent_time_oracle	0.20011458333333332	400	400	1.0	144	0.36	0.3144979076102711	0.40816553480333195	0.36	0.0	1.5921831792214856	0.3711832224096352	108.0	22.0	32.0	10.0	0.29922600430592755
54941	120	0.3	1.7	0.5	independent_20pct	detected_visit_time	0.20011458333333332	400	400	1.0	127	0.3175	0.27380177308238884	0.36467021434962943	0.3175	0.0	1.5011021059076026	0.3501274550763888	108.0	22.0	32.0	10.0	0.29922600430592755
54941	120	0.3	1.7	0.5	independent_20pct	midpoint_imputed_time	0.20011458333333332	400	400	1.0	131	0.3275	0.2833400429179013	0.37494169862743104	0.3275	0.0	1.5096142728541784	0.35245313382913	108.0	22.0	32.0	10.0	0.29922600430592755
54941	120	0.3	1.7	0.5	score_dependent_20pct	full_latent_time_oracle	0.19949479166666662	400	400	1.0	183	0.4575	0.4093135795917928	0.5064949654266224	0.4575	0.0	1.8449953421703622	0.3625809070802695	108.0	32.0	32.0	13.0	0.3042510753165194
54941	120	0.3	1.7	0.5	score_dependent_20pct	ascertained_latent_time_oracle	0.19949479166666662	400	397	0.9925	36	0.09	0.06571729376939447	0.12208278758472865	0.0875	0.0025	0.7130804004384069	0.17986979901638536	108.0	20.0	32.0	13.0	0.3042510753165194
54941	120	0.3	1.7	0.5	score_dependent_20pct	detected_visit_time	0.19949479166666662	400	397	0.9925	31	0.0775	0.05513293467684451	0.10790495403563602	0.075	0.0025	0.6997956909127308	0.18071969772433777	108.0	20.0	32.0	13.0	0.3042510753165194
54941	120	0.3	1.7	0.5	score_dependent_20pct	midpoint_imputed_time	0.19949479166666662	400	397	0.9925	34	0.085	0.0614630200239382	0.11643218427352792	0.0825	0.0025	0.680724875291261	0.17863170991295468	108.0	20.0	32.0	13.0	0.3042510753165194
54941	120	0.3	1.7	0.5	joint_score_progression_risk_20pct	full_latent_time_oracle	0.19927083333333329	400	400	1.0	164	0.41	0.362879477619472	0.4588327353607013	0.41	0.0	1.759983745367939	0.3471089246789901	108.0	32.0	32.0	14.0	0.2787078710907152
54941	120	0.3	1.7	0.5	joint_score_progression_risk_20pct	ascertained_latent_time_oracle	0.19927083333333329	400	398	0.995	40	0.1	0.07429925914003437	0.13331057632740284	0.0925	0.0075	0.5502368000044746	0.14976249145121767	108.0	18.0	32.0	14.0	0.2787078710907152
54941	120	0.3	1.7	0.5	joint_score_progression_risk_20pct	detected_visit_time	0.19927083333333329	400	398	0.995	32	0.08	0.05723575041013351	0.11075457683067555	0.0725	0.0075	0.5134047445922593	0.1412118866005045	108.0	18.0	32.0	14.0	0.2787078710907152
54941	120	0.3	1.7	0.5	joint_score_progression_risk_20pct	midpoint_imputed_time	0.19927083333333329	400	398	0.995	34	0.085	0.0614630200239382	0.11643218427352792	0.0775	0.0075	0.5246863138213667	0.1464202017006389	108.0	18.0	32.0	14.0	0.2787078710907152
54941	120	0.3	1.7	1.0	complete	full_latent_time_oracle	0.0	400	400	1.0	181	0.4525	0.404404788515386	0.5014988794463721	0.4525	0.0	1.8478850985925233	0.3632205832864206	108.0	32.0	32.0	13.0	0.5600227311227393
54941	120	0.3	1.7	1.0	complete	ascertained_latent_time_oracle	0.0	400	400	1.0	131	0.3275	0.2833400429179013	0.37494169862743104	0.3275	0.0	1.5090805704859838	0.38202136042757445	108.0	19.0	32.0	13.0	0.5600227311227393
54941	120	0.3	1.7	1.0	complete	detected_visit_time	0.0	400	400	1.0	99	0.2475	0.20774293744415318	0.29206077119466656	0.2475	0.0	1.3408621669709175	0.33287253314390636	108.0	19.0	32.0	13.0	0.5600227311227393
54941	120	0.3	1.7	1.0	complete	midpoint_imputed_time	0.0	400	400	1.0	99	0.2475	0.20774293744415318	0.29206077119466656	0.2475	0.0	1.3408621669709175	0.33287253314390636	108.0	19.0	32.0	13.0	0.5600227311227393
54941	120	0.3	1.7	1.0	independent_20pct	full_latent_time_oracle	0.19970833333333338	400	400	1.0	168	0.42	0.3726177182254857	0.4689042488680017	0.42	0.0	1.7435798373689009	0.3400972080155875	109.0	32.0	32.0	20.0	0.5659372879329259
54941	120	0.3	1.7	1.0	independent_20pct	ascertained_latent_time_oracle	0.19970833333333338	400	331	0.8275	70	0.175	0.1409042015930453	0.2152787897242474	0.175	0.0	1.1398660705787702	0.3350254461451399	109.0	12.0	32.0	20.0	0.5659372879329259
54941	120	0.3	1.7	1.0	independent_20pct	detected_visit_time	0.19970833333333338	400	331	0.8275	52	0.13	0.10053125228664084	0.1665078455207386	0.13	0.0	1.0006094048113794	0.30674367584120743	109.0	12.0	32.0	20.0	0.5659372879329259
54941	120	0.3	1.7	1.0	independent_20pct	midpoint_imputed_time	0.19970833333333338	400	331	0.8275	52	0.13	0.10053125228664084	0.1665078455207386	0.13	0.0	1.0006094048113794	0.30674367584120743	109.0	12.0	32.0	20.0	0.5659372879329259
54941	120	0.3	1.7	1.0	score_dependent_20pct	full_latent_time_oracle	0.20140625	400	400	1.0	170	0.425	0.3774943812405543	0.4739324629095902	0.425	0.0	1.7741791306045802	0.3499445995998829	108.0	32.0	32.0	22.0	0.5467454077089966
54941	120	0.3	1.7	1.0	score_dependent_20pct	ascertained_latent_time_oracle	0.20140625	400	238	0.595	7	0.0175	0.008502291107038103	0.03567707292555804	0.0075	0.01	0.24727173354715382	0.07430543641331064	108.0	10.0	32.0	22.0	0.5467454077089966
54941	120	0.3	1.7	1.0	score_dependent_20pct	detected_visit_time	0.20140625	400	238	0.595	6	0.015	0.006892291919440893	0.03233463358482672	0.005	0.01	0.20866245803639116	0.06412406697211731	108.0	10.0	32.0	22.0	0.5467454077089966
54941	120	0.3	1.7	1.0	score_dependent_20pct	midpoint_imputed_time	0.20140625	400	238	0.595	6	0.015	0.006892291919440893	0.03233463358482672	0.005	0.01	0.20866245803639108	0.06412406697211731	108.0	10.0	32.0	22.0	0.5467454077089966
54941	120	0.3	1.7	1.0	joint_score_progression_risk_20pct	full_latent_time_oracle	0.19985416666666667	400	400	1.0	194	0.485	0.4363989291617392	0.5338864396682897	0.485	0.0	1.9317839765412028	0.3669305762503893	108.0	32.0	32.0	22.0	0.5276553960155584
54941	120	0.3	1.7	1.0	joint_score_progression_risk_20pct	ascertained_latent_time_oracle	0.19985416666666667	400	230	0.575	15	0.0375	0.022855029814710867	0.060943842444513396	0.0375	0.0	0.3703180693962025	0.1136833711887664	108.0	10.0	32.0	22.0	0.5276553960155584
54941	120	0.3	1.7	1.0	joint_score_progression_risk_20pct	detected_visit_time	0.19985416666666667	400	230	0.575	10	0.025	0.013635091745936023	0.045401587871645666	0.025	0.0	0.3769149718597593	0.12445672274393038	108.0	10.0	32.0	22.0	0.5276553960155584
54941	120	0.3	1.7	1.0	joint_score_progression_risk_20pct	midpoint_imputed_time	0.19985416666666667	400	230	0.575	10	0.025	0.013635091745936023	0.045401587871645666	0.025	0.0	0.3769149718597594	0.12445672274393041	108.0	10.0	32.0	22.0	0.5276553960155584
54941	240	0.15	1.0	0.25	complete	full_latent_time_oracle	0.0	400	400	1.0	29	0.0725	0.05095051840227673	0.10218249325354675	0.0325	0.04	0.04816343578571651	0.009211750941246032	216.0	32.0	32.0	3.0	0.12582116144891742
54941	240	0.15	1.0	0.25	complete	ascertained_latent_time_oracle	0.0	400	400	1.0	22	0.055	0.03659849414955068	0.08186744780797323	0.0275	0.0275	0.12181723433645739	0.02540382309914772	216.0	29.0	32.0	3.0	0.12582116144891742
54941	240	0.15	1.0	0.25	complete	detected_visit_time	0.0	400	400	1.0	22	0.055	0.03659849414955068	0.08186744780797323	0.0275	0.0275	0.1153583208735178	0.023946310642008438	216.0	29.0	32.0	3.0	0.12582116144891742
54941	240	0.15	1.0	0.25	complete	midpoint_imputed_time	0.0	400	400	1.0	22	0.055	0.03659849414955068	0.08186744780797323	0.0275	0.0275	0.1153583208735178	0.023946310642008438	216.0	29.0	32.0	3.0	0.12582116144891742
54941	240	0.15	1.0	0.25	independent_20pct	full_latent_time_oracle	0.2002513020833333	400	400	1.0	24	0.06	0.040647970113724695	0.0877228489004562	0.0325	0.0275	0.03948896806640755	0.007372712541960756	216.0	32.0	32.0	5.0	0.15337262329011794
54941	240	0.15	1.0	0.25	independent_20pct	ascertained_latent_time_oracle	0.2002513020833333	400	400	1.0	29	0.0725	0.05095051840227673	0.10218249325354675	0.0375	0.035	0.010051768189575634	0.0024084771777525657	216.0	27.0	32.0	5.0	0.15337262329011794
54941	240	0.15	1.0	0.25	independent_20pct	detected_visit_time	0.2002513020833333	400	400	1.0	24	0.06	0.040647970113724695	0.0877228489004562	0.03	0.03	0.016400849977453134	0.0037374017748874333	216.0	27.0	32.0	5.0	0.15337262329011794
54941	240	0.15	1.0	0.25	independent_20pct	midpoint_imputed_time	0.2002513020833333	400	400	1.0	26	0.065	0.04474048189620036	0.09353521417463759	0.0325	0.0325	0.00801066900202064	0.0014512382286890376	216.0	27.0	32.0	5.0	0.15337262329011794
54941	240	0.15	1.0	0.25	score_dependent_20pct	full_latent_time_oracle	0.20006510416666667	400	400	1.0	24	0.06	0.040647970113724695	0.0877228489004562	0.02	0.04	-0.05822259161045676	-0.010745733739588202	216.0	33.0	33.0	6.0	0.15253649337007263
54941	240	0.15	1.0	0.25	score_dependent_20pct	ascertained_latent_time_oracle	0.20006510416666667	400	400	1.0	20	0.05	0.03259742983714726	0.07596363506371961	0.0075	0.0425	-0.3164527518730196	-0.06990932231692076	216.0	26.0	33.0	6.0	0.15253649337007263
54941	240	0.15	1.0	0.25	score_dependent_20pct	detected_visit_time	0.20006510416666667	400	400	1.0	20	0.05	0.03259742983714726	0.07596363506371961	0.0075	0.0425	-0.3106205720886357	-0.0709753564163629	216.0	26.0	33.0	6.0	0.15253649337007263
54941	240	0.15	1.0	0.25	score_dependent_20pct	midpoint_imputed_time	0.20006510416666667	400	400	1.0	19	0.0475	0.030617076962711882	0.07299154940982647	0.0075	0.04	-0.3109559604586257	-0.07135594906318307	216.0	26.0	33.0	6.0	0.15253649337007263
54941	240	0.15	1.0	0.25	joint_score_progression_risk_20pct	full_latent_time_oracle	0.19985026041666665	400	400	1.0	21	0.0525	0.034591528357920405	0.07892197507127496	0.0275	0.025	0.03664487605610589	0.007052234135228744	216.0	32.0	32.0	9.0	0.14749493581961054
54941	240	0.15	1.0	0.25	joint_score_progression_risk_20pct	ascertained_latent_time_oracle	0.19985026041666665	400	400	1.0	29	0.0725	0.05095051840227673	0.10218249325354675	0.0	0.0725	-0.6047470101224992	-0.14504748079062324	216.0	23.0	32.0	9.0	0.14749493581961054
54941	240	0.15	1.0	0.25	joint_score_progression_risk_20pct	detected_visit_time	0.19985026041666665	400	400	1.0	27	0.0675	0.04680146916375965	0.09642666543540682	0.0	0.0675	-0.6014256533185351	-0.14275725188667945	216.0	23.0	32.0	9.0	0.14749493581961054
54941	240	0.15	1.0	0.25	joint_score_progression_risk_20pct	midpoint_imputed_time	0.19985026041666665	400	400	1.0	29	0.0725	0.05095051840227673	0.10218249325354675	0.0	0.0725	-0.6010942310338566	-0.1448155553079832	216.0	23.0	32.0	9.0	0.14749493581961054
54941	240	0.15	1.0	0.5	complete	full_latent_time_oracle	0.0	400	400	1.0	18	0.045	0.028651458653886006	0.07000472919032381	0.0225	0.0225	0.06331485044144494	0.011972859367245417	217.0	32.0	32.0	7.0	0.2527540105564352
54941	240	0.15	1.0	0.5	complete	ascertained_latent_time_oracle	0.0	400	400	1.0	19	0.0475	0.030617076962711882	0.07299154940982647	0.025	0.0225	0.04673404822431408	0.010475714284354029	217.0	25.0	32.0	7.0	0.2527540105564352
54941	240	0.15	1.0	0.5	complete	detected_visit_time	0.0	400	400	1.0	14	0.035	0.02096129419797776	0.057885139532918004	0.0175	0.0175	0.043555330822555194	0.010167753103515958	217.0	25.0	32.0	7.0	0.2527540105564352
54941	240	0.15	1.0	0.5	complete	midpoint_imputed_time	0.0	400	400	1.0	14	0.035	0.02096129419797776	0.057885139532918004	0.0175	0.0175	0.043555330822555194	0.010167753103515958	217.0	25.0	32.0	7.0	0.2527540105564352
54941	240	0.15	1.0	0.5	independent_20pct	full_latent_time_oracle	0.2005572916666667	400	400	1.0	22	0.055	0.03659849414955068	0.08186744780797323	0.0375	0.0175	0.04069689155618034	0.007900878288441875	216.0	32.0	32.0	11.0	0.29245531940816505
54941	240	0.15	1.0	0.5	independent_20pct	ascertained_latent_time_oracle	0.2005572916666667	400	399	0.9975	21	0.0525	0.034591528357920405	0.07892197507127496	0.035	0.0175	0.003976376089570776	0.00106146232387015	216.0	21.0	32.0	11.0	0.29245531940816505
54941	240	0.15	1.0	0.5	independent_20pct	detected_visit_time	0.2005572916666667	400	399	0.9975	21	0.0525	0.034591528357920405	0.07892197507127496	0.035	0.0175	0.003156147562990472	0.0008655385499987991	216.0	21.0	32.0	11.0	0.29245531940816505
54941	240	0.15	1.0	0.5	independent_20pct	midpoint_imputed_time	0.2005572916666667	400	399	0.9975	21	0.0525	0.034591528357920405	0.07892197507127496	0.035	0.0175	-0.0016949598343729592	-0.000422112336297903	216.0	21.0	32.0	11.0	0.29245531940816505
54941	240	0.15	1.0	0.5	score_dependent_20pct	full_latent_time_oracle	0.20047135416666662	400	400	1.0	22	0.055	0.03659849414955068	0.08186744780797323	0.0275	0.0275	0.026754026011249394	0.00499124305461217	217.0	33.0	33.0	12.0	0.2766134493867959
54941	240	0.15	1.0	0.5	score_dependent_20pct	ascertained_latent_time_oracle	0.20047135416666662	400	400	1.0	28	0.07	0.04887162669974449	0.09930894642775051	0.0075	0.0625	-0.4838633514734534	-0.11864204342932393	217.0	20.0	33.0	12.0	0.2766134493867959
54941	240	0.15	1.0	0.5	score_dependent_20pct	detected_visit_time	0.20047135416666662	400	400	1.0	26	0.065	0.04474048189620036	0.09353521417463759	0.0075	0.0575	-0.4742741717204304	-0.11759942550131872	217.0	20.0	33.0	12.0	0.2766134493867959
54941	240	0.15	1.0	0.5	score_dependent_20pct	midpoint_imputed_time	0.20047135416666662	400	400	1.0	26	0.065	0.04474048189620036	0.09353521417463759	0.0075	0.0575	-0.47958539322175564	-0.12007180514490409	217.0	20.0	33.0	12.0	0.2766134493867959
54941	240	0.15	1.0	0.5	joint_score_progression_risk_20pct	full_latent_time_oracle	0.19965885416666662	400	400	1.0	27	0.0675	0.04680146916375965	0.09642666543540682	0.035	0.0325	0.08275439899537945	0.015809092702826832	216.0	32.0	32.0	14.0	0.27873497403019676
54941	240	0.15	1.0	0.5	joint_score_progression_risk_20pct	ascertained_latent_time_oracle	0.19965885416666662	400	393	0.9825	43	0.1075	0.08079372047159449	0.14167343058082826	0.0025	0.105	-0.6031116913384158	-0.14914638386759926	216.0	18.0	32.0	14.0	0.27873497403019676
54941	240	0.15	1.0	0.5	joint_score_progression_risk_20pct	detected_visit_time	0.19965885416666662	400	393	0.9825	39	0.0975	0.07214511778538757	0.1305122791537211	0.0025	0.095	-0.5798053651998971	-0.15188623779532912	216.0	18.0	32.0	14.0	0.27873497403019676
54941	240	0.15	1.0	0.5	joint_score_progression_risk_20pct	midpoint_imputed_time	0.19965885416666662	400	393	0.9825	37	0.0925	0.06785393449857381	0.12489858538387784	0.0	0.0925	-0.5830627160528992	-0.1494938252336915	216.0	18.0	32.0	14.0	0.27873497403019676
54941	240	0.15	1.0	1.0	complete	full_latent_time_oracle	0.0	400	400	1.0	26	0.065	0.04474048189620036	0.09353521417463759	0.03	0.035	0.09317510105588692	0.016909628961204914	216.0	32.0	32.0	15.0	0.5121404941968654
54941	240	0.15	1.0	1.0	complete	ascertained_latent_time_oracle	0.0	400	393	0.9825	13	0.0325	0.01908984237880045	0.0548041528237668	0.02	0.0125	0.08627693499731368	0.02314775299558588	216.0	17.0	32.0	15.0	0.5121404941968654
54941	240	0.15	1.0	1.0	complete	detected_visit_time	0.0	400	393	0.9825	11	0.0275	0.015423636260295411	0.048565481885614784	0.0175	0.01	0.1019891274718167	0.023410923948401042	216.0	17.0	32.0	15.0	0.5121404941968654
54941	240	0.15	1.0	1.0	complete	midpoint_imputed_time	0.0	400	393	0.9825	11	0.0275	0.015423636260295411	0.048565481885614784	0.0175	0.01	0.1019891274718167	0.023410923948401042	216.0	17.0	32.0	15.0	0.5121404941968654
54941	240	0.15	1.0	1.0	independent_20pct	full_latent_time_oracle	0.20113541666666668	400	400	1.0	18	0.045	0.028651458653886006	0.07000472919032381	0.02	0.025	0.018518514940828838	0.003917704479259396	215.5	33.0	33.0	21.0	0.5264331025948178
54941	240	0.15	1.0	1.0	independent_20pct	ascertained_latent_time_oracle	0.20113541666666668	400	267	0.6675	12	0.03	0.017243020965143054	0.05169853570909567	0.0175	0.0125	0.012551945722973997	0.004100150568127785	215.5	11.0	33.0	21.0	0.5264331025948178
54941	240	0.15	1.0	1.0	independent_20pct	detected_visit_time	0.20113541666666668	400	267	0.6675	10	0.025	0.013635091745936023	0.045401587871645666	0.0125	0.0125	-0.0008931274052296525	-0.0002598168578660527	215.5	11.0	33.0	21.0	0.5264331025948178
54941	240	0.15	1.0	1.0	independent_20pct	midpoint_imputed_time	0.20113541666666668	400	267	0.6675	10	0.025	0.013635091745936023	0.045401587871645666	0.0125	0.0125	-0.0008931274052297817	-0.00025981685786609024	215.5	11.0	33.0	21.0	0.5264331025948178
54941	240	0.15	1.0	1.0	score_dependent_20pct	full_latent_time_oracle	0.19933333333333336	400	400	1.0	25	0.0625	0.04268914141220244	0.09063411613030699	0.03	0.0325	-0.0605437141211076	-0.012149745883589198	216.0	32.0	32.0	21.0	0.5137010781053635
54941	240	0.15	1.0	1.0	score_dependent_20pct	ascertained_latent_time_oracle	0.19933333333333336	400	273	0.6825	32	0.08	0.05723575041013351	0.11075457683067555	0.0025	0.0775	-0.696538591871077	-0.2213841689746748	216.0	11.0	32.0	21.0	0.5137010781053635
54941	240	0.15	1.0	1.0	score_dependent_20pct	detected_visit_time	0.19933333333333336	400	273	0.6825	30	0.075	0.05303774392284765	0.10504770626130436	0.0025	0.0725	-0.6716810718118232	-0.2196759348197181	216.0	11.0	32.0	21.0	0.5137010781053635
54941	240	0.15	1.0	1.0	score_dependent_20pct	midpoint_imputed_time	0.19933333333333336	400	273	0.6825	30	0.075	0.05303774392284765	0.10504770626130436	0.0025	0.0725	-0.6716810718118232	-0.21967593481971803	216.0	11.0	32.0	21.0	0.5137010781053635
54941	240	0.15	1.0	1.0	joint_score_progression_risk_20pct	full_latent_time_oracle	0.19910937500000003	400	400	1.0	25	0.0625	0.04268914141220244	0.09063411613030699	0.0375	0.025	-0.05581945195606652	-0.010306763392609141	216.0	32.0	32.0	22.0	0.5108090951858361
54941	240	0.15	1.0	1.0	joint_score_progression_risk_20pct	ascertained_latent_time_oracle	0.19910937500000003	400	227	0.5675	22	0.055	0.03659849414955068	0.08186744780797323	0.0	0.055	-0.5921604577803885	-0.193544021958796	216.0	10.0	32.0	22.0	0.5108090951858361
54941	240	0.15	1.0	1.0	joint_score_progression_risk_20pct	detected_visit_time	0.19910937500000003	400	227	0.5675	18	0.045	0.028651458653886006	0.07000472919032381	0.0	0.045	-0.5743415552202137	-0.1851675212268362	216.0	10.0	32.0	22.0	0.5108090951858361
54941	240	0.15	1.0	1.0	joint_score_progression_risk_20pct	midpoint_imputed_time	0.19910937500000003	400	227	0.5675	18	0.045	0.028651458653886006	0.07000472919032381	0.0	0.045	-0.5743415552202137	-0.1851675212268362	216.0	10.0	32.0	22.0	0.5108090951858361
54941	240	0.15	1.7	0.25	complete	full_latent_time_oracle	0.0	400	400	1.0	199	0.4975	0.44875888867958347	0.5462886727920879	0.4975	0.0	1.9501025340390856	0.38309693461554395	216.0	32.0	32.0	3.0	0.1254099544107726
54941	240	0.15	1.7	0.25	complete	ascertained_latent_time_oracle	0.0	400	400	1.0	181	0.4525	0.404404788515386	0.5014988794463721	0.4525	0.0	1.8734402753893358	0.3826158805397827	216.0	29.0	32.0	3.0	0.1254099544107726
54941	240	0.15	1.7	0.25	complete	detected_visit_time	0.0	400	400	1.0	174	0.435	0.3872626744968637	0.48397392376659487	0.435	0.0	1.8424795569504457	0.38059729859346186	216.0	29.0	32.0	3.0	0.1254099544107726
54941	240	0.15	1.7	0.25	complete	midpoint_imputed_time	0.0	400	400	1.0	174	0.435	0.3872626744968637	0.48397392376659487	0.435	0.0	1.8424795569504457	0.38059729859346186	216.0	29.0	32.0	3.0	0.1254099544107726
54941	240	0.15	1.7	0.25	independent_20pct	full_latent_time_oracle	0.2002747395833333	400	400	1.0	183	0.4575	0.4093135795917928	0.5064949654266224	0.4575	0.0	1.8407660376668584	0.3567043316569691	216.0	32.0	32.0	5.0	0.15525847902174872
54941	240	0.15	1.7	0.25	independent_20pct	ascertained_latent_time_oracle	0.2002747395833333	400	400	1.0	162	0.405	0.3580179525239347	0.4537893833995817	0.405	0.0	1.6643886862410648	0.359357568328454	216.0	27.0	32.0	5.0	0.15525847902174872
54941	240	0.15	1.7	0.25	independent_20pct	detected_visit_time	0.2002747395833333	400	400	1.0	155	0.3875	0.34104299567214824	0.43609727055306846	0.3875	0.0	1.6562966678030786	0.3548782386583278	216.0	27.0	32.0	5.0	0.15525847902174872
54941	240	0.15	1.7	0.25	independent_20pct	midpoint_imputed_time	0.2002747395833333	400	400	1.0	156	0.39	0.34346411119977976	0.43862859355376554	0.39	0.0	1.6604657439942847	0.3571854390061835	216.0	27.0	32.0	5.0	0.15525847902174872
54941	240	0.15	1.7	0.25	score_dependent_20pct	full_latent_time_oracle	0.19976953124999997	400	400	1.0	204	0.51	0.46114904250821503	0.558660711605099	0.51	0.0	1.9785998363653254	0.3786415189004145	216.0	32.0	32.0	7.0	0.15821713414731434
54941	240	0.15	1.7	0.25	score_dependent_20pct	ascertained_latent_time_oracle	0.19976953124999997	400	400	1.0	100	0.25	0.2100790142364741	0.2946771329306741	0.25	0.0	1.205568241443682	0.27007942783585487	216.0	24.0	32.0	7.0	0.15821713414731434
54941	240	0.15	1.7	0.25	score_dependent_20pct	detected_visit_time	0.19976953124999997	400	400	1.0	98	0.245	0.20540872953011524	0.289442540580376	0.245	0.0	1.1819311485639998	0.26800960665795825	216.0	24.0	32.0	7.0	0.15821713414731434
54941	240	0.15	1.7	0.25	score_dependent_20pct	midpoint_imputed_time	0.19976953124999997	400	400	1.0	96	0.24	0.20074599691279923	0.284200396141035	0.24	0.0	1.201245789158857	0.26557089863287414	216.0	24.0	32.0	7.0	0.15821713414731434
54941	240	0.15	1.7	0.25	joint_score_progression_risk_20pct	full_latent_time_oracle	0.20013281250000003	400	400	1.0	185	0.4625	0.41422725327343163	0.5114861688016406	0.4625	0.0	1.8532882641356485	0.3597214478223646	216.0	32.0	32.0	11.0	0.15044645693951342
54941	240	0.15	1.7	0.25	joint_score_progression_risk_20pct	ascertained_latent_time_oracle	0.20013281250000003	400	398	0.995	50	0.125	0.09611512323676381	0.1610190975139586	0.125	0.0	0.793162895445469	0.19543046505144931	216.0	21.0	32.0	11.0	0.15044645693951342
54941	240	0.15	1.7	0.25	joint_score_progression_risk_20pct	detected_visit_time	0.20013281250000003	400	398	0.995	48	0.12	0.09171539075382554	0.15551395294023979	0.12	0.0	0.8026993517109049	0.1941486796332037	216.0	21.0	32.0	11.0	0.15044645693951342
54941	240	0.15	1.7	0.25	joint_score_progression_risk_20pct	midpoint_imputed_time	0.20013281250000003	400	398	0.995	50	0.125	0.09611512323676381	0.1610190975139586	0.125	0.0	0.7959408555516484	0.1930391813380059	216.0	21.0	32.0	11.0	0.15044645693951342
54941	240	0.15	1.7	0.5	complete	full_latent_time_oracle	0.0	400	400	1.0	217	0.5425	0.4935050345733776	0.5906864204082072	0.5425	0.0	2.0488834106090588	0.40612135081556944	216.0	33.0	33.0	7.0	0.24980192043543917
54941	240	0.15	1.7	0.5	complete	ascertained_latent_time_oracle	0.0	400	400	1.0	192	0.48	0.43146340667729527	0.5289170850960765	0.48	0.0	1.913595188146728	0.41409866967554076	216.0	25.0	33.0	7.0	0.24980192043543917
54941	240	0.15	1.7	0.5	complete	detected_visit_time	0.0	400	400	1.0	180	0.45	0.40195222801404185	0.4989990014193878	0.45	0.0	1.8603181043090398	0.40398172876693506	216.0	25.0	33.0	7.0	0.24980192043543917
54941	240	0.15	1.7	0.5	complete	midpoint_imputed_time	0.0	400	400	1.0	180	0.45	0.40195222801404185	0.4989990014193878	0.45	0.0	1.8603181043090398	0.40398172876693506	216.0	25.0	33.0	7.0	0.24980192043543917
54941	240	0.15	1.7	0.5	independent_20pct	full_latent_time_oracle	0.20021614583333336	400	400	1.0	212	0.53	0.4810361559058216	0.5783931064341206	0.53	0.0	2.0274113777582707	0.39239066238114073	216.0	33.0	33.0	11.0	0.2948333008692685
54941	240	0.15	1.7	0.5	independent_20pct	ascertained_latent_time_oracle	0.20021614583333336	400	400	1.0	131	0.3275	0.2833400429179013	0.37494169862743104	0.3275	0.0	1.6092070245145815	0.3852440517354936	216.0	21.0	33.0	11.0	0.2948333008692685
54941	240	0.15	1.7	0.5	independent_20pct	detected_visit_time	0.20021614583333336	400	400	1.0	131	0.3275	0.2833400429179013	0.37494169862743104	0.3275	0.0	1.5990980277572913	0.38250281128678587	216.0	21.0	33.0	11.0	0.2948333008692685
54941	240	0.15	1.7	0.5	independent_20pct	midpoint_imputed_time	0.20021614583333336	400	400	1.0	131	0.3275	0.2833400429179013	0.37494169862743104	0.3275	0.0	1.6056025321375325	0.38576730918091795	216.0	21.0	33.0	11.0	0.2948333008692685
54941	240	0.15	1.7	0.5	score_dependent_20pct	full_latent_time_oracle	0.19939583333333333	400	400	1.0	213	0.5325	0.48352749876023604	0.5808542021080347	0.5325	0.0	2.027696431457834	0.3955602896741447	216.0	32.0	32.0	14.0	0.29223681334011165
54941	240	0.15	1.7	0.5	score_dependent_20pct	ascertained_latent_time_oracle	0.19939583333333333	400	398	0.995	35	0.0875	0.06358691021150324	0.11926073261429136	0.0875	0.0	0.7548379605120793	0.20504834540476274	216.0	18.0	32.0	14.0	0.29223681334011165
54941	240	0.15	1.7	0.5	score_dependent_20pct	detected_visit_time	0.19939583333333333	400	398	0.995	37	0.0925	0.06785393449857381	0.12489858538387784	0.0925	0.0	0.7439928333496872	0.20498006369355112	216.0	18.0	32.0	14.0	0.29223681334011165
54941	240	0.15	1.7	0.5	score_dependent_20pct	midpoint_imputed_time	0.19939583333333333	400	398	0.995	34	0.085	0.0614630200239382	0.11643218427352792	0.0825	0.0025	0.7342463470249561	0.2026122542117727	216.0	18.0	32.0	14.0	0.29223681334011165
54941	240	0.15	1.7	0.5	joint_score_progression_risk_20pct	full_latent_time_oracle	0.2000078125	400	400	1.0	196	0.49	0.441339288394901	0.5388509574917849	0.49	0.0	1.9421562128888112	0.37620614430906557	216.0	33.0	33.0	16.0	0.28434973024575516
54941	240	0.15	1.7	0.5	joint_score_progression_risk_20pct	ascertained_latent_time_oracle	0.2000078125	400	388	0.97	45	0.1125	0.08514845878595949	0.14722356932312028	0.1075	0.005	0.7070609637159089	0.20244662732811597	216.0	16.0	33.0	16.0	0.28434973024575516
54941	240	0.15	1.7	0.5	joint_score_progression_risk_20pct	detected_visit_time	0.2000078125	400	388	0.97	44	0.11	0.08296867911910685	0.1444509104616444	0.105	0.005	0.711663544154638	0.20080365153884647	216.0	16.0	33.0	16.0	0.28434973024575516
54941	240	0.15	1.7	0.5	joint_score_progression_risk_20pct	midpoint_imputed_time	0.2000078125	400	388	0.97	44	0.11	0.08296867911910685	0.1444509104616444	0.105	0.005	0.7055056550190449	0.19868812198657565	216.0	16.0	33.0	16.0	0.28434973024575516
54941	240	0.15	1.7	1.0	complete	full_latent_time_oracle	0.0	400	400	1.0	193	0.4825	0.43393056304490063	0.5314023672567997	0.4825	0.0	1.9263062210759512	0.36973422211288565	217.0	33.0	33.0	15.0	0.5235095786149737
54941	240	0.15	1.7	1.0	complete	ascertained_latent_time_oracle	0.0	400	395	0.9875	128	0.32	0.2761841236239046	0.36724030233644217	0.32	0.0	1.4019570165668025	0.3520657531057823	217.0	18.0	33.0	15.0	0.5235095786149737
54941	240	0.15	1.7	1.0	complete	detected_visit_time	0.0	400	395	0.9875	114	0.285	0.24297076989988833	0.33111951666385914	0.285	0.0	1.34973761216843	0.3406634314297098	217.0	18.0	33.0	15.0	0.5235095786149737
54941	240	0.15	1.7	1.0	complete	midpoint_imputed_time	0.0	400	395	0.9875	114	0.285	0.24297076989988833	0.33111951666385914	0.285	0.0	1.34973761216843	0.3406634314297098	217.0	18.0	33.0	15.0	0.5235095786149737
54941	240	0.15	1.7	1.0	independent_20pct	full_latent_time_oracle	0.20009895833333335	400	400	1.0	202	0.505	0.45618935783904724	0.5537155192176098	0.505	0.0	1.9832719890192672	0.3824923031443625	216.0	32.0	32.0	21.0	0.545171935775297
54941	240	0.15	1.7	1.0	independent_20pct	ascertained_latent_time_oracle	0.20009895833333335	400	284	0.71	64	0.16	0.12733275559943816	0.1991356045478835	0.16	0.0	1.2878064423001514	0.39278881410058736	216.0	11.0	32.0	21.0	0.545171935775297
54941	240	0.15	1.7	1.0	independent_20pct	detected_visit_time	0.20009895833333335	400	284	0.71	57	0.1425	0.1116383145426319	0.18016297590639008	0.1425	0.0	1.242207626380195	0.3656213051392939	216.0	11.0	32.0	21.0	0.545171935775297
54941	240	0.15	1.7	1.0	independent_20pct	midpoint_imputed_time	0.20009895833333335	400	284	0.71	57	0.1425	0.1116383145426319	0.18016297590639008	0.1425	0.0	1.2422076263801949	0.3656213051392939	216.0	11.0	32.0	21.0	0.545171935775297
54941	240	0.15	1.7	1.0	score_dependent_20pct	full_latent_time_oracle	0.20044270833333333	400	400	1.0	194	0.485	0.4363989291617392	0.5338864396682897	0.485	0.0	1.905285408006762	0.3748027695500426	217.0	33.0	33.0	23.0	0.5241769921326161
54941	240	0.15	1.7	1.0	score_dependent_20pct	ascertained_latent_time_oracle	0.20044270833333333	400	185	0.4625	7	0.0175	0.008502291107038103	0.03567707292555804	0.015	0.0025	0.2896459016064031	0.10114168143401031	217.0	9.0	33.0	23.0	0.5241769921326161
54941	240	0.15	1.7	1.0	score_dependent_20pct	detected_visit_time	0.20044270833333333	400	185	0.4625	8	0.02	0.010168386791664645	0.03896341576926	0.0175	0.0025	0.3049069524453954	0.10808448845224587	217.0	9.0	33.0	23.0	0.5241769921326161
54941	240	0.15	1.7	1.0	score_dependent_20pct	midpoint_imputed_time	0.20044270833333333	400	185	0.4625	8	0.02	0.010168386791664645	0.03896341576926	0.0175	0.0025	0.3049069524453954	0.10808448845224587	217.0	9.0	33.0	23.0	0.5241769921326161
54941	240	0.15	1.7	1.0	joint_score_progression_risk_20pct	full_latent_time_oracle	0.19946874999999997	400	400	1.0	206	0.515	0.46611356033171036	0.5636010708382608	0.515	0.0	1.9915007903782183	0.38557061264059245	216.0	32.0	32.0	23.0	0.5081055353057657
54941	240	0.15	1.7	1.0	joint_score_progression_risk_20pct	ascertained_latent_time_oracle	0.19946874999999997	400	157	0.3925	9	0.0225	0.011881583530495034	0.04220265755875813	0.02	0.0025	0.5917959011000606	0.20639348398324978	216.0	9.0	32.0	23.0	0.5081055353057657
54941	240	0.15	1.7	1.0	joint_score_progression_risk_20pct	detected_visit_time	0.19946874999999997	400	157	0.3925	8	0.02	0.010168386791664645	0.03896341576926	0.0175	0.0025	0.5720625116993783	0.20316288240116515	216.0	9.0	32.0	23.0	0.5081055353057657
54941	240	0.15	1.7	1.0	joint_score_progression_risk_20pct	midpoint_imputed_time	0.19946874999999997	400	157	0.3925	8	0.02	0.010168386791664645	0.03896341576926	0.0175	0.0025	0.5720625116993783	0.20316288240116515	216.0	9.0	32.0	23.0	0.5081055353057657
54941	240	0.3	1.0	0.25	complete	full_latent_time_oracle	0.0	400	400	1.0	16	0.04	0.024769063069711758	0.06398224771784103	0.02	0.02	0.019261203044825856	0.002471525393942701	216.0	64.0	64.0	6.0	0.1283441019668171
54941	240	0.3	1.0	0.25	complete	ascertained_latent_time_oracle	0.0	400	400	1.0	14	0.035	0.02096129419797776	0.057885139532918004	0.015	0.02	0.04678356503318831	0.006533207204846823	216.0	59.0	64.0	6.0	0.1283441019668171
54941	240	0.3	1.0	0.25	complete	detected_visit_time	0.0	400	400	1.0	12	0.03	0.017243020965143054	0.05169853570909567	0.0125	0.0175	0.04118269298967608	0.00575958023018487	216.0	59.0	64.0	6.0	0.1283441019668171
54941	240	0.3	1.0	0.25	complete	midpoint_imputed_time	0.0	400	400	1.0	12	0.03	0.017243020965143054	0.05169853570909567	0.0125	0.0175	0.04118269298967608	0.00575958023018487	216.0	59.0	64.0	6.0	0.1283441019668171
54941	240	0.3	1.0	0.25	independent_20pct	full_latent_time_oracle	0.1993971354166667	400	400	1.0	19	0.0475	0.030617076962711882	0.07299154940982647	0.0225	0.025	0.04357937047313555	0.005500127503993592	216.0	65.0	65.0	9.0	0.15229974840825394
54941	240	0.3	1.0	0.25	independent_20pct	ascertained_latent_time_oracle	0.1993971354166667	400	400	1.0	23	0.0575	0.038617542757733075	0.08480083772811935	0.0375	0.02	0.026923966023532163	0.004313165108102398	216.0	55.5	65.0	9.0	0.15229974840825394
54941	240	0.3	1.0	0.25	independent_20pct	detected_visit_time	0.1993971354166667	400	400	1.0	20	0.05	0.03259742983714726	0.07596363506371961	0.0325	0.0175	0.01629684481668678	0.002224882877058909	216.0	55.5	65.0	9.0	0.15229974840825394
54941	240	0.3	1.0	0.25	independent_20pct	midpoint_imputed_time	0.1993971354166667	400	400	1.0	20	0.05	0.03259742983714726	0.07596363506371961	0.0325	0.0175	0.021018366000680758	0.003067296293754904	216.0	55.5	65.0	9.0	0.15229974840825394
54941	240	0.3	1.0	0.25	score_dependent_20pct	full_latent_time_oracle	0.19946484374999995	400	400	1.0	18	0.045	0.028651458653886006	0.07000472919032381	0.025	0.02	0.0036817509833952256	0.0004620631866062687	216.0	64.0	64.0	11.0	0.15013347125108872
54941	240	0.3	1.0	0.25	score_dependent_20pct	ascertained_latent_time_oracle	0.19946484374999995	400	400	1.0	28	0.07	0.04887162669974449	0.09930894642775051	0.01	0.06	-0.5101104140678321	-0.08157067235657056	216.0	53.0	64.0	11.0	0.15013347125108872
54941	240	0.3	1.0	0.25	score_dependent_20pct	detected_visit_time	0.19946484374999995	400	400	1.0	25	0.0625	0.04268914141220244	0.09063411613030699	0.01	0.0525	-0.5301522064515469	-0.0836243168516266	216.0	53.0	64.0	11.0	0.15013347125108872
54941	240	0.3	1.0	0.25	score_dependent_20pct	midpoint_imputed_time	0.19946484374999995	400	400	1.0	27	0.0675	0.04680146916375965	0.09642666543540682	0.01	0.0575	-0.524530342852646	-0.08073389253946708	216.0	53.0	64.0	11.0	0.15013347125108872
54941	240	0.3	1.0	0.25	joint_score_progression_risk_20pct	full_latent_time_oracle	0.19973046875	400	400	1.0	21	0.0525	0.034591528357920405	0.07892197507127496	0.0225	0.03	0.060145707378747096	0.008201751279326134	215.0	64.0	64.0	16.0	0.14630555937410747
54941	240	0.3	1.0	0.25	joint_score_progression_risk_20pct	ascertained_latent_time_oracle	0.19973046875	400	400	1.0	51	0.1275	0.0983211891565858	0.1637654701224651	0.005	0.1225	-0.6824075179003528	-0.11081193330983301	215.0	48.0	64.0	16.0	0.14630555937410747
54941	240	0.3	1.0	0.25	joint_score_progression_risk_20pct	detected_visit_time	0.19973046875	400	400	1.0	47	0.1175	0.08952194095010377	0.15275496421563303	0.0025	0.115	-0.6819932746603135	-0.11184432397522415	215.0	48.0	64.0	16.0	0.14630555937410747
54941	240	0.3	1.0	0.25	joint_score_progression_risk_20pct	midpoint_imputed_time	0.19973046875	400	400	1.0	46	0.115	0.0873329226216324	0.1499915440157759	0.0025	0.1125	-0.6439714265715871	-0.10605082754253446	215.0	48.0	64.0	16.0	0.14630555937410747
54941	240	0.3	1.0	0.5	complete	full_latent_time_oracle	0.0	400	400	1.0	17	0.0425	0.026701694991131116	0.06700205432475019	0.02	0.0225	-0.014859967569204876	-0.002075832601441581	217.0	65.0	65.0	12.0	0.2586034320740609
54941	240	0.3	1.0	0.5	complete	ascertained_latent_time_oracle	0.0	400	400	1.0	19	0.0475	0.030617076962711882	0.07299154940982647	0.03	0.0175	-0.014396387188290696	-0.002256456834087467	217.0	52.5	65.0	12.0	0.2586034320740609
54941	240	0.3	1.0	0.5	complete	detected_visit_time	0.0	400	400	1.0	9	0.0225	0.011881583530495034	0.04220265755875813	0.0175	0.005	-0.0200458543804026	-0.0032026665486289295	217.0	52.5	65.0	12.0	0.2586034320740609
54941	240	0.3	1.0	0.5	complete	midpoint_imputed_time	0.0	400	400	1.0	9	0.0225	0.011881583530495034	0.04220265755875813	0.0175	0.005	-0.0200458543804026	-0.0032026665486289295	217.0	52.5	65.0	12.0	0.2586034320740609
54941	240	0.3	1.0	0.5	independent_20pct	full_latent_time_oracle	0.20027343750000004	400	400	1.0	15	0.0375	0.022855029814710867	0.060943842444513396	0.02	0.0175	-0.006813983024293634	-0.0009324453682925131	216.0	65.0	65.0	21.0	0.3015739642928744
54941	240	0.3	1.0	0.5	independent_20pct	ascertained_latent_time_oracle	0.20027343750000004	400	400	1.0	23	0.0575	0.038617542757733075	0.08480083772811935	0.0225	0.035	0.010203157044366832	0.001743257432653256	216.0	45.0	65.0	21.0	0.3015739642928744
54941	240	0.3	1.0	0.5	independent_20pct	detected_visit_time	0.20027343750000004	400	400	1.0	20	0.05	0.03259742983714726	0.07596363506371961	0.0175	0.0325	0.009982065008605344	0.001747116202145029	216.0	45.0	65.0	21.0	0.3015739642928744
54941	240	0.3	1.0	0.5	independent_20pct	midpoint_imputed_time	0.20027343750000004	400	400	1.0	21	0.0525	0.034591528357920405	0.07892197507127496	0.02	0.0325	0.033958917022009615	0.005730384000260503	216.0	45.0	65.0	21.0	0.3015739642928744
54941	240	0.3	1.0	0.5	score_dependent_20pct	full_latent_time_oracle	0.2004244791666666	400	400	1.0	17	0.0425	0.026701694991131116	0.06700205432475019	0.0075	0.035	-0.020876094254723337	-0.002657729631073232	216.0	65.0	65.0	22.0	0.28970270634506723
54941	240	0.3	1.0	0.5	score_dependent_20pct	ascertained_latent_time_oracle	0.2004244791666666	400	400	1.0	51	0.1275	0.0983211891565858	0.1637654701224651	0.0025	0.125	-0.7036471875867173	-0.12080878055452723	216.0	43.0	65.0	22.0	0.28970270634506723
54941	240	0.3	1.0	0.5	score_dependent_20pct	detected_visit_time	0.2004244791666666	400	400	1.0	46	0.115	0.0873329226216324	0.1499915440157759	0.0	0.115	-0.6949839870908148	-0.11762596567296585	216.0	43.0	65.0	22.0	0.28970270634506723
54941	240	0.3	1.0	0.5	score_dependent_20pct	midpoint_imputed_time	0.2004244791666666	400	400	1.0	47	0.1175	0.08952194095010377	0.15275496421563303	0.0	0.1175	-0.6994603966581573	-0.11979288739550104	216.0	43.0	65.0	22.0	0.28970270634506723
54941	240	0.3	1.0	0.5	joint_score_progression_risk_20pct	full_latent_time_oracle	0.19938020833333336	400	400	1.0	18	0.045	0.028651458653886006	0.07000472919032381	0.025	0.02	-0.09020404243771468	-0.012408955957975872	216.0	64.0	64.0	26.0	0.2874810061462957
54941	240	0.3	1.0	0.5	joint_score_progression_risk_20pct	ascertained_latent_time_oracle	0.19938020833333336	400	400	1.0	60	0.15	0.11834499530337544	0.18831361073063213	0.0075	0.1425	-0.9324513404902761	-0.1646156567404479	216.0	38.0	64.0	26.0	0.2874810061462957
54941	240	0.3	1.0	0.5	joint_score_progression_risk_20pct	detected_visit_time	0.19938020833333336	400	400	1.0	52	0.13	0.10053125228664084	0.1665078455207386	0.0075	0.1225	-0.8989752865238904	-0.15928526238980412	216.0	38.0	64.0	26.0	0.2874810061462957
54941	240	0.3	1.0	0.5	joint_score_progression_risk_20pct	midpoint_imputed_time	0.19938020833333336	400	400	1.0	53	0.1325	0.10274521663902703	0.1692463196966809	0.0075	0.125	-0.8907990355309229	-0.15804316278671574	216.0	38.0	64.0	26.0	0.2874810061462957
54941	240	0.3	1.0	1.0	complete	full_latent_time_oracle	0.0	400	400	1.0	20	0.05	0.03259742983714726	0.07596363506371961	0.025	0.025	-0.016688706698214848	-0.002181067858573191	216.0	65.0	65.0	28.0	0.5351095667830624
54941	240	0.3	1.0	1.0	complete	ascertained_latent_time_oracle	0.0	400	400	1.0	23	0.0575	0.038617542757733075	0.08480083772811935	0.025	0.0325	-0.13545331205094424	-0.0233074544015648	216.0	37.0	65.0	28.0	0.5351095667830624
54941	240	0.3	1.0	1.0	complete	detected_visit_time	0.0	400	400	1.0	16	0.04	0.024769063069711758	0.06398224771784103	0.0175	0.0225	-0.11316671959306762	-0.020844344571356914	216.0	37.0	65.0	28.0	0.5351095667830624
54941	240	0.3	1.0	1.0	complete	midpoint_imputed_time	0.0	400	400	1.0	16	0.04	0.024769063069711758	0.06398224771784103	0.0175	0.0225	-0.11316671959306762	-0.020844344571356914	216.0	37.0	65.0	28.0	0.5351095667830624
54941	240	0.3	1.0	1.0	independent_20pct	full_latent_time_oracle	0.19986979166666663	400	400	1.0	21	0.0525	0.034591528357920405	0.07892197507127496	0.0225	0.03	-0.07800942055790548	-0.010910893491884423	216.0	65.0	65.0	41.0	0.5346420421668168
54941	240	0.3	1.0	1.0	independent_20pct	ascertained_latent_time_oracle	0.19986979166666663	400	399	0.9975	20	0.05	0.03259742983714726	0.07596363506371961	0.02	0.03	-0.0354649605658026	-0.008174913205275115	216.0	24.0	65.0	41.0	0.5346420421668168
54941	240	0.3	1.0	1.0	independent_20pct	detected_visit_time	0.19986979166666663	400	399	0.9975	18	0.045	0.028651458653886006	0.07000472919032381	0.02	0.025	-0.030715405105527806	-0.00703474432607709	216.0	24.0	65.0	41.0	0.5346420421668168
54941	240	0.3	1.0	1.0	independent_20pct	midpoint_imputed_time	0.19986979166666663	400	399	0.9975	18	0.045	0.028651458653886006	0.07000472919032381	0.02	0.025	-0.03071540510552771	-0.00703474432607709	216.0	24.0	65.0	41.0	0.5346420421668168
54941	240	0.3	1.0	1.0	score_dependent_20pct	full_latent_time_oracle	0.20094791666666667	400	400	1.0	28	0.07	0.04887162669974449	0.09930894642775051	0.04	0.03	0.025311831032448058	0.0033168564612770096	216.0	65.0	65.0	41.0	0.5503233567062146
54941	240	0.3	1.0	1.0	score_dependent_20pct	ascertained_latent_time_oracle	0.20094791666666667	400	400	1.0	66	0.165	0.13184503236772813	0.2045282048362506	0.0	0.165	-1.0943087008374963	-0.2484039067269026	216.0	24.0	65.0	41.0	0.5503233567062146
54941	240	0.3	1.0	1.0	score_dependent_20pct	detected_visit_time	0.20094791666666667	400	400	1.0	53	0.1325	0.10274521663902703	0.1692463196966809	0.0	0.1325	-1.0173898546344458	-0.2395428794127768	216.0	24.0	65.0	41.0	0.5503233567062146
54941	240	0.3	1.0	1.0	score_dependent_20pct	midpoint_imputed_time	0.20094791666666667	400	400	1.0	53	0.1325	0.10274521663902703	0.1692463196966809	0.0	0.1325	-1.017389854634446	-0.23954287941277674	216.0	24.0	65.0	41.0	0.5503233567062146
54941	240	0.3	1.0	1.0	joint_score_progression_risk_20pct	full_latent_time_oracle	0.20072916666666663	400	400	1.0	17	0.0425	0.026701694991131116	0.06700205432475019	0.0275	0.015	0.07440643107886247	0.010114830006295018	216.0	65.0	65.0	42.0	0.5349809355979188
54941	240	0.3	1.0	1.0	joint_score_progression_risk_20pct	ascertained_latent_time_oracle	0.20072916666666663	400	400	1.0	61	0.1525	0.12058718801590881	0.19102385654642726	0.0025	0.15	-0.8553127361681403	-0.2036626059867632	216.0	22.0	65.0	42.0	0.5349809355979188
54941	240	0.3	1.0	1.0	joint_score_progression_risk_20pct	detected_visit_time	0.20072916666666663	400	400	1.0	54	0.135	0.10496299061600528	0.1719809842480312	0.0025	0.1325	-0.792971523720286	-0.1920495710401193	216.0	22.0	65.0	42.0	0.5349809355979188
54941	240	0.3	1.0	1.0	joint_score_progression_risk_20pct	midpoint_imputed_time	0.20072916666666663	400	400	1.0	54	0.135	0.10496299061600528	0.1719809842480312	0.0025	0.1325	-0.792971523720286	-0.19204957104011938	216.0	22.0	65.0	42.0	0.5349809355979188
54941	240	0.3	1.7	0.25	complete	full_latent_time_oracle	0.0	400	400	1.0	289	0.7225	0.6766612653345575	0.7641057636866807	0.7225	0.0	2.572936636516916	0.35468518121885534	216.0	65.0	65.0	6.0	0.12823157352847997
54941	240	0.3	1.7	0.25	complete	ascertained_latent_time_oracle	0.0	400	400	1.0	283	0.7075	0.6611144240081159	0.7499379738431511	0.7075	0.0	2.4956502561192346	0.3614275910212675	216.0	59.0	65.0	6.0	0.12823157352847997
54941	240	0.3	1.7	0.25	complete	detected_visit_time	0.0	400	400	1.0	272	0.68	0.632759697663558	0.7238158763760955	0.68	0.0	2.406470014116783	0.3510185238393627	216.0	59.0	65.0	6.0	0.12823157352847997
54941	240	0.3	1.7	0.25	complete	midpoint_imputed_time	0.0	400	400	1.0	272	0.68	0.632759697663558	0.7238158763760955	0.68	0.0	2.406470014116783	0.3510185238393627	216.0	59.0	65.0	6.0	0.12823157352847997
54941	240	0.3	1.7	0.25	independent_20pct	full_latent_time_oracle	0.19996484375	400	400	1.0	294	0.735	0.6896629392432349	0.7758662824196457	0.735	0.0	2.588408333057729	0.349694456484673	217.0	65.0	65.0	9.0	0.15507010355142117
54941	240	0.3	1.7	0.25	independent_20pct	ascertained_latent_time_oracle	0.19996484375	400	400	1.0	260	0.65	0.6020319607074738	0.6951143509922373	0.65	0.0	2.309960374390417	0.34494793887386294	217.0	56.0	65.0	9.0	0.15507010355142117
54941	240	0.3	1.7	0.25	independent_20pct	detected_visit_time	0.19996484375	400	400	1.0	253	0.6325	0.5842006805216781	0.6782785614797332	0.6325	0.0	2.251037752963149	0.33580925873809947	217.0	56.0	65.0	9.0	0.15507010355142117
54941	240	0.3	1.7	0.25	independent_20pct	midpoint_imputed_time	0.19996484375	400	400	1.0	257	0.6425	0.5943817784800669	0.6879072176346586	0.6425	0.0	2.286273198700904	0.3368327886341027	217.0	56.0	65.0	9.0	0.15507010355142117
54941	240	0.3	1.7	0.25	score_dependent_20pct	full_latent_time_oracle	0.19889713541666665	400	400	1.0	287	0.7175	0.6714724243160557	0.7593897276485253	0.7175	0.0	2.578405734242285	0.35292840048908447	215.0	65.0	65.0	13.0	0.16275501456404234
54941	240	0.3	1.7	0.25	score_dependent_20pct	ascertained_latent_time_oracle	0.19889713541666665	400	400	1.0	160	0.4	0.3531615288938136	0.4487409299730458	0.4	0.0	1.7031688196840458	0.26408432397660114	215.0	52.0	65.0	13.0	0.16275501456404234
54941	240	0.3	1.7	0.25	score_dependent_20pct	detected_visit_time	0.19889713541666665	400	400	1.0	149	0.3725	0.3265438629583563	0.4208817720968893	0.3725	0.0	1.5926772850461441	0.24711907117332038	215.0	52.0	65.0	13.0	0.16275501456404234
54941	240	0.3	1.7	0.25	score_dependent_20pct	midpoint_imputed_time	0.19889713541666665	400	400	1.0	153	0.3825	0.33620468254006386	0.43103070662849585	0.3825	0.0	1.647006460568038	0.25566553395792735	215.0	52.0	65.0	13.0	0.16275501456404234
54941	240	0.3	1.7	0.25	joint_score_progression_risk_20pct	full_latent_time_oracle	0.20016927083333336	400	400	1.0	304	0.76	0.715799603858965	0.7992540030872007	0.76	0.0	2.6113317160899427	0.3578589825506507	216.0	65.0	65.0	18.0	0.1530042979288721
54941	240	0.3	1.7	0.25	joint_score_progression_risk_20pct	ascertained_latent_time_oracle	0.20016927083333336	400	400	1.0	107	0.2675	0.22648238411831478	0.31294083274713314	0.2675	0.0	1.3908016575509037	0.22593673316090873	216.0	46.0	65.0	18.0	0.1530042979288721
54941	240	0.3	1.7	0.25	joint_score_progression_risk_20pct	detected_visit_time	0.20016927083333336	400	400	1.0	100	0.25	0.2100790142364741	0.2946771329306741	0.25	0.0	1.341543423745825	0.22007865378218922	216.0	46.0	65.0	18.0	0.1530042979288721
54941	240	0.3	1.7	0.25	joint_score_progression_risk_20pct	midpoint_imputed_time	0.20016927083333336	400	400	1.0	101	0.2525	0.21241694139207157	0.29729164430340527	0.2525	0.0	1.3827883293283567	0.22276268458895337	216.0	46.0	65.0	18.0	0.1530042979288721
54941	240	0.3	1.7	0.5	complete	full_latent_time_oracle	0.0	400	400	1.0	313	0.7825	0.7394871744110122	0.8201383792901101	0.7825	0.0	2.6397273061707436	0.3652701054825611	216.0	64.0	64.0	12.0	0.2655014160600576
54941	240	0.3	1.7	0.5	complete	ascertained_latent_time_oracle	0.0	400	400	1.0	284	0.71	0.6637014956653163	0.7523033407142791	0.71	0.0	2.4383585362024314	0.37713030141026377	216.0	53.0	64.0	12.0	0.2655014160600576
54941	240	0.3	1.7	0.5	complete	detected_visit_time	0.0	400	400	1.0	261	0.6525	0.6045847907403059	0.6975139594877335	0.6525	0.0	2.2900789821942134	0.3561847132337407	216.0	53.0	64.0	12.0	0.2655014160600576
54941	240	0.3	1.7	0.5	complete	midpoint_imputed_time	0.0	400	400	1.0	261	0.6525	0.6045847907403059	0.6975139594877335	0.6525	0.0	2.2900789821942134	0.3561847132337407	216.0	53.0	64.0	12.0	0.2655014160600576
54941	240	0.3	1.7	0.5	independent_20pct	full_latent_time_oracle	0.2003359375	400	400	1.0	302	0.755	0.710557459419624	0.7945912704698848	0.755	0.0	2.6978248863767034	0.37176397852445875	216.0	65.0	65.0	20.0	0.30209911397515576
54941	240	0.3	1.7	0.5	independent_20pct	ascertained_latent_time_oracle	0.2003359375	400	400	1.0	241	0.6025	0.5537852193447489	0.6492647603167204	0.6025	0.0	2.2700465932137734	0.36667877047111974	216.0	45.0	65.0	20.0	0.30209911397515576
54941	240	0.3	1.7	0.5	independent_20pct	detected_visit_time	0.2003359375	400	400	1.0	228	0.57	0.5210443194375308	0.6176239593556675	0.57	0.0	2.1220856217328032	0.34555335510867086	216.0	45.0	65.0	20.0	0.30209911397515576
54941	240	0.3	1.7	0.5	independent_20pct	midpoint_imputed_time	0.2003359375	400	400	1.0	232	0.58	0.5310957511319983	0.6273822817745143	0.58	0.0	2.158177924415522	0.35241779266953654	216.0	45.0	65.0	20.0	0.30209911397515576
54941	240	0.3	1.7	0.5	score_dependent_20pct	full_latent_time_oracle	0.20057291666666666	400	400	1.0	305	0.7625	0.7184235572819022	0.8015824881925919	0.7625	0.0	2.6196674659302843	0.358858606334571	216.0	65.0	65.0	25.0	0.29968218227497156
54941	240	0.3	1.7	0.5	score_dependent_20pct	ascertained_latent_time_oracle	0.20057291666666666	400	400	1.0	63	0.1575	0.1250811291822658	0.19643479243672732	0.1575	0.0	1.0016110024125666	0.18173413993871484	216.0	40.0	65.0	25.0	0.29968218227497156
54941	240	0.3	1.7	0.5	score_dependent_20pct	detected_visit_time	0.20057291666666666	400	400	1.0	54	0.135	0.10496299061600528	0.1719809842480312	0.135	0.0	0.9797909200520996	0.17343774485282748	216.0	40.0	65.0	25.0	0.29968218227497156
54941	240	0.3	1.7	0.5	score_dependent_20pct	midpoint_imputed_time	0.20057291666666666	400	400	1.0	55	0.1375	0.10718448673484568	0.1747119266575193	0.1375	0.0	0.9468627232344339	0.17214140435474992	216.0	40.0	65.0	25.0	0.29968218227497156
54941	240	0.3	1.7	0.5	joint_score_progression_risk_20pct	full_latent_time_oracle	0.20014062499999996	400	400	1.0	298	0.745	0.7000956766555838	0.785243299120611	0.745	0.0	2.6419200282505284	0.3631939782032252	216.0	65.0	65.0	29.0	0.2871637101622857
54941	240	0.3	1.7	0.5	joint_score_progression_risk_20pct	ascertained_latent_time_oracle	0.20014062499999996	400	400	1.0	74	0.185	0.15000697382952777	0.22598577160107902	0.18	0.005	0.9612422254380489	0.18000209488944446	216.0	37.0	65.0	29.0	0.2871637101622857
54941	240	0.3	1.7	0.5	joint_score_progression_risk_20pct	detected_visit_time	0.20014062499999996	400	400	1.0	69	0.1725	0.13863520728428091	0.2125953455046833	0.17	0.0025	0.9021806650828721	0.17621809845782782	216.0	37.0	65.0	29.0	0.2871637101622857
54941	240	0.3	1.7	0.5	joint_score_progression_risk_20pct	midpoint_imputed_time	0.20014062499999996	400	400	1.0	70	0.175	0.1409042015930453	0.2152787897242474	0.17	0.005	0.9044627298657926	0.1751048679135864	216.0	37.0	65.0	29.0	0.2871637101622857
54941	240	0.3	1.7	1.0	complete	full_latent_time_oracle	0.0	400	400	1.0	305	0.7625	0.7184235572819022	0.8015824881925919	0.7625	0.0	2.697412779311386	0.3696965038919844	217.0	65.0	65.0	26.0	0.5475119604864244
54941	240	0.3	1.7	1.0	complete	ascertained_latent_time_oracle	0.0	400	400	1.0	233	0.5825	0.5336117391164401	0.629818732318401	0.5825	0.0	2.1268747046938565	0.38302646533482254	217.0	39.0	65.0	26.0	0.5475119604864244
54941	240	0.3	1.7	1.0	complete	detected_visit_time	0.0	400	400	1.0	185	0.4625	0.41422725327343163	0.5114861688016406	0.4625	0.0	1.886750738099782	0.334711668042427	217.0	39.0	65.0	26.0	0.5475119604864244
54941	240	0.3	1.7	1.0	complete	midpoint_imputed_time	0.0	400	400	1.0	185	0.4625	0.41422725327343163	0.5114861688016406	0.4625	0.0	1.886750738099782	0.334711668042427	217.0	39.0	65.0	26.0	0.5475119604864244
54941	240	0.3	1.7	1.0	independent_20pct	full_latent_time_oracle	0.19917708333333328	400	400	1.0	297	0.7425	0.697484812382584	0.7829017248652822	0.7425	0.0	2.6071008421790554	0.36150730011178744	216.0	65.0	65.0	40.0	0.5580591888934445
54941	240	0.3	1.7	1.0	independent_20pct	ascertained_latent_time_oracle	0.19917708333333328	400	400	1.0	142	0.355	0.30968902656541786	0.40306953879152807	0.355	0.0	1.6013937284853377	0.3541712356582548	216.0	25.0	65.0	40.0	0.5580591888934445
54941	240	0.3	1.7	1.0	independent_20pct	detected_visit_time	0.19917708333333328	400	400	1.0	122	0.305	0.2619126095600189	0.3517971852303568	0.305	0.0	1.4732924113302446	0.32557942363324244	216.0	25.0	65.0	40.0	0.5580591888934445
54941	240	0.3	1.7	1.0	independent_20pct	midpoint_imputed_time	0.19917708333333328	400	400	1.0	122	0.305	0.2619126095600189	0.3517971852303568	0.305	0.0	1.4732924113302446	0.32557942363324244	216.0	25.0	65.0	40.0	0.5580591888934445
54941	240	0.3	1.7	1.0	score_dependent_20pct	full_latent_time_oracle	0.20025000000000004	400	400	1.0	307	0.7675	0.7236773296522552	0.8062335928788962	0.7675	0.0	2.6334882450903203	0.36637040232354195	216.0	64.0	64.0	44.0	0.5403002890959054
54941	240	0.3	1.7	1.0	score_dependent_20pct	ascertained_latent_time_oracle	0.20025000000000004	400	400	1.0	11	0.0275	0.015423636260295411	0.048565481885614784	0.02	0.0075	0.27069749427558903	0.06639430607915749	216.0	20.0	64.0	44.0	0.5403002890959054
54941	240	0.3	1.7	1.0	score_dependent_20pct	detected_visit_time	0.20025000000000004	400	400	1.0	10	0.025	0.013635091745936023	0.045401587871645666	0.0175	0.0075	0.2604338398356745	0.06647887220115163	216.0	20.0	64.0	44.0	0.5403002890959054
54941	240	0.3	1.7	1.0	score_dependent_20pct	midpoint_imputed_time	0.20025000000000004	400	400	1.0	10	0.025	0.013635091745936023	0.045401587871645666	0.0175	0.0075	0.26043383983567436	0.06647887220115162	216.0	20.0	64.0	44.0	0.5403002890959054
54941	240	0.3	1.7	1.0	joint_score_progression_risk_20pct	full_latent_time_oracle	0.20013020833333328	400	400	1.0	306	0.765	0.7210494588154521	0.8039090251873708	0.765	0.0	2.5832347790499774	0.35847627873805077	216.0	65.0	65.0	44.5	0.5384648610356954
54941	240	0.3	1.7	1.0	joint_score_progression_risk_20pct	ascertained_latent_time_oracle	0.20013020833333328	400	399	0.9975	39	0.0975	0.07214511778538757	0.1305122791537211	0.0925	0.005	0.5250228191023742	0.1280805907353582	216.0	20.0	65.0	44.5	0.5384648610356954
54941	240	0.3	1.7	1.0	joint_score_progression_risk_20pct	detected_visit_time	0.20013020833333328	400	399	0.9975	30	0.075	0.05303774392284765	0.10504770626130436	0.07	0.005	0.4758780526915161	0.11597717801462042	216.0	20.0	65.0	44.5	0.5384648610356954
54941	240	0.3	1.7	1.0	joint_score_progression_risk_20pct	midpoint_imputed_time	0.20013020833333328	400	399	0.9975	30	0.075	0.05303774392284765	0.10504770626130436	0.07	0.005	0.47587805269151623	0.11597717801462042	216.0	20.0	65.0	44.5	0.5384648610356954
54941	320	0.15	1.0	0.25	complete	full_latent_time_oracle	0.0	400	400	1.0	19	0.0475	0.030617076962711882	0.07299154940982647	0.0275	0.02	0.0829512469543436	0.013223911947714474	288.0	43.0	43.0	5.0	0.12558436572830037
54941	320	0.15	1.0	0.25	complete	ascertained_latent_time_oracle	0.0	400	400	1.0	20	0.05	0.03259742983714726	0.07596363506371961	0.025	0.025	0.07783142460798742	0.013309099406323221	288.0	38.0	43.0	5.0	0.12558436572830037
54941	320	0.15	1.0	0.25	complete	detected_visit_time	0.0	400	400	1.0	20	0.05	0.03259742983714726	0.07596363506371961	0.025	0.025	0.06889143232461778	0.012494090992511225	288.0	38.0	43.0	5.0	0.12558436572830037
54941	320	0.15	1.0	0.25	complete	midpoint_imputed_time	0.0	400	400	1.0	20	0.05	0.03259742983714726	0.07596363506371961	0.025	0.025	0.06889143232461778	0.012494090992511225	288.0	38.0	43.0	5.0	0.12558436572830037
54941	320	0.15	1.0	0.25	independent_20pct	full_latent_time_oracle	0.19979687499999998	400	400	1.0	18	0.045	0.028651458653886006	0.07000472919032381	0.0275	0.0175	0.1209508785232658	0.020558866797715764	288.0	43.0	43.0	7.0	0.15159749654751653
54941	320	0.15	1.0	0.25	independent_20pct	ascertained_latent_time_oracle	0.19979687499999998	400	400	1.0	22	0.055	0.03659849414955068	0.08186744780797323	0.0375	0.0175	0.0333575598536377	0.006518253092944696	288.0	36.0	43.0	7.0	0.15159749654751653
54941	320	0.15	1.0	0.25	independent_20pct	detected_visit_time	0.19979687499999998	400	400	1.0	21	0.0525	0.034591528357920405	0.07892197507127496	0.0375	0.015	0.04410567865411539	0.008541114469458887	288.0	36.0	43.0	7.0	0.15159749654751653
54941	320	0.15	1.0	0.25	independent_20pct	midpoint_imputed_time	0.19979687499999998	400	400	1.0	21	0.0525	0.034591528357920405	0.07892197507127496	0.035	0.0175	0.041522085623004516	0.007698674146277094	288.0	36.0	43.0	7.0	0.15159749654751653
54941	320	0.15	1.0	0.25	score_dependent_20pct	full_latent_time_oracle	0.199322265625	400	400	1.0	25	0.0625	0.04268914141220244	0.09063411613030699	0.0325	0.03	0.04462724192824694	0.007495276250192561	288.0	43.0	43.0	8.0	0.15458162390050084
54941	320	0.15	1.0	0.25	score_dependent_20pct	ascertained_latent_time_oracle	0.199322265625	400	400	1.0	25	0.0625	0.04268914141220244	0.09063411613030699	0.0075	0.055	-0.35573102308499627	-0.06728648898652854	288.0	34.0	43.0	8.0	0.15458162390050084
54941	320	0.15	1.0	0.25	score_dependent_20pct	detected_visit_time	0.199322265625	400	400	1.0	23	0.0575	0.038617542757733075	0.08480083772811935	0.005	0.0525	-0.34959446311560805	-0.06778329698350019	288.0	34.0	43.0	8.0	0.15458162390050084
54941	320	0.15	1.0	0.25	score_dependent_20pct	midpoint_imputed_time	0.199322265625	400	400	1.0	24	0.06	0.040647970113724695	0.0877228489004562	0.005	0.055	-0.3547153881581586	-0.06691217532779214	288.0	34.0	43.0	8.0	0.15458162390050084
54941	320	0.15	1.0	0.25	joint_score_progression_risk_20pct	full_latent_time_oracle	0.2003359375	400	400	1.0	22	0.055	0.03659849414955068	0.08186744780797323	0.0275	0.0275	-0.03458224371641318	-0.005607862727792076	288.0	44.0	44.0	12.0	0.14825110482206022
54941	320	0.15	1.0	0.25	joint_score_progression_risk_20pct	ascertained_latent_time_oracle	0.2003359375	400	400	1.0	41	0.1025	0.07645885298219338	0.1361034210135723	0.005	0.0975	-0.7505871824198745	-0.14678794462218966	288.0	31.0	44.0	12.0	0.14825110482206022
54941	320	0.15	1.0	0.25	joint_score_progression_risk_20pct	detected_visit_time	0.2003359375	400	400	1.0	41	0.1025	0.07645885298219338	0.1361034210135723	0.005	0.0975	-0.7454334732013315	-0.14490046947277208	288.0	31.0	44.0	12.0	0.14825110482206022
54941	320	0.15	1.0	0.25	joint_score_progression_risk_20pct	midpoint_imputed_time	0.2003359375	400	400	1.0	38	0.095	0.06999661149327467	0.12770834691750552	0.005	0.09	-0.7525239676535762	-0.14746823368518422	288.0	31.0	44.0	12.0	0.14825110482206022
54941	320	0.15	1.0	0.5	complete	full_latent_time_oracle	0.0	400	400	1.0	16	0.04	0.024769063069711758	0.06398224771784103	0.02	0.02	0.009556455634596131	0.0016175371486691252	288.0	43.0	43.0	9.0	0.24719249526392822
54941	320	0.15	1.0	0.5	complete	ascertained_latent_time_oracle	0.0	400	400	1.0	18	0.045	0.028651458653886006	0.07000472919032381	0.02	0.025	-0.03757180268646958	-0.006933923272741448	288.0	34.0	43.0	9.0	0.24719249526392822
54941	320	0.15	1.0	0.5	complete	detected_visit_time	0.0	400	400	1.0	14	0.035	0.02096129419797776	0.057885139532918004	0.015	0.02	-0.04730359934753745	-0.009355825552211705	288.0	34.0	43.0	9.0	0.24719249526392822
54941	320	0.15	1.0	0.5	complete	midpoint_imputed_time	0.0	400	400	1.0	14	0.035	0.02096129419797776	0.057885139532918004	0.015	0.02	-0.04730359934753745	-0.009355825552211705	288.0	34.0	43.0	9.0	0.24719249526392822
54941	320	0.15	1.0	0.5	independent_20pct	full_latent_time_oracle	0.19958203124999996	400	400	1.0	22	0.055	0.03659849414955068	0.08186744780797323	0.0225	0.0325	0.04527771796545574	0.007246292695495288	288.0	43.0	43.0	14.0	0.29353502765067285
54941	320	0.15	1.0	0.5	independent_20pct	ascertained_latent_time_oracle	0.19958203124999996	400	400	1.0	27	0.0675	0.04680146916375965	0.09642666543540682	0.0325	0.035	0.005765442953693923	0.001196221925905406	288.0	28.0	43.0	14.0	0.29353502765067285
54941	320	0.15	1.0	0.5	independent_20pct	detected_visit_time	0.19958203124999996	400	400	1.0	26	0.065	0.04474048189620036	0.09353521417463759	0.0325	0.0325	0.013120065067292859	0.002588824977709501	288.0	28.0	43.0	14.0	0.29353502765067285
54941	320	0.15	1.0	0.5	independent_20pct	midpoint_imputed_time	0.19958203124999996	400	400	1.0	25	0.0625	0.04268914141220244	0.09063411613030699	0.0325	0.03	0.009850377096750641	0.0020468656201178635	288.0	28.0	43.0	14.0	0.29353502765067285
54941	320	0.15	1.0	0.5	score_dependent_20pct	full_latent_time_oracle	0.20001367187499997	400	400	1.0	16	0.04	0.024769063069711758	0.06398224771784103	0.0225	0.0175	-0.07161802916148043	-0.011747227750691291	288.0	43.0	43.0	16.0	0.277635217106748
54941	320	0.15	1.0	0.5	score_dependent_20pct	ascertained_latent_time_oracle	0.20001367187499997	400	400	1.0	35	0.0875	0.06358691021150324	0.11926073261429136	0.0	0.0875	-0.6261853357939928	-0.1321471751308508	288.0	27.0	43.0	16.0	0.277635217106748
54941	320	0.15	1.0	0.5	score_dependent_20pct	detected_visit_time	0.20001367187499997	400	400	1.0	32	0.08	0.05723575041013351	0.11075457683067555	0.0	0.08	-0.6122182698999158	-0.1275433470013347	288.0	27.0	43.0	16.0	0.277635217106748
54941	320	0.15	1.0	0.5	score_dependent_20pct	midpoint_imputed_time	0.20001367187499997	400	400	1.0	34	0.085	0.0614630200239382	0.11643218427352792	0.0	0.085	-0.6265165595583793	-0.1312813497746974	288.0	27.0	43.0	16.0	0.277635217106748
54941	320	0.15	1.0	0.5	joint_score_progression_risk_20pct	full_latent_time_oracle	0.20031640625000002	400	400	1.0	14	0.035	0.02096129419797776	0.057885139532918004	0.0225	0.0125	0.00221496336557885	0.00037668239291965215	288.0	43.0	43.0	18.0	0.27651393935084156
54941	320	0.15	1.0	0.5	joint_score_progression_risk_20pct	ascertained_latent_time_oracle	0.20031640625000002	400	400	1.0	51	0.1275	0.0983211891565858	0.1637654701224651	0.0	0.1275	-0.8745672865272914	-0.19546909667679824	288.0	24.0	43.0	18.0	0.27651393935084156
54941	320	0.15	1.0	0.5	joint_score_progression_risk_20pct	detected_visit_time	0.20031640625000002	400	400	1.0	51	0.1275	0.0983211891565858	0.1637654701224651	0.0	0.1275	-0.8568072793091684	-0.1941106705504237	288.0	24.0	43.0	18.0	0.27651393935084156
54941	320	0.15	1.0	0.5	joint_score_progression_risk_20pct	midpoint_imputed_time	0.20031640625000002	400	400	1.0	51	0.1275	0.0983211891565858	0.1637654701224651	0.0	0.1275	-0.8524674122178841	-0.19399145166088852	288.0	24.0	43.0	18.0	0.27651393935084156
54941	320	0.15	1.0	1.0	complete	full_latent_time_oracle	0.0	400	400	1.0	17	0.0425	0.026701694991131116	0.06700205432475019	0.0175	0.025	-0.03910163010870624	-0.007073140524375802	288.0	43.5	43.5	21.0	0.5217916125892881
54941	320	0.15	1.0	1.0	complete	ascertained_latent_time_oracle	0.0	400	400	1.0	23	0.0575	0.038617542757733075	0.08480083772811935	0.03	0.0275	0.0415142783048655	0.009916026085580301	288.0	23.0	43.5	21.0	0.5217916125892881
54941	320	0.15	1.0	1.0	complete	detected_visit_time	0.0	400	400	1.0	17	0.0425	0.026701694991131116	0.06700205432475019	0.02	0.0225	0.025516648251877987	0.00529113888935907	288.0	23.0	43.5	21.0	0.5217916125892881
54941	320	0.15	1.0	1.0	complete	midpoint_imputed_time	0.0	400	400	1.0	17	0.0425	0.026701694991131116	0.06700205432475019	0.02	0.0225	0.025516648251877987	0.00529113888935907	288.0	23.0	43.5	21.0	0.5217916125892881
54941	320	0.15	1.0	1.0	independent_20pct	full_latent_time_oracle	0.19974609374999996	400	400	1.0	23	0.0575	0.038617542757733075	0.08480083772811935	0.025	0.0325	0.11403079377029546	0.01689259236317741	288.0	44.0	44.0	28.0	0.5068908265266979
54941	320	0.15	1.0	1.0	independent_20pct	ascertained_latent_time_oracle	0.19974609374999996	400	378	0.945	14	0.035	0.02096129419797776	0.057885139532918004	0.01	0.025	-0.024677069593227234	-0.007660354586158024	288.0	15.0	44.0	28.0	0.5068908265266979
54941	320	0.15	1.0	1.0	independent_20pct	detected_visit_time	0.19974609374999996	400	378	0.945	8	0.02	0.010168386791664645	0.03896341576926	0.005	0.015	-0.01863469412227632	-0.005387553409554269	288.0	15.0	44.0	28.0	0.5068908265266979
54941	320	0.15	1.0	1.0	independent_20pct	midpoint_imputed_time	0.19974609374999996	400	378	0.945	8	0.02	0.010168386791664645	0.03896341576926	0.005	0.015	-0.018634694122276287	-0.005387553409554257	288.0	15.0	44.0	28.0	0.5068908265266979
54941	320	0.15	1.0	1.0	score_dependent_20pct	full_latent_time_oracle	0.19934375000000004	400	400	1.0	19	0.0475	0.030617076962711882	0.07299154940982647	0.0225	0.025	-0.06410121463044373	-0.011822310448812018	288.0	42.0	42.0	28.0	0.5172671671102522
54941	320	0.15	1.0	1.0	score_dependent_20pct	ascertained_latent_time_oracle	0.19934375000000004	400	364	0.91	57	0.1425	0.1116383145426319	0.18016297590639008	0.01	0.1325	-0.8522748470434801	-0.2585319837975033	288.0	14.0	42.0	28.0	0.5172671671102522
54941	320	0.15	1.0	1.0	score_dependent_20pct	detected_visit_time	0.19934375000000004	400	364	0.91	49	0.1225	0.09391315520467675	0.1582686270177171	0.0075	0.115	-0.8308764813660416	-0.24539104370036585	288.0	14.0	42.0	28.0	0.5172671671102522
54941	320	0.15	1.0	1.0	score_dependent_20pct	midpoint_imputed_time	0.19934375000000004	400	364	0.91	49	0.1225	0.09391315520467675	0.1582686270177171	0.0075	0.115	-0.8308764813660416	-0.24539104370036588	288.0	14.0	42.0	28.0	0.5172671671102522
54941	320	0.15	1.0	1.0	joint_score_progression_risk_20pct	full_latent_time_oracle	0.20062109375000003	400	400	1.0	20	0.05	0.03259742983714726	0.07596363506371961	0.025	0.025	0.10947559521806942	0.01777828134628015	288.0	43.0	43.0	29.0	0.5138086446792055
54941	320	0.15	1.0	1.0	joint_score_progression_risk_20pct	ascertained_latent_time_oracle	0.20062109375000003	400	354	0.885	49	0.1225	0.09391315520467675	0.1582686270177171	0.0025	0.12	-0.8207112898154103	-0.24688985994827534	288.0	13.0	43.0	29.0	0.5138086446792055
54941	320	0.15	1.0	1.0	joint_score_progression_risk_20pct	detected_visit_time	0.20062109375000003	400	354	0.885	41	0.1025	0.07645885298219338	0.1361034210135723	0.0	0.1025	-0.8047458738283049	-0.24475510919890864	288.0	13.0	43.0	29.0	0.5138086446792055
54941	320	0.15	1.0	1.0	joint_score_progression_risk_20pct	midpoint_imputed_time	0.20062109375000003	400	354	0.885	41	0.1025	0.07645885298219338	0.1361034210135723	0.0	0.1025	-0.8047458738283049	-0.2447551091989087	288.0	13.0	43.0	29.0	0.5138086446792055
54941	320	0.15	1.7	0.25	complete	full_latent_time_oracle	0.0	400	400	1.0	256	0.64	0.591834465196668	0.685502092389729	0.64	0.0	2.329282282092019	0.3875553236502768	288.0	43.0	43.0	5.0	0.12626859627373024
54941	320	0.15	1.7	0.25	complete	ascertained_latent_time_oracle	0.0	400	400	1.0	241	0.6025	0.5537852193447489	0.6492647603167204	0.6025	0.0	2.1954406724343603	0.3889870137279626	288.0	39.0	43.0	5.0	0.12626859627373024
54941	320	0.15	1.7	0.25	complete	detected_visit_time	0.0	400	400	1.0	239	0.5975	0.5487342037489487	0.6444108988558637	0.5975	0.0	2.16906968493013	0.3833900464467117	288.0	39.0	43.0	5.0	0.12626859627373024
54941	320	0.15	1.7	0.25	complete	midpoint_imputed_time	0.0	400	400	1.0	239	0.5975	0.5487342037489487	0.6444108988558637	0.5975	0.0	2.16906968493013	0.3833900464467117	288.0	39.0	43.0	5.0	0.12626859627373024
54941	320	0.15	1.7	0.25	independent_20pct	full_latent_time_oracle	0.19927832031250003	400	400	1.0	257	0.6425	0.5943817784800669	0.6879072176346586	0.6425	0.0	2.312800829327924	0.3905206055518117	288.0	43.0	43.0	7.0	0.15162604234775895
54941	320	0.15	1.7	0.25	independent_20pct	ascertained_latent_time_oracle	0.19927832031250003	400	400	1.0	228	0.57	0.5210443194375308	0.6176239593556675	0.57	0.0	2.112417787604806	0.39669292814452844	288.0	36.0	43.0	7.0	0.15162604234775895
54941	320	0.15	1.7	0.25	independent_20pct	detected_visit_time	0.19927832031250003	400	400	1.0	224	0.56	0.5110127871951399	0.6078457374847447	0.56	0.0	2.0807967570497707	0.38970342926740476	288.0	36.0	43.0	7.0	0.15162604234775895
54941	320	0.15	1.7	0.25	independent_20pct	midpoint_imputed_time	0.19927832031250003	400	400	1.0	225	0.5625	0.5135188136473868	0.6102921495608261	0.5625	0.0	2.0946536465121675	0.3922295255254088	288.0	36.0	43.0	7.0	0.15162604234775895
54941	320	0.15	1.7	0.25	score_dependent_20pct	full_latent_time_oracle	0.20037011718749997	400	400	1.0	260	0.65	0.6020319607074738	0.6951143509922373	0.65	0.0	2.34546437763837	0.39061421296759746	288.0	43.0	43.0	10.0	0.1594399063904551
54941	320	0.15	1.7	0.25	score_dependent_20pct	ascertained_latent_time_oracle	0.20037011718749997	400	400	1.0	126	0.315	0.2714209156648816	0.3620986332388081	0.315	0.0	1.4517068276740224	0.27669148782309316	288.0	33.0	43.0	10.0	0.1594399063904551
54941	320	0.15	1.7	0.25	score_dependent_20pct	detected_visit_time	0.20037011718749997	400	400	1.0	120	0.3	0.25716767195619705	0.34663724577752153	0.3	0.0	1.4348656024692894	0.27627321506522967	288.0	33.0	43.0	10.0	0.1594399063904551
54941	320	0.15	1.7	0.25	score_dependent_20pct	midpoint_imputed_time	0.20037011718749997	400	400	1.0	120	0.3	0.25716767195619705	0.34663724577752153	0.3	0.0	1.418457914749303	0.2730089121591084	288.0	33.0	43.0	10.0	0.1594399063904551
54941	320	0.15	1.7	0.25	joint_score_progression_risk_20pct	full_latent_time_oracle	0.20023632812500003	400	400	1.0	241	0.6025	0.5537852193447489	0.6492647603167204	0.6025	0.0	2.213563026474654	0.3797521651683008	288.0	43.0	43.0	15.0	0.1512678595156732
54941	320	0.15	1.7	0.25	joint_score_progression_risk_20pct	ascertained_latent_time_oracle	0.20023632812500003	400	400	1.0	69	0.1725	0.13863520728428091	0.2125953455046833	0.1675	0.005	1.134658956124003	0.243156934772239	288.0	28.0	43.0	15.0	0.1512678595156732
54941	320	0.15	1.7	0.25	joint_score_progression_risk_20pct	detected_visit_time	0.20023632812500003	400	400	1.0	66	0.165	0.13184503236772813	0.2045282048362506	0.16	0.005	1.1279909541742574	0.24363581624664837	288.0	28.0	43.0	15.0	0.1512678595156732
54941	320	0.15	1.7	0.25	joint_score_progression_risk_20pct	midpoint_imputed_time	0.20023632812500003	400	400	1.0	68	0.17	0.13636898220196564	0.20990913205867007	0.165	0.005	1.1393444379413475	0.2437565309694082	288.0	28.0	43.0	15.0	0.1512678595156732
54941	320	0.15	1.7	0.5	complete	full_latent_time_oracle	0.0	400	400	1.0	255	0.6375	0.5892885151310687	0.6830956039269998	0.6375	0.0	2.282948498172276	0.38393193548204196	288.0	44.0	44.0	9.0	0.25522934286130705
54941	320	0.15	1.7	0.5	complete	ascertained_latent_time_oracle	0.0	400	400	1.0	216	0.54	0.49100882332475854	0.5882301931284978	0.54	0.0	2.0364901817646643	0.3882309480501541	288.0	34.0	44.0	9.0	0.25522934286130705
54941	320	0.15	1.7	0.5	complete	detected_visit_time	0.0	400	400	1.0	203	0.5075	0.45866859619769573	0.5561887193872896	0.5075	0.0	1.970843703941021	0.37551305807544777	288.0	34.0	44.0	9.0	0.25522934286130705
54941	320	0.15	1.7	0.5	complete	midpoint_imputed_time	0.0	400	400	1.0	203	0.5075	0.45866859619769573	0.5561887193872896	0.5075	0.0	1.970843703941021	0.37551305807544777	288.0	34.0	44.0	9.0	0.25522934286130705
54941	320	0.15	1.7	0.5	independent_20pct	full_latent_time_oracle	0.19968164062500005	400	400	1.0	261	0.6525	0.6045847907403059	0.6975139594877335	0.6525	0.0	2.3163334954260213	0.3923931773424649	288.0	43.0	43.0	15.0	0.29331730245759724
54941	320	0.15	1.7	0.5	independent_20pct	ascertained_latent_time_oracle	0.19968164062500005	400	400	1.0	189	0.4725	0.4240692032756731	0.5214539729127131	0.4725	0.0	1.8760189934521292	0.3916621939971934	288.0	29.0	43.0	15.0	0.29331730245759724
54941	320	0.15	1.7	0.5	independent_20pct	detected_visit_time	0.19968164062500005	400	400	1.0	184	0.46	0.4117698068715022	0.5089911766752415	0.46	0.0	1.8300856590494203	0.37752520223704256	288.0	29.0	43.0	15.0	0.29331730245759724
54941	320	0.15	1.7	0.5	independent_20pct	midpoint_imputed_time	0.19968164062500005	400	400	1.0	187	0.4675	0.4191457978919653	0.516472501239764	0.4675	0.0	1.8440909189663053	0.38308864218920696	288.0	29.0	43.0	15.0	0.29331730245759724
54941	320	0.15	1.7	0.5	score_dependent_20pct	full_latent_time_oracle	0.19967773437500003	400	400	1.0	255	0.6375	0.5892885151310687	0.6830956039269998	0.6375	0.0	2.3185320637985756	0.3848587633961497	288.0	43.0	43.0	19.0	0.29967527428270385
54941	320	0.15	1.7	0.5	score_dependent_20pct	ascertained_latent_time_oracle	0.19967773437500003	400	400	1.0	48	0.12	0.09171539075382554	0.15551395294023979	0.115	0.005	0.8939902783757521	0.1990385503290369	288.0	24.0	43.0	19.0	0.29967527428270385
54941	320	0.15	1.7	0.5	score_dependent_20pct	detected_visit_time	0.19967773437500003	400	400	1.0	45	0.1125	0.08514845878595949	0.14722356932312028	0.1075	0.005	0.8867837659683084	0.20287649024883175	288.0	24.0	43.0	19.0	0.29967527428270385
54941	320	0.15	1.7	0.5	score_dependent_20pct	midpoint_imputed_time	0.19967773437500003	400	400	1.0	45	0.1125	0.08514845878595949	0.14722356932312028	0.1075	0.005	0.8743987006181253	0.1941296497656908	288.0	24.0	43.0	19.0	0.29967527428270385
54941	320	0.15	1.7	0.5	joint_score_progression_risk_20pct	full_latent_time_oracle	0.20032617187500001	400	400	1.0	236	0.59	0.5411672646392987	0.6371205223805279	0.59	0.0	2.1826665301815558	0.371153722769221	288.0	43.0	43.0	22.0	0.2743501373442747
54941	320	0.15	1.7	0.5	joint_score_progression_risk_20pct	ascertained_latent_time_oracle	0.20032617187500001	400	399	0.9975	45	0.1125	0.08514845878595949	0.14722356932312028	0.11	0.0025	0.6087045503505413	0.14619948740855387	288.0	21.0	43.0	22.0	0.2743501373442747
54941	320	0.15	1.7	0.5	joint_score_progression_risk_20pct	detected_visit_time	0.20032617187500001	400	399	0.9975	43	0.1075	0.08079372047159449	0.14167343058082826	0.105	0.0025	0.5975847277873004	0.14290155548767608	288.0	21.0	43.0	22.0	0.2743501373442747
54941	320	0.15	1.7	0.5	joint_score_progression_risk_20pct	midpoint_imputed_time	0.20032617187500001	400	399	0.9975	43	0.1075	0.08079372047159449	0.14167343058082826	0.105	0.0025	0.6066774942558812	0.14223530163030262	288.0	21.0	43.0	22.0	0.2743501373442747
54941	320	0.15	1.7	1.0	complete	full_latent_time_oracle	0.0	400	400	1.0	253	0.6325	0.5842006805216781	0.6782785614797332	0.6325	0.0	2.3183770025532917	0.3920860984735751	288.0	43.0	43.0	19.0	0.5279874098049133
54941	320	0.15	1.7	1.0	complete	ascertained_latent_time_oracle	0.0	400	400	1.0	171	0.4275	0.3799345878043344	0.47644469487413854	0.4275	0.0	1.8008649801205552	0.4048653210826244	288.0	23.0	43.0	19.0	0.5279874098049133
54941	320	0.15	1.7	1.0	complete	detected_visit_time	0.0	400	400	1.0	155	0.3875	0.34104299567214824	0.43609727055306846	0.3875	0.0	1.6972341634648827	0.38483669514884444	288.0	23.0	43.0	19.0	0.5279874098049133
54941	320	0.15	1.7	1.0	complete	midpoint_imputed_time	0.0	400	400	1.0	155	0.3875	0.34104299567214824	0.43609727055306846	0.3875	0.0	1.6972341634648827	0.38483669514884444	288.0	23.0	43.0	19.0	0.5279874098049133
54941	320	0.15	1.7	1.0	independent_20pct	full_latent_time_oracle	0.19965624999999998	400	400	1.0	230	0.575	0.5260675370904098	0.6225056187594458	0.575	0.0	2.195597774421877	0.3598365206467422	288.0	43.0	43.0	28.0	0.5307076344324496
54941	320	0.15	1.7	1.0	independent_20pct	ascertained_latent_time_oracle	0.19965624999999998	400	376	0.94	96	0.24	0.20074599691279923	0.284200396141035	0.2375	0.0025	1.391293555220673	0.38501138469766427	288.0	15.0	43.0	28.0	0.5307076344324496
54941	320	0.15	1.7	1.0	independent_20pct	detected_visit_time	0.19965624999999998	400	376	0.94	90	0.225	0.1868047408249817	0.2684270210588814	0.2225	0.0025	1.3290222073457132	0.37761118565552576	288.0	15.0	43.0	28.0	0.5307076344324496
54941	320	0.15	1.7	1.0	independent_20pct	midpoint_imputed_time	0.19965624999999998	400	376	0.94	90	0.225	0.1868047408249817	0.2684270210588814	0.2225	0.0025	1.3290222073457127	0.37761118565552576	288.0	15.0	43.0	28.0	0.5307076344324496
54941	320	0.15	1.7	1.0	score_dependent_20pct	full_latent_time_oracle	0.20039843749999997	400	400	1.0	258	0.645	0.5969304612084719	0.6903109734345821	0.645	0.0	2.2965433280944936	0.3817250539447214	288.0	44.0	44.0	31.0	0.5368810950347311
54941	320	0.15	1.7	1.0	score_dependent_20pct	ascertained_latent_time_oracle	0.20039843749999997	400	320	0.8	15	0.0375	0.022855029814710867	0.060943842444513396	0.0275	0.01	0.2910318557840972	0.09023270325898994	288.0	12.0	44.0	31.0	0.5368810950347311
54941	320	0.15	1.7	1.0	score_dependent_20pct	detected_visit_time	0.20039843749999997	400	320	0.8	13	0.0325	0.01908984237880045	0.0548041528237668	0.0225	0.01	0.29656408031157344	0.08705204861380714	288.0	12.0	44.0	31.0	0.5368810950347311
54941	320	0.15	1.7	1.0	score_dependent_20pct	midpoint_imputed_time	0.20039843749999997	400	320	0.8	13	0.0325	0.01908984237880045	0.0548041528237668	0.0225	0.01	0.2965640803115734	0.08705204861380711	288.0	12.0	44.0	31.0	0.5368810950347311
54941	320	0.15	1.7	1.0	joint_score_progression_risk_20pct	full_latent_time_oracle	0.20048828124999996	400	400	1.0	250	0.625	0.5765790058795889	0.671042920536837	0.625	0.0	2.295369172547298	0.3845344728404406	288.0	44.0	44.0	32.0	0.5138516825199996
54941	320	0.15	1.7	1.0	joint_score_progression_risk_20pct	ascertained_latent_time_oracle	0.20048828124999996	400	314	0.785	18	0.045	0.028651458653886006	0.07000472919032381	0.045	0.0	0.48245350927328035	0.14847353597390578	288.0	12.0	44.0	32.0	0.5138516825199996
54941	320	0.15	1.7	1.0	joint_score_progression_risk_20pct	detected_visit_time	0.20048828124999996	400	314	0.785	18	0.045	0.028651458653886006	0.07000472919032381	0.045	0.0	0.4515425024344305	0.1403090316407502	288.0	12.0	44.0	32.0	0.5138516825199996
54941	320	0.15	1.7	1.0	joint_score_progression_risk_20pct	midpoint_imputed_time	0.20048828124999996	400	314	0.785	18	0.045	0.028651458653886006	0.07000472919032381	0.045	0.0	0.45154250243443056	0.1403090316407502	288.0	12.0	44.0	32.0	0.5138516825199996
54941	320	0.3	1.0	0.25	complete	full_latent_time_oracle	0.0	400	400	1.0	17	0.0425	0.026701694991131116	0.06700205432475019	0.0225	0.02	0.045243880109241394	0.005319511171441798	288.0	87.0	87.0	8.0	0.12566945596328638
54941	320	0.3	1.0	0.25	complete	ascertained_latent_time_oracle	0.0	400	400	1.0	18	0.045	0.028651458653886006	0.07000472919032381	0.0275	0.0175	0.0334918898524688	0.004061626292659467	288.0	78.0	87.0	8.0	0.12566945596328638
54941	320	0.3	1.0	0.25	complete	detected_visit_time	0.0	400	400	1.0	15	0.0375	0.022855029814710867	0.060943842444513396	0.0225	0.015	0.03587103799128004	0.004605140865031255	288.0	78.0	87.0	8.0	0.12566945596328638
54941	320	0.3	1.0	0.25	complete	midpoint_imputed_time	0.0	400	400	1.0	15	0.0375	0.022855029814710867	0.060943842444513396	0.0225	0.015	0.03587103799128004	0.004605140865031255	288.0	78.0	87.0	8.0	0.12566945596328638
54941	320	0.3	1.0	0.25	independent_20pct	full_latent_time_oracle	0.20016992187500005	400	400	1.0	15	0.0375	0.022855029814710867	0.060943842444513396	0.025	0.0125	0.06408864956885293	0.007685267651222424	288.0	87.0	87.0	13.0	0.15363344373746446
54941	320	0.3	1.0	0.25	independent_20pct	ascertained_latent_time_oracle	0.20016992187500005	400	400	1.0	15	0.0375	0.022855029814710867	0.060943842444513396	0.02	0.0175	-0.016678057738091022	-0.002102655400210155	288.0	74.0	87.0	13.0	0.15363344373746446
54941	320	0.3	1.0	0.25	independent_20pct	detected_visit_time	0.20016992187500005	400	400	1.0	14	0.035	0.02096129419797776	0.057885139532918004	0.0175	0.0175	-0.011658985821445329	-0.00149251500572591	288.0	74.0	87.0	13.0	0.15363344373746446
54941	320	0.3	1.0	0.25	independent_20pct	midpoint_imputed_time	0.20016992187500005	400	400	1.0	14	0.035	0.02096129419797776	0.057885139532918004	0.0175	0.0175	-0.03374833835420174	-0.004318520267240139	288.0	74.0	87.0	13.0	0.15363344373746446
54941	320	0.3	1.0	0.25	score_dependent_20pct	full_latent_time_oracle	0.19982714843750005	400	400	1.0	22	0.055	0.03659849414955068	0.08186744780797323	0.025	0.03	-0.002339698707275006	-0.0002764742434214434	288.0	87.0	87.0	15.0	0.1521284459541948
54941	320	0.3	1.0	0.25	score_dependent_20pct	ascertained_latent_time_oracle	0.19982714843750005	400	400	1.0	31	0.0775	0.05513293467684451	0.10790495403563602	0.01	0.0675	-0.5073661217562637	-0.06796077599922531	288.0	71.0	87.0	15.0	0.1521284459541948
54941	320	0.3	1.0	0.25	score_dependent_20pct	detected_visit_time	0.19982714843750005	400	400	1.0	31	0.0775	0.05513293467684451	0.10790495403563602	0.01	0.0675	-0.5273385112558844	-0.07030640648578698	288.0	71.0	87.0	15.0	0.1521284459541948
54941	320	0.3	1.0	0.25	score_dependent_20pct	midpoint_imputed_time	0.19982714843750005	400	400	1.0	31	0.0775	0.05513293467684451	0.10790495403563602	0.01	0.0675	-0.5167873288742089	-0.06779961816771572	288.0	71.0	87.0	15.0	0.1521284459541948
54941	320	0.3	1.0	0.25	joint_score_progression_risk_20pct	full_latent_time_oracle	0.20019726562499995	400	400	1.0	23	0.0575	0.038617542757733075	0.08480083772811935	0.02	0.0375	-0.03848376372512174	-0.004397699881833002	288.0	87.0	87.0	21.0	0.14910224050947735
54941	320	0.3	1.0	0.25	joint_score_progression_risk_20pct	ascertained_latent_time_oracle	0.20019726562499995	400	400	1.0	60	0.15	0.11834499530337544	0.18831361073063213	0.0025	0.1475	-0.946900340584039	-0.13039557292237774	288.0	65.0	87.0	21.0	0.14910224050947735
54941	320	0.3	1.0	0.25	joint_score_progression_risk_20pct	detected_visit_time	0.20019726562499995	400	400	1.0	58	0.145	0.11387048965924287	0.18288323931810765	0.0025	0.1425	-0.9388650452808817	-0.1343990236529919	288.0	65.0	87.0	21.0	0.14910224050947735
54941	320	0.3	1.0	0.25	joint_score_progression_risk_20pct	midpoint_imputed_time	0.20019726562499995	400	400	1.0	57	0.1425	0.1116383145426319	0.18016297590639008	0.0025	0.14	-0.9221422587351646	-0.13016815748090477	288.0	65.0	87.0	21.0	0.14910224050947735
54941	320	0.3	1.0	0.5	complete	full_latent_time_oracle	0.0	400	400	1.0	22	0.055	0.03659849414955068	0.08186744780797323	0.025	0.03	-0.03240513269138986	-0.0037970002783492647	288.0	86.0	86.0	17.0	0.2592964590432397
54941	320	0.3	1.0	0.5	complete	ascertained_latent_time_oracle	0.0	400	400	1.0	14	0.035	0.02096129419797776	0.057885139532918004	0.0175	0.0175	-0.12269209473814024	-0.015797214954384957	288.0	70.0	86.0	17.0	0.2592964590432397
54941	320	0.3	1.0	0.5	complete	detected_visit_time	0.0	400	400	1.0	13	0.0325	0.01908984237880045	0.0548041528237668	0.015	0.0175	-0.11684349701284417	-0.015776696134090447	288.0	70.0	86.0	17.0	0.2592964590432397
54941	320	0.3	1.0	0.5	complete	midpoint_imputed_time	0.0	400	400	1.0	13	0.0325	0.01908984237880045	0.0548041528237668	0.015	0.0175	-0.11684349701284417	-0.015776696134090447	288.0	70.0	86.0	17.0	0.2592964590432397
54941	320	0.3	1.0	0.5	independent_20pct	full_latent_time_oracle	0.199251953125	400	400	1.0	20	0.05	0.03259742983714726	0.07596363506371961	0.025	0.025	0.0120847920851458	0.0013668202135696493	288.0	86.0	86.0	27.0	0.29294833781309015
54941	320	0.3	1.0	0.5	independent_20pct	ascertained_latent_time_oracle	0.199251953125	400	400	1.0	23	0.0575	0.038617542757733075	0.08480083772811935	0.03	0.0275	-0.004687088455180531	-0.0005769053016689953	288.0	58.0	86.0	27.0	0.29294833781309015
54941	320	0.3	1.0	0.5	independent_20pct	detected_visit_time	0.199251953125	400	400	1.0	19	0.0475	0.030617076962711882	0.07299154940982647	0.025	0.0225	-0.0015880934490970682	-0.0002152960423722814	288.0	58.0	86.0	27.0	0.29294833781309015
54941	320	0.3	1.0	0.5	independent_20pct	midpoint_imputed_time	0.199251953125	400	400	1.0	21	0.0525	0.034591528357920405	0.07892197507127496	0.03	0.0225	-0.01679772531622837	-0.002536410211519048	288.0	58.0	86.0	27.0	0.29294833781309015
54941	320	0.3	1.0	0.5	score_dependent_20pct	full_latent_time_oracle	0.20041015625000003	400	400	1.0	12	0.03	0.017243020965143054	0.05169853570909567	0.0175	0.0125	-0.09400569883973889	-0.010719200862861648	288.0	86.0	86.0	30.0	0.2896295021119456
54941	320	0.3	1.0	0.5	score_dependent_20pct	ascertained_latent_time_oracle	0.20041015625000003	400	400	1.0	47	0.1175	0.08952194095010377	0.15275496421563303	0.0075	0.11	-0.8746997934949244	-0.1274951952388462	288.0	56.0	86.0	30.0	0.2896295021119456
54941	320	0.3	1.0	0.5	score_dependent_20pct	detected_visit_time	0.20041015625000003	400	400	1.0	43	0.1075	0.08079372047159449	0.14167343058082826	0.005	0.1025	-0.8275629568858456	-0.12360815141631165	288.0	56.0	86.0	30.0	0.2896295021119456
54941	320	0.3	1.0	0.5	score_dependent_20pct	midpoint_imputed_time	0.20041015625000003	400	400	1.0	42	0.105	0.07862372743733602	0.1388909850867582	0.005	0.1	-0.8500109494792198	-0.12500129713801933	288.0	56.0	86.0	30.0	0.2896295021119456
54941	320	0.3	1.0	0.5	joint_score_progression_risk_20pct	full_latent_time_oracle	0.20008593750000003	400	400	1.0	17	0.0425	0.026701694991131116	0.06700205432475019	0.02	0.0225	-0.02206890962151127	-0.0025314937725352876	288.0	86.0	86.0	35.0	0.2833814396642453
54941	320	0.3	1.0	0.5	joint_score_progression_risk_20pct	ascertained_latent_time_oracle	0.20008593750000003	400	400	1.0	72	0.18	0.14545031532583302	0.22063755304811672	0.0	0.18	-1.0745792279086326	-0.1685035705114278	288.0	51.0	86.0	35.0	0.2833814396642453
54941	320	0.3	1.0	0.5	joint_score_progression_risk_20pct	detected_visit_time	0.20008593750000003	400	400	1.0	67	0.1675	0.1341055740674824	0.2072201016648248	0.0	0.1675	-1.0193856358452544	-0.1636233898997086	288.0	51.0	86.0	35.0	0.2833814396642453
54941	320	0.3	1.0	0.5	joint_score_progression_risk_20pct	midpoint_imputed_time	0.20008593750000003	400	400	1.0	68	0.17	0.13636898220196564	0.20990913205867007	0.0	0.17	-1.0380997426982739	-0.1645175696156962	288.0	51.0	86.0	35.0	0.2833814396642453
54941	320	0.3	1.0	1.0	complete	full_latent_time_oracle	0.0	400	400	1.0	25	0.0625	0.04268914141220244	0.09063411613030699	0.0325	0.03	0.036875402261043355	0.004483912324444838	288.0	86.0	86.0	37.0	0.5383810889942683
54941	320	0.3	1.0	1.0	complete	ascertained_latent_time_oracle	0.0	400	400	1.0	20	0.05	0.03259742983714726	0.07596363506371961	0.0275	0.0225	-0.009370453937436334	-0.001492752519890429	288.0	49.0	86.0	37.0	0.5383810889942683
54941	320	0.3	1.0	1.0	complete	detected_visit_time	0.0	400	400	1.0	6	0.015	0.006892291919440893	0.03233463358482672	0.01	0.005	0.005377882675852905	0.0008401898104496669	288.0	49.0	86.0	37.0	0.5383810889942683
54941	320	0.3	1.0	1.0	complete	midpoint_imputed_time	0.0	400	400	1.0	6	0.015	0.006892291919440893	0.03233463358482672	0.01	0.005	0.005377882675852905	0.0008401898104496669	288.0	49.0	86.0	37.0	0.5383810889942683
54941	320	0.3	1.0	1.0	independent_20pct	full_latent_time_oracle	0.19883593749999995	400	400	1.0	21	0.0525	0.034591528357920405	0.07892197507127496	0.0225	0.03	0.03339917722699075	0.004029058573584444	288.0	87.0	87.0	55.0	0.5365511033944683
54941	320	0.3	1.0	1.0	independent_20pct	ascertained_latent_time_oracle	0.19883593749999995	400	400	1.0	18	0.045	0.028651458653886006	0.07000472919032381	0.02	0.025	0.04932614649199142	0.010253526303400566	288.0	32.0	87.0	55.0	0.5365511033944683
54941	320	0.3	1.0	1.0	independent_20pct	detected_visit_time	0.19883593749999995	400	400	1.0	11	0.0275	0.015423636260295411	0.048565481885614784	0.015	0.0125	0.046598386008153914	0.008698624611668275	288.0	32.0	87.0	55.0	0.5365511033944683
54941	320	0.3	1.0	1.0	independent_20pct	midpoint_imputed_time	0.19883593749999995	400	400	1.0	11	0.0275	0.015423636260295411	0.048565481885614784	0.015	0.0125	0.04659838600815386	0.008698624611668322	288.0	32.0	87.0	55.0	0.5365511033944683
54941	320	0.3	1.0	1.0	score_dependent_20pct	full_latent_time_oracle	0.2002890625	400	400	1.0	18	0.045	0.028651458653886006	0.07000472919032381	0.0175	0.0275	0.05471014326002065	0.006511378702161586	289.0	86.0	86.0	55.0	0.5414495058733861
54941	320	0.3	1.0	1.0	score_dependent_20pct	ascertained_latent_time_oracle	0.2002890625	400	400	1.0	66	0.165	0.13184503236772813	0.2045282048362506	0.0025	0.1625	-1.0287390545228414	-0.21220588031607962	289.0	32.0	86.0	55.0	0.5414495058733861
54941	320	0.3	1.0	1.0	score_dependent_20pct	detected_visit_time	0.2002890625	400	400	1.0	50	0.125	0.09611512323676381	0.1610190975139586	0.0025	0.1225	-0.9778600957458594	-0.19581725647051718	289.0	32.0	86.0	55.0	0.5414495058733861
54941	320	0.3	1.0	1.0	score_dependent_20pct	midpoint_imputed_time	0.2002890625	400	400	1.0	50	0.125	0.09611512323676381	0.1610190975139586	0.0025	0.1225	-0.9778600957458592	-0.19581725647051712	289.0	32.0	86.0	55.0	0.5414495058733861
54941	320	0.3	1.0	1.0	joint_score_progression_risk_20pct	full_latent_time_oracle	0.2003125	400	400	1.0	25	0.0625	0.04268914141220244	0.09063411613030699	0.0275	0.035	-0.09976024319490254	-0.011744954597883309	288.0	87.0	87.0	56.0	0.536165152373182
54941	320	0.3	1.0	1.0	joint_score_progression_risk_20pct	ascertained_latent_time_oracle	0.2003125	400	400	1.0	75	0.1875	0.15228915456130324	0.2286560293976321	0.0025	0.185	-1.1510162106034103	-0.2369853863044072	288.0	31.0	87.0	56.0	0.536165152373182
54941	320	0.3	1.0	1.0	joint_score_progression_risk_20pct	detected_visit_time	0.2003125	400	400	1.0	62	0.155	0.12283258671753924	0.19373089637312538	0.0025	0.1525	-1.0856451006615546	-0.22202108697319078	288.0	31.0	87.0	56.0	0.536165152373182
54941	320	0.3	1.0	1.0	joint_score_progression_risk_20pct	midpoint_imputed_time	0.2003125	400	400	1.0	62	0.155	0.12283258671753924	0.19373089637312538	0.0025	0.1525	-1.0856451006615546	-0.2220210869731908	288.0	31.0	87.0	56.0	0.536165152373182
54941	320	0.3	1.7	0.25	complete	full_latent_time_oracle	0.0	400	400	1.0	348	0.87	0.8334921544792615	0.8994687477133592	0.87	0.0	3.108371759102035	0.3708992917414017	288.0	87.0	87.0	7.0	0.12651649574026091
54941	320	0.3	1.7	0.25	complete	ascertained_latent_time_oracle	0.0	400	400	1.0	332	0.83	0.7900908679413299	0.8636310177980344	0.83	0.0	3.043926815272126	0.38156302072598297	288.0	79.0	87.0	7.0	0.12651649574026091
54941	320	0.3	1.7	0.25	complete	detected_visit_time	0.0	400	400	1.0	330	0.825	0.7847212102757525	0.8590957984069546	0.825	0.0	2.9731778196558754	0.3716839234908955	288.0	79.0	87.0	7.0	0.12651649574026091
54941	320	0.3	1.7	0.25	complete	midpoint_imputed_time	0.0	400	400	1.0	330	0.825	0.7847212102757525	0.8590957984069546	0.825	0.0	2.9731778196558754	0.3716839234908955	288.0	79.0	87.0	7.0	0.12651649574026091
54941	320	0.3	1.7	0.25	independent_20pct	full_latent_time_oracle	0.20031152343750003	400	400	1.0	346	0.865	0.8280190157519688	0.8950370093839947	0.865	0.0	3.0413468459808914	0.36017594193092023	288.0	86.0	86.0	12.0	0.15586827971258882
54941	320	0.3	1.7	0.25	independent_20pct	ascertained_latent_time_oracle	0.20031152343750003	400	400	1.0	327	0.8175	0.7766870404912806	0.8522726526064411	0.8175	0.0	2.835392914047561	0.35994829833476105	288.0	74.0	86.0	12.0	0.15586827971258882
54941	320	0.3	1.7	0.25	independent_20pct	detected_visit_time	0.20031152343750003	400	400	1.0	317	0.7925	0.7500694660392275	0.829365841775209	0.7925	0.0	2.7431802073447376	0.350856142847345	288.0	74.0	86.0	12.0	0.15586827971258882
54941	320	0.3	1.7	0.25	independent_20pct	midpoint_imputed_time	0.20031152343750003	400	400	1.0	321	0.8025	0.7606877261203903	0.8385573358073602	0.8025	0.0	2.751506294786577	0.35358326347416974	288.0	74.0	86.0	12.0	0.15586827971258882
54941	320	0.3	1.7	0.25	score_dependent_20pct	full_latent_time_oracle	0.20061914062499997	400	400	1.0	340	0.85	0.8116863892693679	0.8816550046966246	0.85	0.0	3.009965138026549	0.35933956759630387	288.0	86.5	86.5	18.0	0.16305348862694352
54941	320	0.3	1.7	0.25	score_dependent_20pct	ascertained_latent_time_oracle	0.20061914062499997	400	400	1.0	200	0.5	0.451234504169709	0.548765495830291	0.5	0.0	1.9606335300382893	0.25625720967996335	288.0	69.0	86.5	18.0	0.16305348862694352
54941	320	0.3	1.7	0.25	score_dependent_20pct	detected_visit_time	0.20061914062499997	400	400	1.0	186	0.465	0.41668591738620475	0.5139799432171961	0.465	0.0	1.876910676965833	0.2447842635983435	288.0	69.0	86.5	18.0	0.16305348862694352
54941	320	0.3	1.7	0.25	score_dependent_20pct	midpoint_imputed_time	0.20061914062499997	400	400	1.0	195	0.4875	0.4388685044431795	0.5363693029151779	0.4875	0.0	1.8998290639229802	0.25180331757881724	288.0	69.0	86.5	18.0	0.16305348862694352
54941	320	0.3	1.7	0.25	joint_score_progression_risk_20pct	full_latent_time_oracle	0.200439453125	400	400	1.0	346	0.865	0.8280190157519688	0.8950370093839947	0.865	0.0	3.0480873134635997	0.36763143407929766	289.0	86.0	86.0	25.0	0.15465057366846843
54941	320	0.3	1.7	0.25	joint_score_progression_risk_20pct	ascertained_latent_time_oracle	0.200439453125	400	400	1.0	142	0.355	0.30968902656541786	0.40306953879152807	0.355	0.0	1.5605095799784818	0.22400092337680338	289.0	62.0	86.0	25.0	0.15465057366846843
54941	320	0.3	1.7	0.25	joint_score_progression_risk_20pct	detected_visit_time	0.200439453125	400	400	1.0	132	0.33	0.28572827595866784	0.377505904114993	0.33	0.0	1.5041559180888433	0.21874427783208528	289.0	62.0	86.0	25.0	0.15465057366846843
54941	320	0.3	1.7	0.25	joint_score_progression_risk_20pct	midpoint_imputed_time	0.200439453125	400	400	1.0	137	0.3425	0.29769101850421636	0.3903053542110871	0.3425	0.0	1.5237760512075509	0.22053764131682757	289.0	62.0	86.0	25.0	0.15465057366846843
54941	320	0.3	1.7	0.5	complete	full_latent_time_oracle	0.0	400	400	1.0	361	0.9025	0.8694877208462789	0.9278548822146123	0.9025	0.0	3.0430079052661316	0.35899513588330356	287.0	87.0	87.0	16.0	0.2604944791959992
54941	320	0.3	1.7	0.5	complete	ascertained_latent_time_oracle	0.0	400	400	1.0	322	0.805	0.7633481418022936	0.8408493586537855	0.805	0.0	2.7991767296275616	0.3693813394685429	287.0	70.0	87.0	16.0	0.2604944791959992
54941	320	0.3	1.7	0.5	complete	detected_visit_time	0.0	400	400	1.0	306	0.765	0.7210494588154521	0.8039090251873708	0.765	0.0	2.6280632476619568	0.34411176009234007	287.0	70.0	87.0	16.0	0.2604944791959992
54941	320	0.3	1.7	0.5	complete	midpoint_imputed_time	0.0	400	400	1.0	306	0.765	0.7210494588154521	0.8039090251873708	0.765	0.0	2.6280632476619568	0.34411176009234007	287.0	70.0	87.0	16.0	0.2604944791959992
54941	320	0.3	1.7	0.5	independent_20pct	full_latent_time_oracle	0.20003515625	400	400	1.0	351	0.8775	0.8417313729822828	0.9060868447953232	0.8775	0.0	3.0403703255176717	0.36763771464606565	288.5	87.0	87.0	26.0	0.2999935749594279
54941	320	0.3	1.7	0.5	independent_20pct	ascertained_latent_time_oracle	0.20003515625	400	400	1.0	296	0.74	0.6948757457668063	0.7805583529527312	0.74	0.0	2.61229579820012	0.3687052003204361	288.5	60.0	87.0	26.0	0.2999935749594279
54941	320	0.3	1.7	0.5	independent_20pct	detected_visit_time	0.20003515625	400	400	1.0	277	0.6925	0.6456251644125997	0.7357126022686962	0.6925	0.0	2.48295546185729	0.3513995992267307	288.5	60.0	87.0	26.0	0.2999935749594279
54941	320	0.3	1.7	0.5	independent_20pct	midpoint_imputed_time	0.20003515625	400	400	1.0	281	0.7025	0.6559450648860605	0.7452024559085495	0.7025	0.0	2.473461963083408	0.3537883426898173	288.5	60.0	87.0	26.0	0.2999935749594279
54941	320	0.3	1.7	0.5	score_dependent_20pct	full_latent_time_oracle	0.20099023437499997	400	400	1.0	352	0.88	0.8444860470597602	0.9082846092461745	0.88	0.0	3.116457424909071	0.3742993189034156	289.0	86.0	86.0	34.0	0.2997276519122102
54941	320	0.3	1.7	0.5	score_dependent_20pct	ascertained_latent_time_oracle	0.20099023437499997	400	400	1.0	79	0.1975	0.1614426641926397	0.23931227387960974	0.1975	0.0	1.1247227681707521	0.17145009935835379	289.0	52.0	86.0	34.0	0.2997276519122102
54941	320	0.3	1.7	0.5	score_dependent_20pct	detected_visit_time	0.20099023437499997	400	400	1.0	69	0.1725	0.13863520728428091	0.2125953455046833	0.1725	0.0	1.0669451635276093	0.1680770590493953	289.0	52.0	86.0	34.0	0.2997276519122102
54941	320	0.3	1.7	0.5	score_dependent_20pct	midpoint_imputed_time	0.20099023437499997	400	400	1.0	75	0.1875	0.15228915456130324	0.2286560293976321	0.1875	0.0	1.0574899824804338	0.1659580969435433	289.0	52.0	86.0	34.0	0.2997276519122102
54941	320	0.3	1.7	0.5	joint_score_progression_risk_20pct	full_latent_time_oracle	0.20058203124999996	400	400	1.0	357	0.8925	0.8583265694191717	0.9192062795284055	0.8925	0.0	3.032965250010907	0.36004503720016456	288.0	86.0	86.0	38.0	0.28801979160409996
54941	320	0.3	1.7	0.5	joint_score_progression_risk_20pct	ascertained_latent_time_oracle	0.20058203124999996	400	400	1.0	86	0.215	0.17755148423753886	0.25787052353301015	0.215	0.0	1.2089545915524669	0.19163367181201713	288.0	48.0	86.0	38.0	0.28801979160409996
54941	320	0.3	1.7	0.5	joint_score_progression_risk_20pct	detected_visit_time	0.20058203124999996	400	400	1.0	79	0.1975	0.1614426641926397	0.23931227387960974	0.1975	0.0	1.1620877324967733	0.18109555855526757	288.0	48.0	86.0	38.0	0.28801979160409996
54941	320	0.3	1.7	0.5	joint_score_progression_risk_20pct	midpoint_imputed_time	0.20058203124999996	400	400	1.0	79	0.1975	0.1614426641926397	0.23931227387960974	0.1975	0.0	1.1712586243886611	0.1834394380065984	288.0	48.0	86.0	38.0	0.28801979160409996
54941	320	0.3	1.7	1.0	complete	full_latent_time_oracle	0.0	400	400	1.0	342	0.855	0.8171167606818923	0.8861295103407572	0.855	0.0	3.0830552222591825	0.36658537086854887	289.0	86.0	86.0	35.0	0.5658458786496141
54941	320	0.3	1.7	1.0	complete	ascertained_latent_time_oracle	0.0	400	400	1.0	285	0.7125	0.6662901779980862	0.7546670969098378	0.7125	0.0	2.5438405310421217	0.38759871063983153	289.0	51.0	86.0	35.0	0.5658458786496141
54941	320	0.3	1.7	1.0	complete	detected_visit_time	0.0	400	400	1.0	255	0.6375	0.5892885151310687	0.6830956039269998	0.6375	0.0	2.2275561783650435	0.33854511993865444	289.0	51.0	86.0	35.0	0.5658458786496141
54941	320	0.3	1.7	1.0	complete	midpoint_imputed_time	0.0	400	400	1.0	255	0.6375	0.5892885151310687	0.6830956039269998	0.6375	0.0	2.2275561783650435	0.33854511993865444	289.0	51.0	86.0	35.0	0.5658458786496141
54941	320	0.3	1.7	1.0	independent_20pct	full_latent_time_oracle	0.19940625	400	400	1.0	339	0.8475	0.8089761434535727	0.8794128119840912	0.8475	0.0	3.0478958602434654	0.36295635846784713	288.0	85.0	85.0	53.0	0.5649564356456527
54941	320	0.3	1.7	1.0	independent_20pct	ascertained_latent_time_oracle	0.19940625	400	400	1.0	175	0.4375	0.3897078504391739	0.48648118635261317	0.4375	0.0	1.8315167379976702	0.3481769250766278	288.0	33.0	85.0	53.0	0.5649564356456527
54941	320	0.3	1.7	1.0	independent_20pct	detected_visit_time	0.19940625	400	400	1.0	155	0.3875	0.34104299567214824	0.43609727055306846	0.3875	0.0	1.7021672401258046	0.323882160036418	288.0	33.0	85.0	53.0	0.5649564356456527
54941	320	0.3	1.7	1.0	independent_20pct	midpoint_imputed_time	0.19940625	400	400	1.0	155	0.3875	0.34104299567214824	0.43609727055306846	0.3875	0.0	1.7021672401258043	0.3238821600364181	288.0	33.0	85.0	53.0	0.5649564356456527
54941	320	0.3	1.7	1.0	score_dependent_20pct	full_latent_time_oracle	0.19807031249999996	400	400	1.0	350	0.875	0.8389809024860414	0.9038848767632363	0.875	0.0	3.15032851907692	0.37354876156925587	288.0	86.0	86.0	58.0	0.5445191740583191
54941	320	0.3	1.7	1.0	score_dependent_20pct	ascertained_latent_time_oracle	0.19807031249999996	400	400	1.0	17	0.0425	0.026701694991131116	0.06700205432475019	0.03	0.0125	0.26715870697805183	0.05900028758675717	288.0	28.0	86.0	58.0	0.5445191740583191
54941	320	0.3	1.7	1.0	score_dependent_20pct	detected_visit_time	0.19807031249999996	400	400	1.0	14	0.035	0.02096129419797776	0.057885139532918004	0.0275	0.0075	0.24559572974427485	0.055811500832342334	288.0	28.0	86.0	58.0	0.5445191740583191
54941	320	0.3	1.7	1.0	score_dependent_20pct	midpoint_imputed_time	0.19807031249999996	400	400	1.0	14	0.035	0.02096129419797776	0.057885139532918004	0.0275	0.0075	0.24559572974427496	0.05581150083234236	288.0	28.0	86.0	58.0	0.5445191740583191
54941	320	0.3	1.7	1.0	joint_score_progression_risk_20pct	full_latent_time_oracle	0.20008203125000001	400	400	1.0	346	0.865	0.8280190157519688	0.8950370093839947	0.865	0.0	3.015212541514403	0.36017951415254224	287.5	86.0	86.0	59.0	0.5312826292601087
54941	320	0.3	1.7	1.0	joint_score_progression_risk_20pct	ascertained_latent_time_oracle	0.20008203125000001	400	400	1.0	50	0.125	0.09611512323676381	0.1610190975139586	0.12	0.005	0.7884453312735669	0.1700120835900058	287.5	27.0	86.0	59.0	0.5312826292601087
54941	320	0.3	1.7	1.0	joint_score_progression_risk_20pct	detected_visit_time	0.20008203125000001	400	400	1.0	39	0.0975	0.07214511778538757	0.1305122791537211	0.0925	0.005	0.7314008452433309	0.15905223737184707	287.5	27.0	86.0	59.0	0.5312826292601087
54941	320	0.3	1.7	1.0	joint_score_progression_risk_20pct	midpoint_imputed_time	0.20008203125000001	400	400	1.0	39	0.0975	0.07214511778538757	0.1305122791537211	0.0925	0.005	0.7314008452433309	0.15905223737184707	287.5	27.0	86.0	59.0	0.5312826292601087
54942	120	0.15	1.0	0.25	complete	full_latent_time_oracle	0.0	400	385	0.9625	21	0.0525	0.034591528357920405	0.07892197507127496	0.0275	0.025	0.07452648305762852	0.02059807036659932	108.0	16.0	16.0	2.0	0.12480322503165242
54942	120	0.15	1.0	0.25	complete	ascertained_latent_time_oracle	0.0	400	377	0.9425	19	0.0475	0.030617076962711882	0.07299154940982647	0.025	0.0225	0.14166998103101328	0.03628244285581811	108.0	14.0	16.0	2.0	0.12480322503165242
54942	120	0.15	1.0	0.25	complete	detected_visit_time	0.0	400	377	0.9425	19	0.0475	0.030617076962711882	0.07299154940982647	0.025	0.0225	0.1331051285550576	0.03410617774217609	108.0	14.0	16.0	2.0	0.12480322503165242
54942	120	0.15	1.0	0.25	complete	midpoint_imputed_time	0.0	400	377	0.9425	19	0.0475	0.030617076962711882	0.07299154940982647	0.025	0.0225	0.1331051285550576	0.03410617774217609	108.0	14.0	16.0	2.0	0.12480322503165242
54942	120	0.15	1.0	0.25	independent_20pct	full_latent_time_oracle	0.20100520833333335	400	391	0.9775	17	0.0425	0.026701694991131116	0.06700205432475019	0.02	0.0225	0.0051011719598346335	0.0017493374861926574	108.0	16.0	16.0	3.0	0.15246394344444447
54942	120	0.15	1.0	0.25	independent_20pct	ascertained_latent_time_oracle	0.20100520833333335	400	350	0.875	22	0.055	0.03659849414955068	0.08186744780797323	0.025	0.03	-0.013055741744475442	-0.0038648694967812736	108.0	13.0	16.0	3.0	0.15246394344444447
54942	120	0.15	1.0	0.25	independent_20pct	detected_visit_time	0.20100520833333335	400	350	0.875	20	0.05	0.03259742983714726	0.07596363506371961	0.0225	0.0275	-0.020032433159214706	-0.00531787005559642	108.0	13.0	16.0	3.0	0.15246394344444447
54942	120	0.15	1.0	0.25	independent_20pct	midpoint_imputed_time	0.20100520833333335	400	350	0.875	21	0.0525	0.034591528357920405	0.07892197507127496	0.0225	0.03	-0.014817548436982925	-0.004407249834861184	108.0	13.0	16.0	3.0	0.15246394344444447
54942	120	0.15	1.0	0.25	score_dependent_20pct	full_latent_time_oracle	0.20084114583333335	400	385	0.9625	14	0.035	0.02096129419797776	0.057885139532918004	0.0075	0.0275	-0.11078589196401213	-0.03217269725573996	108.0	16.0	16.0	3.0	0.1491164103301601
54942	120	0.15	1.0	0.25	score_dependent_20pct	ascertained_latent_time_oracle	0.20084114583333335	400	331	0.8275	19	0.0475	0.030617076962711882	0.07299154940982647	0.0075	0.04	-0.3450471147589873	-0.10904583475560486	108.0	13.0	16.0	3.0	0.1491164103301601
54942	120	0.15	1.0	0.25	score_dependent_20pct	detected_visit_time	0.20084114583333335	400	331	0.8275	17	0.0425	0.026701694991131116	0.06700205432475019	0.0075	0.035	-0.3499869358191706	-0.10583083258488843	108.0	13.0	16.0	3.0	0.1491164103301601
54942	120	0.15	1.0	0.25	score_dependent_20pct	midpoint_imputed_time	0.20084114583333335	400	331	0.8275	21	0.0525	0.034591528357920405	0.07892197507127496	0.01	0.0425	-0.3474263420139011	-0.10795410929317106	108.0	13.0	16.0	3.0	0.1491164103301601
54942	120	0.15	1.0	0.25	joint_score_progression_risk_20pct	full_latent_time_oracle	0.20005729166666664	400	392	0.98	23	0.0575	0.038617542757733075	0.08480083772811935	0.025	0.0325	0.027038354182586266	0.007601677624168407	108.0	16.0	16.0	4.0	0.14655383185803728
54942	120	0.15	1.0	0.25	joint_score_progression_risk_20pct	ascertained_latent_time_oracle	0.20005729166666664	400	290	0.725	21	0.0525	0.034591528357920405	0.07892197507127496	0.0075	0.045	-0.3698086495741849	-0.12042447648444408	108.0	12.0	16.0	4.0	0.14655383185803728
54942	120	0.15	1.0	0.25	joint_score_progression_risk_20pct	detected_visit_time	0.20005729166666664	400	290	0.725	19	0.0475	0.030617076962711882	0.07299154940982647	0.0075	0.04	-0.3712823404137224	-0.11996573450089543	108.0	12.0	16.0	4.0	0.14655383185803728
54942	120	0.15	1.0	0.25	joint_score_progression_risk_20pct	midpoint_imputed_time	0.20005729166666664	400	290	0.725	19	0.0475	0.030617076962711882	0.07299154940982647	0.0075	0.04	-0.3718166262847771	-0.12005500893096782	108.0	12.0	16.0	4.0	0.14655383185803728
54942	120	0.15	1.0	0.5	complete	full_latent_time_oracle	0.0	400	393	0.9825	24	0.06	0.040647970113724695	0.0877228489004562	0.035	0.025	0.02514854997070822	0.005557951034873626	108.0	16.0	16.0	3.0	0.2512418085185674
54942	120	0.15	1.0	0.5	complete	ascertained_latent_time_oracle	0.0	400	330	0.825	14	0.035	0.02096129419797776	0.057885139532918004	0.015	0.02	0.009814596359147922	0.0030486411700125816	108.0	13.0	16.0	3.0	0.2512418085185674
54942	120	0.15	1.0	0.5	complete	detected_visit_time	0.0	400	330	0.825	13	0.0325	0.01908984237880045	0.0548041528237668	0.015	0.0175	0.02446037043246442	0.0067366309673645985	108.0	13.0	16.0	3.0	0.2512418085185674
54942	120	0.15	1.0	0.5	complete	midpoint_imputed_time	0.0	400	330	0.825	13	0.0325	0.01908984237880045	0.0548041528237668	0.015	0.0175	0.02446037043246442	0.0067366309673645985	108.0	13.0	16.0	3.0	0.2512418085185674
54942	120	0.15	1.0	0.5	independent_20pct	full_latent_time_oracle	0.19973437500000002	400	394	0.985	24	0.06	0.040647970113724695	0.0877228489004562	0.0275	0.0325	0.019758444871975353	0.00540726476207562	108.0	16.0	16.0	5.0	0.3058694879073234
54942	120	0.15	1.0	0.5	independent_20pct	ascertained_latent_time_oracle	0.19973437500000002	400	254	0.635	11	0.0275	0.015423636260295411	0.048565481885614784	0.0125	0.015	0.003017178548456328	0.0009115747136245558	108.0	10.5	16.0	5.0	0.3058694879073234
54942	120	0.15	1.0	0.5	independent_20pct	detected_visit_time	0.19973437500000002	400	254	0.635	10	0.025	0.013635091745936023	0.045401587871645666	0.01	0.015	0.0008156546892310731	0.0005376431719188233	108.0	10.5	16.0	5.0	0.3058694879073234
54942	120	0.15	1.0	0.5	independent_20pct	midpoint_imputed_time	0.19973437500000002	400	254	0.635	11	0.0275	0.015423636260295411	0.048565481885614784	0.0125	0.015	-0.004450499096537633	-0.001432088911216662	108.0	10.5	16.0	5.0	0.3058694879073234
54942	120	0.15	1.0	0.5	score_dependent_20pct	full_latent_time_oracle	0.20043229166666665	400	385	0.9625	16	0.04	0.024769063069711758	0.06398224771784103	0.0125	0.0275	-0.0705265444482411	-0.021591580380876454	108.0	16.0	16.0	6.0	0.2925733125583361
54942	120	0.15	1.0	0.5	score_dependent_20pct	ascertained_latent_time_oracle	0.20043229166666665	400	230	0.575	16	0.04	0.024769063069711758	0.06398224771784103	0.0075	0.0325	-0.37875636930447554	-0.11779674985042404	108.0	10.0	16.0	6.0	0.2925733125583361
54942	120	0.15	1.0	0.5	score_dependent_20pct	detected_visit_time	0.20043229166666665	400	230	0.575	16	0.04	0.024769063069711758	0.06398224771784103	0.0075	0.0325	-0.3662846648361746	-0.11953034801973124	108.0	10.0	16.0	6.0	0.2925733125583361
54942	120	0.15	1.0	0.5	score_dependent_20pct	midpoint_imputed_time	0.20043229166666665	400	230	0.575	16	0.04	0.024769063069711758	0.06398224771784103	0.0075	0.0325	-0.37371850062443107	-0.1200035197434663	108.0	10.0	16.0	6.0	0.2925733125583361
54942	120	0.15	1.0	0.5	joint_score_progression_risk_20pct	full_latent_time_oracle	0.19918749999999996	400	391	0.9775	20	0.05	0.03259742983714726	0.07596363506371961	0.02	0.03	-0.04436867275658858	-0.010851507466473842	108.0	16.0	16.0	7.0	0.2831853218431264
54942	120	0.15	1.0	0.5	joint_score_progression_risk_20pct	ascertained_latent_time_oracle	0.19918749999999996	400	166	0.415	12	0.03	0.017243020965143054	0.05169853570909567	0.0025	0.0275	-0.48148739613402375	-0.15856153879804835	108.0	9.0	16.0	7.0	0.2831853218431264
54942	120	0.15	1.0	0.5	joint_score_progression_risk_20pct	detected_visit_time	0.19918749999999996	400	166	0.415	12	0.03	0.017243020965143054	0.05169853570909567	0.0025	0.0275	-0.47291373360154326	-0.16062997340721274	108.0	9.0	16.0	7.0	0.2831853218431264
54942	120	0.15	1.0	0.5	joint_score_progression_risk_20pct	midpoint_imputed_time	0.19918749999999996	400	166	0.415	12	0.03	0.017243020965143054	0.05169853570909567	0.0025	0.0275	-0.5067283221486073	-0.1617184564289792	108.0	9.0	16.0	7.0	0.2831853218431264
54942	120	0.15	1.0	1.0	complete	full_latent_time_oracle	0.0	400	388	0.97	13	0.0325	0.01908984237880045	0.0548041528237668	0.015	0.0175	-0.0668839837662557	-0.019105407275734745	108.0	16.0	16.0	7.0	0.5092539892276561
54942	120	0.15	1.0	1.0	complete	ascertained_latent_time_oracle	0.0	400	153	0.3825	7	0.0175	0.008502291107038103	0.03567707292555804	0.0075	0.01	-0.1271995426664489	-0.04049914071879259	108.0	9.0	16.0	7.0	0.5092539892276561
54942	120	0.15	1.0	1.0	complete	detected_visit_time	0.0	400	153	0.3825	7	0.0175	0.008502291107038103	0.03567707292555804	0.0075	0.01	-0.11228125337293343	-0.03354714057875014	108.0	9.0	16.0	7.0	0.5092539892276561
54942	120	0.15	1.0	1.0	complete	midpoint_imputed_time	0.0	400	153	0.3825	7	0.0175	0.008502291107038103	0.03567707292555804	0.0075	0.01	-0.11228125337293343	-0.03354714057875014	108.0	9.0	16.0	7.0	0.5092539892276561
54942	120	0.15	1.0	1.0	independent_20pct	full_latent_time_oracle	0.19939583333333333	400	393	0.9825	17	0.0425	0.026701694991131116	0.06700205432475019	0.0225	0.02	0.041567952550323695	0.011694244718963532	108.0	16.0	16.0	10.0	0.5282070024137171
54942	120	0.15	1.0	1.0	independent_20pct	ascertained_latent_time_oracle	0.19939583333333333	400	19	0.0475	1	0.0025	0.0004414477868016362	0.01402328507582339	0.0025	0.0	-0.11449628863129827	-0.040902688030522535	108.0	5.0	16.0	10.0	0.5282070024137171
54942	120	0.15	1.0	1.0	independent_20pct	detected_visit_time	0.19939583333333333	400	19	0.0475	1	0.0025	0.0004414477868016362	0.01402328507582339	0.0025	0.0	-0.1763845588769011	-0.06408229499422755	108.0	5.0	16.0	10.0	0.5282070024137171
54942	120	0.15	1.0	1.0	independent_20pct	midpoint_imputed_time	0.19939583333333333	400	19	0.0475	1	0.0025	0.0004414477868016362	0.01402328507582339	0.0025	0.0	-0.1763845588769012	-0.06408229499422757	108.0	5.0	16.0	10.0	0.5282070024137171
54942	120	0.15	1.0	1.0	score_dependent_20pct	full_latent_time_oracle	0.19910416666666664	400	392	0.98	18	0.045	0.028651458653886006	0.07000472919032381	0.03	0.015	0.15305301352177447	0.0410109197508348	108.0	16.0	16.0	11.0	0.5076373450067286
54942	120	0.15	1.0	1.0	score_dependent_20pct	ascertained_latent_time_oracle	0.19910416666666664	400	15	0.0375	0	0.0	8.673617379884035e-19	0.009512294334296508	0.0	0.0	-0.33659165058845203	-0.11442716256102557	108.0	5.0	16.0	11.0	0.5076373450067286
54942	120	0.15	1.0	1.0	score_dependent_20pct	detected_visit_time	0.19910416666666664	400	15	0.0375	0	0.0	8.673617379884035e-19	0.009512294334296508	0.0	0.0	-0.30845841400649865	-0.10568886486093804	108.0	5.0	16.0	11.0	0.5076373450067286
54942	120	0.15	1.0	1.0	score_dependent_20pct	midpoint_imputed_time	0.19910416666666664	400	15	0.0375	0	0.0	8.673617379884035e-19	0.009512294334296508	0.0	0.0	-0.30845841400649865	-0.10568886486093804	108.0	5.0	16.0	11.0	0.5076373450067286
54942	120	0.15	1.0	1.0	joint_score_progression_risk_20pct	full_latent_time_oracle	0.1995	400	391	0.9775	21	0.0525	0.034591528357920405	0.07892197507127496	0.025	0.0275	-0.03275297342792371	-0.009592762460345135	108.0	16.0	16.0	11.0	0.5161296574567127
54942	120	0.15	1.0	1.0	joint_score_progression_risk_20pct	ascertained_latent_time_oracle	0.1995	400	10	0.025	1	0.0025	0.0004414477868016362	0.01402328507582339	0.0	0.0025	-0.17378035824100233	-0.06365193363395805	108.0	5.0	16.0	11.0	0.5161296574567127
54942	120	0.15	1.0	1.0	joint_score_progression_risk_20pct	detected_visit_time	0.1995	400	10	0.025	0	0.0	8.673617379884035e-19	0.009512294334296508	0.0	0.0	-0.15455316743152298	-0.0565077910109153	108.0	5.0	16.0	11.0	0.5161296574567127
54942	120	0.15	1.0	1.0	joint_score_progression_risk_20pct	midpoint_imputed_time	0.1995	400	10	0.025	0	0.0	8.673617379884035e-19	0.009512294334296508	0.0	0.0	-0.15455316743152298	-0.056507791010915305	108.0	5.0	16.0	11.0	0.5161296574567127
54942	120	0.15	1.7	0.25	complete	full_latent_time_oracle	0.0	400	392	0.98	113	0.2825	0.24061027235147464	0.32852757568394425	0.2825	0.0	1.4252496417451987	0.38372044707375097	108.0	16.0	16.0	1.0	0.12398895759473799
54942	120	0.15	1.7	0.25	complete	ascertained_latent_time_oracle	0.0	400	373	0.9325	97	0.2425	0.2030764095091307	0.286822422073032	0.2425	0.0	1.3205752690550014	0.38210272394877437	108.0	14.0	16.0	1.0	0.12398895759473799
54942	120	0.15	1.7	0.25	complete	detected_visit_time	0.0	400	373	0.9325	94	0.235	0.1960909748126292	0.278950541184548	0.235	0.0	1.3180589695271263	0.3768381991359644	108.0	14.0	16.0	1.0	0.12398895759473799
54942	120	0.15	1.7	0.25	complete	midpoint_imputed_time	0.0	400	373	0.9325	94	0.235	0.1960909748126292	0.278950541184548	0.235	0.0	1.3180589695271263	0.3768381991359644	108.0	14.0	16.0	1.0	0.12398895759473799
54942	120	0.15	1.7	0.25	independent_20pct	full_latent_time_oracle	0.20020052083333328	400	392	0.98	110	0.275	0.23353872471100914	0.3207418077394244	0.2725	0.0025	1.3630091574305652	0.38275109119191386	108.0	16.0	16.0	3.0	0.15347766462329715
54942	120	0.15	1.7	0.25	independent_20pct	ascertained_latent_time_oracle	0.20020052083333328	400	362	0.905	84	0.21	0.1729377251738417	0.25257940554005026	0.21	0.0	1.1667599225618352	0.34532580325966866	108.0	13.0	16.0	3.0	0.15347766462329715
54942	120	0.15	1.7	0.25	independent_20pct	detected_visit_time	0.20020052083333328	400	362	0.905	83	0.2075	0.17063415822479097	0.2499305339607725	0.2075	0.0	1.1508273632773522	0.3506291243676419	108.0	13.0	16.0	3.0	0.15347766462329715
54942	120	0.15	1.7	0.25	independent_20pct	midpoint_imputed_time	0.20020052083333328	400	362	0.905	85	0.2125	0.17524350992363666	0.2552260593185839	0.2125	0.0	1.1476325107747414	0.34419382744872884	108.0	13.0	16.0	3.0	0.15347766462329715
54942	120	0.15	1.7	0.25	score_dependent_20pct	full_latent_time_oracle	0.19923958333333336	400	388	0.97	123	0.3075	0.2642873977313039	0.3543748355874003	0.3075	0.0	1.4362054041003067	0.3832554506769783	108.0	16.0	16.0	4.0	0.16332264324212983
54942	120	0.15	1.7	0.25	score_dependent_20pct	ascertained_latent_time_oracle	0.19923958333333336	400	325	0.8125	51	0.1275	0.0983211891565858	0.1637654701224651	0.1275	0.0	0.8868256192598509	0.2842749751056997	108.0	12.0	16.0	4.0	0.16332264324212983
54942	120	0.15	1.7	0.25	score_dependent_20pct	detected_visit_time	0.19923958333333336	400	325	0.8125	48	0.12	0.09171539075382554	0.15551395294023979	0.12	0.0	0.8837939910137139	0.2850610969070567	108.0	12.0	16.0	4.0	0.16332264324212983
54942	120	0.15	1.7	0.25	score_dependent_20pct	midpoint_imputed_time	0.19923958333333336	400	325	0.8125	49	0.1225	0.09391315520467675	0.1582686270177171	0.1225	0.0	0.879782647910784	0.2838457801573835	108.0	12.0	16.0	4.0	0.16332264324212983
54942	120	0.15	1.7	0.25	joint_score_progression_risk_20pct	full_latent_time_oracle	0.19957291666666666	400	395	0.9875	103	0.2575	0.21709827513471777	0.302515187617416	0.2575	0.0	1.3728091665665838	0.3915591786287048	108.0	16.0	16.0	6.0	0.1513789886809957
54942	120	0.15	1.7	0.25	joint_score_progression_risk_20pct	ascertained_latent_time_oracle	0.19957291666666666	400	261	0.6525	23	0.0575	0.038617542757733075	0.08480083772811935	0.055	0.0025	0.6554231462824651	0.20498747323390873	108.0	11.0	16.0	6.0	0.1513789886809957
54942	120	0.15	1.7	0.25	joint_score_progression_risk_20pct	detected_visit_time	0.19957291666666666	400	261	0.6525	23	0.0575	0.038617542757733075	0.08480083772811935	0.055	0.0025	0.6341397305372612	0.19891918243658124	108.0	11.0	16.0	6.0	0.1513789886809957
54942	120	0.15	1.7	0.25	joint_score_progression_risk_20pct	midpoint_imputed_time	0.19957291666666666	400	261	0.6525	22	0.055	0.03659849414955068	0.08186744780797323	0.0525	0.0025	0.6542912090572647	0.20631590057384938	108.0	11.0	16.0	6.0	0.1513789886809957
54942	120	0.15	1.7	0.5	complete	full_latent_time_oracle	0.0	400	386	0.965	98	0.245	0.20540872953011524	0.289442540580376	0.245	0.0	1.3405038641276978	0.3693951127682834	108.0	16.0	16.0	3.0	0.25365234348244664
54942	120	0.15	1.7	0.5	complete	ascertained_latent_time_oracle	0.0	400	340	0.85	76	0.19	0.15457385084236502	0.2313237716448988	0.19	0.0	1.2856392445878368	0.38607064592840834	108.0	13.0	16.0	3.0	0.25365234348244664
54942	120	0.15	1.7	0.5	complete	detected_visit_time	0.0	400	340	0.85	71	0.1775	0.14317591908715524	0.217959510758466	0.1775	0.0	1.2481351813886439	0.37496242930863677	108.0	13.0	16.0	3.0	0.25365234348244664
54942	120	0.15	1.7	0.5	complete	midpoint_imputed_time	0.0	400	340	0.85	71	0.1775	0.14317591908715524	0.217959510758466	0.1775	0.0	1.2481351813886439	0.37496242930863677	108.0	13.0	16.0	3.0	0.25365234348244664
54942	120	0.15	1.7	0.5	independent_20pct	full_latent_time_oracle	0.20148437500000005	400	392	0.98	109	0.2725	0.23118490254462754	0.3181431913774774	0.2725	0.0	1.3066334930049894	0.34873914184340743	108.0	16.0	16.0	5.0	0.2970339451503686
54942	120	0.15	1.7	0.5	independent_20pct	ascertained_latent_time_oracle	0.20148437500000005	400	271	0.6775	52	0.13	0.10053125228664084	0.1665078455207386	0.1275	0.0025	1.1224412796835541	0.36445594115965735	108.0	11.0	16.0	5.0	0.2970339451503686
54942	120	0.15	1.7	0.5	independent_20pct	detected_visit_time	0.20148437500000005	400	271	0.6775	48	0.12	0.09171539075382554	0.15551395294023979	0.1175	0.0025	1.091314575508653	0.35197295997698497	108.0	11.0	16.0	5.0	0.2970339451503686
54942	120	0.15	1.7	0.5	independent_20pct	midpoint_imputed_time	0.20148437500000005	400	271	0.6775	50	0.125	0.09611512323676381	0.1610190975139586	0.1225	0.0025	1.124575771846257	0.3601716675332244	108.0	11.0	16.0	5.0	0.2970339451503686
54942	120	0.15	1.7	0.5	score_dependent_20pct	full_latent_time_oracle	0.20199999999999996	400	392	0.98	124	0.31	0.2666637181991197	0.35695095364791296	0.31	0.0	1.4752006912990545	0.39308185345075575	108.0	16.0	16.0	7.0	0.29284366330918304
54942	120	0.15	1.7	0.5	score_dependent_20pct	ascertained_latent_time_oracle	0.20199999999999996	400	169	0.4225	11	0.0275	0.015423636260295411	0.048565481885614784	0.025	0.0025	0.7171053004380621	0.23218874645756712	108.0	9.0	16.0	7.0	0.29284366330918304
54942	120	0.15	1.7	0.5	score_dependent_20pct	detected_visit_time	0.20199999999999996	400	169	0.4225	9	0.0225	0.011881583530495034	0.04220265755875813	0.02	0.0025	0.6897767473712	0.22671746598640571	108.0	9.0	16.0	7.0	0.29284366330918304
54942	120	0.15	1.7	0.5	score_dependent_20pct	midpoint_imputed_time	0.20199999999999996	400	169	0.4225	8	0.02	0.010168386791664645	0.03896341576926	0.0175	0.0025	0.7017772662357954	0.22516692348494435	108.0	9.0	16.0	7.0	0.29284366330918304
54942	120	0.15	1.7	0.5	joint_score_progression_risk_20pct	full_latent_time_oracle	0.20100520833333335	400	394	0.985	114	0.285	0.24297076989988833	0.33111951666385914	0.285	0.0	1.3867241944105237	0.3941549003002625	108.0	16.0	16.0	8.0	0.27555377201739406
54942	120	0.15	1.7	0.5	joint_score_progression_risk_20pct	ascertained_latent_time_oracle	0.20100520833333335	400	118	0.295	6	0.015	0.006892291919440893	0.03233463358482672	0.015	0.0	0.5887461257455713	0.20406003753975055	108.0	8.0	16.0	8.0	0.27555377201739406
54942	120	0.15	1.7	0.5	joint_score_progression_risk_20pct	detected_visit_time	0.20100520833333335	400	118	0.295	5	0.0125	0.005350750779971611	0.028923736195967484	0.0125	0.0	0.596928366664634	0.19912844627644116	108.0	8.0	16.0	8.0	0.27555377201739406
54942	120	0.15	1.7	0.5	joint_score_progression_risk_20pct	midpoint_imputed_time	0.20100520833333335	400	118	0.295	5	0.0125	0.005350750779971611	0.028923736195967484	0.0125	0.0	0.5856337618853764	0.2053708202439877	108.0	8.0	16.0	8.0	0.27555377201739406
54942	120	0.15	1.7	1.0	complete	full_latent_time_oracle	0.0	400	391	0.9775	122	0.305	0.2619126095600189	0.3517971852303568	0.3	0.005	1.4977505890771008	0.4085961667160304	108.0	16.0	16.0	7.0	0.5279495716212523
54942	120	0.15	1.7	1.0	complete	ascertained_latent_time_oracle	0.0	400	151	0.3775	34	0.085	0.0614630200239382	0.11643218427352792	0.085	0.0	1.1406828143462453	0.40010070311829227	108.0	9.0	16.0	7.0	0.5279495716212523
54942	120	0.15	1.7	1.0	complete	detected_visit_time	0.0	400	151	0.3775	27	0.0675	0.04680146916375965	0.09642666543540682	0.0675	0.0	1.0485357648510076	0.36368418914270684	108.0	9.0	16.0	7.0	0.5279495716212523
54942	120	0.15	1.7	1.0	complete	midpoint_imputed_time	0.0	400	151	0.3775	27	0.0675	0.04680146916375965	0.09642666543540682	0.0675	0.0	1.0485357648510076	0.36368418914270684	108.0	9.0	16.0	7.0	0.5279495716212523
54942	120	0.15	1.7	1.0	independent_20pct	full_latent_time_oracle	0.20120833333333332	400	396	0.99	116	0.29	0.24769665928572088	0.3362985043346836	0.29	0.0	1.4565905358424815	0.39880605789494467	108.0	16.0	16.0	10.0	0.521563831966823
54942	120	0.15	1.7	1.0	independent_20pct	ascertained_latent_time_oracle	0.20120833333333332	400	18	0.045	3	0.0075	0.0025538891952499396	0.021815720724032123	0.0075	0.0	1.0551441399302277	0.3485432545646607	108.0	6.0	16.0	10.0	0.521563831966823
54942	120	0.15	1.7	1.0	independent_20pct	detected_visit_time	0.20120833333333332	400	18	0.045	2	0.005	0.0013722529547103846	0.018044918436243156	0.005	0.0	1.0880010017385153	0.35517109751028714	108.0	6.0	16.0	10.0	0.521563831966823
54942	120	0.15	1.7	1.0	independent_20pct	midpoint_imputed_time	0.20120833333333332	400	18	0.045	2	0.005	0.0013722529547103846	0.018044918436243156	0.005	0.0	1.0880010017385153	0.35517109751028714	108.0	6.0	16.0	10.0	0.521563831966823
54942	120	0.15	1.7	1.0	score_dependent_20pct	full_latent_time_oracle	0.19899999999999995	400	392	0.98	123	0.3075	0.2642873977313039	0.3543748355874003	0.3075	0.0	1.3888043157221985	0.3926165961687901	108.0	16.0	16.0	11.0	0.5063999775220738
54942	120	0.15	1.7	1.0	score_dependent_20pct	ascertained_latent_time_oracle	0.19899999999999995	400	6	0.015	0	0.0	8.673617379884035e-19	0.009512294334296508	0.0	0.0	-0.04216316869174655	-0.018358474426706684	108.0	4.0	16.0	11.0	0.5063999775220738
54942	120	0.15	1.7	1.0	score_dependent_20pct	detected_visit_time	0.19899999999999995	400	6	0.015	0	0.0	8.673617379884035e-19	0.009512294334296508	0.0	0.0	-0.08620176342386171	-0.03480050237977815	108.0	4.0	16.0	11.0	0.5063999775220738
54942	120	0.15	1.7	1.0	score_dependent_20pct	midpoint_imputed_time	0.19899999999999995	400	6	0.015	0	0.0	8.673617379884035e-19	0.009512294334296508	0.0	0.0	-0.0862017634238615	-0.03480050237977807	108.0	4.0	16.0	11.0	0.5063999775220738
54942	120	0.15	1.7	1.0	joint_score_progression_risk_20pct	full_latent_time_oracle	0.200125	400	391	0.9775	100	0.25	0.2100790142364741	0.2946771329306741	0.25	0.0	1.3694899643272398	0.3718110890450062	108.0	16.0	16.0	12.0	0.5200556344515526
54942	120	0.15	1.7	1.0	joint_score_progression_risk_20pct	ascertained_latent_time_oracle	0.200125	400	5	0.0125	0	0.0	8.673617379884035e-19	0.009512294334296508	0.0	0.0	0.04529483933052556	0.01698477233507133	108.0	4.0	16.0	12.0	0.5200556344515526
54942	120	0.15	1.7	1.0	joint_score_progression_risk_20pct	detected_visit_time	0.200125	400	5	0.0125	0	0.0	8.673617379884035e-19	0.009512294334296508	0.0	0.0	-0.05023793351544495	-0.018650024810573932	108.0	4.0	16.0	12.0	0.5200556344515526
54942	120	0.15	1.7	1.0	joint_score_progression_risk_20pct	midpoint_imputed_time	0.200125	400	5	0.0125	0	0.0	8.673617379884035e-19	0.009512294334296508	0.0	0.0	-0.05023793351544495	-0.018650024810573932	108.0	4.0	16.0	12.0	0.5200556344515526
54942	120	0.3	1.0	0.25	complete	full_latent_time_oracle	0.0	400	400	1.0	17	0.0425	0.026701694991131116	0.06700205432475019	0.02	0.0225	-0.03847628088947376	-0.008260163546398833	108.0	32.0	32.0	3.0	0.1254790240951935
54942	120	0.3	1.0	0.25	complete	ascertained_latent_time_oracle	0.0	400	400	1.0	21	0.0525	0.034591528357920405	0.07892197507127496	0.03	0.0225	-0.04241778375989025	-0.00813622845288272	108.0	29.0	32.0	3.0	0.1254790240951935
54942	120	0.3	1.0	0.25	complete	detected_visit_time	0.0	400	400	1.0	20	0.05	0.03259742983714726	0.07596363506371961	0.03	0.02	-0.03175646142507603	-0.006355666312719221	108.0	29.0	32.0	3.0	0.1254790240951935
54942	120	0.3	1.0	0.25	complete	midpoint_imputed_time	0.0	400	400	1.0	20	0.05	0.03259742983714726	0.07596363506371961	0.03	0.02	-0.03175646142507603	-0.006355666312719221	108.0	29.0	32.0	3.0	0.1254790240951935
54942	120	0.3	1.0	0.25	independent_20pct	full_latent_time_oracle	0.20034895833333333	400	400	1.0	20	0.05	0.03259742983714726	0.07596363506371961	0.02	0.03	-0.0017208620006532447	-0.00037210372471412377	108.0	32.0	32.0	5.0	0.1518904519730726
54942	120	0.3	1.0	0.25	independent_20pct	ascertained_latent_time_oracle	0.20034895833333333	400	400	1.0	16	0.04	0.024769063069711758	0.06398224771784103	0.0175	0.0225	-0.07538175048306478	-0.01577838087167628	108.0	27.0	32.0	5.0	0.1518904519730726
54942	120	0.3	1.0	0.25	independent_20pct	detected_visit_time	0.20034895833333333	400	400	1.0	13	0.0325	0.01908984237880045	0.0548041528237668	0.015	0.0175	-0.07304202822389866	-0.016632393929223693	108.0	27.0	32.0	5.0	0.1518904519730726
54942	120	0.3	1.0	0.25	independent_20pct	midpoint_imputed_time	0.20034895833333333	400	400	1.0	14	0.035	0.02096129419797776	0.057885139532918004	0.015	0.02	-0.08386301260918275	-0.017584505154853144	108.0	27.0	32.0	5.0	0.1518904519730726
54942	120	0.3	1.0	0.25	score_dependent_20pct	full_latent_time_oracle	0.20004166666666667	400	400	1.0	19	0.0475	0.030617076962711882	0.07299154940982647	0.015	0.0325	-0.05570599437156292	-0.010890791532912633	109.0	32.0	32.0	6.0	0.15280890892032767
54942	120	0.3	1.0	0.25	score_dependent_20pct	ascertained_latent_time_oracle	0.20004166666666667	400	400	1.0	26	0.065	0.04474048189620036	0.09353521417463759	0.005	0.06	-0.40944087992921185	-0.09149904608405321	109.0	27.0	32.0	6.0	0.15280890892032767
54942	120	0.3	1.0	0.25	score_dependent_20pct	detected_visit_time	0.20004166666666667	400	400	1.0	25	0.0625	0.04268914141220244	0.09063411613030699	0.0025	0.06	-0.4154470829497413	-0.09726961616748342	109.0	27.0	32.0	6.0	0.15280890892032767
54942	120	0.3	1.0	0.25	score_dependent_20pct	midpoint_imputed_time	0.20004166666666667	400	400	1.0	27	0.0675	0.04680146916375965	0.09642666543540682	0.0075	0.06	-0.4183090484361315	-0.09155786911142813	109.0	27.0	32.0	6.0	0.15280890892032767
54942	120	0.3	1.0	0.25	joint_score_progression_risk_20pct	full_latent_time_oracle	0.19818229166666668	400	400	1.0	18	0.045	0.028651458653886006	0.07000472919032381	0.0175	0.0275	0.04290174866146905	0.008232890232562436	108.0	33.0	33.0	8.0	0.149506752484876
54942	120	0.3	1.0	0.25	joint_score_progression_risk_20pct	ascertained_latent_time_oracle	0.19818229166666668	400	400	1.0	31	0.0775	0.05513293467684451	0.10790495403563602	0.0025	0.075	-0.5381275281716978	-0.1286701258996435	108.0	25.0	33.0	8.0	0.149506752484876
54942	120	0.3	1.0	0.25	joint_score_progression_risk_20pct	detected_visit_time	0.19818229166666668	400	400	1.0	30	0.075	0.05303774392284765	0.10504770626130436	0.0025	0.0725	-0.5217547660060642	-0.1255167456680215	108.0	25.0	33.0	8.0	0.149506752484876
54942	120	0.3	1.0	0.25	joint_score_progression_risk_20pct	midpoint_imputed_time	0.19818229166666668	400	400	1.0	31	0.0775	0.05513293467684451	0.10790495403563602	0.0025	0.075	-0.5275165972039491	-0.1241955077829067	108.0	25.0	33.0	8.0	0.149506752484876
54942	120	0.3	1.0	0.5	complete	full_latent_time_oracle	0.0	400	400	1.0	19	0.0475	0.030617076962711882	0.07299154940982647	0.02	0.0275	-0.022327499507145347	-0.004799104186849989	108.0	32.0	32.0	6.0	0.261968002907628
54942	120	0.3	1.0	0.5	complete	ascertained_latent_time_oracle	0.0	400	400	1.0	22	0.055	0.03659849414955068	0.08186744780797323	0.025	0.03	-0.08244087639172568	-0.01723742849162995	108.0	26.0	32.0	6.0	0.261968002907628
54942	120	0.3	1.0	0.5	complete	detected_visit_time	0.0	400	400	1.0	17	0.0425	0.026701694991131116	0.06700205432475019	0.02	0.0225	-0.08123361245765941	-0.017583222767682215	108.0	26.0	32.0	6.0	0.261968002907628
54942	120	0.3	1.0	0.5	complete	midpoint_imputed_time	0.0	400	400	1.0	17	0.0425	0.026701694991131116	0.06700205432475019	0.02	0.0225	-0.08123361245765941	-0.017583222767682215	108.0	26.0	32.0	6.0	0.261968002907628
54942	120	0.3	1.0	0.5	independent_20pct	full_latent_time_oracle	0.20042708333333337	400	400	1.0	17	0.0425	0.026701694991131116	0.06700205432475019	0.02	0.0225	0.11921592820828535	0.02388060748792591	108.0	32.0	32.0	10.0	0.2906091810654641
54942	120	0.3	1.0	0.5	independent_20pct	ascertained_latent_time_oracle	0.20042708333333337	400	400	1.0	19	0.0475	0.030617076962711882	0.07299154940982647	0.0225	0.025	0.04896524436892878	0.012456825273203973	108.0	22.0	32.0	10.0	0.2906091810654641
54942	120	0.3	1.0	0.5	independent_20pct	detected_visit_time	0.20042708333333337	400	400	1.0	15	0.0375	0.022855029814710867	0.060943842444513396	0.015	0.0225	0.0669429350483172	0.016893903182863504	108.0	22.0	32.0	10.0	0.2906091810654641
54942	120	0.3	1.0	0.5	independent_20pct	midpoint_imputed_time	0.20042708333333337	400	400	1.0	16	0.04	0.024769063069711758	0.06398224771784103	0.015	0.025	0.03817389105719038	0.009475573934404761	108.0	22.0	32.0	10.0	0.2906091810654641
54942	120	0.3	1.0	0.5	score_dependent_20pct	full_latent_time_oracle	0.19990104166666667	400	400	1.0	28	0.07	0.04887162669974449	0.09930894642775051	0.035	0.035	0.018849408998681774	0.003760129738391696	109.0	32.0	32.0	11.0	0.2894625314955503
54942	120	0.3	1.0	0.5	score_dependent_20pct	ascertained_latent_time_oracle	0.19990104166666667	400	400	1.0	34	0.085	0.0614630200239382	0.11643218427352792	0.0075	0.0775	-0.5521330052311221	-0.1305002177113353	109.0	21.0	32.0	11.0	0.2894625314955503
54942	120	0.3	1.0	0.5	score_dependent_20pct	detected_visit_time	0.19990104166666667	400	400	1.0	29	0.0725	0.05095051840227673	0.10218249325354675	0.005	0.0675	-0.5593241027384828	-0.13912495086625143	109.0	21.0	32.0	11.0	0.2894625314955503
54942	120	0.3	1.0	0.5	score_dependent_20pct	midpoint_imputed_time	0.19990104166666667	400	400	1.0	28	0.07	0.04887162669974449	0.09930894642775051	0.0025	0.0675	-0.5700529537869435	-0.1359019457786439	109.0	21.0	32.0	11.0	0.2894625314955503
54942	120	0.3	1.0	0.5	joint_score_progression_risk_20pct	full_latent_time_oracle	0.200546875	400	400	1.0	26	0.065	0.04474048189620036	0.09353521417463759	0.04	0.025	0.06097399826796988	0.012709775736017226	108.0	33.0	33.0	13.0	0.28518382454940217
54942	120	0.3	1.0	0.5	joint_score_progression_risk_20pct	ascertained_latent_time_oracle	0.200546875	400	400	1.0	46	0.115	0.0873329226216324	0.1499915440157759	0.015	0.1	-0.5251774326719345	-0.13872240628404736	108.0	19.0	33.0	13.0	0.28518382454940217
54942	120	0.3	1.0	0.5	joint_score_progression_risk_20pct	detected_visit_time	0.200546875	400	400	1.0	41	0.1025	0.07645885298219338	0.1361034210135723	0.0125	0.09	-0.49764908554418563	-0.13796243476873002	108.0	19.0	33.0	13.0	0.28518382454940217
54942	120	0.3	1.0	0.5	joint_score_progression_risk_20pct	midpoint_imputed_time	0.200546875	400	400	1.0	41	0.1025	0.07645885298219338	0.1361034210135723	0.015	0.0875	-0.5030050825989127	-0.13750889911978453	108.0	19.0	33.0	13.0	0.28518382454940217
54942	120	0.3	1.0	1.0	complete	full_latent_time_oracle	0.0	400	400	1.0	16	0.04	0.024769063069711758	0.06398224771784103	0.0175	0.0225	-0.028342572529897962	-0.00526602764142702	108.0	33.0	33.0	14.0	0.5549919148035605
54942	120	0.3	1.0	1.0	complete	ascertained_latent_time_oracle	0.0	400	399	0.9975	18	0.045	0.028651458653886006	0.07000472919032381	0.0225	0.0225	0.09242718794221776	0.02331404469780887	108.0	19.0	33.0	14.0	0.5549919148035605
54942	120	0.3	1.0	1.0	complete	detected_visit_time	0.0	400	399	0.9975	12	0.03	0.017243020965143054	0.05169853570909567	0.0125	0.0175	0.09085301883227996	0.023500226662224774	108.0	19.0	33.0	14.0	0.5549919148035605
54942	120	0.3	1.0	1.0	complete	midpoint_imputed_time	0.0	400	399	0.9975	12	0.03	0.017243020965143054	0.05169853570909567	0.0125	0.0175	0.09085301883227996	0.023500226662224774	108.0	19.0	33.0	14.0	0.5549919148035605
54942	120	0.3	1.0	1.0	independent_20pct	full_latent_time_oracle	0.20078125000000002	400	400	1.0	20	0.05	0.03259742983714726	0.07596363506371961	0.0225	0.0275	-0.03141243164874866	-0.005288667112045528	108.0	33.0	33.0	21.0	0.5383740501283109
54942	120	0.3	1.0	1.0	independent_20pct	ascertained_latent_time_oracle	0.20078125000000002	400	323	0.8075	23	0.0575	0.038617542757733075	0.08480083772811935	0.035	0.0225	0.056402309518978	0.01628019946311204	108.0	12.0	33.0	21.0	0.5383740501283109
54942	120	0.3	1.0	1.0	independent_20pct	detected_visit_time	0.20078125000000002	400	323	0.8075	19	0.0475	0.030617076962711882	0.07299154940982647	0.0275	0.02	0.02979349697168449	0.0094717478857095	108.0	12.0	33.0	21.0	0.5383740501283109
54942	120	0.3	1.0	1.0	independent_20pct	midpoint_imputed_time	0.20078125000000002	400	323	0.8075	19	0.0475	0.030617076962711882	0.07299154940982647	0.0275	0.02	0.02979349697168449	0.0094717478857095	108.0	12.0	33.0	21.0	0.5383740501283109
54942	120	0.3	1.0	1.0	score_dependent_20pct	full_latent_time_oracle	0.20080208333333338	400	400	1.0	23	0.0575	0.038617542757733075	0.08480083772811935	0.0375	0.02	-0.018131558702496497	-0.0033492120341090397	108.0	32.0	32.0	20.0	0.5390161052720919
54942	120	0.3	1.0	1.0	score_dependent_20pct	ascertained_latent_time_oracle	0.20080208333333338	400	304	0.76	27	0.0675	0.04680146916375965	0.09642666543540682	0.0025	0.065	-0.7328594289524968	-0.2336439006078096	108.0	12.0	32.0	20.0	0.5390161052720919
54942	120	0.3	1.0	1.0	score_dependent_20pct	detected_visit_time	0.20080208333333338	400	304	0.76	23	0.0575	0.038617542757733075	0.08480083772811935	0.0025	0.055	-0.6999675967660159	-0.2182561259088484	108.0	12.0	32.0	20.0	0.5390161052720919
54942	120	0.3	1.0	1.0	score_dependent_20pct	midpoint_imputed_time	0.20080208333333338	400	304	0.76	23	0.0575	0.038617542757733075	0.08480083772811935	0.0025	0.055	-0.6999675967660159	-0.21825612590884844	108.0	12.0	32.0	20.0	0.5390161052720919
54942	120	0.3	1.0	1.0	joint_score_progression_risk_20pct	full_latent_time_oracle	0.2008333333333333	400	400	1.0	18	0.045	0.028651458653886006	0.07000472919032381	0.02	0.025	-0.1397100309437782	-0.027960692922437434	108.0	32.0	32.0	21.0	0.5292685531048286
54942	120	0.3	1.0	1.0	joint_score_progression_risk_20pct	ascertained_latent_time_oracle	0.2008333333333333	400	292	0.73	28	0.07	0.04887162669974449	0.09930894642775051	0.0075	0.0625	-0.8543206248022117	-0.26833308662627875	108.0	11.0	32.0	21.0	0.5292685531048286
54942	120	0.3	1.0	1.0	joint_score_progression_risk_20pct	detected_visit_time	0.2008333333333333	400	292	0.73	18	0.045	0.028651458653886006	0.07000472919032381	0.0025	0.0425	-0.8248201365451553	-0.2490164081499594	108.0	11.0	32.0	21.0	0.5292685531048286
54942	120	0.3	1.0	1.0	joint_score_progression_risk_20pct	midpoint_imputed_time	0.2008333333333333	400	292	0.73	18	0.045	0.028651458653886006	0.07000472919032381	0.0025	0.0425	-0.8248201365451553	-0.24901640814995943	108.0	11.0	32.0	21.0	0.5292685531048286
54942	120	0.3	1.7	0.25	complete	full_latent_time_oracle	0.0	400	400	1.0	184	0.46	0.4117698068715022	0.5089911766752415	0.46	0.0	1.8582897814645936	0.36585309568013924	108.0	33.0	33.0	3.0	0.12877387755020503
54942	120	0.3	1.7	0.25	complete	ascertained_latent_time_oracle	0.0	400	400	1.0	180	0.45	0.40195222801404185	0.4989990014193878	0.45	0.0	1.8563891351240693	0.37359353672232687	108.0	30.0	33.0	3.0	0.12877387755020503
54942	120	0.3	1.7	0.25	complete	detected_visit_time	0.0	400	400	1.0	174	0.435	0.3872626744968637	0.48397392376659487	0.435	0.0	1.781516935427214	0.3687365169700004	108.0	30.0	33.0	3.0	0.12877387755020503
54942	120	0.3	1.7	0.25	complete	midpoint_imputed_time	0.0	400	400	1.0	174	0.435	0.3872626744968637	0.48397392376659487	0.435	0.0	1.781516935427214	0.3687365169700004	108.0	30.0	33.0	3.0	0.12877387755020503
54942	120	0.3	1.7	0.25	independent_20pct	full_latent_time_oracle	0.20076562499999995	400	400	1.0	205	0.5125	0.4636306970848221	0.5611314955568205	0.5125	0.0	1.9734573149327739	0.38503556196117905	108.0	32.0	32.0	4.0	0.15801631247553694
54942	120	0.3	1.7	0.25	independent_20pct	ascertained_latent_time_oracle	0.20076562499999995	400	400	1.0	178	0.445	0.3970507860416546	0.49399556633511804	0.445	0.0	1.8365745940864122	0.40030826224859817	108.0	28.0	32.0	4.0	0.15801631247553694
54942	120	0.3	1.7	0.25	independent_20pct	detected_visit_time	0.20076562499999995	400	400	1.0	172	0.43	0.3823760406443324	0.47895568056246907	0.43	0.0	1.7654923740419015	0.38195281976695367	108.0	28.0	32.0	4.0	0.15801631247553694
54942	120	0.3	1.7	0.25	independent_20pct	midpoint_imputed_time	0.20076562499999995	400	400	1.0	174	0.435	0.3872626744968637	0.48397392376659487	0.435	0.0	1.790496263595307	0.3847832113433361	108.0	28.0	32.0	4.0	0.15801631247553694
54942	120	0.3	1.7	0.25	score_dependent_20pct	full_latent_time_oracle	0.20091927083333339	400	400	1.0	171	0.4275	0.3799345878043344	0.47644469487413854	0.4275	0.0	1.7519815392461706	0.34918102999476236	108.0	32.0	32.0	6.0	0.16187085570639698
54942	120	0.3	1.7	0.25	score_dependent_20pct	ascertained_latent_time_oracle	0.20091927083333339	400	400	1.0	82	0.205	0.16833283817780625	0.24727941547942867	0.205	0.0	1.1567323573392172	0.2660161373190195	108.0	26.0	32.0	6.0	0.16187085570639698
54942	120	0.3	1.7	0.25	score_dependent_20pct	detected_visit_time	0.20091927083333339	400	400	1.0	74	0.185	0.15000697382952777	0.22598577160107902	0.185	0.0	1.1107032862386852	0.25209343443392873	108.0	26.0	32.0	6.0	0.16187085570639698
54942	120	0.3	1.7	0.25	score_dependent_20pct	midpoint_imputed_time	0.20091927083333339	400	400	1.0	77	0.1925	0.156861025193276	0.2339890358223164	0.1925	0.0	1.1350815881207104	0.25725282450949427	108.0	26.0	32.0	6.0	0.16187085570639698
54942	120	0.3	1.7	0.25	joint_score_progression_risk_20pct	full_latent_time_oracle	0.19966666666666666	400	400	1.0	182	0.455	0.4068585729397347	0.503997533550352	0.455	0.0	1.8458734578163516	0.3629354793937746	108.0	32.0	32.0	9.0	0.15164923589613577
54942	120	0.3	1.7	0.25	joint_score_progression_risk_20pct	ascertained_latent_time_oracle	0.19966666666666666	400	400	1.0	58	0.145	0.11387048965924287	0.18288323931810765	0.145	0.0	1.0533997353878064	0.2473345139581601	108.0	23.0	32.0	9.0	0.15164923589613577
54942	120	0.3	1.7	0.25	joint_score_progression_risk_20pct	detected_visit_time	0.19966666666666666	400	400	1.0	56	0.14	0.10940962137459034	0.1774392305461032	0.14	0.0	1.0089777053943707	0.23928799040862098	108.0	23.0	32.0	9.0	0.15164923589613577
54942	120	0.3	1.7	0.25	joint_score_progression_risk_20pct	midpoint_imputed_time	0.19966666666666666	400	400	1.0	55	0.1375	0.10718448673484568	0.1747119266575193	0.1375	0.0	1.0282790129003252	0.2448035981909101	108.0	23.0	32.0	9.0	0.15164923589613577
54942	120	0.3	1.7	0.5	complete	full_latent_time_oracle	0.0	400	400	1.0	182	0.455	0.4068585729397347	0.503997533550352	0.455	0.0	1.8935570798525188	0.3693249848238024	108.0	33.0	33.0	6.0	0.2698345177122815
54942	120	0.3	1.7	0.5	complete	ascertained_latent_time_oracle	0.0	400	400	1.0	152	0.38	0.3337874943779953	0.4284954562622359	0.38	0.0	1.6543556755935094	0.36503199248139684	108.0	26.0	33.0	6.0	0.2698345177122815
54942	120	0.3	1.7	0.5	complete	detected_visit_time	0.0	400	400	1.0	140	0.35	0.3048856490077627	0.3979680392925262	0.35	0.0	1.5685183423411835	0.346947706063406	108.0	26.0	33.0	6.0	0.2698345177122815
54942	120	0.3	1.7	0.5	complete	midpoint_imputed_time	0.0	400	400	1.0	140	0.35	0.3048856490077627	0.3979680392925262	0.35	0.0	1.5685183423411835	0.346947706063406	108.0	26.0	33.0	6.0	0.2698345177122815
54942	120	0.3	1.7	0.5	independent_20pct	full_latent_time_oracle	0.19956249999999998	400	400	1.0	201	0.5025	0.45371132720791196	0.5512411113204164	0.5025	0.0	1.962112863668088	0.3753653284094586	108.0	33.0	33.0	10.0	0.29544571100118755
54942	120	0.3	1.7	0.5	independent_20pct	ascertained_latent_time_oracle	0.19956249999999998	400	400	1.0	165	0.4125	0.36531214409863494	0.46135250740986694	0.4125	0.0	1.6241223872590853	0.38428625911463943	108.0	23.0	33.0	10.0	0.29544571100118755
54942	120	0.3	1.7	0.5	independent_20pct	detected_visit_time	0.19956249999999998	400	400	1.0	146	0.365	0.3193122416823519	0.4132560777879081	0.365	0.0	1.5084955511952236	0.35383753940392304	108.0	23.0	33.0	10.0	0.29544571100118755
54942	120	0.3	1.7	0.5	independent_20pct	midpoint_imputed_time	0.19956249999999998	400	400	1.0	147	0.3675	0.3217214385202667	0.4157993194783218	0.3675	0.0	1.542835661731056	0.36561843541784944	108.0	23.0	33.0	10.0	0.29544571100118755
54942	120	0.3	1.7	0.5	score_dependent_20pct	full_latent_time_oracle	0.20086458333333335	400	400	1.0	187	0.4675	0.4191457978919653	0.516472501239764	0.4675	0.0	1.8657499077047122	0.3744388594875814	108.0	32.0	32.0	13.0	0.3069588177845893
54942	120	0.3	1.7	0.5	score_dependent_20pct	ascertained_latent_time_oracle	0.20086458333333335	400	400	1.0	51	0.1275	0.0983211891565858	0.1637654701224651	0.125	0.0025	0.6910862957797604	0.17466550608051792	108.0	20.0	32.0	13.0	0.3069588177845893
54942	120	0.3	1.7	0.5	score_dependent_20pct	detected_visit_time	0.20086458333333335	400	400	1.0	42	0.105	0.07862372743733602	0.1388909850867582	0.105	0.0	0.6634147089056524	0.17314287345078286	108.0	20.0	32.0	13.0	0.3069588177845893
54942	120	0.3	1.7	0.5	score_dependent_20pct	midpoint_imputed_time	0.20086458333333335	400	400	1.0	45	0.1125	0.08514845878595949	0.14722356932312028	0.11	0.0025	0.6415962143773302	0.17024970802450706	108.0	20.0	32.0	13.0	0.3069588177845893
54942	120	0.3	1.7	0.5	joint_score_progression_risk_20pct	full_latent_time_oracle	0.19994791666666667	400	400	1.0	186	0.465	0.41668591738620475	0.5139799432171961	0.465	0.0	1.8500714507410092	0.35944609491407603	108.0	32.5	32.5	14.0	0.28578668320179773
54942	120	0.3	1.7	0.5	joint_score_progression_risk_20pct	ascertained_latent_time_oracle	0.19994791666666667	400	396	0.99	51	0.1275	0.0983211891565858	0.1637654701224651	0.12	0.0075	0.7253594667849652	0.21130402747104815	108.0	18.0	32.5	14.0	0.28578668320179773
54942	120	0.3	1.7	0.5	joint_score_progression_risk_20pct	detected_visit_time	0.19994791666666667	400	396	0.99	44	0.11	0.08296867911910685	0.1444509104616444	0.105	0.005	0.7246629555909596	0.20397631279956818	108.0	18.0	32.5	14.0	0.28578668320179773
54942	120	0.3	1.7	0.5	joint_score_progression_risk_20pct	midpoint_imputed_time	0.19994791666666667	400	396	0.99	47	0.1175	0.08952194095010377	0.15275496421563303	0.1125	0.005	0.7396783451989264	0.2060670925816923	108.0	18.0	32.5	14.0	0.28578668320179773
54942	120	0.3	1.7	1.0	complete	full_latent_time_oracle	0.0	400	400	1.0	199	0.4975	0.44875888867958347	0.5462886727920879	0.4975	0.0	1.9567422046250287	0.3760502789061679	108.0	32.0	32.0	13.0	0.5637842250309631
54942	120	0.3	1.7	1.0	complete	ascertained_latent_time_oracle	0.0	400	398	0.995	145	0.3625	0.31690439607300025	0.4107114848689313	0.3625	0.0	1.561293554198164	0.40059303053116013	108.0	19.0	32.0	13.0	0.5637842250309631
54942	120	0.3	1.7	1.0	complete	detected_visit_time	0.0	400	398	0.995	109	0.2725	0.23118490254462754	0.3181431913774774	0.2725	0.0	1.372176514364663	0.35019158657749216	108.0	19.0	32.0	13.0	0.5637842250309631
54942	120	0.3	1.7	1.0	complete	midpoint_imputed_time	0.0	400	398	0.995	109	0.2725	0.23118490254462754	0.3181431913774774	0.2725	0.0	1.372176514364663	0.35019158657749216	108.0	19.0	32.0	13.0	0.5637842250309631
54942	120	0.3	1.7	1.0	independent_20pct	full_latent_time_oracle	0.19839583333333333	400	400	1.0	190	0.475	0.4265327259812066	0.5239428887355082	0.475	0.0	1.8913272592604835	0.37875777125434607	108.0	32.5	32.5	20.0	0.56190296598599
54942	120	0.3	1.7	1.0	independent_20pct	ascertained_latent_time_oracle	0.19839583333333333	400	324	0.81	73	0.1825	0.14772734739355886	0.22331295950871943	0.18	0.0025	1.1472649587102972	0.35376007907356616	108.0	12.0	32.5	20.0	0.56190296598599
54942	120	0.3	1.7	1.0	independent_20pct	detected_visit_time	0.19839583333333333	400	324	0.81	57	0.1425	0.1116383145426319	0.18016297590639008	0.1425	0.0	1.049327252016853	0.3270061328604118	108.0	12.0	32.5	20.0	0.56190296598599
54942	120	0.3	1.7	1.0	independent_20pct	midpoint_imputed_time	0.19839583333333333	400	324	0.81	57	0.1425	0.1116383145426319	0.18016297590639008	0.1425	0.0	1.049327252016853	0.3270061328604118	108.0	12.0	32.5	20.0	0.56190296598599
54942	120	0.3	1.7	1.0	score_dependent_20pct	full_latent_time_oracle	0.19916666666666671	400	400	1.0	156	0.39	0.34346411119977976	0.43862859355376554	0.39	0.0	1.6832273411228393	0.33217151904056197	108.0	32.0	32.0	22.0	0.5569942766728817
54942	120	0.3	1.7	1.0	score_dependent_20pct	ascertained_latent_time_oracle	0.19916666666666671	400	249	0.6225	7	0.0175	0.008502291107038103	0.03567707292555804	0.0125	0.005	0.07249821117922776	0.024286566719045576	108.0	11.0	32.0	22.0	0.5569942766728817
54942	120	0.3	1.7	1.0	score_dependent_20pct	detected_visit_time	0.19916666666666671	400	249	0.6225	6	0.015	0.006892291919440893	0.03233463358482672	0.01	0.005	0.07639667534181344	0.022942271892529877	108.0	11.0	32.0	22.0	0.5569942766728817
54942	120	0.3	1.7	1.0	score_dependent_20pct	midpoint_imputed_time	0.19916666666666671	400	249	0.6225	6	0.015	0.006892291919440893	0.03233463358482672	0.01	0.005	0.07639667534181317	0.022942271892529797	108.0	11.0	32.0	22.0	0.5569942766728817
54942	120	0.3	1.7	1.0	joint_score_progression_risk_20pct	full_latent_time_oracle	0.19980208333333338	400	400	1.0	179	0.4475	0.39950089322688126	0.4964978976782199	0.4475	0.0	1.8104871239956384	0.36174617607986653	108.0	32.0	32.0	22.0	0.5325191025102058
54942	120	0.3	1.7	1.0	joint_score_progression_risk_20pct	ascertained_latent_time_oracle	0.19980208333333338	400	225	0.5625	21	0.0525	0.034591528357920405	0.07892197507127496	0.0475	0.005	0.5751921529463419	0.19134901808860952	108.0	10.0	32.0	22.0	0.5325191025102058
54942	120	0.3	1.7	1.0	joint_score_progression_risk_20pct	detected_visit_time	0.19980208333333338	400	225	0.5625	14	0.035	0.02096129419797776	0.057885139532918004	0.0325	0.0025	0.5384055849862189	0.16875949061056494	108.0	10.0	32.0	22.0	0.5325191025102058
54942	120	0.3	1.7	1.0	joint_score_progression_risk_20pct	midpoint_imputed_time	0.19980208333333338	400	225	0.5625	14	0.035	0.02096129419797776	0.057885139532918004	0.0325	0.0025	0.5384055849862189	0.16875949061056494	108.0	10.0	32.0	22.0	0.5325191025102058
54942	240	0.15	1.0	0.25	complete	full_latent_time_oracle	0.0	400	400	1.0	19	0.0475	0.030617076962711882	0.07299154940982647	0.0225	0.025	-0.054331260137825355	-0.010258043907087741	216.0	32.0	32.0	4.0	0.12472426999725283
54942	240	0.15	1.0	0.25	complete	ascertained_latent_time_oracle	0.0	400	400	1.0	18	0.045	0.028651458653886006	0.07000472919032381	0.025	0.02	-0.03685182174584821	-0.007982590159133284	216.0	28.0	32.0	4.0	0.12472426999725283
54942	240	0.15	1.0	0.25	complete	detected_visit_time	0.0	400	400	1.0	15	0.0375	0.022855029814710867	0.060943842444513396	0.02	0.0175	-0.04075215418015331	-0.009168047971364824	216.0	28.0	32.0	4.0	0.12472426999725283
54942	240	0.15	1.0	0.25	complete	midpoint_imputed_time	0.0	400	400	1.0	15	0.0375	0.022855029814710867	0.060943842444513396	0.02	0.0175	-0.04075215418015331	-0.009168047971364824	216.0	28.0	32.0	4.0	0.12472426999725283
54942	240	0.15	1.0	0.25	independent_20pct	full_latent_time_oracle	0.20038671875000003	400	400	1.0	25	0.0625	0.04268914141220244	0.09063411613030699	0.025	0.0375	-0.08013555520974387	-0.014177188634274751	216.0	33.0	33.0	5.0	0.1522527936632299
54942	240	0.15	1.0	0.25	independent_20pct	ascertained_latent_time_oracle	0.20038671875000003	400	400	1.0	22	0.055	0.03659849414955068	0.08186744780797323	0.0225	0.0325	-0.04162726190020895	-0.009495809748845724	216.0	28.0	33.0	5.0	0.1522527936632299
54942	240	0.15	1.0	0.25	independent_20pct	detected_visit_time	0.20038671875000003	400	400	1.0	22	0.055	0.03659849414955068	0.08186744780797323	0.0225	0.0325	-0.05317718230177721	-0.010978268857392188	216.0	28.0	33.0	5.0	0.1522527936632299
54942	240	0.15	1.0	0.25	independent_20pct	midpoint_imputed_time	0.20038671875000003	400	400	1.0	22	0.055	0.03659849414955068	0.08186744780797323	0.0225	0.0325	-0.05033796230341829	-0.01095313050791454	216.0	28.0	33.0	5.0	0.1522527936632299
54942	240	0.15	1.0	0.25	score_dependent_20pct	full_latent_time_oracle	0.2001953125	400	400	1.0	22	0.055	0.03659849414955068	0.08186744780797323	0.0325	0.0225	0.03355028247749521	0.006468663246418343	216.0	33.0	33.0	6.0	0.14792134336411095
54942	240	0.15	1.0	0.25	score_dependent_20pct	ascertained_latent_time_oracle	0.2001953125	400	400	1.0	17	0.0425	0.026701694991131116	0.06700205432475019	0.01	0.0325	-0.3057505277793807	-0.06774880509476176	216.0	26.0	33.0	6.0	0.14792134336411095
54942	240	0.15	1.0	0.25	score_dependent_20pct	detected_visit_time	0.2001953125	400	400	1.0	17	0.0425	0.026701694991131116	0.06700205432475019	0.01	0.0325	-0.303731666372849	-0.06944696457673741	216.0	26.0	33.0	6.0	0.14792134336411095
54942	240	0.15	1.0	0.25	score_dependent_20pct	midpoint_imputed_time	0.2001953125	400	400	1.0	15	0.0375	0.022855029814710867	0.060943842444513396	0.005	0.0325	-0.3112378128043802	-0.07056829913783785	216.0	26.0	33.0	6.0	0.14792134336411095
54942	240	0.15	1.0	0.25	joint_score_progression_risk_20pct	full_latent_time_oracle	0.20057161458333328	400	400	1.0	21	0.0525	0.034591528357920405	0.07892197507127496	0.025	0.0275	0.024208351981952418	0.004981816058475915	216.0	32.0	32.0	9.0	0.14790308058244633
54942	240	0.15	1.0	0.25	joint_score_progression_risk_20pct	ascertained_latent_time_oracle	0.20057161458333328	400	400	1.0	37	0.0925	0.06785393449857381	0.12489858538387784	0.005	0.0875	-0.49748452763312023	-0.11252688049749246	216.0	23.0	32.0	9.0	0.14790308058244633
54942	240	0.15	1.0	0.25	joint_score_progression_risk_20pct	detected_visit_time	0.20057161458333328	400	400	1.0	37	0.0925	0.06785393449857381	0.12489858538387784	0.005	0.0875	-0.4971305052018806	-0.11386337472943116	216.0	23.0	32.0	9.0	0.14790308058244633
54942	240	0.15	1.0	0.25	joint_score_progression_risk_20pct	midpoint_imputed_time	0.20057161458333328	400	400	1.0	37	0.0925	0.06785393449857381	0.12489858538387784	0.005	0.0875	-0.49366281078900087	-0.11235822950607285	216.0	23.0	32.0	9.0	0.14790308058244633
54942	240	0.15	1.0	0.5	complete	full_latent_time_oracle	0.0	400	400	1.0	20	0.05	0.03259742983714726	0.07596363506371961	0.02	0.03	-0.02520344437018063	-0.004868550962176613	216.0	32.0	32.0	7.0	0.25804136920788456
54942	240	0.15	1.0	0.5	complete	ascertained_latent_time_oracle	0.0	400	400	1.0	20	0.05	0.03259742983714726	0.07596363506371961	0.0225	0.0275	-0.06600097349269768	-0.013670848685004906	216.0	25.0	32.0	7.0	0.25804136920788456
54942	240	0.15	1.0	0.5	complete	detected_visit_time	0.0	400	400	1.0	18	0.045	0.028651458653886006	0.07000472919032381	0.02	0.025	-0.0704691354128301	-0.015081894285317723	216.0	25.0	32.0	7.0	0.25804136920788456
54942	240	0.15	1.0	0.5	complete	midpoint_imputed_time	0.0	400	400	1.0	18	0.045	0.028651458653886006	0.07000472919032381	0.02	0.025	-0.0704691354128301	-0.015081894285317723	216.0	25.0	32.0	7.0	0.25804136920788456
54942	240	0.15	1.0	0.5	independent_20pct	full_latent_time_oracle	0.20037499999999997	400	400	1.0	18	0.045	0.028651458653886006	0.07000472919032381	0.0175	0.0275	-0.028335271338412626	-0.005172661584880014	216.0	32.0	32.0	11.0	0.29503051673887826
54942	240	0.15	1.0	0.5	independent_20pct	ascertained_latent_time_oracle	0.20037499999999997	400	400	1.0	21	0.0525	0.034591528357920405	0.07892197507127496	0.015	0.0375	-0.08275821802281876	-0.02080106651611797	216.0	21.0	32.0	11.0	0.29503051673887826
54942	240	0.15	1.0	0.5	independent_20pct	detected_visit_time	0.20037499999999997	400	400	1.0	19	0.0475	0.030617076962711882	0.07299154940982647	0.015	0.0325	-0.09757523126594382	-0.023727970169821616	216.0	21.0	32.0	11.0	0.29503051673887826
54942	240	0.15	1.0	0.5	independent_20pct	midpoint_imputed_time	0.20037499999999997	400	400	1.0	19	0.0475	0.030617076962711882	0.07299154940982647	0.015	0.0325	-0.0849312402952471	-0.022414125578487838	216.0	21.0	32.0	11.0	0.29503051673887826
54942	240	0.15	1.0	0.5	score_dependent_20pct	full_latent_time_oracle	0.1996979166666667	400	400	1.0	17	0.0425	0.026701694991131116	0.06700205432475019	0.02	0.0225	0.006249640938956572	0.0011834701762604377	216.0	32.0	32.0	12.0	0.2863237392318319
54942	240	0.15	1.0	0.5	score_dependent_20pct	ascertained_latent_time_oracle	0.1996979166666667	400	399	0.9975	25	0.0625	0.04268914141220244	0.09063411613030699	0.0025	0.06	-0.4844943860580547	-0.1200999643543561	216.0	19.0	32.0	12.0	0.2863237392318319
54942	240	0.15	1.0	0.5	score_dependent_20pct	detected_visit_time	0.1996979166666667	400	399	0.9975	23	0.0575	0.038617542757733075	0.08480083772811935	0.0025	0.055	-0.4827608191615952	-0.12147447005146271	216.0	19.0	32.0	12.0	0.2863237392318319
54942	240	0.15	1.0	0.5	score_dependent_20pct	midpoint_imputed_time	0.1996979166666667	400	399	0.9975	24	0.06	0.040647970113724695	0.0877228489004562	0.0025	0.0575	-0.4899880376764581	-0.12006435073073739	216.0	19.0	32.0	12.0	0.2863237392318319
54942	240	0.15	1.0	0.5	joint_score_progression_risk_20pct	full_latent_time_oracle	0.2005052083333333	400	400	1.0	20	0.05	0.03259742983714726	0.07596363506371961	0.0325	0.0175	-0.004434899622755252	-0.0009392690718830427	216.0	32.0	32.0	14.0	0.2746159563100931
54942	240	0.15	1.0	0.5	joint_score_progression_risk_20pct	ascertained_latent_time_oracle	0.2005052083333333	400	397	0.9925	48	0.12	0.09171539075382554	0.15551395294023979	0.0025	0.1175	-0.759557242602581	-0.2132381657963257	216.0	18.0	32.0	14.0	0.2746159563100931
54942	240	0.15	1.0	0.5	joint_score_progression_risk_20pct	detected_visit_time	0.2005052083333333	400	397	0.9925	43	0.1075	0.08079372047159449	0.14167343058082826	0.0025	0.105	-0.7583253668525102	-0.21146082973393474	216.0	18.0	32.0	14.0	0.2746159563100931
54942	240	0.15	1.0	0.5	joint_score_progression_risk_20pct	midpoint_imputed_time	0.2005052083333333	400	397	0.9925	45	0.1125	0.08514845878595949	0.14722356932312028	0.0025	0.11	-0.7486008746844546	-0.20695781560957097	216.0	18.0	32.0	14.0	0.2746159563100931
54942	240	0.15	1.0	1.0	complete	full_latent_time_oracle	0.0	400	400	1.0	23	0.0575	0.038617542757733075	0.08480083772811935	0.035	0.0225	0.010349583689466327	0.0021944299236265367	216.0	32.0	32.0	15.0	0.5186906692845166
54942	240	0.15	1.0	1.0	complete	ascertained_latent_time_oracle	0.0	400	393	0.9825	13	0.0325	0.01908984237880045	0.0548041528237668	0.015	0.0175	-0.015747946212635672	-0.004233635542355297	216.0	17.0	32.0	15.0	0.5186906692845166
54942	240	0.15	1.0	1.0	complete	detected_visit_time	0.0	400	393	0.9825	11	0.0275	0.015423636260295411	0.048565481885614784	0.0125	0.015	-0.023989871959796828	-0.005202725230153713	216.0	17.0	32.0	15.0	0.5186906692845166
54942	240	0.15	1.0	1.0	complete	midpoint_imputed_time	0.0	400	393	0.9825	11	0.0275	0.015423636260295411	0.048565481885614784	0.0125	0.015	-0.023989871959796828	-0.005202725230153713	216.0	17.0	32.0	15.0	0.5186906692845166
54942	240	0.15	1.0	1.0	independent_20pct	full_latent_time_oracle	0.19840104166666672	400	400	1.0	14	0.035	0.02096129419797776	0.057885139532918004	0.0125	0.0225	-0.07205792078486267	-0.013020847497570997	216.0	32.0	32.0	21.0	0.5188040395729072
54942	240	0.15	1.0	1.0	independent_20pct	ascertained_latent_time_oracle	0.19840104166666672	400	286	0.715	18	0.045	0.028651458653886006	0.07000472919032381	0.0225	0.0225	0.056604255089499025	0.016361423663255988	216.0	11.0	32.0	21.0	0.5188040395729072
54942	240	0.15	1.0	1.0	independent_20pct	detected_visit_time	0.19840104166666672	400	286	0.715	14	0.035	0.02096129419797776	0.057885139532918004	0.0175	0.0175	0.045994645973379045	0.010980736839491242	216.0	11.0	32.0	21.0	0.5188040395729072
54942	240	0.15	1.0	1.0	independent_20pct	midpoint_imputed_time	0.19840104166666672	400	286	0.715	14	0.035	0.02096129419797776	0.057885139532918004	0.0175	0.0175	0.04599464597337905	0.010980736839491242	216.0	11.0	32.0	21.0	0.5188040395729072
54942	240	0.15	1.0	1.0	score_dependent_20pct	full_latent_time_oracle	0.20013541666666668	400	400	1.0	16	0.04	0.024769063069711758	0.06398224771784103	0.0125	0.0275	0.007976589087665388	0.001366393684914614	216.5	32.0	32.0	21.0	0.5119560299584665
54942	240	0.15	1.0	1.0	score_dependent_20pct	ascertained_latent_time_oracle	0.20013541666666668	400	271	0.6775	19	0.0475	0.030617076962711882	0.07299154940982647	0.0025	0.045	-0.6709575146208341	-0.1978873876906627	216.5	11.0	32.0	21.0	0.5119560299584665
54942	240	0.15	1.0	1.0	score_dependent_20pct	detected_visit_time	0.20013541666666668	400	271	0.6775	15	0.0375	0.022855029814710867	0.060943842444513396	0.0025	0.035	-0.6245905165212846	-0.18733434547723155	216.5	11.0	32.0	21.0	0.5119560299584665
54942	240	0.15	1.0	1.0	score_dependent_20pct	midpoint_imputed_time	0.20013541666666668	400	271	0.6775	15	0.0375	0.022855029814710867	0.060943842444513396	0.0025	0.035	-0.6245905165212846	-0.1873343454772316	216.5	11.0	32.0	21.0	0.5119560299584665
54942	240	0.15	1.0	1.0	joint_score_progression_risk_20pct	full_latent_time_oracle	0.2005989583333333	400	400	1.0	16	0.04	0.024769063069711758	0.06398224771784103	0.0175	0.0225	-0.11893720559915932	-0.024702658961434962	216.0	32.0	32.0	22.0	0.49313482450957113
54942	240	0.15	1.0	1.0	joint_score_progression_risk_20pct	ascertained_latent_time_oracle	0.2005989583333333	400	228	0.57	25	0.0625	0.04268914141220244	0.09063411613030699	0.0	0.0625	-0.7442498480465961	-0.24519624222241204	216.0	10.0	32.0	22.0	0.49313482450957113
54942	240	0.15	1.0	1.0	joint_score_progression_risk_20pct	detected_visit_time	0.2005989583333333	400	228	0.57	21	0.0525	0.034591528357920405	0.07892197507127496	0.0	0.0525	-0.7252300829237854	-0.238915817186879	216.0	10.0	32.0	22.0	0.49313482450957113
54942	240	0.15	1.0	1.0	joint_score_progression_risk_20pct	midpoint_imputed_time	0.2005989583333333	400	228	0.57	21	0.0525	0.034591528357920405	0.07892197507127496	0.0	0.0525	-0.7252300829237852	-0.238915817186879	216.0	10.0	32.0	22.0	0.49313482450957113
54942	240	0.15	1.7	0.25	complete	full_latent_time_oracle	0.0	400	400	1.0	202	0.505	0.45618935783904724	0.5537155192176098	0.505	0.0	1.9824890041430518	0.39226124163486487	216.0	32.0	32.0	3.0	0.12484840637688686
54942	240	0.15	1.7	0.25	complete	ascertained_latent_time_oracle	0.0	400	400	1.0	182	0.455	0.4068585729397347	0.503997533550352	0.455	0.0	1.871384870543475	0.3848461538334631	216.0	29.0	32.0	3.0	0.12484840637688686
54942	240	0.15	1.7	0.25	complete	detected_visit_time	0.0	400	400	1.0	178	0.445	0.3970507860416546	0.49399556633511804	0.445	0.0	1.843503109309629	0.38092269987812255	216.0	29.0	32.0	3.0	0.12484840637688686
54942	240	0.15	1.7	0.25	complete	midpoint_imputed_time	0.0	400	400	1.0	178	0.445	0.3970507860416546	0.49399556633511804	0.445	0.0	1.843503109309629	0.38092269987812255	216.0	29.0	32.0	3.0	0.12484840637688686
54942	240	0.15	1.7	0.25	independent_20pct	full_latent_time_oracle	0.2006458333333333	400	400	1.0	200	0.5	0.451234504169709	0.548765495830291	0.5	0.0	1.967871919525753	0.3803064511707965	216.0	32.0	32.0	5.0	0.15312044598676572
54942	240	0.15	1.7	0.25	independent_20pct	ascertained_latent_time_oracle	0.2006458333333333	400	400	1.0	179	0.4475	0.39950089322688126	0.4964978976782199	0.4475	0.0	1.8242808383158595	0.369720626892476	216.0	27.0	32.0	5.0	0.15312044598676572
54942	240	0.15	1.7	0.25	independent_20pct	detected_visit_time	0.2006458333333333	400	400	1.0	173	0.4325	0.3848187370706328	0.48146542266449727	0.4325	0.0	1.815556433966722	0.3691963474027389	216.0	27.0	32.0	5.0	0.15312044598676572
54942	240	0.15	1.7	0.25	independent_20pct	midpoint_imputed_time	0.2006458333333333	400	400	1.0	174	0.435	0.3872626744968637	0.48397392376659487	0.435	0.0	1.8126982054081497	0.3705620267690142	216.0	27.0	32.0	5.0	0.15312044598676572
54942	240	0.15	1.7	0.25	score_dependent_20pct	full_latent_time_oracle	0.199984375	400	400	1.0	204	0.51	0.46114904250821503	0.558660711605099	0.51	0.0	1.9786856468772687	0.37479365526686936	216.0	32.0	32.0	8.0	0.1641987165926057
54942	240	0.15	1.7	0.25	score_dependent_20pct	ascertained_latent_time_oracle	0.199984375	400	400	1.0	82	0.205	0.16833283817780625	0.24727941547942867	0.205	0.0	1.1302386834226232	0.2552719819360378	216.0	25.0	32.0	8.0	0.1641987165926057
54942	240	0.15	1.7	0.25	score_dependent_20pct	detected_visit_time	0.199984375	400	400	1.0	82	0.205	0.16833283817780625	0.24727941547942867	0.205	0.0	1.101838246709001	0.2505259816428794	216.0	25.0	32.0	8.0	0.1641987165926057
54942	240	0.15	1.7	0.25	score_dependent_20pct	midpoint_imputed_time	0.199984375	400	400	1.0	79	0.1975	0.1614426641926397	0.23931227387960974	0.1975	0.0	1.1386239972291272	0.25135557348037363	216.0	25.0	32.0	8.0	0.1641987165926057
54942	240	0.15	1.7	0.25	joint_score_progression_risk_20pct	full_latent_time_oracle	0.20001562500000003	400	400	1.0	193	0.4825	0.43393056304490063	0.5314023672567997	0.4825	0.0	1.9332166636260957	0.36561005783910133	216.0	32.0	32.0	11.0	0.15409137766068493
54942	240	0.15	1.7	0.25	joint_score_progression_risk_20pct	ascertained_latent_time_oracle	0.20001562500000003	400	397	0.9925	42	0.105	0.07862372743733602	0.1388909850867582	0.0975	0.0075	0.8182700500495037	0.19597345875155306	216.0	21.0	32.0	11.0	0.15409137766068493
54942	240	0.15	1.7	0.25	joint_score_progression_risk_20pct	detected_visit_time	0.20001562500000003	400	397	0.9925	42	0.105	0.07862372743733602	0.1388909850867582	0.0975	0.0075	0.8227444623292836	0.19549238083347018	216.0	21.0	32.0	11.0	0.15409137766068493
54942	240	0.15	1.7	0.25	joint_score_progression_risk_20pct	midpoint_imputed_time	0.20001562500000003	400	397	0.9925	40	0.1	0.07429925914003437	0.13331057632740284	0.0925	0.0075	0.826628918173285	0.19827375617402848	216.0	21.0	32.0	11.0	0.15409137766068493
54942	240	0.15	1.7	0.5	complete	full_latent_time_oracle	0.0	400	400	1.0	213	0.5325	0.48352749876023604	0.5808542021080347	0.5325	0.0	2.049951580856392	0.4015493844113849	216.0	32.0	32.0	7.0	0.2563493240400675
54942	240	0.15	1.7	0.5	complete	ascertained_latent_time_oracle	0.0	400	400	1.0	173	0.4325	0.3848187370706328	0.48146542266449727	0.4325	0.0	1.8153724765309713	0.3981364543167941	216.0	25.0	32.0	7.0	0.2563493240400675
54942	240	0.15	1.7	0.5	complete	detected_visit_time	0.0	400	400	1.0	167	0.4175	0.37018126768159904	0.46638826088355984	0.4175	0.0	1.7600006922364875	0.3900215850015214	216.0	25.0	32.0	7.0	0.2563493240400675
54942	240	0.15	1.7	0.5	complete	midpoint_imputed_time	0.0	400	400	1.0	167	0.4175	0.37018126768159904	0.46638826088355984	0.4175	0.0	1.7600006922364875	0.3900215850015214	216.0	25.0	32.0	7.0	0.2563493240400675
54942	240	0.15	1.7	0.5	independent_20pct	full_latent_time_oracle	0.19913020833333328	400	400	1.0	210	0.525	0.4760571112644918	0.5734672740187934	0.525	0.0	2.036078254489475	0.3958599444854016	216.0	32.0	32.0	11.0	0.2919873052726349
54942	240	0.15	1.7	0.5	independent_20pct	ascertained_latent_time_oracle	0.19913020833333328	400	400	1.0	160	0.4	0.3531615288938136	0.4487409299730458	0.4	0.0	1.6687468534246237	0.3995427355128284	216.0	21.0	32.0	11.0	0.2919873052726349
54942	240	0.15	1.7	0.5	independent_20pct	detected_visit_time	0.19913020833333328	400	400	1.0	148	0.37	0.3241319808189903	0.4183412157079268	0.37	0.0	1.6146904800404283	0.38550374854659575	216.0	21.0	32.0	11.0	0.2919873052726349
54942	240	0.15	1.7	0.5	independent_20pct	midpoint_imputed_time	0.19913020833333328	400	400	1.0	152	0.38	0.3337874943779953	0.4284954562622359	0.38	0.0	1.6452999056473132	0.3918428612842315	216.0	21.0	32.0	11.0	0.2919873052726349
54942	240	0.15	1.7	0.5	score_dependent_20pct	full_latent_time_oracle	0.1997630208333333	400	400	1.0	196	0.49	0.441339288394901	0.5388509574917849	0.49	0.0	1.9442375769071183	0.36928999445599164	216.0	33.0	33.0	14.0	0.2933523437407231
54942	240	0.15	1.7	0.5	score_dependent_20pct	ascertained_latent_time_oracle	0.1997630208333333	400	396	0.99	46	0.115	0.0873329226216324	0.1499915440157759	0.1125	0.0025	0.7534024523588083	0.1934258350898427	216.0	18.0	33.0	14.0	0.2933523437407231
54942	240	0.15	1.7	0.5	score_dependent_20pct	detected_visit_time	0.1997630208333333	400	396	0.99	46	0.115	0.0873329226216324	0.1499915440157759	0.1125	0.0025	0.7479132021130099	0.19061686068272604	216.0	18.0	33.0	14.0	0.2933523437407231
54942	240	0.15	1.7	0.5	score_dependent_20pct	midpoint_imputed_time	0.1997630208333333	400	396	0.99	45	0.1125	0.08514845878595949	0.14722356932312028	0.11	0.0025	0.7296448455527829	0.18658575796966598	216.0	18.0	33.0	14.0	0.2933523437407231
54942	240	0.15	1.7	0.5	joint_score_progression_risk_20pct	full_latent_time_oracle	0.19959114583333337	400	400	1.0	210	0.525	0.4760571112644918	0.5734672740187934	0.525	0.0	2.0480231487765117	0.39641905015618084	216.0	32.0	32.0	16.0	0.29131071567943356
54942	240	0.15	1.7	0.5	joint_score_progression_risk_20pct	ascertained_latent_time_oracle	0.19959114583333337	400	385	0.9625	38	0.095	0.06999661149327467	0.12770834691750552	0.095	0.0	0.6895283757224778	0.1858330395433136	216.0	16.0	32.0	16.0	0.29131071567943356
54942	240	0.15	1.7	0.5	joint_score_progression_risk_20pct	detected_visit_time	0.19959114583333337	400	385	0.9625	37	0.0925	0.06785393449857381	0.12489858538387784	0.0925	0.0	0.6729183973066302	0.1866060823491353	216.0	16.0	32.0	16.0	0.29131071567943356
54942	240	0.15	1.7	0.5	joint_score_progression_risk_20pct	midpoint_imputed_time	0.19959114583333337	400	385	0.9625	35	0.0875	0.06358691021150324	0.11926073261429136	0.0875	0.0	0.6436436534641299	0.1818538422145449	216.0	16.0	32.0	16.0	0.29131071567943356
54942	240	0.15	1.7	1.0	complete	full_latent_time_oracle	0.0	400	400	1.0	193	0.4825	0.43393056304490063	0.5314023672567997	0.4825	0.0	1.9041606146927417	0.36907433345129825	216.0	32.0	32.0	14.0	0.5157534523034608
54942	240	0.15	1.7	1.0	complete	ascertained_latent_time_oracle	0.0	400	393	0.9825	115	0.2875	0.24533290309016223	0.33370982200191374	0.2825	0.005	1.4433633633663139	0.37931605389808487	216.0	18.0	32.0	14.0	0.5157534523034608
54942	240	0.15	1.7	1.0	complete	detected_visit_time	0.0	400	393	0.9825	98	0.245	0.20540872953011524	0.289442540580376	0.245	0.0	1.3663035993297155	0.35730187747089676	216.0	18.0	32.0	14.0	0.5157534523034608
54942	240	0.15	1.7	1.0	complete	midpoint_imputed_time	0.0	400	393	0.9825	98	0.245	0.20540872953011524	0.289442540580376	0.245	0.0	1.3663035993297155	0.35730187747089676	216.0	18.0	32.0	14.0	0.5157534523034608
54942	240	0.15	1.7	1.0	independent_20pct	full_latent_time_oracle	0.19903125	400	400	1.0	201	0.5025	0.45371132720791196	0.5512411113204164	0.5025	0.0	1.965511356824019	0.3814008846115609	216.0	33.0	33.0	21.0	0.5044355318549834
54942	240	0.15	1.7	1.0	independent_20pct	ascertained_latent_time_oracle	0.19903125	400	291	0.7275	64	0.16	0.12733275559943816	0.1991356045478835	0.16	0.0	1.1524393191000348	0.3633558956548981	216.0	11.0	33.0	21.0	0.5044355318549834
54942	240	0.15	1.7	1.0	independent_20pct	detected_visit_time	0.19903125	400	291	0.7275	59	0.1475	0.1161060733583933	0.18560009414728573	0.1475	0.0	1.1148179644879987	0.3542395364182969	216.0	11.0	33.0	21.0	0.5044355318549834
54942	240	0.15	1.7	1.0	independent_20pct	midpoint_imputed_time	0.19903125	400	291	0.7275	59	0.1475	0.1161060733583933	0.18560009414728573	0.1475	0.0	1.1148179644879987	0.354239536418297	216.0	11.0	33.0	21.0	0.5044355318549834
54942	240	0.15	1.7	1.0	score_dependent_20pct	full_latent_time_oracle	0.19937499999999997	400	400	1.0	181	0.4525	0.404404788515386	0.5014988794463721	0.4525	0.0	1.8516087650320807	0.3563240900982825	216.0	32.0	32.0	23.0	0.5306960220437761
54942	240	0.15	1.7	1.0	score_dependent_20pct	ascertained_latent_time_oracle	0.19937499999999997	400	176	0.44	8	0.02	0.010168386791664645	0.03896341576926	0.015	0.005	0.2901628415037389	0.08180935660292754	216.0	9.0	32.0	23.0	0.5306960220437761
54942	240	0.15	1.7	1.0	score_dependent_20pct	detected_visit_time	0.19937499999999997	400	176	0.44	7	0.0175	0.008502291107038103	0.03567707292555804	0.0125	0.005	0.26252261030719765	0.07995204355296262	216.0	9.0	32.0	23.0	0.5306960220437761
54942	240	0.15	1.7	1.0	score_dependent_20pct	midpoint_imputed_time	0.19937499999999997	400	176	0.44	7	0.0175	0.008502291107038103	0.03567707292555804	0.0125	0.005	0.26252261030719765	0.0799520435529626	216.0	9.0	32.0	23.0	0.5306960220437761
54942	240	0.15	1.7	1.0	joint_score_progression_risk_20pct	full_latent_time_oracle	0.19966145833333337	400	400	1.0	203	0.5075	0.45866859619769573	0.5561887193872896	0.5075	0.0	1.9967545299085507	0.39503909748973565	216.0	32.0	32.0	23.0	0.5106469140797758
54942	240	0.15	1.7	1.0	joint_score_progression_risk_20pct	ascertained_latent_time_oracle	0.19966145833333337	400	163	0.4075	15	0.0375	0.022855029814710867	0.060943842444513396	0.035	0.0025	0.5508995298378747	0.17450367765082248	216.0	9.0	32.0	23.0	0.5106469140797758
54942	240	0.15	1.7	1.0	joint_score_progression_risk_20pct	detected_visit_time	0.19966145833333337	400	163	0.4075	15	0.0375	0.022855029814710867	0.060943842444513396	0.035	0.0025	0.5173762917504036	0.16313448265568786	216.0	9.0	32.0	23.0	0.5106469140797758
54942	240	0.15	1.7	1.0	joint_score_progression_risk_20pct	midpoint_imputed_time	0.19966145833333337	400	163	0.4075	15	0.0375	0.022855029814710867	0.060943842444513396	0.035	0.0025	0.5173762917504037	0.16313448265568786	216.0	9.0	32.0	23.0	0.5106469140797758
54942	240	0.3	1.0	0.25	complete	full_latent_time_oracle	0.0	400	400	1.0	20	0.05	0.03259742983714726	0.07596363506371961	0.03	0.02	0.010536211806598356	0.0014461840419642293	216.0	65.0	65.0	6.0	0.12680859237258552
54942	240	0.3	1.0	0.25	complete	ascertained_latent_time_oracle	0.0	400	400	1.0	17	0.0425	0.026701694991131116	0.06700205432475019	0.025	0.0175	0.10961272164391289	0.015707569155983328	216.0	59.0	65.0	6.0	0.12680859237258552
54942	240	0.3	1.0	0.25	complete	detected_visit_time	0.0	400	400	1.0	17	0.0425	0.026701694991131116	0.06700205432475019	0.025	0.0175	0.10564790467800603	0.015220165947216598	216.0	59.0	65.0	6.0	0.12680859237258552
54942	240	0.3	1.0	0.25	complete	midpoint_imputed_time	0.0	400	400	1.0	17	0.0425	0.026701694991131116	0.06700205432475019	0.025	0.0175	0.10564790467800603	0.015220165947216598	216.0	59.0	65.0	6.0	0.12680859237258552
54942	240	0.3	1.0	0.25	independent_20pct	full_latent_time_oracle	0.20068750000000002	400	400	1.0	15	0.0375	0.022855029814710867	0.060943842444513396	0.03	0.0075	0.11641063375967148	0.01591625657195374	215.0	65.0	65.0	9.0	0.15553230225072256
54942	240	0.3	1.0	0.25	independent_20pct	ascertained_latent_time_oracle	0.20068750000000002	400	400	1.0	15	0.0375	0.022855029814710867	0.060943842444513396	0.025	0.0125	0.08626476046307255	0.012715697594544651	215.0	55.0	65.0	9.0	0.15553230225072256
54942	240	0.3	1.0	0.25	independent_20pct	detected_visit_time	0.20068750000000002	400	400	1.0	13	0.0325	0.01908984237880045	0.0548041528237668	0.02	0.0125	0.06605845777675032	0.009300443983728642	215.0	55.0	65.0	9.0	0.15553230225072256
54942	240	0.3	1.0	0.25	independent_20pct	midpoint_imputed_time	0.20068750000000002	400	400	1.0	16	0.04	0.024769063069711758	0.06398224771784103	0.025	0.015	0.05726640479987881	0.008918991580081762	215.0	55.0	65.0	9.0	0.15553230225072256
54942	240	0.3	1.0	0.25	score_dependent_20pct	full_latent_time_oracle	0.19959635416666666	400	400	1.0	22	0.055	0.03659849414955068	0.08186744780797323	0.025	0.03	-0.06338594655244595	-0.009031942790178679	216.0	65.0	65.0	11.0	0.15346702203808765
54942	240	0.3	1.0	0.25	score_dependent_20pct	ascertained_latent_time_oracle	0.19959635416666666	400	400	1.0	26	0.065	0.04474048189620036	0.09353521417463759	0.0075	0.0575	-0.49627639101910387	-0.07324146319598554	216.0	54.0	65.0	11.0	0.15346702203808765
54942	240	0.3	1.0	0.25	score_dependent_20pct	detected_visit_time	0.19959635416666666	400	400	1.0	27	0.0675	0.04680146916375965	0.09642666543540682	0.0075	0.06	-0.5059785271825606	-0.07490218392386425	216.0	54.0	65.0	11.0	0.15346702203808765
54942	240	0.3	1.0	0.25	score_dependent_20pct	midpoint_imputed_time	0.19959635416666666	400	400	1.0	26	0.065	0.04474048189620036	0.09353521417463759	0.0075	0.0575	-0.49063575721538133	-0.07398573127404245	216.0	54.0	65.0	11.0	0.15346702203808765
54942	240	0.3	1.0	0.25	joint_score_progression_risk_20pct	full_latent_time_oracle	0.20021223958333334	400	400	1.0	30	0.075	0.05303774392284765	0.10504770626130436	0.035	0.04	-0.013886826935747984	-0.0018584181992181885	216.0	65.0	65.0	16.0	0.15038955215513983
54942	240	0.3	1.0	0.25	joint_score_progression_risk_20pct	ascertained_latent_time_oracle	0.20021223958333334	400	400	1.0	55	0.1375	0.10718448673484568	0.1747119266575193	0.005	0.1325	-0.7427037053746813	-0.11883701506837574	216.0	48.0	65.0	16.0	0.15038955215513983
54942	240	0.3	1.0	0.25	joint_score_progression_risk_20pct	detected_visit_time	0.20021223958333334	400	400	1.0	56	0.14	0.10940962137459034	0.1774392305461032	0.005	0.135	-0.7331710757969732	-0.1190570464590815	216.0	48.0	65.0	16.0	0.15038955215513983
54942	240	0.3	1.0	0.25	joint_score_progression_risk_20pct	midpoint_imputed_time	0.20021223958333334	400	400	1.0	55	0.1375	0.10718448673484568	0.1747119266575193	0.005	0.1325	-0.7253538164462667	-0.11821739963331576	216.0	48.0	65.0	16.0	0.15038955215513983
54942	240	0.3	1.0	0.5	complete	full_latent_time_oracle	0.0	400	400	1.0	14	0.035	0.02096129419797776	0.057885139532918004	0.015	0.02	0.17678461716750993	0.02492110759056946	217.0	65.0	65.0	13.0	0.26073577805615566
54942	240	0.3	1.0	0.5	complete	ascertained_latent_time_oracle	0.0	400	400	1.0	12	0.03	0.017243020965143054	0.05169853570909567	0.015	0.015	0.1333575976217094	0.020012085676374858	217.0	52.0	65.0	13.0	0.26073577805615566
54942	240	0.3	1.0	0.5	complete	detected_visit_time	0.0	400	400	1.0	10	0.025	0.013635091745936023	0.045401587871645666	0.015	0.01	0.1390159865134251	0.02056458941704479	217.0	52.0	65.0	13.0	0.26073577805615566
54942	240	0.3	1.0	0.5	complete	midpoint_imputed_time	0.0	400	400	1.0	10	0.025	0.013635091745936023	0.045401587871645666	0.015	0.01	0.1390159865134251	0.02056458941704479	217.0	52.0	65.0	13.0	0.26073577805615566
54942	240	0.3	1.0	0.5	independent_20pct	full_latent_time_oracle	0.19829427083333329	400	400	1.0	22	0.055	0.03659849414955068	0.08186744780797323	0.02	0.035	0.005131294517653708	0.0007722875698187089	216.0	65.0	65.0	20.0	0.299889177828403
54942	240	0.3	1.0	0.5	independent_20pct	ascertained_latent_time_oracle	0.19829427083333329	400	400	1.0	22	0.055	0.03659849414955068	0.08186744780797323	0.0325	0.0225	0.005725358153046784	0.0009454042817494873	216.0	45.0	65.0	20.0	0.299889177828403
54942	240	0.3	1.0	0.5	independent_20pct	detected_visit_time	0.19829427083333329	400	400	1.0	23	0.0575	0.038617542757733075	0.08480083772811935	0.0325	0.025	0.010049762854517197	0.0017714215777101807	216.0	45.0	65.0	20.0	0.299889177828403
54942	240	0.3	1.0	0.5	independent_20pct	midpoint_imputed_time	0.19829427083333329	400	400	1.0	22	0.055	0.03659849414955068	0.08186744780797323	0.0325	0.0225	-0.005219132317728561	-0.0009614046879136676	216.0	45.0	65.0	20.0	0.299889177828403
54942	240	0.3	1.0	0.5	score_dependent_20pct	full_latent_time_oracle	0.19946874999999997	400	400	1.0	18	0.045	0.028651458653886006	0.07000472919032381	0.03	0.015	0.05974545563547895	0.007896744420445771	216.0	65.0	65.0	23.0	0.2891265989105254
54942	240	0.3	1.0	0.5	score_dependent_20pct	ascertained_latent_time_oracle	0.19946874999999997	400	400	1.0	42	0.105	0.07862372743733602	0.1388909850867582	0.01	0.095	-0.7937590418879334	-0.1348875344430334	216.0	42.0	65.0	23.0	0.2891265989105254
54942	240	0.3	1.0	0.5	score_dependent_20pct	detected_visit_time	0.19946874999999997	400	400	1.0	40	0.1	0.07429925914003437	0.13331057632740284	0.005	0.095	-0.7911505428352636	-0.13325095988997684	216.0	42.0	65.0	23.0	0.2891265989105254
54942	240	0.3	1.0	0.5	score_dependent_20pct	midpoint_imputed_time	0.19946874999999997	400	400	1.0	41	0.1025	0.07645885298219338	0.1361034210135723	0.0075	0.095	-0.7768838387944581	-0.13357593783605815	216.0	42.0	65.0	23.0	0.2891265989105254
54942	240	0.3	1.0	0.5	joint_score_progression_risk_20pct	full_latent_time_oracle	0.2004114583333333	400	400	1.0	19	0.0475	0.030617076962711882	0.07299154940982647	0.0275	0.02	-0.003390461257409588	-0.0004106564355470956	216.0	64.0	64.0	26.0	0.2816524144790501
54942	240	0.3	1.0	0.5	joint_score_progression_risk_20pct	ascertained_latent_time_oracle	0.2004114583333333	400	400	1.0	62	0.155	0.12283258671753924	0.19373089637312538	0.005	0.15	-0.977895029861797	-0.1704366534256644	216.0	38.0	64.0	26.0	0.2816524144790501
54942	240	0.3	1.0	0.5	joint_score_progression_risk_20pct	detected_visit_time	0.2004114583333333	400	400	1.0	56	0.14	0.10940962137459034	0.1774392305461032	0.005	0.135	-0.9428188468729122	-0.16632076230114912	216.0	38.0	64.0	26.0	0.2816524144790501
54942	240	0.3	1.0	0.5	joint_score_progression_risk_20pct	midpoint_imputed_time	0.2004114583333333	400	400	1.0	58	0.145	0.11387048965924287	0.18288323931810765	0.005	0.14	-0.9414586877774889	-0.16804240272708837	216.0	38.0	64.0	26.0	0.2816524144790501
54942	240	0.3	1.0	1.0	complete	full_latent_time_oracle	0.0	400	400	1.0	23	0.0575	0.038617542757733075	0.08480083772811935	0.025	0.0325	-0.022904754478673732	-0.0030555968302018533	216.0	65.0	65.0	28.0	0.5432192332666985
54942	240	0.3	1.0	1.0	complete	ascertained_latent_time_oracle	0.0	400	400	1.0	18	0.045	0.028651458653886006	0.07000472919032381	0.02	0.025	0.059924157714822	0.010961575000452892	216.0	37.0	65.0	28.0	0.5432192332666985
54942	240	0.3	1.0	1.0	complete	detected_visit_time	0.0	400	400	1.0	14	0.035	0.02096129419797776	0.057885139532918004	0.0125	0.0225	0.087847838203468	0.016601642017817116	216.0	37.0	65.0	28.0	0.5432192332666985
54942	240	0.3	1.0	1.0	complete	midpoint_imputed_time	0.0	400	400	1.0	14	0.035	0.02096129419797776	0.057885139532918004	0.0125	0.0225	0.087847838203468	0.016601642017817116	216.0	37.0	65.0	28.0	0.5432192332666985
54942	240	0.3	1.0	1.0	independent_20pct	full_latent_time_oracle	0.19896875000000003	400	400	1.0	17	0.0425	0.026701694991131116	0.06700205432475019	0.0175	0.025	0.008281290427406785	0.0012141773533251364	216.0	65.0	65.0	41.0	0.5382049715655876
54942	240	0.3	1.0	1.0	independent_20pct	ascertained_latent_time_oracle	0.19896875000000003	400	400	1.0	17	0.0425	0.026701694991131116	0.06700205432475019	0.0225	0.02	0.06097230168470958	0.01372210323561824	216.0	23.0	65.0	41.0	0.5382049715655876
54942	240	0.3	1.0	1.0	independent_20pct	detected_visit_time	0.19896875000000003	400	400	1.0	11	0.0275	0.015423636260295411	0.048565481885614784	0.0175	0.01	0.07825258531268936	0.01651153867378955	216.0	23.0	65.0	41.0	0.5382049715655876
54942	240	0.3	1.0	1.0	independent_20pct	midpoint_imputed_time	0.19896875000000003	400	400	1.0	11	0.0275	0.015423636260295411	0.048565481885614784	0.0175	0.01	0.07825258531268933	0.016511538673789544	216.0	23.0	65.0	41.0	0.5382049715655876
54942	240	0.3	1.0	1.0	score_dependent_20pct	full_latent_time_oracle	0.20090104166666667	400	400	1.0	24	0.06	0.040647970113724695	0.0877228489004562	0.0225	0.0375	0.07851575440552075	0.010499625240913598	216.0	65.5	65.5	42.0	0.5498493529055111
54942	240	0.3	1.0	1.0	score_dependent_20pct	ascertained_latent_time_oracle	0.20090104166666667	400	400	1.0	75	0.1875	0.15228915456130324	0.2286560293976321	0.0025	0.185	-1.0506449187536426	-0.24446197682553916	216.0	24.0	65.5	42.0	0.5498493529055111
54942	240	0.3	1.0	1.0	score_dependent_20pct	detected_visit_time	0.20090104166666667	400	400	1.0	60	0.15	0.11834499530337544	0.18831361073063213	0.0025	0.1475	-0.9790435427212869	-0.22412123821038737	216.0	24.0	65.5	42.0	0.5498493529055111
54942	240	0.3	1.0	1.0	score_dependent_20pct	midpoint_imputed_time	0.20090104166666667	400	400	1.0	60	0.15	0.11834499530337544	0.18831361073063213	0.0025	0.1475	-0.9790435427212871	-0.22412123821038737	216.0	24.0	65.5	42.0	0.5498493529055111
54942	240	0.3	1.0	1.0	joint_score_progression_risk_20pct	full_latent_time_oracle	0.20119270833333336	400	400	1.0	17	0.0425	0.026701694991131116	0.06700205432475019	0.015	0.0275	-0.06154826374153799	-0.008708742957367111	217.0	64.0	64.0	42.0	0.5368132308251339
54942	240	0.3	1.0	1.0	joint_score_progression_risk_20pct	ascertained_latent_time_oracle	0.20119270833333336	400	400	1.0	65	0.1625	0.12958740844606098	0.20183339022958918	0.0025	0.16	-0.9721934544578513	-0.2392235972764683	217.0	22.0	64.0	42.0	0.5368132308251339
54942	240	0.3	1.0	1.0	joint_score_progression_risk_20pct	detected_visit_time	0.20119270833333336	400	400	1.0	51	0.1275	0.0983211891565858	0.1637654701224651	0.0	0.1275	-0.9426996786796089	-0.23269061059248952	217.0	22.0	64.0	42.0	0.5368132308251339
54942	240	0.3	1.0	1.0	joint_score_progression_risk_20pct	midpoint_imputed_time	0.20119270833333336	400	400	1.0	51	0.1275	0.0983211891565858	0.1637654701224651	0.0	0.1275	-0.942699678679609	-0.23269061059248955	217.0	22.0	64.0	42.0	0.5368132308251339
54942	240	0.3	1.7	0.25	complete	full_latent_time_oracle	0.0	400	400	1.0	308	0.77	0.7263071915784445	0.8085561694810355	0.77	0.0	2.620771493551787	0.35997286106356835	216.0	65.0	65.0	6.0	0.1288080928918675
54942	240	0.3	1.7	0.25	complete	ascertained_latent_time_oracle	0.0	400	400	1.0	293	0.7325	0.6870591672528669	0.7735176158816853	0.7325	0.0	2.537462831783799	0.36940995266911053	216.0	59.0	65.0	6.0	0.1288080928918675
54942	240	0.3	1.7	0.25	complete	detected_visit_time	0.0	400	400	1.0	289	0.7225	0.6766612653345575	0.7641057636866807	0.7225	0.0	2.464820869873993	0.35662006864297713	216.0	59.0	65.0	6.0	0.1288080928918675
54942	240	0.3	1.7	0.25	complete	midpoint_imputed_time	0.0	400	400	1.0	289	0.7225	0.6766612653345575	0.7641057636866807	0.7225	0.0	2.464820869873993	0.35662006864297713	216.0	59.0	65.0	6.0	0.1288080928918675
54942	240	0.3	1.7	0.25	independent_20pct	full_latent_time_oracle	0.20006119791666666	400	400	1.0	303	0.7575	0.7131775779269679	0.7969235904908692	0.7575	0.0	2.63620763775741	0.3586534190253678	216.0	66.0	66.0	9.0	0.15425169040876996
54942	240	0.3	1.7	0.25	independent_20pct	ascertained_latent_time_oracle	0.20006119791666666	400	400	1.0	277	0.6925	0.6456251644125997	0.7357126022686962	0.6925	0.0	2.5521751046997405	0.368992494958137	216.0	56.0	66.0	9.0	0.15425169040876996
54942	240	0.3	1.7	0.25	independent_20pct	detected_visit_time	0.20006119791666666	400	400	1.0	269	0.6725	0.6250583013725689	0.7166599570820987	0.6725	0.0	2.4601262627704847	0.36050602775483953	216.0	56.0	66.0	9.0	0.15425169040876996
54942	240	0.3	1.7	0.25	independent_20pct	midpoint_imputed_time	0.20006119791666666	400	400	1.0	269	0.6725	0.6250583013725689	0.7166599570820987	0.6725	0.0	2.491118143646127	0.36248179804784103	216.0	56.0	66.0	9.0	0.15425169040876996
54942	240	0.3	1.7	0.25	score_dependent_20pct	full_latent_time_oracle	0.20031119791666663	400	400	1.0	298	0.745	0.7000956766555838	0.785243299120611	0.745	0.0	2.6106664848561283	0.3581226994611083	216.0	64.0	64.0	13.0	0.16413665048792056
54942	240	0.3	1.7	0.25	score_dependent_20pct	ascertained_latent_time_oracle	0.20031119791666663	400	400	1.0	161	0.4025	0.3555891011441365	0.4512657962510514	0.4025	0.0	1.6941127241700589	0.26271134375364147	216.0	51.5	64.0	13.0	0.16413665048792056
54942	240	0.3	1.7	0.25	score_dependent_20pct	detected_visit_time	0.20031119791666663	400	400	1.0	142	0.355	0.30968902656541786	0.40306953879152807	0.355	0.0	1.5928416839829065	0.24568285131461076	216.0	51.5	64.0	13.0	0.16413665048792056
54942	240	0.3	1.7	0.25	score_dependent_20pct	midpoint_imputed_time	0.20031119791666663	400	400	1.0	150	0.375	0.328957079463163	0.4234209941204111	0.375	0.0	1.6509292520810739	0.2570991078696062	216.0	51.5	64.0	13.0	0.16413665048792056
54942	240	0.3	1.7	0.25	joint_score_progression_risk_20pct	full_latent_time_oracle	0.1998802083333333	400	400	1.0	303	0.7575	0.7131775779269679	0.7969235904908692	0.7575	0.0	2.5988413386769396	0.35935582895468526	216.0	65.0	65.0	18.0	0.15251350782747164
54942	240	0.3	1.7	0.25	joint_score_progression_risk_20pct	ascertained_latent_time_oracle	0.1998802083333333	400	400	1.0	97	0.2425	0.2030764095091307	0.286822422073032	0.2425	0.0	1.3359586283765732	0.21738690603801275	216.0	46.5	65.0	18.0	0.15251350782747164
54942	240	0.3	1.7	0.25	joint_score_progression_risk_20pct	detected_visit_time	0.1998802083333333	400	400	1.0	94	0.235	0.1960909748126292	0.278950541184548	0.235	0.0	1.3092724488260992	0.2123913713901106	216.0	46.5	65.0	18.0	0.15251350782747164
54942	240	0.3	1.7	0.25	joint_score_progression_risk_20pct	midpoint_imputed_time	0.1998802083333333	400	400	1.0	97	0.2425	0.2030764095091307	0.286822422073032	0.2425	0.0	1.324082891776811	0.21662769529392173	216.0	46.5	65.0	18.0	0.15251350782747164
54942	240	0.3	1.7	0.5	complete	full_latent_time_oracle	0.0	400	400	1.0	298	0.745	0.7000956766555838	0.785243299120611	0.745	0.0	2.6445740824614727	0.3610954501458468	216.0	65.0	65.0	12.0	0.2637143538131631
54942	240	0.3	1.7	0.5	complete	ascertained_latent_time_oracle	0.0	400	400	1.0	276	0.69	0.643049046352087	0.7333362818008802	0.69	0.0	2.3556159075433105	0.3576362050114008	216.0	53.0	65.0	12.0	0.2637143538131631
54942	240	0.3	1.7	0.5	complete	detected_visit_time	0.0	400	400	1.0	249	0.6225	0.5740411128887363	0.6686283749993612	0.6225	0.0	2.2225339348989026	0.33360005134693055	216.0	53.0	65.0	12.0	0.2637143538131631
54942	240	0.3	1.7	0.5	complete	midpoint_imputed_time	0.0	400	400	1.0	249	0.6225	0.5740411128887363	0.6686283749993612	0.6225	0.0	2.2225339348989026	0.33360005134693055	216.0	53.0	65.0	12.0	0.2637143538131631
54942	240	0.3	1.7	0.5	independent_20pct	full_latent_time_oracle	0.20001041666666663	400	400	1.0	321	0.8025	0.7606877261203903	0.8385573358073602	0.8025	0.0	2.7120916912042343	0.3689575191898841	216.0	65.0	65.0	19.0	0.3004631974458555
54942	240	0.3	1.7	0.5	independent_20pct	ascertained_latent_time_oracle	0.20001041666666663	400	400	1.0	258	0.645	0.5969304612084719	0.6903109734345821	0.645	0.0	2.2521336141720116	0.3652640159146954	216.0	45.0	65.0	19.0	0.3004631974458555
54942	240	0.3	1.7	0.5	independent_20pct	detected_visit_time	0.20001041666666663	400	400	1.0	237	0.5925	0.5436883047891221	0.639551920759033	0.5925	0.0	2.131583298080537	0.34579922797460605	216.0	45.0	65.0	19.0	0.3004631974458555
54942	240	0.3	1.7	0.5	independent_20pct	midpoint_imputed_time	0.20001041666666663	400	400	1.0	240	0.6	0.5512590700269542	0.6468384711061865	0.6	0.0	2.1633759761292572	0.353676184762001	216.0	45.0	65.0	19.0	0.3004631974458555
54942	240	0.3	1.7	0.5	score_dependent_20pct	full_latent_time_oracle	0.1990963541666667	400	400	1.0	293	0.7325	0.6870591672528669	0.7735176158816853	0.7325	0.0	2.6320626977124917	0.3625446981359415	216.0	64.0	64.0	25.0	0.30147282064848924
54942	240	0.3	1.7	0.5	score_dependent_20pct	ascertained_latent_time_oracle	0.1990963541666667	400	400	1.0	68	0.17	0.13636898220196564	0.20990913205867007	0.1675	0.0025	1.0520907087000582	0.18638419435060494	216.0	39.0	64.0	25.0	0.30147282064848924
54942	240	0.3	1.7	0.5	score_dependent_20pct	detected_visit_time	0.1990963541666667	400	400	1.0	53	0.1325	0.10274521663902703	0.1692463196966809	0.13	0.0025	1.0057969292623814	0.180580494304665	216.0	39.0	64.0	25.0	0.30147282064848924
54942	240	0.3	1.7	0.5	score_dependent_20pct	midpoint_imputed_time	0.1990963541666667	400	400	1.0	56	0.14	0.10940962137459034	0.1774392305461032	0.1375	0.0025	1.0120832307910455	0.17784410755451602	216.0	39.0	64.0	25.0	0.30147282064848924
54942	240	0.3	1.7	0.5	joint_score_progression_risk_20pct	full_latent_time_oracle	0.19995833333333335	400	400	1.0	292	0.73	0.684457128728908	0.7711672158773156	0.73	0.0	2.5557952564311117	0.3576408697598559	216.0	65.0	65.0	29.0	0.2911392212129946
54942	240	0.3	1.7	0.5	joint_score_progression_risk_20pct	ascertained_latent_time_oracle	0.19995833333333335	400	400	1.0	55	0.1375	0.10718448673484568	0.1747119266575193	0.135	0.0025	0.9361093855330265	0.17513676130620365	216.0	36.0	65.0	29.0	0.2911392212129946
54942	240	0.3	1.7	0.5	joint_score_progression_risk_20pct	detected_visit_time	0.19995833333333335	400	400	1.0	47	0.1175	0.08952194095010377	0.15275496421563303	0.115	0.0025	0.8835158136555588	0.17112939627131601	216.0	36.0	65.0	29.0	0.2911392212129946
54942	240	0.3	1.7	0.5	joint_score_progression_risk_20pct	midpoint_imputed_time	0.19995833333333335	400	400	1.0	52	0.13	0.10053125228664084	0.1665078455207386	0.1275	0.0025	0.8929814623561783	0.17140534273086816	216.0	36.0	65.0	29.0	0.2911392212129946
54942	240	0.3	1.7	1.0	complete	full_latent_time_oracle	0.0	400	400	1.0	296	0.74	0.6948757457668063	0.7805583529527312	0.74	0.0	2.671122502632427	0.3691366926558113	216.0	65.0	65.0	26.0	0.559541275848756
54942	240	0.3	1.7	1.0	complete	ascertained_latent_time_oracle	0.0	400	400	1.0	225	0.5625	0.5135188136473868	0.6102921495608261	0.5625	0.0	2.1330614140443513	0.38075502210126366	216.0	39.0	65.0	26.0	0.559541275848756
54942	240	0.3	1.7	1.0	complete	detected_visit_time	0.0	400	400	1.0	175	0.4375	0.3897078504391739	0.48648118635261317	0.4375	0.0	1.8496825198128386	0.3236954212140819	216.0	39.0	65.0	26.0	0.559541275848756
54942	240	0.3	1.7	1.0	complete	midpoint_imputed_time	0.0	400	400	1.0	175	0.4375	0.3897078504391739	0.48648118635261317	0.4375	0.0	1.8496825198128386	0.3236954212140819	216.0	39.0	65.0	26.0	0.559541275848756
54942	240	0.3	1.7	1.0	independent_20pct	full_latent_time_oracle	0.20058333333333334	400	400	1.0	288	0.72	0.6740660138899559	0.7617485766029535	0.72	0.0	2.562824929742372	0.3508572995031677	216.0	65.0	65.0	40.0	0.5533951809690119
54942	240	0.3	1.7	1.0	independent_20pct	ascertained_latent_time_oracle	0.20058333333333334	400	400	1.0	138	0.345	0.30008782799282613	0.3928609832508057	0.345	0.0	1.565153586812753	0.3460507456363531	216.0	25.0	65.0	40.0	0.5533951809690119
54942	240	0.3	1.7	1.0	independent_20pct	detected_visit_time	0.20058333333333334	400	400	1.0	119	0.2975	0.25479754409145056	0.34405493511393953	0.2975	0.0	1.4561834611558833	0.3256150719055656	216.0	25.0	65.0	40.0	0.5533951809690119
54942	240	0.3	1.7	1.0	independent_20pct	midpoint_imputed_time	0.20058333333333334	400	400	1.0	119	0.2975	0.25479754409145056	0.34405493511393953	0.2975	0.0	1.4561834611558833	0.3256150719055656	216.0	25.0	65.0	40.0	0.5533951809690119
54942	240	0.3	1.7	1.0	score_dependent_20pct	full_latent_time_oracle	0.20079687499999999	400	400	1.0	309	0.7725	0.7289390669951599	0.8108767325926485	0.7725	0.0	2.6142636297522803	0.3631263079637679	216.0	65.0	65.0	44.0	0.5353086006740573
54942	240	0.3	1.7	1.0	score_dependent_20pct	ascertained_latent_time_oracle	0.20079687499999999	400	400	1.0	25	0.0625	0.04268914141220244	0.09063411613030699	0.0475	0.015	0.255062826053519	0.060680494967274005	216.0	21.0	65.0	44.0	0.5353086006740573
54942	240	0.3	1.7	1.0	score_dependent_20pct	detected_visit_time	0.20079687499999999	400	400	1.0	19	0.0475	0.030617076962711882	0.07299154940982647	0.04	0.0075	0.24127192844406986	0.06300917039852841	216.0	21.0	65.0	44.0	0.5353086006740573
54942	240	0.3	1.7	1.0	score_dependent_20pct	midpoint_imputed_time	0.20079687499999999	400	400	1.0	19	0.0475	0.030617076962711882	0.07299154940982647	0.04	0.0075	0.24127192844406986	0.06300917039852841	216.0	21.0	65.0	44.0	0.5353086006740573
54942	240	0.3	1.7	1.0	joint_score_progression_risk_20pct	full_latent_time_oracle	0.19963541666666662	400	400	1.0	310	0.775	0.7315729789411186	0.8131952591750183	0.775	0.0	2.624512045032282	0.358822447562402	216.0	65.0	65.0	44.0	0.5271882614373937
54942	240	0.3	1.7	1.0	joint_score_progression_risk_20pct	ascertained_latent_time_oracle	0.19963541666666662	400	400	1.0	33	0.0825	0.05934587622971528	0.1135968895394223	0.0725	0.01	0.6595507568284843	0.1661999253406208	216.0	20.0	65.0	44.0	0.5271882614373937
54942	240	0.3	1.7	1.0	joint_score_progression_risk_20pct	detected_visit_time	0.19963541666666662	400	400	1.0	23	0.0575	0.038617542757733075	0.08480083772811935	0.0475	0.01	0.6072547615752613	0.15146829678100174	216.0	20.0	65.0	44.0	0.5271882614373937
54942	240	0.3	1.7	1.0	joint_score_progression_risk_20pct	midpoint_imputed_time	0.19963541666666662	400	400	1.0	23	0.0575	0.038617542757733075	0.08480083772811935	0.0475	0.01	0.6072547615752613	0.15146829678100177	216.0	20.0	65.0	44.0	0.5271882614373937
54942	320	0.15	1.0	0.25	complete	full_latent_time_oracle	0.0	400	400	1.0	24	0.06	0.040647970113724695	0.0877228489004562	0.025	0.035	-0.06966422152592336	-0.01168731563264809	288.0	43.0	43.0	5.0	0.12735491369310598
54942	320	0.15	1.0	0.25	complete	ascertained_latent_time_oracle	0.0	400	400	1.0	22	0.055	0.03659849414955068	0.08186744780797323	0.025	0.03	-0.014002918857284788	-0.002677567636014111	288.0	38.0	43.0	5.0	0.12735491369310598
54942	320	0.15	1.0	0.25	complete	detected_visit_time	0.0	400	400	1.0	21	0.0525	0.034591528357920405	0.07892197507127496	0.0225	0.03	-0.013357003555024772	-0.0023990993348264253	288.0	38.0	43.0	5.0	0.12735491369310598
54942	320	0.15	1.0	0.25	complete	midpoint_imputed_time	0.0	400	400	1.0	21	0.0525	0.034591528357920405	0.07892197507127496	0.0225	0.03	-0.013357003555024772	-0.0023990993348264253	288.0	38.0	43.0	5.0	0.12735491369310598
54942	320	0.15	1.0	0.25	independent_20pct	full_latent_time_oracle	0.19956249999999998	400	400	1.0	26	0.065	0.04474048189620036	0.09353521417463759	0.03	0.035	0.08031821206168291	0.012842710987269213	288.0	43.0	43.0	7.0	0.15331057663316494
54942	320	0.15	1.0	0.25	independent_20pct	ascertained_latent_time_oracle	0.19956249999999998	400	400	1.0	25	0.0625	0.04268914141220244	0.09063411613030699	0.03	0.0325	-0.042244597804377865	-0.007989102944438645	288.0	36.0	43.0	7.0	0.15331057663316494
54942	320	0.15	1.0	0.25	independent_20pct	detected_visit_time	0.19956249999999998	400	400	1.0	21	0.0525	0.034591528357920405	0.07892197507127496	0.0225	0.03	-0.03612987670075297	-0.006413914594007208	288.0	36.0	43.0	7.0	0.15331057663316494
54942	320	0.15	1.0	0.25	independent_20pct	midpoint_imputed_time	0.19956249999999998	400	400	1.0	21	0.0525	0.034591528357920405	0.07892197507127496	0.0225	0.03	-0.03225532608552423	-0.005913969857771304	288.0	36.0	43.0	7.0	0.15331057663316494
54942	320	0.15	1.0	0.25	score_dependent_20pct	full_latent_time_oracle	0.20015625000000004	400	400	1.0	22	0.055	0.03659849414955068	0.08186744780797323	0.03	0.025	0.09054602506705967	0.015391693312525021	289.0	44.0	44.0	9.0	0.15087844601025016
54942	320	0.15	1.0	0.25	score_dependent_20pct	ascertained_latent_time_oracle	0.20015625000000004	400	400	1.0	30	0.075	0.05303774392284765	0.10504770626130436	0.01	0.065	-0.21287017082183762	-0.03899087017867167	289.0	35.0	44.0	9.0	0.15087844601025016
54942	320	0.15	1.0	0.25	score_dependent_20pct	detected_visit_time	0.20015625000000004	400	400	1.0	28	0.07	0.04887162669974449	0.09930894642775051	0.01	0.06	-0.21993475095341508	-0.03880466381870314	289.0	35.0	44.0	9.0	0.15087844601025016
54942	320	0.15	1.0	0.25	score_dependent_20pct	midpoint_imputed_time	0.20015625000000004	400	400	1.0	31	0.0775	0.05513293467684451	0.10790495403563602	0.01	0.0675	-0.2072274929280279	-0.037471899979563496	289.0	35.0	44.0	9.0	0.15087844601025016
54942	320	0.15	1.0	0.25	joint_score_progression_risk_20pct	full_latent_time_oracle	0.19960937499999998	400	400	1.0	22	0.055	0.03659849414955068	0.08186744780797323	0.0275	0.0275	0.08414489461366995	0.013124858137877546	289.0	43.0	43.0	12.0	0.1461255808557503
54942	320	0.15	1.0	0.25	joint_score_progression_risk_20pct	ascertained_latent_time_oracle	0.19960937499999998	400	400	1.0	38	0.095	0.06999661149327467	0.12770834691750552	0.0025	0.0925	-0.7027871422831209	-0.145418881453899	289.0	31.0	43.0	12.0	0.1461255808557503
54942	320	0.15	1.0	0.25	joint_score_progression_risk_20pct	detected_visit_time	0.19960937499999998	400	400	1.0	38	0.095	0.06999661149327467	0.12770834691750552	0.0025	0.0925	-0.7041724337356448	-0.1421584882222008	289.0	31.0	43.0	12.0	0.1461255808557503
54942	320	0.15	1.0	0.25	joint_score_progression_risk_20pct	midpoint_imputed_time	0.19960937499999998	400	400	1.0	39	0.0975	0.07214511778538757	0.1305122791537211	0.0025	0.095	-0.7148485386343366	-0.14382537972362183	289.0	31.0	43.0	12.0	0.1461255808557503
54942	320	0.15	1.0	0.5	complete	full_latent_time_oracle	0.0	400	400	1.0	21	0.0525	0.034591528357920405	0.07892197507127496	0.02	0.0325	0.07999005342564842	0.012196002307786728	288.0	43.0	43.0	9.0	0.2572280632149284
54942	320	0.15	1.0	0.5	complete	ascertained_latent_time_oracle	0.0	400	400	1.0	13	0.0325	0.01908984237880045	0.0548041528237668	0.015	0.0175	-0.017723454098989833	-0.0031920934320373096	288.0	33.0	43.0	9.0	0.2572280632149284
54942	320	0.15	1.0	0.5	complete	detected_visit_time	0.0	400	400	1.0	13	0.0325	0.01908984237880045	0.0548041528237668	0.015	0.0175	-0.00041527619584954645	-9.750235717892041e-05	288.0	33.0	43.0	9.0	0.2572280632149284
54942	320	0.15	1.0	0.5	complete	midpoint_imputed_time	0.0	400	400	1.0	13	0.0325	0.01908984237880045	0.0548041528237668	0.015	0.0175	-0.00041527619584954645	-9.750235717892041e-05	288.0	33.0	43.0	9.0	0.2572280632149284
54942	320	0.15	1.0	0.5	independent_20pct	full_latent_time_oracle	0.19985546875000004	400	400	1.0	20	0.05	0.03259742983714726	0.07596363506371961	0.02	0.03	0.06615272036294306	0.010957881148251612	289.0	43.0	43.0	15.0	0.2917249699543619
54942	320	0.15	1.0	0.5	independent_20pct	ascertained_latent_time_oracle	0.19985546875000004	400	400	1.0	16	0.04	0.024769063069711758	0.06398224771784103	0.0125	0.0275	-0.022668247481273156	-0.004741413941221025	289.0	28.0	43.0	15.0	0.2917249699543619
54942	320	0.15	1.0	0.5	independent_20pct	detected_visit_time	0.19985546875000004	400	400	1.0	16	0.04	0.024769063069711758	0.06398224771784103	0.0125	0.0275	-0.03813573570043466	-0.008601928461915286	289.0	28.0	43.0	15.0	0.2917249699543619
54942	320	0.15	1.0	0.5	independent_20pct	midpoint_imputed_time	0.19985546875000004	400	400	1.0	15	0.0375	0.022855029814710867	0.060943842444513396	0.0125	0.025	-0.023521494704983482	-0.004688168770840335	289.0	28.0	43.0	15.0	0.2917249699543619
54942	320	0.15	1.0	0.5	score_dependent_20pct	full_latent_time_oracle	0.19954101562500004	400	400	1.0	19	0.0475	0.030617076962711882	0.07299154940982647	0.0225	0.025	0.07112903509759505	0.012822577796259161	288.0	44.0	44.0	16.0	0.28651155050941185
54942	320	0.15	1.0	0.5	score_dependent_20pct	ascertained_latent_time_oracle	0.19954101562500004	400	400	1.0	35	0.0875	0.06358691021150324	0.11926073261429136	0.0075	0.08	-0.489705730741948	-0.10682747121862685	288.0	27.0	44.0	16.0	0.28651155050941185
54942	320	0.15	1.0	0.5	score_dependent_20pct	detected_visit_time	0.19954101562500004	400	400	1.0	32	0.08	0.05723575041013351	0.11075457683067555	0.0075	0.0725	-0.4753600268106334	-0.10355415189351477	288.0	27.0	44.0	16.0	0.28651155050941185
54942	320	0.15	1.0	0.5	score_dependent_20pct	midpoint_imputed_time	0.19954101562500004	400	400	1.0	32	0.08	0.05723575041013351	0.11075457683067555	0.0075	0.0725	-0.49004204042530564	-0.11009493589116282	288.0	27.0	44.0	16.0	0.28651155050941185
54942	320	0.15	1.0	0.5	joint_score_progression_risk_20pct	full_latent_time_oracle	0.199880859375	400	400	1.0	24	0.06	0.040647970113724695	0.0877228489004562	0.0275	0.0325	-0.1107905854043832	-0.017992143060785858	288.0	43.0	43.0	19.0	0.27925513619544173
54942	320	0.15	1.0	0.5	joint_score_progression_risk_20pct	ascertained_latent_time_oracle	0.199880859375	400	400	1.0	53	0.1325	0.10274521663902703	0.1692463196966809	0.0	0.1325	-0.889938763613503	-0.20119142539209395	288.0	24.0	43.0	19.0	0.27925513619544173
54942	320	0.15	1.0	0.5	joint_score_progression_risk_20pct	detected_visit_time	0.199880859375	400	400	1.0	50	0.125	0.09611512323676381	0.1610190975139586	0.0	0.125	-0.8808346153409592	-0.19720014954964277	288.0	24.0	43.0	19.0	0.27925513619544173
54942	320	0.15	1.0	0.5	joint_score_progression_risk_20pct	midpoint_imputed_time	0.199880859375	400	400	1.0	52	0.13	0.10053125228664084	0.1665078455207386	0.0	0.13	-0.8812132426257293	-0.1967337278793026	288.0	24.0	43.0	19.0	0.27925513619544173
54942	320	0.15	1.0	1.0	complete	full_latent_time_oracle	0.0	400	400	1.0	17	0.0425	0.026701694991131116	0.06700205432475019	0.0175	0.025	-0.0008851837996696826	-0.00016901742878683924	288.0	43.0	43.0	20.0	0.5199847637137098
54942	320	0.15	1.0	1.0	complete	ascertained_latent_time_oracle	0.0	400	399	0.9975	20	0.05	0.03259742983714726	0.07596363506371961	0.015	0.035	-0.04009222174372036	-0.009471755620225598	288.0	23.0	43.0	20.0	0.5199847637137098
54942	320	0.15	1.0	1.0	complete	detected_visit_time	0.0	400	399	0.9975	17	0.0425	0.026701694991131116	0.06700205432475019	0.01	0.0325	-0.027223318996112612	-0.006295143487790436	288.0	23.0	43.0	20.0	0.5199847637137098
54942	320	0.15	1.0	1.0	complete	midpoint_imputed_time	0.0	400	399	0.9975	17	0.0425	0.026701694991131116	0.06700205432475019	0.01	0.0325	-0.027223318996112612	-0.006295143487790436	288.0	23.0	43.0	20.0	0.5199847637137098
54942	320	0.15	1.0	1.0	independent_20pct	full_latent_time_oracle	0.20086328124999997	400	400	1.0	30	0.075	0.05303774392284765	0.10504770626130436	0.0375	0.0375	-0.028915990833517063	-0.004796397847232133	288.0	43.0	43.0	28.0	0.5270453839053307
54942	320	0.15	1.0	1.0	independent_20pct	ascertained_latent_time_oracle	0.20086328124999997	400	359	0.8975	13	0.0325	0.01908984237880045	0.0548041528237668	0.02	0.0125	-0.02972865427139413	-0.008760063534260539	288.0	15.0	43.0	28.0	0.5270453839053307
54942	320	0.15	1.0	1.0	independent_20pct	detected_visit_time	0.20086328124999997	400	359	0.8975	11	0.0275	0.015423636260295411	0.048565481885614784	0.02	0.0075	-0.0070237039861265034	-0.0017598761888896765	288.0	15.0	43.0	28.0	0.5270453839053307
54942	320	0.15	1.0	1.0	independent_20pct	midpoint_imputed_time	0.20086328124999997	400	359	0.8975	11	0.0275	0.015423636260295411	0.048565481885614784	0.02	0.0075	-0.0070237039861265034	-0.0017598761888896765	288.0	15.0	43.0	28.0	0.5270453839053307
54942	320	0.15	1.0	1.0	score_dependent_20pct	full_latent_time_oracle	0.20091796875	400	400	1.0	17	0.0425	0.026701694991131116	0.06700205432475019	0.03	0.0125	0.017780643778719702	0.0028172545430629713	288.0	43.0	43.0	28.0	0.5153043770180599
54942	320	0.15	1.0	1.0	score_dependent_20pct	ascertained_latent_time_oracle	0.20091796875	400	371	0.9275	50	0.125	0.09611512323676381	0.1610190975139586	0.005	0.12	-0.7643147146916167	-0.23146834262457422	288.0	15.0	43.0	28.0	0.5153043770180599
54942	320	0.15	1.0	1.0	score_dependent_20pct	detected_visit_time	0.20091796875	400	371	0.9275	46	0.115	0.0873329226216324	0.1499915440157759	0.005	0.11	-0.7329454445552541	-0.22014030102971638	288.0	15.0	43.0	28.0	0.5153043770180599
54942	320	0.15	1.0	1.0	score_dependent_20pct	midpoint_imputed_time	0.20091796875	400	371	0.9275	46	0.115	0.0873329226216324	0.1499915440157759	0.005	0.11	-0.7329454445552542	-0.22014030102971635	288.0	15.0	43.0	28.0	0.5153043770180599
54942	320	0.15	1.0	1.0	joint_score_progression_risk_20pct	full_latent_time_oracle	0.200125	400	400	1.0	22	0.055	0.03659849414955068	0.08186744780797323	0.03	0.025	-0.04390695703963621	-0.007685974107516386	288.0	43.5	43.5	30.0	0.521158507728953
54942	320	0.15	1.0	1.0	joint_score_progression_risk_20pct	ascertained_latent_time_oracle	0.200125	400	357	0.8925	44	0.11	0.08296867911910685	0.1444509104616444	0.0	0.11	-0.7953343505004707	-0.23420844722792117	288.0	14.0	43.5	30.0	0.521158507728953
54942	320	0.15	1.0	1.0	joint_score_progression_risk_20pct	detected_visit_time	0.200125	400	357	0.8925	40	0.1	0.07429925914003437	0.13331057632740284	0.0	0.1	-0.7723244800610707	-0.22405075674952513	288.0	14.0	43.5	30.0	0.521158507728953
54942	320	0.15	1.0	1.0	joint_score_progression_risk_20pct	midpoint_imputed_time	0.200125	400	357	0.8925	40	0.1	0.07429925914003437	0.13331057632740284	0.0	0.1	-0.7723244800610707	-0.22405075674952513	288.0	14.0	43.5	30.0	0.521158507728953
54942	320	0.15	1.7	0.25	complete	full_latent_time_oracle	0.0	400	400	1.0	250	0.625	0.5765790058795889	0.671042920536837	0.625	0.0	2.2367347196996374	0.3815384598914518	288.0	43.0	43.0	4.0	0.12650289452311564
54942	320	0.15	1.7	0.25	complete	ascertained_latent_time_oracle	0.0	400	400	1.0	232	0.58	0.5310957511319983	0.6273822817745143	0.58	0.0	2.161228121496121	0.3810713367942974	288.0	38.0	43.0	4.0	0.12650289452311564
54942	320	0.15	1.7	0.25	complete	detected_visit_time	0.0	400	400	1.0	229	0.5725	0.5235553051258613	0.6200654121956656	0.5725	0.0	2.137507299023329	0.3762841474193063	288.0	38.0	43.0	4.0	0.12650289452311564
54942	320	0.15	1.7	0.25	complete	midpoint_imputed_time	0.0	400	400	1.0	229	0.5725	0.5235553051258613	0.6200654121956656	0.5725	0.0	2.137507299023329	0.3762841474193063	288.0	38.0	43.0	4.0	0.12650289452311564
54942	320	0.15	1.7	0.25	independent_20pct	full_latent_time_oracle	0.20036718750000004	400	400	1.0	253	0.6325	0.5842006805216781	0.6782785614797332	0.6325	0.0	2.314435736715988	0.38362365851131197	288.0	43.0	43.0	7.0	0.1536103269048304
54942	320	0.15	1.7	0.25	independent_20pct	ascertained_latent_time_oracle	0.20036718750000004	400	400	1.0	227	0.5675	0.5185345773355028	0.6151812629293671	0.5675	0.0	2.1026067106894617	0.3835169758330721	288.0	36.0	43.0	7.0	0.1536103269048304
54942	320	0.15	1.7	0.25	independent_20pct	detected_visit_time	0.20036718750000004	400	400	1.0	221	0.5525	0.50350210232178	0.6004991067731187	0.5525	0.0	2.0828676522216583	0.37949871623578774	288.0	36.0	43.0	7.0	0.1536103269048304
54942	320	0.15	1.7	0.25	independent_20pct	midpoint_imputed_time	0.20036718750000004	400	400	1.0	224	0.56	0.5110127871951399	0.6078457374847447	0.56	0.0	2.087886564806579	0.3810607256297458	288.0	36.0	43.0	7.0	0.1536103269048304
54942	320	0.15	1.7	0.25	score_dependent_20pct	full_latent_time_oracle	0.19983007812499998	400	400	1.0	246	0.615	0.5664353568701253	0.6613768154329864	0.615	0.0	2.2642675062072897	0.37503120915614385	288.0	43.0	43.0	10.0	0.1632991426357861
54942	320	0.15	1.7	0.25	score_dependent_20pct	ascertained_latent_time_oracle	0.19983007812499998	400	400	1.0	114	0.285	0.24297076989988833	0.33111951666385914	0.2825	0.0025	1.4480830407351353	0.27754980117261163	288.0	33.0	43.0	10.0	0.1632991426357861
54942	320	0.15	1.7	0.25	score_dependent_20pct	detected_visit_time	0.19983007812499998	400	400	1.0	114	0.285	0.24297076989988833	0.33111951666385914	0.2825	0.0025	1.4429376167255223	0.2818107481099884	288.0	33.0	43.0	10.0	0.1632991426357861
54942	320	0.15	1.7	0.25	score_dependent_20pct	midpoint_imputed_time	0.19983007812499998	400	400	1.0	113	0.2825	0.24061027235147464	0.32852757568394425	0.28	0.0025	1.4370782422190427	0.2764293749485185	288.0	33.0	43.0	10.0	0.1632991426357861
54942	320	0.15	1.7	0.25	joint_score_progression_risk_20pct	full_latent_time_oracle	0.19968066406249996	400	400	1.0	244	0.61	0.5613714064462345	0.6565358888002202	0.61	0.0	2.2089601863204815	0.36540996822695604	288.0	43.0	43.0	15.0	0.15192637140023557
54942	320	0.15	1.7	0.25	joint_score_progression_risk_20pct	ascertained_latent_time_oracle	0.19968066406249996	400	400	1.0	62	0.155	0.12283258671753924	0.19373089637312538	0.155	0.0	1.0013235291484983	0.21131305436385692	288.0	28.0	43.0	15.0	0.15192637140023557
54942	320	0.15	1.7	0.25	joint_score_progression_risk_20pct	detected_visit_time	0.19968066406249996	400	400	1.0	60	0.15	0.11834499530337544	0.18831361073063213	0.15	0.0	0.998208866292538	0.2107248143417742	288.0	28.0	43.0	15.0	0.15192637140023557
54942	320	0.15	1.7	0.25	joint_score_progression_risk_20pct	midpoint_imputed_time	0.19968066406249996	400	400	1.0	61	0.1525	0.12058718801590881	0.19102385654642726	0.1525	0.0	0.9931713238513235	0.2138351772678405	288.0	28.0	43.0	15.0	0.15192637140023557
54942	320	0.15	1.7	0.5	complete	full_latent_time_oracle	0.0	400	400	1.0	229	0.5725	0.5235553051258613	0.6200654121956656	0.5725	0.0	2.187661531908058	0.36939277736205456	288.0	44.0	44.0	9.0	0.25456152237773494
54942	320	0.15	1.7	0.5	complete	ascertained_latent_time_oracle	0.0	400	400	1.0	203	0.5075	0.45866859619769573	0.5561887193872896	0.505	0.0025	1.998389060936685	0.38017550618645424	288.0	34.0	44.0	9.0	0.25456152237773494
54942	320	0.15	1.7	0.5	complete	detected_visit_time	0.0	400	400	1.0	199	0.4975	0.44875888867958347	0.5462886727920879	0.495	0.0025	1.9442552390908363	0.36847358880863224	288.0	34.0	44.0	9.0	0.25456152237773494
54942	320	0.15	1.7	0.5	complete	midpoint_imputed_time	0.0	400	400	1.0	199	0.4975	0.44875888867958347	0.5462886727920879	0.495	0.0025	1.9442552390908363	0.36847358880863224	288.0	34.0	44.0	9.0	0.25456152237773494
54942	320	0.15	1.7	0.5	independent_20pct	full_latent_time_oracle	0.19947851562499996	400	400	1.0	254	0.635	0.5867439222120918	0.680687758317648	0.635	0.0	2.2851062754774003	0.37659497710820133	288.0	44.0	44.0	15.0	0.2966352765970469
54942	320	0.15	1.7	0.5	independent_20pct	ascertained_latent_time_oracle	0.19947851562499996	400	400	1.0	170	0.425	0.3774943812405543	0.4739324629095902	0.425	0.0	1.7193118408419905	0.36001493368301907	288.0	29.0	44.0	15.0	0.2966352765970469
54942	320	0.15	1.7	0.5	independent_20pct	detected_visit_time	0.19947851562499996	400	400	1.0	168	0.42	0.3726177182254857	0.4689042488680017	0.42	0.0	1.6877358498622992	0.35131265762024066	288.0	29.0	44.0	15.0	0.2966352765970469
54942	320	0.15	1.7	0.5	independent_20pct	midpoint_imputed_time	0.19947851562499996	400	400	1.0	168	0.42	0.3726177182254857	0.4689042488680017	0.42	0.0	1.680437458349448	0.3547439238500179	288.0	29.0	44.0	15.0	0.2966352765970469
54942	320	0.15	1.7	0.5	score_dependent_20pct	full_latent_time_oracle	0.19980273437499996	400	400	1.0	243	0.6075	0.5588413833413011	0.6541134733768252	0.6075	0.0	2.2845207690581333	0.3870146767374099	288.0	43.0	43.0	19.0	0.2918493402947917
54942	320	0.15	1.7	0.5	score_dependent_20pct	ascertained_latent_time_oracle	0.19980273437499996	400	400	1.0	51	0.1275	0.0983211891565858	0.1637654701224651	0.1275	0.0	0.842251664608482	0.1858107733984053	288.0	24.0	43.0	19.0	0.2918493402947917
54942	320	0.15	1.7	0.5	score_dependent_20pct	detected_visit_time	0.19980273437499996	400	400	1.0	47	0.1175	0.08952194095010377	0.15275496421563303	0.1175	0.0	0.8298455416858541	0.1879266628310041	288.0	24.0	43.0	19.0	0.2918493402947917
54942	320	0.15	1.7	0.5	score_dependent_20pct	midpoint_imputed_time	0.19980273437499996	400	400	1.0	45	0.1125	0.08514845878595949	0.14722356932312028	0.1125	0.0	0.8091854941044418	0.18419260017229638	288.0	24.0	43.0	19.0	0.2918493402947917
54942	320	0.15	1.7	0.5	joint_score_progression_risk_20pct	full_latent_time_oracle	0.200623046875	400	400	1.0	261	0.6525	0.6045847907403059	0.6975139594877335	0.6525	0.0	2.319023718605216	0.3954163062764102	288.0	43.0	43.0	22.0	0.2835597344676886
54942	320	0.15	1.7	0.5	joint_score_progression_risk_20pct	ascertained_latent_time_oracle	0.200623046875	400	399	0.9975	47	0.1175	0.08952194095010377	0.15275496421563303	0.1125	0.005	0.8638588183510868	0.21508337347099085	288.0	21.0	43.0	22.0	0.2835597344676886
54942	320	0.15	1.7	0.5	joint_score_progression_risk_20pct	detected_visit_time	0.200623046875	400	399	0.9975	42	0.105	0.07862372743733602	0.1388909850867582	0.1	0.005	0.848021667503361	0.2085370486609311	288.0	21.0	43.0	22.0	0.2835597344676886
54942	320	0.15	1.7	0.5	joint_score_progression_risk_20pct	midpoint_imputed_time	0.200623046875	400	399	0.9975	42	0.105	0.07862372743733602	0.1388909850867582	0.1	0.005	0.8559276645823032	0.20604831576955843	288.0	21.0	43.0	22.0	0.2835597344676886
54942	320	0.15	1.7	1.0	complete	full_latent_time_oracle	0.0	400	400	1.0	269	0.6725	0.6250583013725689	0.7166599570820987	0.6725	0.0	2.3549297845099266	0.3973589951082419	288.0	43.0	43.0	20.0	0.5189185752927548
54942	320	0.15	1.7	1.0	complete	ascertained_latent_time_oracle	0.0	400	399	0.9975	170	0.425	0.3774943812405543	0.4739324629095902	0.425	0.0	1.7863615404294737	0.40894515040341745	288.0	23.0	43.0	20.0	0.5189185752927548
54942	320	0.15	1.7	1.0	complete	detected_visit_time	0.0	400	399	0.9975	144	0.36	0.3144979076102711	0.40816553480333195	0.36	0.0	1.7047657675458463	0.3912015786817511	288.0	23.0	43.0	20.0	0.5189185752927548
54942	320	0.15	1.7	1.0	complete	midpoint_imputed_time	0.0	400	399	0.9975	144	0.36	0.3144979076102711	0.40816553480333195	0.36	0.0	1.7047657675458463	0.3912015786817511	288.0	23.0	43.0	20.0	0.5189185752927548
54942	320	0.15	1.7	1.0	independent_20pct	full_latent_time_oracle	0.200125	400	400	1.0	242	0.605	0.5563126557323714	0.6516897624574263	0.605	0.0	2.1938241343752414	0.36455817903815535	288.0	43.0	43.0	28.0	0.5229666792054473
54942	320	0.15	1.7	1.0	independent_20pct	ascertained_latent_time_oracle	0.200125	400	378	0.945	88	0.22	0.1821738927340146	0.2631529920931915	0.22	0.0	1.3000943947687755	0.37435262699710925	288.0	15.0	43.0	28.0	0.5229666792054473
54942	320	0.15	1.7	1.0	independent_20pct	detected_visit_time	0.200125	400	378	0.945	74	0.185	0.15000697382952777	0.22598577160107902	0.185	0.0	1.2648914234521054	0.3512469048978767	288.0	15.0	43.0	28.0	0.5229666792054473
54942	320	0.15	1.7	1.0	independent_20pct	midpoint_imputed_time	0.200125	400	378	0.945	74	0.185	0.15000697382952777	0.22598577160107902	0.185	0.0	1.2648914234521054	0.3512469048978767	288.0	15.0	43.0	28.0	0.5229666792054473
54942	320	0.15	1.7	1.0	score_dependent_20pct	full_latent_time_oracle	0.19968750000000002	400	400	1.0	248	0.62	0.5715045437377642	0.6662125056220047	0.62	0.0	2.2389257240933387	0.38166141010811294	288.0	42.0	42.0	30.0	0.5131508356135237
54942	320	0.15	1.7	1.0	score_dependent_20pct	ascertained_latent_time_oracle	0.19968750000000002	400	310	0.775	15	0.0375	0.022855029814710867	0.060943842444513396	0.0225	0.015	0.2657374137611493	0.08401844874811115	288.0	12.0	42.0	30.0	0.5131508356135237
54942	320	0.15	1.7	1.0	score_dependent_20pct	detected_visit_time	0.19968750000000002	400	310	0.775	13	0.0325	0.01908984237880045	0.0548041528237668	0.02	0.0125	0.25756485935511286	0.07752924524799784	288.0	12.0	42.0	30.0	0.5131508356135237
54942	320	0.15	1.7	1.0	score_dependent_20pct	midpoint_imputed_time	0.19968750000000002	400	310	0.775	13	0.0325	0.01908984237880045	0.0548041528237668	0.02	0.0125	0.25756485935511286	0.07752924524799785	288.0	12.0	42.0	30.0	0.5131508356135237
54942	320	0.15	1.7	1.0	joint_score_progression_risk_20pct	full_latent_time_oracle	0.20084375	400	400	1.0	243	0.6075	0.5588413833413011	0.6541134733768252	0.6075	0.0	2.228825247798574	0.37256895835441495	287.0	43.0	43.0	31.0	0.5034262792749007
54942	320	0.15	1.7	1.0	joint_score_progression_risk_20pct	ascertained_latent_time_oracle	0.20084375	400	303	0.7575	10	0.025	0.013635091745936023	0.045401587871645666	0.025	0.0	0.45403322111259875	0.13624004287298988	287.0	11.0	43.0	31.0	0.5034262792749007
54942	320	0.15	1.7	1.0	joint_score_progression_risk_20pct	detected_visit_time	0.20084375	400	303	0.7575	10	0.025	0.013635091745936023	0.045401587871645666	0.025	0.0	0.4356884629210637	0.1321564527062948	287.0	11.0	43.0	31.0	0.5034262792749007
54942	320	0.15	1.7	1.0	joint_score_progression_risk_20pct	midpoint_imputed_time	0.20084375	400	303	0.7575	10	0.025	0.013635091745936023	0.045401587871645666	0.025	0.0	0.4356884629210637	0.1321564527062948	287.0	11.0	43.0	31.0	0.5034262792749007
54942	320	0.3	1.0	0.25	complete	full_latent_time_oracle	0.0	400	400	1.0	15	0.0375	0.022855029814710867	0.060943842444513396	0.0175	0.02	0.06724688135145532	0.008066347671099889	288.0	86.0	86.0	8.0	0.12610418035689674
54942	320	0.3	1.0	0.25	complete	ascertained_latent_time_oracle	0.0	400	400	1.0	23	0.0575	0.038617542757733075	0.08480083772811935	0.03	0.0275	0.07543510007173594	0.00928941657129655	288.0	78.0	86.0	8.0	0.12610418035689674
54942	320	0.3	1.0	0.25	complete	detected_visit_time	0.0	400	400	1.0	22	0.055	0.03659849414955068	0.08186744780797323	0.0275	0.0275	0.09600372243907011	0.011261935193229548	288.0	78.0	86.0	8.0	0.12610418035689674
54942	320	0.3	1.0	0.25	complete	midpoint_imputed_time	0.0	400	400	1.0	22	0.055	0.03659849414955068	0.08186744780797323	0.0275	0.0275	0.09600372243907011	0.011261935193229548	288.0	78.0	86.0	8.0	0.12610418035689674
54942	320	0.3	1.0	0.25	independent_20pct	full_latent_time_oracle	0.200068359375	400	400	1.0	20	0.05	0.03259742983714726	0.07596363506371961	0.0225	0.0275	-0.1310210928558778	-0.015349354575378506	289.0	86.0	86.0	13.0	0.15312712141102508
54942	320	0.3	1.0	0.25	independent_20pct	ascertained_latent_time_oracle	0.200068359375	400	400	1.0	24	0.06	0.040647970113724695	0.0877228489004562	0.0175	0.0425	-0.08152701338168247	-0.010869985159495055	289.0	74.0	86.0	13.0	0.15312712141102508
54942	320	0.3	1.0	0.25	independent_20pct	detected_visit_time	0.200068359375	400	400	1.0	22	0.055	0.03659849414955068	0.08186744780797323	0.0175	0.0375	-0.08099115334793952	-0.010733688681755475	289.0	74.0	86.0	13.0	0.15312712141102508
54942	320	0.3	1.0	0.25	independent_20pct	midpoint_imputed_time	0.200068359375	400	400	1.0	23	0.0575	0.038617542757733075	0.08480083772811935	0.02	0.0375	-0.08096641581250129	-0.011100441913891972	289.0	74.0	86.0	13.0	0.15312712141102508
54942	320	0.3	1.0	0.25	score_dependent_20pct	full_latent_time_oracle	0.200021484375	400	400	1.0	21	0.0525	0.034591528357920405	0.07892197507127496	0.02	0.0325	-0.00951038302462137	-0.0010904043110542586	287.0	87.0	87.0	15.0	0.15301489131451856
54942	320	0.3	1.0	0.25	score_dependent_20pct	ascertained_latent_time_oracle	0.200021484375	400	400	1.0	35	0.0875	0.06358691021150324	0.11926073261429136	0.01	0.0775	-0.47217031641313434	-0.059855485925051924	287.0	72.0	87.0	15.0	0.15301489131451856
54942	320	0.3	1.0	0.25	score_dependent_20pct	detected_visit_time	0.200021484375	400	400	1.0	34	0.085	0.0614630200239382	0.11643218427352792	0.01	0.075	-0.4861174396074808	-0.06299066580750359	287.0	72.0	87.0	15.0	0.15301489131451856
54942	320	0.3	1.0	0.25	score_dependent_20pct	midpoint_imputed_time	0.200021484375	400	400	1.0	33	0.0825	0.05934587622971528	0.1135968895394223	0.01	0.0725	-0.4662069626568921	-0.05997995284635578	287.0	72.0	87.0	15.0	0.15301489131451856
54942	320	0.3	1.0	0.25	joint_score_progression_risk_20pct	full_latent_time_oracle	0.19984179687500003	400	400	1.0	29	0.0725	0.05095051840227673	0.10218249325354675	0.0325	0.04	0.022691656072884744	0.0027120586565552115	288.0	86.0	86.0	21.0	0.1472774452789479
54942	320	0.3	1.0	0.25	joint_score_progression_risk_20pct	ascertained_latent_time_oracle	0.19984179687500003	400	400	1.0	66	0.165	0.13184503236772813	0.2045282048362506	0.0	0.165	-0.8239611818182921	-0.1141280515619254	288.0	65.0	86.0	21.0	0.1472774452789479
54942	320	0.3	1.0	0.25	joint_score_progression_risk_20pct	detected_visit_time	0.19984179687500003	400	400	1.0	63	0.1575	0.1250811291822658	0.19643479243672732	0.0	0.1575	-0.8054925065405862	-0.11329372909826854	288.0	65.0	86.0	21.0	0.1472774452789479
54942	320	0.3	1.0	0.25	joint_score_progression_risk_20pct	midpoint_imputed_time	0.19984179687500003	400	400	1.0	63	0.1575	0.1250811291822658	0.19643479243672732	0.0	0.1575	-0.8034849722427131	-0.11118482023849749	288.0	65.0	86.0	21.0	0.1472774452789479
54942	320	0.3	1.0	0.5	complete	full_latent_time_oracle	0.0	400	400	1.0	17	0.0425	0.026701694991131116	0.06700205432475019	0.0325	0.01	0.013967390493119996	0.0016396347121564597	288.0	86.0	86.0	17.0	0.25515671102407833
54942	320	0.3	1.0	0.5	complete	ascertained_latent_time_oracle	0.0	400	400	1.0	16	0.04	0.024769063069711758	0.06398224771784103	0.0225	0.0175	-0.04500101554132079	-0.005555945403506249	288.0	69.0	86.0	17.0	0.25515671102407833
54942	320	0.3	1.0	0.5	complete	detected_visit_time	0.0	400	400	1.0	13	0.0325	0.01908984237880045	0.0548041528237668	0.02	0.0125	-0.04471718265189283	-0.006144151852007662	288.0	69.0	86.0	17.0	0.25515671102407833
54942	320	0.3	1.0	0.5	complete	midpoint_imputed_time	0.0	400	400	1.0	13	0.0325	0.01908984237880045	0.0548041528237668	0.02	0.0125	-0.04471718265189283	-0.006144151852007662	288.0	69.0	86.0	17.0	0.25515671102407833
54942	320	0.3	1.0	0.5	independent_20pct	full_latent_time_oracle	0.20037499999999997	400	400	1.0	16	0.04	0.024769063069711758	0.06398224771784103	0.0275	0.0125	-0.07316683422562517	-0.008657242542247843	288.0	86.0	86.0	27.0	0.295000126695552
54942	320	0.3	1.0	0.5	independent_20pct	ascertained_latent_time_oracle	0.20037499999999997	400	400	1.0	12	0.03	0.017243020965143054	0.05169853570909567	0.0175	0.0125	-0.02925383069115852	-0.004347955076880631	288.0	59.0	86.0	27.0	0.295000126695552
54942	320	0.3	1.0	0.5	independent_20pct	detected_visit_time	0.20037499999999997	400	400	1.0	8	0.02	0.010168386791664645	0.03896341576926	0.01	0.01	-0.010161129459426096	-0.0014343747111486048	288.0	59.0	86.0	27.0	0.295000126695552
54942	320	0.3	1.0	0.5	independent_20pct	midpoint_imputed_time	0.20037499999999997	400	400	1.0	8	0.02	0.010168386791664645	0.03896341576926	0.0125	0.0075	-0.015935046749291925	-0.002179138647292868	288.0	59.0	86.0	27.0	0.295000126695552
54942	320	0.3	1.0	0.5	score_dependent_20pct	full_latent_time_oracle	0.19979296874999997	400	400	1.0	18	0.045	0.028651458653886006	0.07000472919032381	0.0175	0.0275	0.005390137579723792	0.0006165481490422084	288.0	87.0	87.0	30.0	0.2892658709621604
54942	320	0.3	1.0	0.5	score_dependent_20pct	ascertained_latent_time_oracle	0.19979296874999997	400	400	1.0	50	0.125	0.09611512323676381	0.1610190975139586	0.0025	0.1225	-0.8883395400186698	-0.13486123562906804	288.0	56.0	87.0	30.0	0.2892658709621604
54942	320	0.3	1.0	0.5	score_dependent_20pct	detected_visit_time	0.19979296874999997	400	400	1.0	48	0.12	0.09171539075382554	0.15551395294023979	0.0025	0.1175	-0.8623629702312787	-0.1310469662352371	288.0	56.0	87.0	30.0	0.2892658709621604
54942	320	0.3	1.0	0.5	score_dependent_20pct	midpoint_imputed_time	0.19979296874999997	400	400	1.0	47	0.1175	0.08952194095010377	0.15275496421563303	0.0025	0.115	-0.8826954721745229	-0.13107780498646054	288.0	56.0	87.0	30.0	0.2892658709621604
54942	320	0.3	1.0	0.5	joint_score_progression_risk_20pct	full_latent_time_oracle	0.1995703125	400	400	1.0	20	0.05	0.03259742983714726	0.07596363506371961	0.02	0.03	0.0607248783538091	0.006880278904834419	288.0	86.5	86.5	34.5	0.28046231916100656
54942	320	0.3	1.0	0.5	joint_score_progression_risk_20pct	ascertained_latent_time_oracle	0.1995703125	400	400	1.0	67	0.1675	0.1341055740674824	0.2072201016648248	0.0	0.1675	-1.0688395882487143	-0.16734046487981305	288.0	52.0	86.5	34.5	0.28046231916100656
54942	320	0.3	1.0	0.5	joint_score_progression_risk_20pct	detected_visit_time	0.1995703125	400	400	1.0	60	0.15	0.11834499530337544	0.18831361073063213	0.0	0.15	-1.029123661808583	-0.1627452183612057	288.0	52.0	86.5	34.5	0.28046231916100656
54942	320	0.3	1.0	0.5	joint_score_progression_risk_20pct	midpoint_imputed_time	0.1995703125	400	400	1.0	57	0.1425	0.1116383145426319	0.18016297590639008	0.0	0.1425	-1.038516403786877	-0.16292735971969508	288.0	52.0	86.5	34.5	0.28046231916100656
54942	320	0.3	1.0	1.0	complete	full_latent_time_oracle	0.0	400	400	1.0	19	0.0475	0.030617076962711882	0.07299154940982647	0.0275	0.02	-0.038032088324710694	-0.004541395122731636	288.0	86.0	86.0	36.0	0.5462955869214494
54942	320	0.3	1.0	1.0	complete	ascertained_latent_time_oracle	0.0	400	400	1.0	15	0.0375	0.022855029814710867	0.060943842444513396	0.01	0.0275	-0.03301671127101944	-0.005293787720087434	288.0	50.0	86.0	36.0	0.5462955869214494
54942	320	0.3	1.0	1.0	complete	detected_visit_time	0.0	400	400	1.0	11	0.0275	0.015423636260295411	0.048565481885614784	0.01	0.0175	-0.0060407481940793935	-0.0009818572466776662	288.0	50.0	86.0	36.0	0.5462955869214494
54942	320	0.3	1.0	1.0	complete	midpoint_imputed_time	0.0	400	400	1.0	11	0.0275	0.015423636260295411	0.048565481885614784	0.01	0.0175	-0.0060407481940793935	-0.0009818572466776662	288.0	50.0	86.0	36.0	0.5462955869214494
54942	320	0.3	1.0	1.0	independent_20pct	full_latent_time_oracle	0.1999375	400	400	1.0	19	0.0475	0.030617076962711882	0.07299154940982647	0.015	0.0325	-0.06412648042432517	-0.007547301676779819	288.0	87.5	87.5	55.0	0.53672963440563
54942	320	0.3	1.0	1.0	independent_20pct	ascertained_latent_time_oracle	0.1999375	400	400	1.0	18	0.045	0.028651458653886006	0.07000472919032381	0.02	0.025	-0.004092091824896412	-0.0008735045005380901	288.0	32.0	87.5	55.0	0.53672963440563
54942	320	0.3	1.0	1.0	independent_20pct	detected_visit_time	0.1999375	400	400	1.0	14	0.035	0.02096129419797776	0.057885139532918004	0.0175	0.0175	0.0014663986014105232	0.0003702391849150744	288.0	32.0	87.5	55.0	0.53672963440563
54942	320	0.3	1.0	1.0	independent_20pct	midpoint_imputed_time	0.1999375	400	400	1.0	14	0.035	0.02096129419797776	0.057885139532918004	0.0175	0.0175	0.0014663986014104655	0.0003702391849150683	288.0	32.0	87.5	55.0	0.53672963440563
54942	320	0.3	1.0	1.0	score_dependent_20pct	full_latent_time_oracle	0.19937109374999995	400	400	1.0	22	0.055	0.03659849414955068	0.08186744780797323	0.0275	0.0275	0.05218018369497328	0.005940514067134799	288.0	88.0	88.0	55.0	0.5352916665443849
54942	320	0.3	1.0	1.0	score_dependent_20pct	ascertained_latent_time_oracle	0.19937109374999995	400	400	1.0	77	0.1925	0.156861025193276	0.2339890358223164	0.0	0.1925	-0.9911932609617007	-0.20052268769541048	288.0	32.0	88.0	55.0	0.5352916665443849
54942	320	0.3	1.0	1.0	score_dependent_20pct	detected_visit_time	0.19937109374999995	400	400	1.0	67	0.1675	0.1341055740674824	0.2072201016648248	0.0	0.1675	-0.9622621724780687	-0.1945021768258325	288.0	32.0	88.0	55.0	0.5352916665443849
54942	320	0.3	1.0	1.0	score_dependent_20pct	midpoint_imputed_time	0.19937109374999995	400	400	1.0	67	0.1675	0.1341055740674824	0.2072201016648248	0.0	0.1675	-0.9622621724780689	-0.19450217682583257	288.0	32.0	88.0	55.0	0.5352916665443849
54942	320	0.3	1.0	1.0	joint_score_progression_risk_20pct	full_latent_time_oracle	0.19982812500000002	400	400	1.0	20	0.05	0.03259742983714726	0.07596363506371961	0.03	0.02	-0.031128043854480338	-0.0037008513479585446	288.5	86.5	86.5	56.0	0.520231580558339
54942	320	0.3	1.0	1.0	joint_score_progression_risk_20pct	ascertained_latent_time_oracle	0.19982812500000002	400	400	1.0	81	0.2025	0.16603379503442495	0.24462602009448153	0.005	0.1975	-1.1494285245669518	-0.23547393962516613	288.5	30.0	86.5	56.0	0.520231580558339
54942	320	0.3	1.0	1.0	joint_score_progression_risk_20pct	detected_visit_time	0.19982812500000002	400	400	1.0	63	0.1575	0.1250811291822658	0.19643479243672732	0.005	0.1525	-1.0748340873834952	-0.22401717942379826	288.5	30.0	86.5	56.0	0.520231580558339
54942	320	0.3	1.0	1.0	joint_score_progression_risk_20pct	midpoint_imputed_time	0.19982812500000002	400	400	1.0	63	0.1575	0.1250811291822658	0.19643479243672732	0.005	0.1525	-1.0748340873834952	-0.22401717942379826	288.5	30.0	86.5	56.0	0.520231580558339
54942	320	0.3	1.7	0.25	complete	full_latent_time_oracle	0.0	400	400	1.0	349	0.8725	0.836234529877535	0.9016788108434143	0.8725	0.0	3.126337130309113	0.36996147677901586	289.0	86.0	86.0	8.0	0.12765241476060757
54942	320	0.3	1.7	0.25	complete	ascertained_latent_time_oracle	0.0	400	400	1.0	339	0.8475	0.8089761434535727	0.8794128119840912	0.8475	0.0	3.0056626535568767	0.37788938610343115	289.0	79.0	86.0	8.0	0.12765241476060757
54942	320	0.3	1.7	0.25	complete	detected_visit_time	0.0	400	400	1.0	335	0.8375	0.7981666097704109	0.870412591553939	0.8375	0.0	2.9217613985064887	0.3649814812344848	289.0	79.0	86.0	8.0	0.12765241476060757
54942	320	0.3	1.7	0.25	complete	midpoint_imputed_time	0.0	400	400	1.0	335	0.8375	0.7981666097704109	0.870412591553939	0.8375	0.0	2.9217613985064887	0.3649814812344848	289.0	79.0	86.0	8.0	0.12765241476060757
54942	320	0.3	1.7	0.25	independent_20pct	full_latent_time_oracle	0.19937988281249996	400	400	1.0	341	0.8525	0.8143999058527144	0.8838939266416067	0.8525	0.0	3.040471882342693	0.36557779319753314	288.0	86.0	86.0	12.0	0.15530132670819255
54942	320	0.3	1.7	0.25	independent_20pct	ascertained_latent_time_oracle	0.19937988281249996	400	400	1.0	322	0.805	0.7633481418022936	0.8408493586537855	0.805	0.0	2.8359904398394384	0.36243822344024046	288.0	74.0	86.0	12.0	0.15530132670819255
54942	320	0.3	1.7	0.25	independent_20pct	detected_visit_time	0.19937988281249996	400	400	1.0	317	0.7925	0.7500694660392275	0.829365841775209	0.7925	0.0	2.7271106873037883	0.3496453638806041	288.0	74.0	86.0	12.0	0.15530132670819255
54942	320	0.3	1.7	0.25	independent_20pct	midpoint_imputed_time	0.19937988281249996	400	400	1.0	321	0.8025	0.7606877261203903	0.8385573358073602	0.8025	0.0	2.770141487570344	0.35325229611942655	288.0	74.0	86.0	12.0	0.15530132670819255
54942	320	0.3	1.7	0.25	score_dependent_20pct	full_latent_time_oracle	0.20019628906249998	400	400	1.0	349	0.8725	0.836234529877535	0.9016788108434143	0.8725	0.0	3.175167205024115	0.3741449791809197	288.0	86.0	86.0	17.0	0.16070801732580253
54942	320	0.3	1.7	0.25	score_dependent_20pct	ascertained_latent_time_oracle	0.20019628906249998	400	400	1.0	212	0.53	0.4810361559058216	0.5783931064341206	0.53	0.0	2.0260921268388294	0.27287327005068507	288.0	69.0	86.0	17.0	0.16070801732580253
54942	320	0.3	1.7	0.25	score_dependent_20pct	detected_visit_time	0.20019628906249998	400	400	1.0	194	0.485	0.4363989291617392	0.5338864396682897	0.485	0.0	1.9304458512897726	0.2559836822617287	288.0	69.0	86.0	17.0	0.16070801732580253
54942	320	0.3	1.7	0.25	score_dependent_20pct	midpoint_imputed_time	0.20019628906249998	400	400	1.0	206	0.515	0.46611356033171036	0.5636010708382608	0.515	0.0	2.008745118784185	0.2661625618663925	288.0	69.0	86.0	17.0	0.16070801732580253
54942	320	0.3	1.7	0.25	joint_score_progression_risk_20pct	full_latent_time_oracle	0.2001201171875	400	400	1.0	347	0.8675	0.8307536803033191	0.897254783360973	0.8675	0.0	3.0576178990406744	0.3626289209724848	288.0	86.0	86.0	24.0	0.15188478754632379
54942	320	0.3	1.7	0.25	joint_score_progression_risk_20pct	ascertained_latent_time_oracle	0.2001201171875	400	400	1.0	149	0.3725	0.3265438629583563	0.4208817720968893	0.3725	0.0	1.6794960520594326	0.23547791075449712	288.0	62.0	86.0	24.0	0.15188478754632379
54942	320	0.3	1.7	0.25	joint_score_progression_risk_20pct	detected_visit_time	0.2001201171875	400	400	1.0	144	0.36	0.3144979076102711	0.40816553480333195	0.36	0.0	1.6342113619196996	0.23119986181682736	288.0	62.0	86.0	24.0	0.15188478754632379
54942	320	0.3	1.7	0.25	joint_score_progression_risk_20pct	midpoint_imputed_time	0.2001201171875	400	400	1.0	143	0.3575	0.3120927823653414	0.40561822151993315	0.3575	0.0	1.645290192466248	0.23201454318403586	288.0	62.0	86.0	24.0	0.15188478754632379
54942	320	0.3	1.7	0.5	complete	full_latent_time_oracle	0.0	400	400	1.0	344	0.86	0.8225607694538968	0.8905903786254097	0.86	0.0	2.965890935664012	0.35339628437081727	288.0	86.0	86.0	16.0	0.26455389408771046
54942	320	0.3	1.7	0.5	complete	ascertained_latent_time_oracle	0.0	400	400	1.0	320	0.8	0.758029683133299	0.8362629402661231	0.8	0.0	2.7641530585917273	0.3663307326330284	288.0	70.0	86.0	16.0	0.26455389408771046
54942	320	0.3	1.7	0.5	complete	detected_visit_time	0.0	400	400	1.0	301	0.7525	0.7079392288053334	0.7922570625558467	0.7525	0.0	2.580941892344862	0.34257305795417237	288.0	70.0	86.0	16.0	0.26455389408771046
54942	320	0.3	1.7	0.5	complete	midpoint_imputed_time	0.0	400	400	1.0	301	0.7525	0.7079392288053334	0.7922570625558467	0.7525	0.0	2.580941892344862	0.34257305795417237	288.0	70.0	86.0	16.0	0.26455389408771046
54942	320	0.3	1.7	0.5	independent_20pct	full_latent_time_oracle	0.19993164062500002	400	400	1.0	359	0.8975	0.8638965789864277	0.9235411470178065	0.8975	0.0	3.1503707704813495	0.37671921744503833	288.0	87.0	87.0	26.0	0.3015957305619257
54942	320	0.3	1.7	0.5	independent_20pct	ascertained_latent_time_oracle	0.19993164062500002	400	400	1.0	304	0.76	0.715799603858965	0.7992540030872007	0.76	0.0	2.632775820806227	0.37737523484509594	288.0	60.0	87.0	26.0	0.3015957305619257
54942	320	0.3	1.7	0.5	independent_20pct	detected_visit_time	0.19993164062500002	400	400	1.0	283	0.7075	0.6611144240081159	0.7499379738431511	0.7075	0.0	2.498967632265935	0.34986013557754325	288.0	60.0	87.0	26.0	0.3015957305619257
54942	320	0.3	1.7	0.5	independent_20pct	midpoint_imputed_time	0.19993164062500002	400	400	1.0	290	0.725	0.6792581922605757	0.7664612752889909	0.725	0.0	2.534439085100484	0.35416989675826926	288.0	60.0	87.0	26.0	0.3015957305619257
54942	320	0.3	1.7	0.5	score_dependent_20pct	full_latent_time_oracle	0.20021289062500003	400	400	1.0	337	0.8425	0.8035652075632727	0.8749188708177342	0.8425	0.0	3.018840010962183	0.3578400886276065	288.0	86.0	86.0	33.0	0.3022016227919673
54942	320	0.3	1.7	0.5	score_dependent_20pct	ascertained_latent_time_oracle	0.20021289062500003	400	400	1.0	73	0.1825	0.14772734739355886	0.22331295950871943	0.1825	0.0	1.0548772673354998	0.16251118760424774	288.0	52.0	86.0	33.0	0.3022016227919673
54942	320	0.3	1.7	0.5	score_dependent_20pct	detected_visit_time	0.20021289062500003	400	400	1.0	67	0.1675	0.1341055740674824	0.2072201016648248	0.1675	0.0	1.0268847806440224	0.15689981938271913	288.0	52.0	86.0	33.0	0.3022016227919673
54942	320	0.3	1.7	0.5	score_dependent_20pct	midpoint_imputed_time	0.20021289062500003	400	400	1.0	66	0.165	0.13184503236772813	0.2045282048362506	0.165	0.0	1.0201704783271377	0.15587059181230078	288.0	52.0	86.0	33.0	0.3022016227919673
54942	320	0.3	1.7	0.5	joint_score_progression_risk_20pct	full_latent_time_oracle	0.20033398437500005	400	400	1.0	354	0.885	0.850008455984224	0.9126670773783676	0.885	0.0	3.1157212078116654	0.3744819262074499	288.0	87.0	87.0	38.0	0.285349560800567
54942	320	0.3	1.7	0.5	joint_score_progression_risk_20pct	ascertained_latent_time_oracle	0.20033398437500005	400	400	1.0	81	0.2025	0.16603379503442495	0.24462602009448153	0.2	0.0025	1.278355889493207	0.20546272380549926	288.0	49.0	87.0	38.0	0.285349560800567
54942	320	0.3	1.7	0.5	joint_score_progression_risk_20pct	detected_visit_time	0.20033398437500005	400	400	1.0	69	0.1725	0.13863520728428091	0.2125953455046833	0.1725	0.0	1.2300404814348562	0.19943074539246086	288.0	49.0	87.0	38.0	0.285349560800567
54942	320	0.3	1.7	0.5	joint_score_progression_risk_20pct	midpoint_imputed_time	0.20033398437500005	400	400	1.0	71	0.1775	0.14317591908715524	0.217959510758466	0.1775	0.0	1.2184744472729707	0.2021767540535724	288.0	49.0	87.0	38.0	0.285349560800567
54942	320	0.3	1.7	1.0	complete	full_latent_time_oracle	0.0	400	400	1.0	347	0.8675	0.8307536803033191	0.897254783360973	0.8675	0.0	3.0790416781627274	0.36207420537724044	288.0	86.0	86.0	35.0	0.557364739918426
54942	320	0.3	1.7	1.0	complete	ascertained_latent_time_oracle	0.0	400	400	1.0	283	0.7075	0.6611144240081159	0.7499379738431511	0.7075	0.0	2.4944232052565023	0.383212200369954	288.0	51.0	86.0	35.0	0.557364739918426
54942	320	0.3	1.7	1.0	complete	detected_visit_time	0.0	400	400	1.0	238	0.595	0.5462106166004184	0.6419820474760654	0.595	0.0	2.1750172414925473	0.33753332713268014	288.0	51.0	86.0	35.0	0.557364739918426
54942	320	0.3	1.7	1.0	complete	midpoint_imputed_time	0.0	400	400	1.0	238	0.595	0.5462106166004184	0.6419820474760654	0.595	0.0	2.1750172414925473	0.33753332713268014	288.0	51.0	86.0	35.0	0.557364739918426
54942	320	0.3	1.7	1.0	independent_20pct	full_latent_time_oracle	0.19972265624999996	400	400	1.0	353	0.8825	0.8472450357843669	0.9104780590498961	0.8825	0.0	3.0951429484435025	0.3632252899480739	288.0	86.0	86.0	54.0	0.5544568194028592
54942	320	0.3	1.7	1.0	independent_20pct	ascertained_latent_time_oracle	0.19972265624999996	400	400	1.0	195	0.4875	0.4388685044431795	0.5363693029151779	0.4875	0.0	1.921639923629285	0.37293924895345965	288.0	33.0	86.0	54.0	0.5544568194028592
54942	320	0.3	1.7	1.0	independent_20pct	detected_visit_time	0.19972265624999996	400	400	1.0	173	0.4325	0.3848187370706328	0.48146542266449727	0.4325	0.0	1.7706223345835972	0.34020024757078837	288.0	33.0	86.0	54.0	0.5544568194028592
54942	320	0.3	1.7	1.0	independent_20pct	midpoint_imputed_time	0.19972265624999996	400	400	1.0	173	0.4325	0.3848187370706328	0.48146542266449727	0.4325	0.0	1.7706223345835972	0.3402002475707883	288.0	33.0	86.0	54.0	0.5544568194028592
54942	320	0.3	1.7	1.0	score_dependent_20pct	full_latent_time_oracle	0.2003359375	400	400	1.0	339	0.8475	0.8089761434535727	0.8794128119840912	0.8475	0.0	3.047314614731304	0.3650320512240146	288.0	86.0	86.0	59.0	0.5350772406587441
54942	320	0.3	1.7	1.0	score_dependent_20pct	ascertained_latent_time_oracle	0.2003359375	400	399	0.9975	19	0.0475	0.030617076962711882	0.07299154940982647	0.0325	0.015	0.3067684722979608	0.06522761269821968	288.0	27.0	86.0	59.0	0.5350772406587441
54942	320	0.3	1.7	1.0	score_dependent_20pct	detected_visit_time	0.2003359375	400	399	0.9975	13	0.0325	0.01908984237880045	0.0548041528237668	0.0275	0.005	0.3027401827496914	0.06633472605181091	288.0	27.0	86.0	59.0	0.5350772406587441
54942	320	0.3	1.7	1.0	score_dependent_20pct	midpoint_imputed_time	0.2003359375	400	399	0.9975	13	0.0325	0.01908984237880045	0.0548041528237668	0.0275	0.005	0.3027401827496915	0.0663347260518109	288.0	27.0	86.0	59.0	0.5350772406587441
54942	320	0.3	1.7	1.0	joint_score_progression_risk_20pct	full_latent_time_oracle	0.20055078125000003	400	400	1.0	334	0.835	0.7954717951637494	0.8681549676322718	0.835	0.0	3.0636500517215417	0.3669074293153415	288.0	86.0	86.0	59.0	0.5341040087395499
54942	320	0.3	1.7	1.0	joint_score_progression_risk_20pct	ascertained_latent_time_oracle	0.20055078125000003	400	400	1.0	40	0.1	0.07429925914003437	0.13331057632740284	0.0925	0.0075	0.7137038717241212	0.15498824116076138	288.0	27.0	86.0	59.0	0.5341040087395499
54942	320	0.3	1.7	1.0	joint_score_progression_risk_20pct	detected_visit_time	0.20055078125000003	400	400	1.0	30	0.075	0.05303774392284765	0.10504770626130436	0.0675	0.0075	0.6636861779647463	0.14148767709919452	288.0	27.0	86.0	59.0	0.5341040087395499
54942	320	0.3	1.7	1.0	joint_score_progression_risk_20pct	midpoint_imputed_time	0.20055078125000003	400	400	1.0	30	0.075	0.05303774392284765	0.10504770626130436	0.0675	0.0075	0.6636861779647463	0.14148767709919452	288.0	27.0	86.0	59.0	0.5341040087395499
54943	120	0.15	1.0	0.25	complete	full_latent_time_oracle	0.0	400	390	0.975	17	0.0425	0.026701694991131116	0.06700205432475019	0.0275	0.015	0.02198892888210535	0.006049413131976973	108.0	16.0	16.0	2.0	0.12787208862328106
54943	120	0.15	1.0	0.25	complete	ascertained_latent_time_oracle	0.0	400	374	0.935	19	0.0475	0.030617076962711882	0.07299154940982647	0.025	0.0225	0.05969724017091099	0.017155788675345597	108.0	14.0	16.0	2.0	0.12787208862328106
54943	120	0.15	1.0	0.25	complete	detected_visit_time	0.0	400	374	0.935	18	0.045	0.028651458653886006	0.07000472919032381	0.025	0.02	0.04809048032096117	0.015761482923098855	108.0	14.0	16.0	2.0	0.12787208862328106
54943	120	0.15	1.0	0.25	complete	midpoint_imputed_time	0.0	400	374	0.935	18	0.045	0.028651458653886006	0.07000472919032381	0.025	0.02	0.04809048032096117	0.015761482923098855	108.0	14.0	16.0	2.0	0.12787208862328106
54943	120	0.15	1.0	0.25	independent_20pct	full_latent_time_oracle	0.20078906249999995	400	393	0.9825	13	0.0325	0.01908984237880045	0.0548041528237668	0.0175	0.015	0.13558428910633313	0.037578169463944475	108.0	17.0	17.0	3.0	0.15537290754221486
54943	120	0.15	1.0	0.25	independent_20pct	ascertained_latent_time_oracle	0.20078906249999995	400	356	0.89	16	0.04	0.024769063069711758	0.06398224771784103	0.0175	0.0225	0.1357433014522973	0.039019847662225736	108.0	14.0	17.0	3.0	0.15537290754221486
54943	120	0.15	1.0	0.25	independent_20pct	detected_visit_time	0.20078906249999995	400	356	0.89	15	0.0375	0.022855029814710867	0.060943842444513396	0.015	0.0225	0.13862270544448202	0.03957891646469259	108.0	14.0	17.0	3.0	0.15537290754221486
54943	120	0.15	1.0	0.25	independent_20pct	midpoint_imputed_time	0.20078906249999995	400	356	0.89	16	0.04	0.024769063069711758	0.06398224771784103	0.0175	0.0225	0.12362126858472261	0.037433993935308225	108.0	14.0	17.0	3.0	0.15537290754221486
54943	120	0.15	1.0	0.25	score_dependent_20pct	full_latent_time_oracle	0.19973437500000002	400	387	0.9675	15	0.0375	0.022855029814710867	0.060943842444513396	0.025	0.0125	-0.02604726270893237	-0.006321743511461844	108.0	16.0	16.0	3.0	0.15157226133175616
54943	120	0.15	1.0	0.25	score_dependent_20pct	ascertained_latent_time_oracle	0.19973437500000002	400	337	0.8425	6	0.015	0.006892291919440893	0.03233463358482672	0.005	0.01	-0.14942704336026688	-0.05335104913766185	108.0	13.0	16.0	3.0	0.15157226133175616
54943	120	0.15	1.0	0.25	score_dependent_20pct	detected_visit_time	0.19973437500000002	400	337	0.8425	6	0.015	0.006892291919440893	0.03233463358482672	0.005	0.01	-0.15141847957412752	-0.048393614658583974	108.0	13.0	16.0	3.0	0.15157226133175616
54943	120	0.15	1.0	0.25	score_dependent_20pct	midpoint_imputed_time	0.19973437500000002	400	337	0.8425	6	0.015	0.006892291919440893	0.03233463358482672	0.005	0.01	-0.15573971995502955	-0.04949832101190329	108.0	13.0	16.0	3.0	0.15157226133175616
54943	120	0.15	1.0	0.25	joint_score_progression_risk_20pct	full_latent_time_oracle	0.2003125	400	391	0.9775	21	0.0525	0.034591528357920405	0.07892197507127496	0.025	0.0275	0.0049776433852860005	0.0013208572051115037	108.0	16.0	16.0	4.0	0.14638476626898891
54943	120	0.15	1.0	0.25	joint_score_progression_risk_20pct	ascertained_latent_time_oracle	0.2003125	400	299	0.7475	16	0.04	0.024769063069711758	0.06398224771784103	0.005	0.035	-0.3690301513052249	-0.1144347159863047	108.0	12.0	16.0	4.0	0.14638476626898891
54943	120	0.15	1.0	0.25	joint_score_progression_risk_20pct	detected_visit_time	0.2003125	400	299	0.7475	14	0.035	0.02096129419797776	0.057885139532918004	0.0025	0.0325	-0.3702184016977719	-0.11290344970409238	108.0	12.0	16.0	4.0	0.14638476626898891
54943	120	0.15	1.0	0.25	joint_score_progression_risk_20pct	midpoint_imputed_time	0.2003125	400	299	0.7475	14	0.035	0.02096129419797776	0.057885139532918004	0.0025	0.0325	-0.3583237981967991	-0.11093309563671563	108.0	12.0	16.0	4.0	0.14638476626898891
54943	120	0.15	1.0	0.5	complete	full_latent_time_oracle	0.0	400	389	0.9725	19	0.0475	0.030617076962711882	0.07299154940982647	0.0225	0.025	-0.053448897099749246	-0.014366969098350193	108.0	16.0	16.0	3.0	0.25356122161993955
54943	120	0.15	1.0	0.5	complete	ascertained_latent_time_oracle	0.0	400	319	0.7975	15	0.0375	0.022855029814710867	0.060943842444513396	0.015	0.0225	-0.0236000975412711	-0.006866658719403966	108.0	12.5	16.0	3.0	0.25356122161993955
54943	120	0.15	1.0	0.5	complete	detected_visit_time	0.0	400	319	0.7975	13	0.0325	0.01908984237880045	0.0548041528237668	0.01	0.0225	-0.0035405725680387585	-0.0010228615629970096	108.0	12.5	16.0	3.0	0.25356122161993955
54943	120	0.15	1.0	0.5	complete	midpoint_imputed_time	0.0	400	319	0.7975	13	0.0325	0.01908984237880045	0.0548041528237668	0.01	0.0225	-0.0035405725680387585	-0.0010228615629970096	108.0	12.5	16.0	3.0	0.25356122161993955
54943	120	0.15	1.0	0.5	independent_20pct	full_latent_time_oracle	0.19947395833333337	400	391	0.9775	23	0.0575	0.038617542757733075	0.08480083772811935	0.025	0.0325	0.03101045226217365	0.00897219983887494	108.0	16.0	16.0	5.0	0.2840164761243492
54943	120	0.15	1.0	0.5	independent_20pct	ascertained_latent_time_oracle	0.19947395833333337	400	248	0.62	11	0.0275	0.015423636260295411	0.048565481885614784	0.01	0.0175	0.14112885743062836	0.04291811996110867	108.0	10.0	16.0	5.0	0.2840164761243492
54943	120	0.15	1.0	0.5	independent_20pct	detected_visit_time	0.19947395833333337	400	248	0.62	11	0.0275	0.015423636260295411	0.048565481885614784	0.01	0.0175	0.13324363995392108	0.04004462983434146	108.0	10.0	16.0	5.0	0.2840164761243492
54943	120	0.15	1.0	0.5	independent_20pct	midpoint_imputed_time	0.19947395833333337	400	248	0.62	10	0.025	0.013635091745936023	0.045401587871645666	0.0075	0.0175	0.12204176234244532	0.03372375887266675	108.0	10.0	16.0	5.0	0.2840164761243492
54943	120	0.15	1.0	0.5	score_dependent_20pct	full_latent_time_oracle	0.20061458333333337	400	392	0.98	6	0.015	0.006892291919440893	0.03233463358482672	0.005	0.01	0.005129920935275586	0.0014409393876755653	108.0	16.0	16.0	6.0	0.2777027057643521
54943	120	0.15	1.0	0.5	score_dependent_20pct	ascertained_latent_time_oracle	0.20061458333333337	400	224	0.56	14	0.035	0.02096129419797776	0.057885139532918004	0.0	0.035	-0.4701092351303787	-0.1488878942466936	108.0	10.0	16.0	6.0	0.2777027057643521
54943	120	0.15	1.0	0.5	score_dependent_20pct	detected_visit_time	0.20061458333333337	400	224	0.56	14	0.035	0.02096129419797776	0.057885139532918004	0.0	0.035	-0.4688623430131912	-0.1525074266465338	108.0	10.0	16.0	6.0	0.2777027057643521
54943	120	0.15	1.0	0.5	score_dependent_20pct	midpoint_imputed_time	0.20061458333333337	400	224	0.56	13	0.0325	0.01908984237880045	0.0548041528237668	0.0	0.0325	-0.49549650495849473	-0.15851100738177637	108.0	10.0	16.0	6.0	0.2777027057643521
54943	120	0.15	1.0	0.5	joint_score_progression_risk_20pct	full_latent_time_oracle	0.19919270833333336	400	386	0.965	17	0.0425	0.026701694991131116	0.06700205432475019	0.025	0.0175	-0.00848088552497227	-0.0023709665714792207	108.0	16.0	16.0	7.0	0.28236341783885854
54943	120	0.15	1.0	0.5	joint_score_progression_risk_20pct	ascertained_latent_time_oracle	0.19919270833333336	400	181	0.4525	13	0.0325	0.01908984237880045	0.0548041528237668	0.0075	0.025	-0.536551143098455	-0.18122638347787784	108.0	9.0	16.0	7.0	0.28236341783885854
54943	120	0.15	1.0	0.5	joint_score_progression_risk_20pct	detected_visit_time	0.19919270833333336	400	181	0.4525	11	0.0275	0.015423636260295411	0.048565481885614784	0.0075	0.02	-0.48175888462928174	-0.16461498851374504	108.0	9.0	16.0	7.0	0.28236341783885854
54943	120	0.15	1.0	0.5	joint_score_progression_risk_20pct	midpoint_imputed_time	0.19919270833333336	400	181	0.4525	13	0.0325	0.01908984237880045	0.0548041528237668	0.0075	0.025	-0.5003992119756414	-0.1692646990425492	108.0	9.0	16.0	7.0	0.28236341783885854
54943	120	0.15	1.0	1.0	complete	full_latent_time_oracle	0.0	400	386	0.965	22	0.055	0.03659849414955068	0.08186744780797323	0.03	0.025	0.09647494485644018	0.025691928444882606	108.0	16.0	16.0	7.0	0.5175197245592128
54943	120	0.15	1.0	1.0	complete	ascertained_latent_time_oracle	0.0	400	130	0.325	9	0.0225	0.011881583530495034	0.04220265755875813	0.0175	0.005	-0.13723966626115902	-0.04338698922045626	108.0	8.0	16.0	7.0	0.5175197245592128
54943	120	0.15	1.0	1.0	complete	detected_visit_time	0.0	400	130	0.325	6	0.015	0.006892291919440893	0.03233463358482672	0.0125	0.0025	-0.13045217369289225	-0.04239903847444537	108.0	8.0	16.0	7.0	0.5175197245592128
54943	120	0.15	1.0	1.0	complete	midpoint_imputed_time	0.0	400	130	0.325	6	0.015	0.006892291919440893	0.03233463358482672	0.0125	0.0025	-0.13045217369289225	-0.04239903847444537	108.0	8.0	16.0	7.0	0.5175197245592128
54943	120	0.15	1.0	1.0	independent_20pct	full_latent_time_oracle	0.20065624999999998	400	391	0.9775	24	0.06	0.040647970113724695	0.0877228489004562	0.02	0.04	-0.0005162247351360844	-0.0001439924529114631	108.0	16.0	16.0	11.0	0.5295111692890256
54943	120	0.15	1.0	1.0	independent_20pct	ascertained_latent_time_oracle	0.20065624999999998	400	19	0.0475	0	0.0	8.673617379884035e-19	0.009512294334296508	0.0	0.0	0.08356173810337544	0.03123301380179522	108.0	5.5	16.0	11.0	0.5295111692890256
54943	120	0.15	1.0	1.0	independent_20pct	detected_visit_time	0.20065624999999998	400	19	0.0475	0	0.0	8.673617379884035e-19	0.009512294334296508	0.0	0.0	0.10003881678091454	0.0379066554952542	108.0	5.5	16.0	11.0	0.5295111692890256
54943	120	0.15	1.0	1.0	independent_20pct	midpoint_imputed_time	0.20065624999999998	400	19	0.0475	0	0.0	8.673617379884035e-19	0.009512294334296508	0.0	0.0	0.10003881678091454	0.037906655495254196	108.0	5.5	16.0	11.0	0.5295111692890256
54943	120	0.15	1.0	1.0	score_dependent_20pct	full_latent_time_oracle	0.2017916666666667	400	392	0.98	17	0.0425	0.026701694991131116	0.06700205432475019	0.0225	0.02	0.02089274410622992	0.006072366552975477	108.0	16.0	16.0	10.0	0.5158315689967972
54943	120	0.15	1.0	1.0	score_dependent_20pct	ascertained_latent_time_oracle	0.2017916666666667	400	31	0.0775	5	0.0125	0.005350750779971611	0.028923736195967484	0.0	0.0125	-0.9975576605706742	-0.3601807561495835	108.0	5.0	16.0	10.0	0.5158315689967972
54943	120	0.15	1.0	1.0	score_dependent_20pct	detected_visit_time	0.2017916666666667	400	31	0.0775	4	0.01	0.003895483794990993	0.025426564652619582	0.0	0.01	-0.8962749162405362	-0.29829885342269785	108.0	5.0	16.0	10.0	0.5158315689967972
54943	120	0.15	1.0	1.0	score_dependent_20pct	midpoint_imputed_time	0.2017916666666667	400	31	0.0775	4	0.01	0.003895483794990993	0.025426564652619582	0.0	0.01	-0.8962749162405363	-0.29829885342269796	108.0	5.0	16.0	10.0	0.5158315689967972
54943	120	0.15	1.0	1.0	joint_score_progression_risk_20pct	full_latent_time_oracle	0.1985520833333333	400	392	0.98	16	0.04	0.024769063069711758	0.06398224771784103	0.0125	0.0275	0.02898308442134677	0.007944426150426906	108.0	16.0	16.0	11.0	0.5025283620670159
54943	120	0.15	1.0	1.0	joint_score_progression_risk_20pct	ascertained_latent_time_oracle	0.1985520833333333	400	14	0.035	1	0.0025	0.0004414477868016362	0.01402328507582339	0.0	0.0025	-0.5324655482158586	-0.18652023665298478	108.0	5.0	16.0	11.0	0.5025283620670159
54943	120	0.15	1.0	1.0	joint_score_progression_risk_20pct	detected_visit_time	0.1985520833333333	400	14	0.035	0	0.0	8.673617379884035e-19	0.009512294334296508	0.0	0.0	-0.5102635837148501	-0.17109908795423528	108.0	5.0	16.0	11.0	0.5025283620670159
54943	120	0.15	1.0	1.0	joint_score_progression_risk_20pct	midpoint_imputed_time	0.1985520833333333	400	14	0.035	0	0.0	8.673617379884035e-19	0.009512294334296508	0.0	0.0	-0.5102635837148501	-0.17109908795423523	108.0	5.0	16.0	11.0	0.5025283620670159
54943	120	0.15	1.7	0.25	complete	full_latent_time_oracle	0.0	400	393	0.9825	113	0.2825	0.24061027235147464	0.32852757568394425	0.2825	0.0	1.3491438894951642	0.37935868030655884	108.0	16.0	16.0	1.0	0.12865051139652636
54943	120	0.15	1.7	0.25	complete	ascertained_latent_time_oracle	0.0	400	372	0.93	105	0.2625	0.22178679994488373	0.30773153986390706	0.2625	0.0	1.3314961972125006	0.38898339111267777	108.0	15.0	16.0	1.0	0.12865051139652636
54943	120	0.15	1.7	0.25	complete	detected_visit_time	0.0	400	372	0.93	100	0.25	0.2100790142364741	0.2946771329306741	0.25	0.0	1.306603002801444	0.38810166256059964	108.0	15.0	16.0	1.0	0.12865051139652636
54943	120	0.15	1.7	0.25	complete	midpoint_imputed_time	0.0	400	372	0.93	100	0.25	0.2100790142364741	0.2946771329306741	0.25	0.0	1.306603002801444	0.38810166256059964	108.0	15.0	16.0	1.0	0.12865051139652636
54943	120	0.15	1.7	0.25	independent_20pct	full_latent_time_oracle	0.2009375	400	394	0.985	109	0.2725	0.23118490254462754	0.3181431913774774	0.2725	0.0	1.3470005486902734	0.36904000812669535	108.0	16.0	16.0	2.0	0.15137821531446452
54943	120	0.15	1.7	0.25	independent_20pct	ascertained_latent_time_oracle	0.2009375	400	368	0.92	94	0.235	0.1960909748126292	0.278950541184548	0.235	0.0	1.2007479796421197	0.36509688096450854	108.0	14.0	16.0	2.0	0.15137821531446452
54943	120	0.15	1.7	0.25	independent_20pct	detected_visit_time	0.2009375	400	368	0.92	92	0.23	0.19144383051896455	0.27369280842155563	0.23	0.0	1.188417608225227	0.3640049258082831	108.0	14.0	16.0	2.0	0.15137821531446452
54943	120	0.15	1.7	0.25	independent_20pct	midpoint_imputed_time	0.2009375	400	368	0.92	92	0.23	0.19144383051896455	0.27369280842155563	0.23	0.0	1.1941888397938598	0.36657194293136974	108.0	14.0	16.0	2.0	0.15137821531446452
54943	120	0.15	1.7	0.25	score_dependent_20pct	full_latent_time_oracle	0.20033072916666672	400	393	0.9825	110	0.275	0.23353872471100914	0.3207418077394244	0.275	0.0	1.2983842415290179	0.36222280284702757	108.0	16.0	16.0	3.0	0.16439829341658996
54943	120	0.15	1.7	0.25	score_dependent_20pct	ascertained_latent_time_oracle	0.20033072916666672	400	338	0.845	43	0.1075	0.08079372047159449	0.14167343058082826	0.105	0.0025	0.8644409903381375	0.26644705201470775	108.0	12.0	16.0	3.0	0.16439829341658996
54943	120	0.15	1.7	0.25	score_dependent_20pct	detected_visit_time	0.20033072916666672	400	338	0.845	41	0.1025	0.07645885298219338	0.1361034210135723	0.1	0.0025	0.8426764497203817	0.26833686153627617	108.0	12.0	16.0	3.0	0.16439829341658996
54943	120	0.15	1.7	0.25	score_dependent_20pct	midpoint_imputed_time	0.20033072916666672	400	338	0.845	39	0.0975	0.07214511778538757	0.1305122791537211	0.095	0.0025	0.844969190248369	0.26692825312168317	108.0	12.0	16.0	3.0	0.16439829341658996
54943	120	0.15	1.7	0.25	joint_score_progression_risk_20pct	full_latent_time_oracle	0.2001015625	400	394	0.985	95	0.2375	0.19841751180740802	0.2815764427180976	0.2375	0.0	1.2338507556387233	0.34565876414797886	108.0	16.0	16.0	6.0	0.15250831496365463
54943	120	0.15	1.7	0.25	joint_score_progression_risk_20pct	ascertained_latent_time_oracle	0.2001015625	400	249	0.6225	25	0.0625	0.04268914141220244	0.09063411613030699	0.0575	0.005	0.5697654715793739	0.17933624925950736	108.0	11.0	16.0	6.0	0.15250831496365463
54943	120	0.15	1.7	0.25	joint_score_progression_risk_20pct	detected_visit_time	0.2001015625	400	249	0.6225	25	0.0625	0.04268914141220244	0.09063411613030699	0.0575	0.005	0.546537579397903	0.182720040134579	108.0	11.0	16.0	6.0	0.15250831496365463
54943	120	0.15	1.7	0.25	joint_score_progression_risk_20pct	midpoint_imputed_time	0.2001015625	400	249	0.6225	25	0.0625	0.04268914141220244	0.09063411613030699	0.0575	0.005	0.5567324954185532	0.18277948116874249	108.0	11.0	16.0	6.0	0.15250831496365463
54943	120	0.15	1.7	0.5	complete	full_latent_time_oracle	0.0	400	389	0.9725	107	0.2675	0.22648238411831478	0.31294083274713314	0.2675	0.0	1.3286047268955534	0.36441196370104884	108.0	16.0	16.0	3.0	0.25318922781902226
54943	120	0.15	1.7	0.5	complete	ascertained_latent_time_oracle	0.0	400	330	0.825	75	0.1875	0.15228915456130324	0.2286560293976321	0.1875	0.0	1.3125787701739262	0.4079601786480712	108.0	12.0	16.0	3.0	0.25318922781902226
54943	120	0.15	1.7	0.5	complete	detected_visit_time	0.0	400	330	0.825	66	0.165	0.13184503236772813	0.2045282048362506	0.165	0.0	1.2933428593280405	0.3952314543609715	108.0	12.0	16.0	3.0	0.25318922781902226
54943	120	0.15	1.7	0.5	complete	midpoint_imputed_time	0.0	400	330	0.825	66	0.165	0.13184503236772813	0.2045282048362506	0.165	0.0	1.2933428593280405	0.3952314543609715	108.0	12.0	16.0	3.0	0.25318922781902226
54943	120	0.15	1.7	0.5	independent_20pct	full_latent_time_oracle	0.20120833333333332	400	393	0.9825	118	0.295	0.25242899167233757	0.341471049004724	0.295	0.0	1.4134985226949994	0.4076099221107436	108.0	16.0	16.0	5.0	0.2956656955698335
54943	120	0.15	1.7	0.5	independent_20pct	ascertained_latent_time_oracle	0.20120833333333332	400	260	0.65	57	0.1425	0.1116383145426319	0.18016297590639008	0.1425	0.0	1.1691247262044437	0.37762021806928936	108.0	11.0	16.0	5.0	0.2956656955698335
54943	120	0.15	1.7	0.5	independent_20pct	detected_visit_time	0.20120833333333332	400	260	0.65	56	0.14	0.10940962137459034	0.1774392305461032	0.14	0.0	1.1497024627645338	0.3677020632097917	108.0	11.0	16.0	5.0	0.2956656955698335
54943	120	0.15	1.7	0.5	independent_20pct	midpoint_imputed_time	0.20120833333333332	400	260	0.65	57	0.1425	0.1116383145426319	0.18016297590639008	0.1425	0.0	1.180662596704234	0.37328613694888024	108.0	11.0	16.0	5.0	0.2956656955698335
54943	120	0.15	1.7	0.5	score_dependent_20pct	full_latent_time_oracle	0.20054166666666662	400	392	0.98	105	0.2625	0.22178679994488373	0.30773153986390706	0.2625	0.0	1.3681923464830807	0.38360533690620385	108.0	17.0	17.0	7.0	0.2970510115741611
54943	120	0.15	1.7	0.5	score_dependent_20pct	ascertained_latent_time_oracle	0.20054166666666662	400	165	0.4125	19	0.0475	0.030617076962711882	0.07299154940982647	0.045	0.0025	0.6064921906149989	0.19816866319327353	108.0	9.0	17.0	7.0	0.2970510115741611
54943	120	0.15	1.7	0.5	score_dependent_20pct	detected_visit_time	0.20054166666666662	400	165	0.4125	17	0.0425	0.026701694991131116	0.06700205432475019	0.04	0.0025	0.609826619607993	0.19121102840925727	108.0	9.0	17.0	7.0	0.2970510115741611
54943	120	0.15	1.7	0.5	score_dependent_20pct	midpoint_imputed_time	0.20054166666666662	400	165	0.4125	18	0.045	0.028651458653886006	0.07000472919032381	0.0425	0.0025	0.5610980409257689	0.18978656160620985	108.0	9.0	17.0	7.0	0.2970510115741611
54943	120	0.15	1.7	0.5	joint_score_progression_risk_20pct	full_latent_time_oracle	0.20011458333333332	400	390	0.975	107	0.2675	0.22648238411831478	0.31294083274713314	0.2675	0.0	1.395634316156333	0.38445639345543436	108.0	16.0	16.0	8.0	0.2799420355731277
54943	120	0.15	1.7	0.5	joint_score_progression_risk_20pct	ascertained_latent_time_oracle	0.20011458333333332	400	120	0.3	7	0.0175	0.008502291107038103	0.03567707292555804	0.0175	0.0	0.5207488444550619	0.16710094301125705	108.0	8.0	16.0	8.0	0.2799420355731277
54943	120	0.15	1.7	0.5	joint_score_progression_risk_20pct	detected_visit_time	0.20011458333333332	400	120	0.3	7	0.0175	0.008502291107038103	0.03567707292555804	0.0175	0.0	0.4987186240694469	0.17058318363794356	108.0	8.0	16.0	8.0	0.2799420355731277
54943	120	0.15	1.7	0.5	joint_score_progression_risk_20pct	midpoint_imputed_time	0.20011458333333332	400	120	0.3	7	0.0175	0.008502291107038103	0.03567707292555804	0.0175	0.0	0.5046762660137629	0.15878564759482144	108.0	8.0	16.0	8.0	0.2799420355731277
54943	120	0.15	1.7	1.0	complete	full_latent_time_oracle	0.0	400	397	0.9925	114	0.285	0.24297076989988833	0.33111951666385914	0.285	0.0	1.4280682135090865	0.39084874189029684	108.0	16.0	16.0	7.0	0.5220501493955041
54943	120	0.15	1.7	1.0	complete	ascertained_latent_time_oracle	0.0	400	158	0.395	33	0.0825	0.05934587622971528	0.1135968895394223	0.0825	0.0	1.3646801309289989	0.44147970604754605	108.0	9.0	16.0	7.0	0.5220501493955041
54943	120	0.15	1.7	1.0	complete	detected_visit_time	0.0	400	158	0.395	24	0.06	0.040647970113724695	0.0877228489004562	0.06	0.0	1.240634351561579	0.40827416493073687	108.0	9.0	16.0	7.0	0.5220501493955041
54943	120	0.15	1.7	1.0	complete	midpoint_imputed_time	0.0	400	158	0.395	24	0.06	0.040647970113724695	0.0877228489004562	0.06	0.0	1.240634351561579	0.40827416493073687	108.0	9.0	16.0	7.0	0.5220501493955041
54943	120	0.15	1.7	1.0	independent_20pct	full_latent_time_oracle	0.19921875	400	388	0.97	95	0.2375	0.19841751180740802	0.2815764427180976	0.235	0.0025	1.3822023804901946	0.36755753919920375	108.0	16.0	16.0	10.0	0.5311210730053268
54943	120	0.15	1.7	1.0	independent_20pct	ascertained_latent_time_oracle	0.19921875	400	13	0.0325	1	0.0025	0.0004414477868016362	0.01402328507582339	0.0025	0.0	0.7798595284201373	0.2551267592957043	108.0	6.0	16.0	10.0	0.5311210730053268
54943	120	0.15	1.7	1.0	independent_20pct	detected_visit_time	0.19921875	400	13	0.0325	1	0.0025	0.0004414477868016362	0.01402328507582339	0.0025	0.0	0.7302478105487173	0.24129370847450834	108.0	6.0	16.0	10.0	0.5311210730053268
54943	120	0.15	1.7	1.0	independent_20pct	midpoint_imputed_time	0.19921875	400	13	0.0325	1	0.0025	0.0004414477868016362	0.01402328507582339	0.0025	0.0	0.7302478105487173	0.24129370847450834	108.0	6.0	16.0	10.0	0.5311210730053268
54943	120	0.15	1.7	1.0	score_dependent_20pct	full_latent_time_oracle	0.20017708333333328	400	391	0.9775	106	0.265	0.22413371758035427	0.31033706075676515	0.2625	0.0025	1.370692992431272	0.36816735415088225	108.0	16.0	16.0	11.0	0.49213071770398437
54943	120	0.15	1.7	1.0	score_dependent_20pct	ascertained_latent_time_oracle	0.20017708333333328	400	9	0.0225	0	0.0	8.673617379884035e-19	0.009512294334296508	0.0	0.0	0.761703956778381	0.26677168736996326	108.0	5.0	16.0	11.0	0.49213071770398437
54943	120	0.15	1.7	1.0	score_dependent_20pct	detected_visit_time	0.20017708333333328	400	9	0.0225	0	0.0	8.673617379884035e-19	0.009512294334296508	0.0	0.0	0.7178527010950664	0.2541726923122533	108.0	5.0	16.0	11.0	0.49213071770398437
54943	120	0.15	1.7	1.0	score_dependent_20pct	midpoint_imputed_time	0.20017708333333328	400	9	0.0225	0	0.0	8.673617379884035e-19	0.009512294334296508	0.0	0.0	0.7178527010950664	0.2541726923122533	108.0	5.0	16.0	11.0	0.49213071770398437
54943	120	0.15	1.7	1.0	joint_score_progression_risk_20pct	full_latent_time_oracle	0.1989375	400	388	0.97	103	0.2575	0.21709827513471777	0.302515187617416	0.2575	0.0	1.3256860406228226	0.3633280475023962	108.0	16.0	16.0	12.0	0.5036009983816543
54943	120	0.15	1.7	1.0	joint_score_progression_risk_20pct	ascertained_latent_time_oracle	0.1989375	400	8	0.02	1	0.0025	0.0004414477868016362	0.01402328507582339	0.0025	0.0	0.39966718676164653	0.15293588536810865	108.0	4.0	16.0	12.0	0.5036009983816543
54943	120	0.15	1.7	1.0	joint_score_progression_risk_20pct	detected_visit_time	0.1989375	400	8	0.02	1	0.0025	0.0004414477868016362	0.01402328507582339	0.0025	0.0	0.3340109224336751	0.1365965999318869	108.0	4.0	16.0	12.0	0.5036009983816543
54943	120	0.15	1.7	1.0	joint_score_progression_risk_20pct	midpoint_imputed_time	0.1989375	400	8	0.02	1	0.0025	0.0004414477868016362	0.01402328507582339	0.0025	0.0	0.3340109224336751	0.1365965999318869	108.0	4.0	16.0	12.0	0.5036009983816543
54943	120	0.3	1.0	0.25	complete	full_latent_time_oracle	0.0	400	400	1.0	11	0.0275	0.015423636260295411	0.048565481885614784	0.0175	0.01	-0.0062078020982964215	-0.0012477643804214027	108.0	32.0	32.0	3.0	0.12808402011813744
54943	120	0.3	1.0	0.25	complete	ascertained_latent_time_oracle	0.0	400	400	1.0	11	0.0275	0.015423636260295411	0.048565481885614784	0.0125	0.015	0.021868216786712295	0.00462403721536881	108.0	29.0	32.0	3.0	0.12808402011813744
54943	120	0.3	1.0	0.25	complete	detected_visit_time	0.0	400	400	1.0	11	0.0275	0.015423636260295411	0.048565481885614784	0.0125	0.015	0.024732375500515685	0.005183816538427843	108.0	29.0	32.0	3.0	0.12808402011813744
54943	120	0.3	1.0	0.25	complete	midpoint_imputed_time	0.0	400	400	1.0	11	0.0275	0.015423636260295411	0.048565481885614784	0.0125	0.015	0.024732375500515685	0.005183816538427843	108.0	29.0	32.0	3.0	0.12808402011813744
54943	120	0.3	1.0	0.25	independent_20pct	full_latent_time_oracle	0.20033333333333336	400	400	1.0	18	0.045	0.028651458653886006	0.07000472919032381	0.0175	0.0275	-0.02723257928114879	-0.005469770008581759	108.0	32.0	32.0	5.0	0.1533871903339729
54943	120	0.3	1.0	0.25	independent_20pct	ascertained_latent_time_oracle	0.20033333333333336	400	400	1.0	25	0.0625	0.04268914141220244	0.09063411613030699	0.0225	0.04	-0.010789336609797712	-0.0023834139889196224	108.0	27.0	32.0	5.0	0.1533871903339729
54943	120	0.3	1.0	0.25	independent_20pct	detected_visit_time	0.20033333333333336	400	400	1.0	20	0.05	0.03259742983714726	0.07596363506371961	0.02	0.03	-0.004678121791174614	-0.001005105470471045	108.0	27.0	32.0	5.0	0.1533871903339729
54943	120	0.3	1.0	0.25	independent_20pct	midpoint_imputed_time	0.20033333333333336	400	400	1.0	22	0.055	0.03659849414955068	0.08186744780797323	0.02	0.035	-0.007155626268045393	-0.0015922336572834737	108.0	27.0	32.0	5.0	0.1533871903339729
54943	120	0.3	1.0	0.25	score_dependent_20pct	full_latent_time_oracle	0.20004427083333332	400	400	1.0	27	0.0675	0.04680146916375965	0.09642666543540682	0.0375	0.03	-0.06152187509957591	-0.013012485533811576	108.0	32.0	32.0	5.0	0.1534435954526565
54943	120	0.3	1.0	0.25	score_dependent_20pct	ascertained_latent_time_oracle	0.20004427083333332	400	400	1.0	28	0.07	0.04887162669974449	0.09930894642775051	0.01	0.06	-0.35967880587788914	-0.07852739486145197	108.0	27.0	32.0	5.0	0.1534435954526565
54943	120	0.3	1.0	0.25	score_dependent_20pct	detected_visit_time	0.20004427083333332	400	400	1.0	29	0.0725	0.05095051840227673	0.10218249325354675	0.01	0.0625	-0.3805296363694815	-0.08112123088467879	108.0	27.0	32.0	5.0	0.1534435954526565
54943	120	0.3	1.0	0.25	score_dependent_20pct	midpoint_imputed_time	0.20004427083333332	400	400	1.0	26	0.065	0.04474048189620036	0.09353521417463759	0.01	0.055	-0.36498287175914956	-0.07840425611634227	108.0	27.0	32.0	5.0	0.1534435954526565
54943	120	0.3	1.0	0.25	joint_score_progression_risk_20pct	full_latent_time_oracle	0.20002343749999996	400	400	1.0	24	0.06	0.040647970113724695	0.0877228489004562	0.035	0.025	0.11203175374193543	0.023069016437191378	108.0	32.0	32.0	8.0	0.15015780835766254
54943	120	0.3	1.0	0.25	joint_score_progression_risk_20pct	ascertained_latent_time_oracle	0.20002343749999996	400	399	0.9975	24	0.06	0.040647970113724695	0.0877228489004562	0.0025	0.0575	-0.5243602664371374	-0.12301550200336137	108.0	24.0	32.0	8.0	0.15015780835766254
54943	120	0.3	1.0	0.25	joint_score_progression_risk_20pct	detected_visit_time	0.20002343749999996	400	399	0.9975	25	0.0625	0.04268914141220244	0.09063411613030699	0.0025	0.06	-0.5173870572759062	-0.12557215253766582	108.0	24.0	32.0	8.0	0.15015780835766254
54943	120	0.3	1.0	0.25	joint_score_progression_risk_20pct	midpoint_imputed_time	0.20002343749999996	400	399	0.9975	24	0.06	0.040647970113724695	0.0877228489004562	0.0025	0.0575	-0.514279429433688	-0.12111547441224634	108.0	24.0	32.0	8.0	0.15015780835766254
54943	120	0.3	1.0	0.5	complete	full_latent_time_oracle	0.0	400	400	1.0	19	0.0475	0.030617076962711882	0.07299154940982647	0.0275	0.02	0.045622045130772435	0.009718445160039658	108.0	32.0	32.0	6.0	0.26465076175622004
54943	120	0.3	1.0	0.5	complete	ascertained_latent_time_oracle	0.0	400	400	1.0	25	0.0625	0.04268914141220244	0.09063411613030699	0.035	0.0275	0.0017755001216080645	0.0006307300052448204	108.0	25.0	32.0	6.0	0.26465076175622004
54943	120	0.3	1.0	0.5	complete	detected_visit_time	0.0	400	400	1.0	24	0.06	0.040647970113724695	0.0877228489004562	0.0325	0.0275	0.01025381003911441	0.002271628783772569	108.0	25.0	32.0	6.0	0.26465076175622004
54943	120	0.3	1.0	0.5	complete	midpoint_imputed_time	0.0	400	400	1.0	24	0.06	0.040647970113724695	0.0877228489004562	0.0325	0.0275	0.01025381003911441	0.002271628783772569	108.0	25.0	32.0	6.0	0.26465076175622004
54943	120	0.3	1.0	0.5	independent_20pct	full_latent_time_oracle	0.19985416666666667	400	400	1.0	25	0.0625	0.04268914141220244	0.09063411613030699	0.0275	0.035	-0.06071673059798785	-0.012069172438243795	108.0	32.0	32.0	10.0	0.2952184594256465
54943	120	0.3	1.0	0.5	independent_20pct	ascertained_latent_time_oracle	0.19985416666666667	400	400	1.0	19	0.0475	0.030617076962711882	0.07299154940982647	0.025	0.0225	-0.07353149933159923	-0.016661918518880985	108.0	22.0	32.0	10.0	0.2952184594256465
54943	120	0.3	1.0	0.5	independent_20pct	detected_visit_time	0.19985416666666667	400	400	1.0	17	0.0425	0.026701694991131116	0.06700205432475019	0.0225	0.02	-0.045395654473105604	-0.01152633548220996	108.0	22.0	32.0	10.0	0.2952184594256465
54943	120	0.3	1.0	0.5	independent_20pct	midpoint_imputed_time	0.19985416666666667	400	400	1.0	17	0.0425	0.026701694991131116	0.06700205432475019	0.0225	0.02	-0.059192886841108544	-0.013567220073855859	108.0	22.0	32.0	10.0	0.2952184594256465
54943	120	0.3	1.0	0.5	score_dependent_20pct	full_latent_time_oracle	0.20116145833333332	400	400	1.0	17	0.0425	0.026701694991131116	0.06700205432475019	0.0275	0.015	-0.01241092109861875	-0.002204118009729439	108.0	33.0	33.0	11.0	0.29101580193815446
54943	120	0.3	1.0	0.5	score_dependent_20pct	ascertained_latent_time_oracle	0.20116145833333332	400	399	0.9975	33	0.0825	0.05934587622971528	0.1135968895394223	0.0	0.0825	-0.5271327242362814	-0.1246953992391169	108.0	21.0	33.0	11.0	0.29101580193815446
54943	120	0.3	1.0	0.5	score_dependent_20pct	detected_visit_time	0.20116145833333332	400	399	0.9975	31	0.0775	0.05513293467684451	0.10790495403563602	0.0	0.0775	-0.4901949688598119	-0.11788902004271613	108.0	21.0	33.0	11.0	0.29101580193815446
54943	120	0.3	1.0	0.5	score_dependent_20pct	midpoint_imputed_time	0.20116145833333332	400	399	0.9975	30	0.075	0.05303774392284765	0.10504770626130436	0.0	0.075	-0.506639746648588	-0.11683728902026977	108.0	21.0	33.0	11.0	0.29101580193815446
54943	120	0.3	1.0	0.5	joint_score_progression_risk_20pct	full_latent_time_oracle	0.20119791666666664	400	400	1.0	17	0.0425	0.026701694991131116	0.06700205432475019	0.0225	0.02	-0.029500785986786487	-0.005633866541770421	108.0	32.0	32.0	13.0	0.2827593923036888
54943	120	0.3	1.0	0.5	joint_score_progression_risk_20pct	ascertained_latent_time_oracle	0.20119791666666664	400	397	0.9925	41	0.1025	0.07645885298219338	0.1361034210135723	0.005	0.0975	-0.7123765185574584	-0.19131786713367283	108.0	19.0	32.0	13.0	0.2827593923036888
54943	120	0.3	1.0	0.5	joint_score_progression_risk_20pct	detected_visit_time	0.20119791666666664	400	397	0.9925	29	0.0725	0.05095051840227673	0.10218249325354675	0.005	0.0675	-0.6937048898271315	-0.18822609350449024	108.0	19.0	32.0	13.0	0.2827593923036888
54943	120	0.3	1.0	0.5	joint_score_progression_risk_20pct	midpoint_imputed_time	0.20119791666666664	400	397	0.9925	31	0.0775	0.05513293467684451	0.10790495403563602	0.005	0.0725	-0.689563564184453	-0.1852927444976714	108.0	19.0	32.0	13.0	0.2827593923036888
54943	120	0.3	1.0	1.0	complete	full_latent_time_oracle	0.0	400	400	1.0	28	0.07	0.04887162669974449	0.09930894642775051	0.02	0.05	-0.05302981798928755	-0.011163035324992136	108.0	33.0	33.0	14.0	0.5361535193427288
54943	120	0.3	1.0	1.0	complete	ascertained_latent_time_oracle	0.0	400	397	0.9925	26	0.065	0.04474048189620036	0.09353521417463759	0.0275	0.0375	-0.13613094811429685	-0.03475156454482824	108.0	19.0	33.0	14.0	0.5361535193427288
54943	120	0.3	1.0	1.0	complete	detected_visit_time	0.0	400	397	0.9925	14	0.035	0.02096129419797776	0.057885139532918004	0.0175	0.0175	-0.1206802483466655	-0.029110589006991414	108.0	19.0	33.0	14.0	0.5361535193427288
54943	120	0.3	1.0	1.0	complete	midpoint_imputed_time	0.0	400	397	0.9925	14	0.035	0.02096129419797776	0.057885139532918004	0.0175	0.0175	-0.1206802483466655	-0.029110589006991414	108.0	19.0	33.0	14.0	0.5361535193427288
54943	120	0.3	1.0	1.0	independent_20pct	full_latent_time_oracle	0.20021875	400	400	1.0	24	0.06	0.040647970113724695	0.0877228489004562	0.035	0.025	0.022203737640397268	0.004752051712848587	108.0	32.0	32.0	20.0	0.545517014731908
54943	120	0.3	1.0	1.0	independent_20pct	ascertained_latent_time_oracle	0.20021875	400	297	0.7425	16	0.04	0.024769063069711758	0.06398224771784103	0.0225	0.0175	-0.057562154229900575	-0.01789903649766951	108.0	11.0	32.0	20.0	0.545517014731908
54943	120	0.3	1.0	1.0	independent_20pct	detected_visit_time	0.20021875	400	297	0.7425	13	0.0325	0.01908984237880045	0.0548041528237668	0.02	0.0125	-0.020933176555845222	-0.006798605692082843	108.0	11.0	32.0	20.0	0.545517014731908
54943	120	0.3	1.0	1.0	independent_20pct	midpoint_imputed_time	0.20021875	400	297	0.7425	13	0.0325	0.01908984237880045	0.0548041528237668	0.02	0.0125	-0.02093317655584508	-0.0067986056920827966	108.0	11.0	32.0	20.0	0.545517014731908
54943	120	0.3	1.0	1.0	score_dependent_20pct	full_latent_time_oracle	0.19990624999999995	400	400	1.0	24	0.06	0.040647970113724695	0.0877228489004562	0.025	0.035	-0.03895576065093559	-0.007783191726027351	108.0	33.0	33.0	20.0	0.5407728531717864
54943	120	0.3	1.0	1.0	score_dependent_20pct	ascertained_latent_time_oracle	0.19990624999999995	400	306	0.765	26	0.065	0.04474048189620036	0.09353521417463759	0.0	0.065	-0.659897651943339	-0.20618017168734384	108.0	12.0	33.0	20.0	0.5407728531717864
54943	120	0.3	1.0	1.0	score_dependent_20pct	detected_visit_time	0.19990624999999995	400	306	0.765	19	0.0475	0.030617076962711882	0.07299154940982647	0.0	0.0475	-0.5966164658213234	-0.19203995682678932	108.0	12.0	33.0	20.0	0.5407728531717864
54943	120	0.3	1.0	1.0	score_dependent_20pct	midpoint_imputed_time	0.19990624999999995	400	306	0.765	19	0.0475	0.030617076962711882	0.07299154940982647	0.0	0.0475	-0.5966164658213235	-0.19203995682678932	108.0	12.0	33.0	20.0	0.5407728531717864
54943	120	0.3	1.0	1.0	joint_score_progression_risk_20pct	full_latent_time_oracle	0.2005520833333333	400	400	1.0	21	0.0525	0.034591528357920405	0.07892197507127496	0.02	0.0325	-0.09020249793874556	-0.01558427396918594	108.0	33.0	33.0	21.0	0.5374388832943187
54943	120	0.3	1.0	1.0	joint_score_progression_risk_20pct	ascertained_latent_time_oracle	0.2005520833333333	400	275	0.6875	35	0.0875	0.06358691021150324	0.11926073261429136	0.0025	0.085	-0.6165441859728205	-0.20072227443005952	108.0	11.0	33.0	21.0	0.5374388832943187
54943	120	0.3	1.0	1.0	joint_score_progression_risk_20pct	detected_visit_time	0.2005520833333333	400	275	0.6875	26	0.065	0.04474048189620036	0.09353521417463759	0.0025	0.0625	-0.5897599172265826	-0.19289663145737065	108.0	11.0	33.0	21.0	0.5374388832943187
54943	120	0.3	1.0	1.0	joint_score_progression_risk_20pct	midpoint_imputed_time	0.2005520833333333	400	275	0.6875	26	0.065	0.04474048189620036	0.09353521417463759	0.0025	0.0625	-0.5897599172265824	-0.19289663145737077	108.0	11.0	33.0	21.0	0.5374388832943187
54943	120	0.3	1.7	0.25	complete	full_latent_time_oracle	0.0	400	400	1.0	185	0.4625	0.41422725327343163	0.5114861688016406	0.4625	0.0	1.8441948034282776	0.3660073841471986	109.0	32.0	32.0	3.0	0.12730201165864652
54943	120	0.3	1.7	0.25	complete	ascertained_latent_time_oracle	0.0	400	400	1.0	168	0.42	0.3726177182254857	0.4689042488680017	0.42	0.0	1.7738841338987348	0.3708689223830524	109.0	30.0	32.0	3.0	0.12730201165864652
54943	120	0.3	1.7	0.25	complete	detected_visit_time	0.0	400	400	1.0	156	0.39	0.34346411119977976	0.43862859355376554	0.39	0.0	1.7184841456194717	0.3566424823399359	109.0	30.0	32.0	3.0	0.12730201165864652
54943	120	0.3	1.7	0.25	complete	midpoint_imputed_time	0.0	400	400	1.0	156	0.39	0.34346411119977976	0.43862859355376554	0.39	0.0	1.7184841456194717	0.3566424823399359	109.0	30.0	32.0	3.0	0.12730201165864652
54943	120	0.3	1.7	0.25	independent_20pct	full_latent_time_oracle	0.19991666666666663	400	400	1.0	189	0.4725	0.4240692032756731	0.5214539729127131	0.4725	0.0	1.8672302468015642	0.37261378447103266	108.0	32.0	32.0	4.0	0.1547489427705325
54943	120	0.3	1.7	0.25	independent_20pct	ascertained_latent_time_oracle	0.19991666666666663	400	400	1.0	174	0.435	0.3872626744968637	0.48397392376659487	0.4325	0.0025	1.8226799311739397	0.3820216660301572	108.0	28.0	32.0	4.0	0.1547489427705325
54943	120	0.3	1.7	0.25	independent_20pct	detected_visit_time	0.19991666666666663	400	400	1.0	162	0.405	0.3580179525239347	0.4537893833995817	0.4025	0.0025	1.7749418933917318	0.369651374341205	108.0	28.0	32.0	4.0	0.1547489427705325
54943	120	0.3	1.7	0.25	independent_20pct	midpoint_imputed_time	0.19991666666666663	400	400	1.0	164	0.41	0.362879477619472	0.4588327353607013	0.4075	0.0025	1.7955371584349025	0.3760507798498299	108.0	28.0	32.0	4.0	0.1547489427705325
54943	120	0.3	1.7	0.25	score_dependent_20pct	full_latent_time_oracle	0.1996979166666667	400	400	1.0	190	0.475	0.4265327259812066	0.5239428887355082	0.475	0.0	1.8652272672839745	0.36931264470360026	108.0	32.0	32.0	6.0	0.16370095823895
54943	120	0.3	1.7	0.25	score_dependent_20pct	ascertained_latent_time_oracle	0.1996979166666667	400	400	1.0	93	0.2325	0.19376640712110382	0.2763226703477448	0.2325	0.0	1.2615793629342864	0.27748100909687357	108.0	26.0	32.0	6.0	0.16370095823895
54943	120	0.3	1.7	0.25	score_dependent_20pct	detected_visit_time	0.1996979166666667	400	400	1.0	83	0.2075	0.17063415822479097	0.2499305339607725	0.2075	0.0	1.1725045055242878	0.26726628825375287	108.0	26.0	32.0	6.0	0.16370095823895
54943	120	0.3	1.7	0.25	score_dependent_20pct	midpoint_imputed_time	0.1996979166666667	400	400	1.0	88	0.22	0.1821738927340146	0.2631529920931915	0.22	0.0	1.2213975224007037	0.26830167940062266	108.0	26.0	32.0	6.0	0.16370095823895
54943	120	0.3	1.7	0.25	joint_score_progression_risk_20pct	full_latent_time_oracle	0.20047395833333337	400	400	1.0	184	0.46	0.4117698068715022	0.5089911766752415	0.46	0.0	1.850838119649451	0.36215765397430766	108.0	32.0	32.0	9.0	0.1526004550746416
54943	120	0.3	1.7	0.25	joint_score_progression_risk_20pct	ascertained_latent_time_oracle	0.20047395833333337	400	400	1.0	80	0.2	0.16373705973387687	0.24197031686670106	0.195	0.005	0.9990817374211641	0.22506495118123124	108.0	23.0	32.0	9.0	0.1526004550746416
54943	120	0.3	1.7	0.25	joint_score_progression_risk_20pct	detected_visit_time	0.20047395833333337	400	400	1.0	70	0.175	0.1409042015930453	0.2152787897242474	0.17	0.005	0.9521747610090768	0.21772946099875645	108.0	23.0	32.0	9.0	0.1526004550746416
54943	120	0.3	1.7	0.25	joint_score_progression_risk_20pct	midpoint_imputed_time	0.20047395833333337	400	400	1.0	74	0.185	0.15000697382952777	0.22598577160107902	0.18	0.005	0.9557546839439952	0.2216163954439136	108.0	23.0	32.0	9.0	0.1526004550746416
54943	120	0.3	1.7	0.5	complete	full_latent_time_oracle	0.0	400	400	1.0	174	0.435	0.3872626744968637	0.48397392376659487	0.435	0.0	1.791710991137691	0.35242056824115897	108.0	32.0	32.0	6.0	0.26224795498959985
54943	120	0.3	1.7	0.5	complete	ascertained_latent_time_oracle	0.0	400	400	1.0	152	0.38	0.3337874943779953	0.4284954562622359	0.3775	0.0025	1.6089574925121943	0.3438986477145808	108.0	26.0	32.0	6.0	0.26224795498959985
54943	120	0.3	1.7	0.5	complete	detected_visit_time	0.0	400	400	1.0	133	0.3325	0.2881179581855746	0.38006866041641474	0.33	0.0025	1.5170426618122255	0.3328167523662751	108.0	26.0	32.0	6.0	0.26224795498959985
54943	120	0.3	1.7	0.5	complete	midpoint_imputed_time	0.0	400	400	1.0	133	0.3325	0.2881179581855746	0.38006866041641474	0.33	0.0025	1.5170426618122255	0.3328167523662751	108.0	26.0	32.0	6.0	0.26224795498959985
54943	120	0.3	1.7	0.5	independent_20pct	full_latent_time_oracle	0.19967187500000005	400	400	1.0	175	0.4375	0.3897078504391739	0.48648118635261317	0.4375	0.0	1.8181608946985437	0.3594266473085441	108.0	32.0	32.0	10.0	0.3045470602762913
54943	120	0.3	1.7	0.5	independent_20pct	ascertained_latent_time_oracle	0.19967187500000005	400	400	1.0	126	0.315	0.2714209156648816	0.3620986332388081	0.315	0.0	1.484111287297651	0.3593483969852005	108.0	22.0	32.0	10.0	0.3045470602762913
54943	120	0.3	1.7	0.5	independent_20pct	detected_visit_time	0.19967187500000005	400	400	1.0	109	0.2725	0.23118490254462754	0.3181431913774774	0.2725	0.0	1.4003918085184124	0.34225188220504876	108.0	22.0	32.0	10.0	0.3045470602762913
54943	120	0.3	1.7	0.5	independent_20pct	midpoint_imputed_time	0.19967187500000005	400	400	1.0	110	0.275	0.23353872471100914	0.3207418077394244	0.275	0.0	1.443942413529963	0.3457871681890023	108.0	22.0	32.0	10.0	0.3045470602762913
54943	120	0.3	1.7	0.5	score_dependent_20pct	full_latent_time_oracle	0.2003177083333333	400	400	1.0	184	0.46	0.4117698068715022	0.5089911766752415	0.46	0.0	1.8413596998544692	0.3679397229254573	108.0	32.0	32.0	13.0	0.30654709792575324
54943	120	0.3	1.7	0.5	score_dependent_20pct	ascertained_latent_time_oracle	0.2003177083333333	400	400	1.0	35	0.0875	0.06358691021150324	0.11926073261429136	0.085	0.0025	0.7916378003915083	0.19541800498594603	108.0	20.0	32.0	13.0	0.30654709792575324
54943	120	0.3	1.7	0.5	score_dependent_20pct	detected_visit_time	0.2003177083333333	400	400	1.0	30	0.075	0.05303774392284765	0.10504770626130436	0.0725	0.0025	0.7454255387602463	0.19297638731825145	108.0	20.0	32.0	13.0	0.30654709792575324
54943	120	0.3	1.7	0.5	score_dependent_20pct	midpoint_imputed_time	0.2003177083333333	400	400	1.0	32	0.08	0.05723575041013351	0.11075457683067555	0.0775	0.0025	0.7684359371374772	0.1936697813418159	108.0	20.0	32.0	13.0	0.30654709792575324
54943	120	0.3	1.7	0.5	joint_score_progression_risk_20pct	full_latent_time_oracle	0.19986458333333335	400	400	1.0	182	0.455	0.4068585729397347	0.503997533550352	0.455	0.0	1.8654219443384648	0.3705891240785293	108.0	32.0	32.0	14.0	0.28294309016581887
54943	120	0.3	1.7	0.5	joint_score_progression_risk_20pct	ascertained_latent_time_oracle	0.19986458333333335	400	396	0.99	36	0.09	0.06571729376939447	0.12208278758472865	0.09	0.0	0.6979496216769105	0.19427697290399634	108.0	18.0	32.0	14.0	0.28294309016581887
54943	120	0.3	1.7	0.5	joint_score_progression_risk_20pct	detected_visit_time	0.19986458333333335	400	396	0.99	31	0.0775	0.05513293467684451	0.10790495403563602	0.0775	0.0	0.6820178235721326	0.187287129445796	108.0	18.0	32.0	14.0	0.28294309016581887
54943	120	0.3	1.7	0.5	joint_score_progression_risk_20pct	midpoint_imputed_time	0.19986458333333335	400	396	0.99	34	0.085	0.0614630200239382	0.11643218427352792	0.085	0.0	0.6682918711722519	0.1855087221230589	108.0	18.0	32.0	14.0	0.28294309016581887
54943	120	0.3	1.7	1.0	complete	full_latent_time_oracle	0.0	400	400	1.0	190	0.475	0.4265327259812066	0.5239428887355082	0.475	0.0	1.9145480460045539	0.37708170414807174	108.0	33.0	33.0	13.0	0.553210521851734
54943	120	0.3	1.7	1.0	complete	ascertained_latent_time_oracle	0.0	400	398	0.995	130	0.325	0.28095326743154514	0.3723760355854586	0.325	0.0	1.5726893693501647	0.40102187827449887	108.0	19.5	33.0	13.0	0.553210521851734
54943	120	0.3	1.7	1.0	complete	detected_visit_time	0.0	400	398	0.995	86	0.215	0.17755148423753886	0.25787052353301015	0.215	0.0	1.3691693766158877	0.34416817943284006	108.0	19.5	33.0	13.0	0.553210521851734
54943	120	0.3	1.7	1.0	complete	midpoint_imputed_time	0.0	400	398	0.995	86	0.215	0.17755148423753886	0.25787052353301015	0.215	0.0	1.3691693766158877	0.34416817943284006	108.0	19.5	33.0	13.0	0.553210521851734
54943	120	0.3	1.7	1.0	independent_20pct	full_latent_time_oracle	0.19895833333333335	400	400	1.0	179	0.4475	0.39950089322688126	0.4964978976782199	0.4475	0.0	1.823534338714607	0.3614451117166387	108.0	32.0	32.0	20.0	0.5614696842090829
54943	120	0.3	1.7	1.0	independent_20pct	ascertained_latent_time_oracle	0.19895833333333335	400	321	0.8025	69	0.1725	0.13863520728428091	0.2125953455046833	0.1725	0.0	1.187176072626038	0.36704163547060215	108.0	12.0	32.0	20.0	0.5614696842090829
54943	120	0.3	1.7	1.0	independent_20pct	detected_visit_time	0.19895833333333335	400	321	0.8025	43	0.1075	0.08079372047159449	0.14167343058082826	0.1075	0.0	1.0998659798627535	0.34250336505785783	108.0	12.0	32.0	20.0	0.5614696842090829
54943	120	0.3	1.7	1.0	independent_20pct	midpoint_imputed_time	0.19895833333333335	400	321	0.8025	43	0.1075	0.08079372047159449	0.14167343058082826	0.1075	0.0	1.0998659798627535	0.34250336505785783	108.0	12.0	32.0	20.0	0.5614696842090829
54943	120	0.3	1.7	1.0	score_dependent_20pct	full_latent_time_oracle	0.1989791666666667	400	400	1.0	194	0.485	0.4363989291617392	0.5338864396682897	0.485	0.0	1.9493816076087844	0.3708469048102879	108.0	32.0	32.0	22.0	0.5475909381090994
54943	120	0.3	1.7	1.0	score_dependent_20pct	ascertained_latent_time_oracle	0.1989791666666667	400	233	0.5825	12	0.03	0.017243020965143054	0.05169853570909567	0.0225	0.0075	0.2262441972516478	0.06686391761013089	108.0	10.0	32.0	22.0	0.5475909381090994
54943	120	0.3	1.7	1.0	score_dependent_20pct	detected_visit_time	0.1989791666666667	400	233	0.5825	7	0.0175	0.008502291107038103	0.03567707292555804	0.0125	0.005	0.20286978375442702	0.07081929978398434	108.0	10.0	32.0	22.0	0.5475909381090994
54943	120	0.3	1.7	1.0	score_dependent_20pct	midpoint_imputed_time	0.1989791666666667	400	233	0.5825	7	0.0175	0.008502291107038103	0.03567707292555804	0.0125	0.005	0.20286978375442655	0.07081929978398434	108.0	10.0	32.0	22.0	0.5475909381090994
54943	120	0.3	1.7	1.0	joint_score_progression_risk_20pct	full_latent_time_oracle	0.19906250000000003	400	400	1.0	189	0.4725	0.4240692032756731	0.5214539729127131	0.4725	0.0	1.9003171172716842	0.3837190140577736	108.0	32.0	32.0	22.0	0.5191990580388306
54943	120	0.3	1.7	1.0	joint_score_progression_risk_20pct	ascertained_latent_time_oracle	0.19906250000000003	400	234	0.585	19	0.0475	0.030617076962711882	0.07299154940982647	0.0475	0.0	0.3996977564861641	0.1332723256844438	108.0	10.0	32.0	22.0	0.5191990580388306
54943	120	0.3	1.7	1.0	joint_score_progression_risk_20pct	detected_visit_time	0.19906250000000003	400	234	0.585	17	0.0425	0.026701694991131116	0.06700205432475019	0.0425	0.0	0.3583288531665494	0.1162103907929525	108.0	10.0	32.0	22.0	0.5191990580388306
54943	120	0.3	1.7	1.0	joint_score_progression_risk_20pct	midpoint_imputed_time	0.19906250000000003	400	234	0.585	17	0.0425	0.026701694991131116	0.06700205432475019	0.0425	0.0	0.3583288531665494	0.1162103907929525	108.0	10.0	32.0	22.0	0.5191990580388306
54943	240	0.15	1.0	0.25	complete	full_latent_time_oracle	0.0	400	400	1.0	11	0.0275	0.015423636260295411	0.048565481885614784	0.0175	0.01	0.04395798623923483	0.008100483979589313	216.0	32.0	32.0	4.0	0.12448014266075808
54943	240	0.15	1.0	0.25	complete	ascertained_latent_time_oracle	0.0	400	400	1.0	14	0.035	0.02096129419797776	0.057885139532918004	0.025	0.01	0.055493956198904626	0.0116151558136539	216.0	28.0	32.0	4.0	0.12448014266075808
54943	240	0.15	1.0	0.25	complete	detected_visit_time	0.0	400	400	1.0	12	0.03	0.017243020965143054	0.05169853570909567	0.0225	0.0075	0.04638713756430287	0.010055049877522643	216.0	28.0	32.0	4.0	0.12448014266075808
54943	240	0.15	1.0	0.25	complete	midpoint_imputed_time	0.0	400	400	1.0	12	0.03	0.017243020965143054	0.05169853570909567	0.0225	0.0075	0.04638713756430287	0.010055049877522643	216.0	28.0	32.0	4.0	0.12448014266075808
54943	240	0.15	1.0	0.25	independent_20pct	full_latent_time_oracle	0.20059635416666666	400	400	1.0	25	0.0625	0.04268914141220244	0.09063411613030699	0.03	0.0325	-0.07927482032481406	-0.016347431708598176	216.0	32.0	32.0	5.0	0.15152080011241698
54943	240	0.15	1.0	0.25	independent_20pct	ascertained_latent_time_oracle	0.20059635416666666	400	400	1.0	28	0.07	0.04887162669974449	0.09930894642775051	0.0325	0.0375	0.021224727330811873	0.004428407792633579	216.0	27.0	32.0	5.0	0.15152080011241698
54943	240	0.15	1.0	0.25	independent_20pct	detected_visit_time	0.20059635416666666	400	400	1.0	26	0.065	0.04474048189620036	0.09353521417463759	0.03	0.035	0.023202714842418565	0.005152527540133026	216.0	27.0	32.0	5.0	0.15152080011241698
54943	240	0.15	1.0	0.25	independent_20pct	midpoint_imputed_time	0.20059635416666666	400	400	1.0	26	0.065	0.04474048189620036	0.09353521417463759	0.03	0.035	0.02111050309933267	0.0042379582711283325	216.0	27.0	32.0	5.0	0.15152080011241698
54943	240	0.15	1.0	0.25	score_dependent_20pct	full_latent_time_oracle	0.1995846354166667	400	400	1.0	24	0.06	0.040647970113724695	0.0877228489004562	0.015	0.045	-0.055290669287204455	-0.010730770515151658	216.0	32.0	32.0	6.0	0.1473432273183553
54943	240	0.15	1.0	0.25	score_dependent_20pct	ascertained_latent_time_oracle	0.1995846354166667	400	400	1.0	28	0.07	0.04887162669974449	0.09930894642775051	0.005	0.065	-0.35794631948579486	-0.08066572865845517	216.0	26.0	32.0	6.0	0.1473432273183553
54943	240	0.15	1.0	0.25	score_dependent_20pct	detected_visit_time	0.1995846354166667	400	400	1.0	27	0.0675	0.04680146916375965	0.09642666543540682	0.005	0.0625	-0.35149177473714455	-0.0787000633003054	216.0	26.0	32.0	6.0	0.1473432273183553
54943	240	0.15	1.0	0.25	score_dependent_20pct	midpoint_imputed_time	0.1995846354166667	400	400	1.0	28	0.07	0.04887162669974449	0.09930894642775051	0.005	0.065	-0.3637146476816597	-0.07892797695153524	216.0	26.0	32.0	6.0	0.1473432273183553
54943	240	0.15	1.0	0.25	joint_score_progression_risk_20pct	full_latent_time_oracle	0.20008593750000003	400	400	1.0	16	0.04	0.024769063069711758	0.06398224771784103	0.025	0.015	-0.10465875580896	-0.0197970795573727	216.5	32.0	32.0	9.0	0.14724055428255522
54943	240	0.15	1.0	0.25	joint_score_progression_risk_20pct	ascertained_latent_time_oracle	0.20008593750000003	400	400	1.0	30	0.075	0.05303774392284765	0.10504770626130436	0.005	0.07	-0.6466413581288122	-0.15226839199953884	216.5	23.0	32.0	9.0	0.14724055428255522
54943	240	0.15	1.0	0.25	joint_score_progression_risk_20pct	detected_visit_time	0.20008593750000003	400	400	1.0	29	0.0725	0.05095051840227673	0.10218249325354675	0.005	0.0675	-0.6271629669137359	-0.1504184231300238	216.5	23.0	32.0	9.0	0.14724055428255522
54943	240	0.15	1.0	0.25	joint_score_progression_risk_20pct	midpoint_imputed_time	0.20008593750000003	400	400	1.0	31	0.0775	0.05513293467684451	0.10790495403563602	0.005	0.0725	-0.6262886480668808	-0.15252836219754753	216.5	23.0	32.0	9.0	0.14724055428255522
54943	240	0.15	1.0	0.5	complete	full_latent_time_oracle	0.0	400	400	1.0	17	0.0425	0.026701694991131116	0.06700205432475019	0.015	0.0275	0.062314293550570075	0.011269868726909868	216.0	33.0	33.0	7.0	0.24889287415040037
54943	240	0.15	1.0	0.5	complete	ascertained_latent_time_oracle	0.0	400	400	1.0	15	0.0375	0.022855029814710867	0.060943842444513396	0.0175	0.02	0.002561720976169052	0.0005387224451735979	216.0	25.0	33.0	7.0	0.24889287415040037
54943	240	0.15	1.0	0.5	complete	detected_visit_time	0.0	400	400	1.0	14	0.035	0.02096129419797776	0.057885139532918004	0.015	0.02	-0.015901807143293336	-0.0030831062963285758	216.0	25.0	33.0	7.0	0.24889287415040037
54943	240	0.15	1.0	0.5	complete	midpoint_imputed_time	0.0	400	400	1.0	14	0.035	0.02096129419797776	0.057885139532918004	0.015	0.02	-0.015901807143293336	-0.0030831062963285758	216.0	25.0	33.0	7.0	0.24889287415040037
54943	240	0.15	1.0	0.5	independent_20pct	full_latent_time_oracle	0.19926041666666672	400	400	1.0	24	0.06	0.040647970113724695	0.0877228489004562	0.0275	0.0325	-0.06792070673689152	-0.012659018230849011	216.0	32.0	32.0	11.0	0.29707593757425715
54943	240	0.15	1.0	0.5	independent_20pct	ascertained_latent_time_oracle	0.19926041666666672	400	399	0.9975	22	0.055	0.03659849414955068	0.08186744780797323	0.0275	0.0275	0.03190610777144503	0.00835103135838291	216.0	21.0	32.0	11.0	0.29707593757425715
54943	240	0.15	1.0	0.5	independent_20pct	detected_visit_time	0.19926041666666672	400	399	0.9975	20	0.05	0.03259742983714726	0.07596363506371961	0.0275	0.0225	0.036891910711041635	0.00926502601505236	216.0	21.0	32.0	11.0	0.29707593757425715
54943	240	0.15	1.0	0.5	independent_20pct	midpoint_imputed_time	0.19926041666666672	400	399	0.9975	21	0.0525	0.034591528357920405	0.07892197507127496	0.0275	0.025	0.03712185588255945	0.008687826589639092	216.0	21.0	32.0	11.0	0.29707593757425715
54943	240	0.15	1.0	0.5	score_dependent_20pct	full_latent_time_oracle	0.19894791666666667	400	400	1.0	18	0.045	0.028651458653886006	0.07000472919032381	0.03	0.015	0.04026873041041152	0.008217043810892402	216.0	33.0	33.0	12.0	0.28092344114683354
54943	240	0.15	1.0	0.5	score_dependent_20pct	ascertained_latent_time_oracle	0.19894791666666667	400	398	0.995	34	0.085	0.0614630200239382	0.11643218427352792	0.0075	0.0775	-0.5131621154203576	-0.12643135106620357	216.0	20.0	33.0	12.0	0.28092344114683354
54943	240	0.15	1.0	0.5	score_dependent_20pct	detected_visit_time	0.19894791666666667	400	398	0.995	29	0.0725	0.05095051840227673	0.10218249325354675	0.0075	0.065	-0.5270321840011711	-0.12837839165420972	216.0	20.0	33.0	12.0	0.28092344114683354
54943	240	0.15	1.0	0.5	score_dependent_20pct	midpoint_imputed_time	0.19894791666666667	400	398	0.995	30	0.075	0.05303774392284765	0.10504770626130436	0.0075	0.0675	-0.5260794428278801	-0.12742016485317512	216.0	20.0	33.0	12.0	0.28092344114683354
54943	240	0.15	1.0	0.5	joint_score_progression_risk_20pct	full_latent_time_oracle	0.2003932291666667	400	400	1.0	27	0.0675	0.04680146916375965	0.09642666543540682	0.03	0.0375	0.09247815743420691	0.017492263857466342	216.0	32.0	32.0	14.0	0.28120315862434014
54943	240	0.15	1.0	0.5	joint_score_progression_risk_20pct	ascertained_latent_time_oracle	0.2003932291666667	400	395	0.9875	38	0.095	0.06999661149327467	0.12770834691750552	0.0025	0.0925	-0.7152097966096369	-0.19333628913778547	216.0	18.0	32.0	14.0	0.28120315862434014
54943	240	0.15	1.0	0.5	joint_score_progression_risk_20pct	detected_visit_time	0.2003932291666667	400	395	0.9875	34	0.085	0.0614630200239382	0.11643218427352792	0.0	0.085	-0.6950745345327556	-0.19223510230361276	216.0	18.0	32.0	14.0	0.28120315862434014
54943	240	0.15	1.0	0.5	joint_score_progression_risk_20pct	midpoint_imputed_time	0.2003932291666667	400	395	0.9875	34	0.085	0.0614630200239382	0.11643218427352792	0.0	0.085	-0.7046190479865893	-0.1944701552322822	216.0	18.0	32.0	14.0	0.28120315862434014
54943	240	0.15	1.0	1.0	complete	full_latent_time_oracle	0.0	400	400	1.0	22	0.055	0.03659849414955068	0.08186744780797323	0.0275	0.0275	-0.08439672586980057	-0.016523851658615432	216.0	33.0	33.0	15.0	0.5099806796455221
54943	240	0.15	1.0	1.0	complete	ascertained_latent_time_oracle	0.0	400	397	0.9925	25	0.0625	0.04268914141220244	0.09063411613030699	0.0275	0.035	-0.07552486259941356	-0.02050911863663888	216.0	18.0	33.0	15.0	0.5099806796455221
54943	240	0.15	1.0	1.0	complete	detected_visit_time	0.0	400	397	0.9925	15	0.0375	0.022855029814710867	0.060943842444513396	0.01	0.0275	-0.08341137668473564	-0.022535913837034516	216.0	18.0	33.0	15.0	0.5099806796455221
54943	240	0.15	1.0	1.0	complete	midpoint_imputed_time	0.0	400	397	0.9925	15	0.0375	0.022855029814710867	0.060943842444513396	0.01	0.0275	-0.08341137668473564	-0.022535913837034516	216.0	18.0	33.0	15.0	0.5099806796455221
54943	240	0.15	1.0	1.0	independent_20pct	full_latent_time_oracle	0.20021354166666672	400	400	1.0	27	0.0675	0.04680146916375965	0.09642666543540682	0.0375	0.03	-0.004329547146833077	-0.0008243646267791036	216.0	32.0	32.0	21.0	0.5226649440251976
54943	240	0.15	1.0	1.0	independent_20pct	ascertained_latent_time_oracle	0.20021354166666672	400	267	0.6675	17	0.0425	0.026701694991131116	0.06700205432475019	0.0275	0.015	0.05913051731779475	0.01955868767121921	216.0	11.0	32.0	21.0	0.5226649440251976
54943	240	0.15	1.0	1.0	independent_20pct	detected_visit_time	0.20021354166666672	400	267	0.6675	14	0.035	0.02096129419797776	0.057885139532918004	0.02	0.015	0.054259421217386396	0.014911115534733366	216.0	11.0	32.0	21.0	0.5226649440251976
54943	240	0.15	1.0	1.0	independent_20pct	midpoint_imputed_time	0.20021354166666672	400	267	0.6675	14	0.035	0.02096129419797776	0.057885139532918004	0.02	0.015	0.054259421217386396	0.014911115534733366	216.0	11.0	32.0	21.0	0.5226649440251976
54943	240	0.15	1.0	1.0	score_dependent_20pct	full_latent_time_oracle	0.20057291666666666	400	400	1.0	27	0.0675	0.04680146916375965	0.09642666543540682	0.0375	0.03	0.08151268588305725	0.017302723395867102	216.0	32.0	32.0	21.0	0.5247979885341233
54943	240	0.15	1.0	1.0	score_dependent_20pct	ascertained_latent_time_oracle	0.20057291666666666	400	252	0.63	35	0.0875	0.06358691021150324	0.11926073261429136	0.0	0.0875	-0.6488861031659319	-0.20487634305114205	216.0	11.0	32.0	21.0	0.5247979885341233
54943	240	0.15	1.0	1.0	score_dependent_20pct	detected_visit_time	0.20057291666666666	400	252	0.63	32	0.08	0.05723575041013351	0.11075457683067555	0.0	0.08	-0.6253023142874596	-0.20505879739383864	216.0	11.0	32.0	21.0	0.5247979885341233
54943	240	0.15	1.0	1.0	score_dependent_20pct	midpoint_imputed_time	0.20057291666666666	400	252	0.63	32	0.08	0.05723575041013351	0.11075457683067555	0.0	0.08	-0.6253023142874596	-0.20505879739383864	216.0	11.0	32.0	21.0	0.5247979885341233
54943	240	0.15	1.0	1.0	joint_score_progression_risk_20pct	full_latent_time_oracle	0.1997864583333333	400	400	1.0	17	0.0425	0.026701694991131116	0.06700205432475019	0.025	0.0175	0.011282257074665777	0.0022325148338901424	216.0	32.5	32.5	22.0	0.5043455910224733
54943	240	0.15	1.0	1.0	joint_score_progression_risk_20pct	ascertained_latent_time_oracle	0.1997864583333333	400	243	0.6075	21	0.0525	0.034591528357920405	0.07892197507127496	0.0	0.0525	-0.6964882849479459	-0.22565123591243152	216.0	10.0	32.5	22.0	0.5043455910224733
54943	240	0.15	1.0	1.0	joint_score_progression_risk_20pct	detected_visit_time	0.1997864583333333	400	243	0.6075	20	0.05	0.03259742983714726	0.07596363506371961	0.0	0.05	-0.6753527423486133	-0.21911525688790773	216.0	10.0	32.5	22.0	0.5043455910224733
54943	240	0.15	1.0	1.0	joint_score_progression_risk_20pct	midpoint_imputed_time	0.1997864583333333	400	243	0.6075	20	0.05	0.03259742983714726	0.07596363506371961	0.0	0.05	-0.6753527423486132	-0.21911525688790776	216.0	10.0	32.5	22.0	0.5043455910224733
54943	240	0.15	1.7	0.25	complete	full_latent_time_oracle	0.0	400	400	1.0	203	0.5075	0.45866859619769573	0.5561887193872896	0.5075	0.0	2.0016943284743807	0.3782895288774179	217.0	32.0	32.0	3.0	0.12643885649955788
54943	240	0.15	1.7	0.25	complete	ascertained_latent_time_oracle	0.0	400	400	1.0	186	0.465	0.41668591738620475	0.5139799432171961	0.465	0.0	1.812659790190179	0.3882423497052303	217.0	29.0	32.0	3.0	0.12643885649955788
54943	240	0.15	1.7	0.25	complete	detected_visit_time	0.0	400	400	1.0	181	0.4525	0.404404788515386	0.5014988794463721	0.4525	0.0	1.7978084524359643	0.38185742888602703	217.0	29.0	32.0	3.0	0.12643885649955788
54943	240	0.15	1.7	0.25	complete	midpoint_imputed_time	0.0	400	400	1.0	181	0.4525	0.404404788515386	0.5014988794463721	0.4525	0.0	1.7978084524359643	0.38185742888602703	217.0	29.0	32.0	3.0	0.12643885649955788
54943	240	0.15	1.7	0.25	independent_20pct	full_latent_time_oracle	0.1998893229166666	400	400	1.0	193	0.4825	0.43393056304490063	0.5314023672567997	0.4825	0.0	1.8927935050939704	0.3628107898637605	216.0	32.0	32.0	5.0	0.15129507406487147
54943	240	0.15	1.7	0.25	independent_20pct	ascertained_latent_time_oracle	0.1998893229166666	400	400	1.0	176	0.44	0.39215426251525537	0.4889872128048602	0.44	0.0	1.8066764437825074	0.37688638596927615	216.0	27.0	32.0	5.0	0.15129507406487147
54943	240	0.15	1.7	0.25	independent_20pct	detected_visit_time	0.1998893229166666	400	400	1.0	170	0.425	0.3774943812405543	0.4739324629095902	0.425	0.0	1.7689906037247618	0.37448543081563856	216.0	27.0	32.0	5.0	0.15129507406487147
54943	240	0.15	1.7	0.25	independent_20pct	midpoint_imputed_time	0.1998893229166666	400	400	1.0	171	0.4275	0.3799345878043344	0.47644469487413854	0.4275	0.0	1.7854375061410095	0.3750084243428191	216.0	27.0	32.0	5.0	0.15129507406487147
54943	240	0.15	1.7	0.25	score_dependent_20pct	full_latent_time_oracle	0.2003411458333333	400	400	1.0	211	0.5275	0.4785460270872868	0.5759307967243268	0.5275	0.0	2.052500681239666	0.39891292425160074	216.0	32.0	32.0	8.0	0.1594622814529164
54943	240	0.15	1.7	0.25	score_dependent_20pct	ascertained_latent_time_oracle	0.2003411458333333	400	400	1.0	97	0.2425	0.2030764095091307	0.286822422073032	0.2425	0.0	1.1857456809991767	0.281461129661562	216.0	25.0	32.0	8.0	0.1594622814529164
54943	240	0.15	1.7	0.25	score_dependent_20pct	detected_visit_time	0.2003411458333333	400	400	1.0	96	0.24	0.20074599691279923	0.284200396141035	0.24	0.0	1.1747602111288957	0.27167034909265986	216.0	25.0	32.0	8.0	0.1594622814529164
54943	240	0.15	1.7	0.25	score_dependent_20pct	midpoint_imputed_time	0.2003411458333333	400	400	1.0	95	0.2375	0.19841751180740802	0.2815764427180976	0.2375	0.0	1.1738254770473264	0.2734509113056415	216.0	25.0	32.0	8.0	0.1594622814529164
54943	240	0.15	1.7	0.25	joint_score_progression_risk_20pct	full_latent_time_oracle	0.20064322916666666	400	400	1.0	203	0.5075	0.45866859619769573	0.5561887193872896	0.5075	0.0	2.00903616096958	0.39160789175321736	216.0	32.0	32.0	11.0	0.15171895219374504
54943	240	0.15	1.7	0.25	joint_score_progression_risk_20pct	ascertained_latent_time_oracle	0.20064322916666666	400	400	1.0	58	0.145	0.11387048965924287	0.18288323931810765	0.145	0.0	0.9140103065653066	0.23015309979639836	216.0	21.0	32.0	11.0	0.15171895219374504
54943	240	0.15	1.7	0.25	joint_score_progression_risk_20pct	detected_visit_time	0.20064322916666666	400	400	1.0	55	0.1375	0.10718448673484568	0.1747119266575193	0.1375	0.0	0.9244391218912642	0.23163668684585342	216.0	21.0	32.0	11.0	0.15171895219374504
54943	240	0.15	1.7	0.25	joint_score_progression_risk_20pct	midpoint_imputed_time	0.20064322916666666	400	400	1.0	56	0.14	0.10940962137459034	0.1774392305461032	0.14	0.0	0.9119306794579553	0.22946091528243298	216.0	21.0	32.0	11.0	0.15171895219374504
54943	240	0.15	1.7	0.5	complete	full_latent_time_oracle	0.0	400	400	1.0	214	0.535	0.486020056782804	0.5833140826137954	0.535	0.0	2.014186074429128	0.38935854257345137	216.0	32.0	32.0	7.0	0.25548198679835626
54943	240	0.15	1.7	0.5	complete	ascertained_latent_time_oracle	0.0	400	400	1.0	190	0.475	0.4265327259812066	0.5239428887355082	0.475	0.0	1.8996861787410317	0.4039887602889071	216.0	25.0	32.0	7.0	0.25548198679835626
54943	240	0.15	1.7	0.5	complete	detected_visit_time	0.0	400	400	1.0	180	0.45	0.40195222801404185	0.4989990014193878	0.45	0.0	1.8512705173978763	0.39873150891487963	216.0	25.0	32.0	7.0	0.25548198679835626
54943	240	0.15	1.7	0.5	complete	midpoint_imputed_time	0.0	400	400	1.0	180	0.45	0.40195222801404185	0.4989990014193878	0.45	0.0	1.8512705173978763	0.39873150891487963	216.0	25.0	32.0	7.0	0.25548198679835626
54943	240	0.15	1.7	0.5	independent_20pct	full_latent_time_oracle	0.20030208333333333	400	400	1.0	198	0.495	0.44628448078239025	0.5438106421609528	0.495	0.0	1.9332121319712878	0.3774936660023595	216.0	32.0	32.0	11.0	0.29317931094129634
54943	240	0.15	1.7	0.5	independent_20pct	ascertained_latent_time_oracle	0.20030208333333333	400	399	0.9975	155	0.3875	0.34104299567214824	0.43609727055306846	0.3875	0.0	1.6746434657471865	0.3853270828669674	216.0	22.0	32.0	11.0	0.29317931094129634
54943	240	0.15	1.7	0.5	independent_20pct	detected_visit_time	0.20030208333333333	400	399	0.9975	148	0.37	0.3241319808189903	0.4183412157079268	0.37	0.0	1.645900039088862	0.3769235213889435	216.0	22.0	32.0	11.0	0.29317931094129634
54943	240	0.15	1.7	0.5	independent_20pct	midpoint_imputed_time	0.20030208333333333	400	399	0.9975	148	0.37	0.3241319808189903	0.4183412157079268	0.37	0.0	1.654608332814446	0.3826259884097879	216.0	22.0	32.0	11.0	0.29317931094129634
54943	240	0.15	1.7	0.5	score_dependent_20pct	full_latent_time_oracle	0.19894010416666663	400	400	1.0	202	0.505	0.45618935783904724	0.5537155192176098	0.505	0.0	1.99109810903213	0.3799956446903263	217.0	33.0	33.0	14.0	0.2980804187363778
54943	240	0.15	1.7	0.5	score_dependent_20pct	ascertained_latent_time_oracle	0.19894010416666663	400	398	0.995	55	0.1375	0.10718448673484568	0.1747119266575193	0.135	0.0025	0.791002713637246	0.21124559719510155	217.0	19.0	33.0	14.0	0.2980804187363778
54943	240	0.15	1.7	0.5	score_dependent_20pct	detected_visit_time	0.19894010416666663	400	398	0.995	52	0.13	0.10053125228664084	0.1665078455207386	0.1275	0.0025	0.7926679694016695	0.21066123853640656	217.0	19.0	33.0	14.0	0.2980804187363778
54943	240	0.15	1.7	0.5	score_dependent_20pct	midpoint_imputed_time	0.19894010416666663	400	398	0.995	52	0.13	0.10053125228664084	0.1665078455207386	0.1275	0.0025	0.7826660242429717	0.20673727464556402	217.0	19.0	33.0	14.0	0.2980804187363778
54943	240	0.15	1.7	0.5	joint_score_progression_risk_20pct	full_latent_time_oracle	0.1997161458333333	400	400	1.0	201	0.5025	0.45371132720791196	0.5512411113204164	0.5025	0.0	1.972773824031496	0.3904246240584495	216.0	32.0	32.0	16.0	0.2767892941385039
54943	240	0.15	1.7	0.5	joint_score_progression_risk_20pct	ascertained_latent_time_oracle	0.1997161458333333	400	387	0.9675	38	0.095	0.06999661149327467	0.12770834691750552	0.0925	0.0025	0.7942189228867307	0.22116846999176204	216.0	16.0	32.0	16.0	0.2767892941385039
54943	240	0.15	1.7	0.5	joint_score_progression_risk_20pct	detected_visit_time	0.1997161458333333	400	387	0.9675	35	0.0875	0.06358691021150324	0.11926073261429136	0.085	0.0025	0.799254212017731	0.22186644960719962	216.0	16.0	32.0	16.0	0.2767892941385039
54943	240	0.15	1.7	0.5	joint_score_progression_risk_20pct	midpoint_imputed_time	0.1997161458333333	400	387	0.9675	34	0.085	0.0614630200239382	0.11643218427352792	0.0825	0.0025	0.7858440262322	0.22062838850583144	216.0	16.0	32.0	16.0	0.2767892941385039
54943	240	0.15	1.7	1.0	complete	full_latent_time_oracle	0.0	400	400	1.0	207	0.5175	0.46859763274320027	0.5660694369550994	0.5175	0.0	1.9913980417043615	0.3772058310717873	216.0	32.5	32.5	15.0	0.5175461941212535
54943	240	0.15	1.7	1.0	complete	ascertained_latent_time_oracle	0.0	400	394	0.985	127	0.3175	0.27380177308238884	0.36467021434962943	0.3175	0.0	1.5117301326792203	0.391225586531608	216.0	18.0	32.5	15.0	0.5175461941212535
54943	240	0.15	1.7	1.0	complete	detected_visit_time	0.0	400	394	0.985	110	0.275	0.23353872471100914	0.3207418077394244	0.275	0.0	1.4143050495666147	0.3726684574748562	216.0	18.0	32.5	15.0	0.5175461941212535
54943	240	0.15	1.7	1.0	complete	midpoint_imputed_time	0.0	400	394	0.985	110	0.275	0.23353872471100914	0.3207418077394244	0.275	0.0	1.4143050495666147	0.3726684574748562	216.0	18.0	32.5	15.0	0.5175461941212535
54943	240	0.15	1.7	1.0	independent_20pct	full_latent_time_oracle	0.2009427083333334	400	400	1.0	197	0.4925	0.44381128061271025	0.5413314038023042	0.4925	0.0	1.9515393916939345	0.38140923965332885	216.0	32.0	32.0	21.0	0.5046462809932912
54943	240	0.15	1.7	1.0	independent_20pct	ascertained_latent_time_oracle	0.2009427083333334	400	276	0.69	48	0.12	0.09171539075382554	0.15551395294023979	0.1175	0.0025	1.1535368664954304	0.36140940385455955	216.0	11.0	32.0	21.0	0.5046462809932912
54943	240	0.15	1.7	1.0	independent_20pct	detected_visit_time	0.2009427083333334	400	276	0.69	45	0.1125	0.08514845878595949	0.14722356932312028	0.11	0.0025	1.097830933363725	0.34936425367094437	216.0	11.0	32.0	21.0	0.5046462809932912
54943	240	0.15	1.7	1.0	independent_20pct	midpoint_imputed_time	0.2009427083333334	400	276	0.69	45	0.1125	0.08514845878595949	0.14722356932312028	0.11	0.0025	1.0978309333637248	0.34936425367094426	216.0	11.0	32.0	21.0	0.5046462809932912
54943	240	0.15	1.7	1.0	score_dependent_20pct	full_latent_time_oracle	0.20038020833333337	400	400	1.0	188	0.47	0.4216068935658794	0.5189638440941783	0.47	0.0	1.9069340139331339	0.37514840844533354	216.0	32.0	32.0	23.0	0.5134373947883638
54943	240	0.15	1.7	1.0	score_dependent_20pct	ascertained_latent_time_oracle	0.20038020833333337	400	193	0.4825	9	0.0225	0.011881583530495034	0.04220265755875813	0.0175	0.005	0.07882453560644853	0.024843971368691563	216.0	9.0	32.0	23.0	0.5134373947883638
54943	240	0.15	1.7	1.0	score_dependent_20pct	detected_visit_time	0.20038020833333337	400	193	0.4825	9	0.0225	0.011881583530495034	0.04220265755875813	0.0175	0.005	0.0672203836558295	0.022404398145170923	216.0	9.0	32.0	23.0	0.5134373947883638
54943	240	0.15	1.7	1.0	score_dependent_20pct	midpoint_imputed_time	0.20038020833333337	400	193	0.4825	9	0.0225	0.011881583530495034	0.04220265755875813	0.0175	0.005	0.06722038365582965	0.022404398145170923	216.0	9.0	32.0	23.0	0.5134373947883638
54943	240	0.15	1.7	1.0	joint_score_progression_risk_20pct	full_latent_time_oracle	0.19914062499999996	400	400	1.0	195	0.4875	0.4388685044431795	0.5363693029151779	0.4875	0.0	1.9340739903408717	0.3716734983005685	217.0	33.0	33.0	24.0	0.5075338282644214
54943	240	0.15	1.7	1.0	joint_score_progression_risk_20pct	ascertained_latent_time_oracle	0.19914062499999996	400	168	0.42	14	0.035	0.02096129419797776	0.057885139532918004	0.0325	0.0025	0.25144192864012305	0.08171103648277764	217.0	9.0	33.0	24.0	0.5075338282644214
54943	240	0.15	1.7	1.0	joint_score_progression_risk_20pct	detected_visit_time	0.19914062499999996	400	168	0.42	13	0.0325	0.01908984237880045	0.0548041528237668	0.03	0.0025	0.23016048236565367	0.07738715751252634	217.0	9.0	33.0	24.0	0.5075338282644214
54943	240	0.15	1.7	1.0	joint_score_progression_risk_20pct	midpoint_imputed_time	0.19914062499999996	400	168	0.42	13	0.0325	0.01908984237880045	0.0548041528237668	0.03	0.0025	0.23016048236565373	0.07738715751252637	217.0	9.0	33.0	24.0	0.5075338282644214
54943	240	0.3	1.0	0.25	complete	full_latent_time_oracle	0.0	400	400	1.0	21	0.0525	0.034591528357920405	0.07892197507127496	0.0275	0.025	-0.021644341768930438	-0.003084198375605255	217.0	65.0	65.0	6.0	0.12789679286841316
54943	240	0.3	1.0	0.25	complete	ascertained_latent_time_oracle	0.0	400	400	1.0	24	0.06	0.040647970113724695	0.0877228489004562	0.025	0.035	-0.023011199074396645	-0.0031324325277998968	217.0	59.0	65.0	6.0	0.12789679286841316
54943	240	0.3	1.0	0.25	complete	detected_visit_time	0.0	400	400	1.0	22	0.055	0.03659849414955068	0.08186744780797323	0.025	0.03	-0.016540964376892252	-0.0022079629749364757	217.0	59.0	65.0	6.0	0.12789679286841316
54943	240	0.3	1.0	0.25	complete	midpoint_imputed_time	0.0	400	400	1.0	22	0.055	0.03659849414955068	0.08186744780797323	0.025	0.03	-0.016540964376892252	-0.0022079629749364757	217.0	59.0	65.0	6.0	0.12789679286841316
54943	240	0.3	1.0	0.25	independent_20pct	full_latent_time_oracle	0.19959505208333328	400	400	1.0	25	0.0625	0.04268914141220244	0.09063411613030699	0.0275	0.035	-0.05974774352906621	-0.008073868618366896	216.0	65.0	65.0	10.0	0.15264399775763937
54943	240	0.3	1.0	0.25	independent_20pct	ascertained_latent_time_oracle	0.19959505208333328	400	400	1.0	23	0.0575	0.038617542757733075	0.08480083772811935	0.0225	0.035	-0.039453220911851244	-0.0055999114646440645	216.0	55.0	65.0	10.0	0.15264399775763937
54943	240	0.3	1.0	0.25	independent_20pct	detected_visit_time	0.19959505208333328	400	400	1.0	22	0.055	0.03659849414955068	0.08186744780797323	0.02	0.035	-0.03963248200224126	-0.006151203790443569	216.0	55.0	65.0	10.0	0.15264399775763937
54943	240	0.3	1.0	0.25	independent_20pct	midpoint_imputed_time	0.19959505208333328	400	400	1.0	23	0.0575	0.038617542757733075	0.08480083772811935	0.0225	0.035	-0.03317529274222852	-0.005208478867272302	216.0	55.0	65.0	10.0	0.15264399775763937
54943	240	0.3	1.0	0.25	score_dependent_20pct	full_latent_time_oracle	0.20022265625000002	400	400	1.0	22	0.055	0.03659849414955068	0.08186744780797323	0.0225	0.0325	-0.13955901771177126	-0.018743418117950286	216.0	64.0	64.0	11.5	0.15143683863038948
54943	240	0.3	1.0	0.25	score_dependent_20pct	ascertained_latent_time_oracle	0.20022265625000002	400	400	1.0	31	0.0775	0.05513293467684451	0.10790495403563602	0.0075	0.07	-0.5429706245197176	-0.07978710526213595	216.0	53.0	64.0	11.5	0.15143683863038948
54943	240	0.3	1.0	0.25	score_dependent_20pct	detected_visit_time	0.20022265625000002	400	400	1.0	29	0.0725	0.05095051840227673	0.10218249325354675	0.0025	0.07	-0.5627896251615967	-0.08711052221487973	216.0	53.0	64.0	11.5	0.15143683863038948
54943	240	0.3	1.0	0.25	score_dependent_20pct	midpoint_imputed_time	0.20022265625000002	400	400	1.0	28	0.07	0.04887162669974449	0.09930894642775051	0.005	0.065	-0.5436555913153918	-0.0827889096977488	216.0	53.0	64.0	11.5	0.15143683863038948
54943	240	0.3	1.0	0.25	joint_score_progression_risk_20pct	full_latent_time_oracle	0.2005807291666667	400	400	1.0	15	0.0375	0.022855029814710867	0.060943842444513396	0.02	0.0175	0.015206586183154153	0.0018696742239394787	216.0	65.0	65.0	16.0	0.14791210808167726
54943	240	0.3	1.0	0.25	joint_score_progression_risk_20pct	ascertained_latent_time_oracle	0.2005807291666667	400	400	1.0	46	0.115	0.0873329226216324	0.1499915440157759	0.0025	0.1125	-0.8434574618376489	-0.13884872185952307	216.0	49.0	65.0	16.0	0.14791210808167726
54943	240	0.3	1.0	0.25	joint_score_progression_risk_20pct	detected_visit_time	0.2005807291666667	400	400	1.0	45	0.1125	0.08514845878595949	0.14722356932312028	0.0025	0.11	-0.8507364093383076	-0.1397720658988295	216.0	49.0	65.0	16.0	0.14791210808167726
54943	240	0.3	1.0	0.25	joint_score_progression_risk_20pct	midpoint_imputed_time	0.2005807291666667	400	400	1.0	43	0.1075	0.08079372047159449	0.14167343058082826	0.0	0.1075	-0.8484768757554468	-0.13776869597392244	216.0	49.0	65.0	16.0	0.14791210808167726
54943	240	0.3	1.0	0.5	complete	full_latent_time_oracle	0.0	400	400	1.0	17	0.0425	0.026701694991131116	0.06700205432475019	0.03	0.0125	0.014071664168244104	0.001954429230717554	216.0	64.0	64.0	12.0	0.2601219683206879
54943	240	0.3	1.0	0.5	complete	ascertained_latent_time_oracle	0.0	400	400	1.0	20	0.05	0.03259742983714726	0.07596363506371961	0.025	0.025	0.0614836925074177	0.009682524957635712	216.0	51.0	64.0	12.0	0.2601219683206879
54943	240	0.3	1.0	0.5	complete	detected_visit_time	0.0	400	400	1.0	15	0.0375	0.022855029814710867	0.060943842444513396	0.02	0.0175	0.05188879913669135	0.007872183073790026	216.0	51.0	64.0	12.0	0.2601219683206879
54943	240	0.3	1.0	0.5	complete	midpoint_imputed_time	0.0	400	400	1.0	15	0.0375	0.022855029814710867	0.060943842444513396	0.02	0.0175	0.05188879913669135	0.007872183073790026	216.0	51.0	64.0	12.0	0.2601219683206879
54943	240	0.3	1.0	0.5	independent_20pct	full_latent_time_oracle	0.20015885416666668	400	400	1.0	16	0.04	0.024769063069711758	0.06398224771784103	0.0225	0.0175	0.03953073520722526	0.005477963422674301	216.0	65.0	65.0	20.0	0.2974958986712889
54943	240	0.3	1.0	0.5	independent_20pct	ascertained_latent_time_oracle	0.20015885416666668	400	400	1.0	22	0.055	0.03659849414955068	0.08186744780797323	0.0225	0.0325	0.05054746539700991	0.00859682264064845	216.0	44.5	65.0	20.0	0.2974958986712889
54943	240	0.3	1.0	0.5	independent_20pct	detected_visit_time	0.20015885416666668	400	400	1.0	17	0.0425	0.026701694991131116	0.06700205432475019	0.015	0.0275	0.03839258885300154	0.006778322988705518	216.0	44.5	65.0	20.0	0.2974958986712889
54943	240	0.3	1.0	0.5	independent_20pct	midpoint_imputed_time	0.20015885416666668	400	400	1.0	19	0.0475	0.030617076962711882	0.07299154940982647	0.0175	0.03	0.03993691992841862	0.006930746854984807	216.0	44.5	65.0	20.0	0.2974958986712889
54943	240	0.3	1.0	0.5	score_dependent_20pct	full_latent_time_oracle	0.20032812499999997	400	400	1.0	18	0.045	0.028651458653886006	0.07000472919032381	0.02	0.025	-0.08835429914001848	-0.012951673034835937	216.0	64.0	64.0	23.0	0.2884464238907589
54943	240	0.3	1.0	0.5	score_dependent_20pct	ascertained_latent_time_oracle	0.20032812499999997	400	400	1.0	57	0.1425	0.1116383145426319	0.18016297590639008	0.0	0.1425	-0.9230213750225775	-0.15595879127109574	216.0	42.0	64.0	23.0	0.2884464238907589
54943	240	0.3	1.0	0.5	score_dependent_20pct	detected_visit_time	0.20032812499999997	400	400	1.0	56	0.14	0.10940962137459034	0.1774392305461032	0.0	0.14	-0.8979875042765099	-0.15155354671833376	216.0	42.0	64.0	23.0	0.2884464238907589
54943	240	0.3	1.0	0.5	score_dependent_20pct	midpoint_imputed_time	0.20032812499999997	400	400	1.0	57	0.1425	0.1116383145426319	0.18016297590639008	0.0	0.1425	-0.8855099716904125	-0.15032002867323374	216.0	42.0	64.0	23.0	0.2884464238907589
54943	240	0.3	1.0	0.5	joint_score_progression_risk_20pct	full_latent_time_oracle	0.20032552083333333	400	400	1.0	20	0.05	0.03259742983714726	0.07596363506371961	0.0275	0.0225	0.046798351460273495	0.006378049530375829	216.0	64.5	64.5	26.0	0.2876113307906974
54943	240	0.3	1.0	0.5	joint_score_progression_risk_20pct	ascertained_latent_time_oracle	0.20032552083333333	400	400	1.0	62	0.155	0.12283258671753924	0.19373089637312538	0.0025	0.1525	-0.9882057300374222	-0.17940227354859223	216.0	39.0	64.5	26.0	0.2876113307906974
54943	240	0.3	1.0	0.5	joint_score_progression_risk_20pct	detected_visit_time	0.20032552083333333	400	400	1.0	56	0.14	0.10940962137459034	0.1774392305461032	0.0025	0.1375	-0.9825738225680786	-0.17687389581225801	216.0	39.0	64.5	26.0	0.2876113307906974
54943	240	0.3	1.0	0.5	joint_score_progression_risk_20pct	midpoint_imputed_time	0.20032552083333333	400	400	1.0	58	0.145	0.11387048965924287	0.18288323931810765	0.0025	0.1425	-0.9714609425140379	-0.1756046236574661	216.0	39.0	64.5	26.0	0.2876113307906974
54943	240	0.3	1.0	1.0	complete	full_latent_time_oracle	0.0	400	400	1.0	18	0.045	0.028651458653886006	0.07000472919032381	0.0225	0.0225	0.0098212046267127	0.0012314929155368664	216.0	64.5	64.5	27.0	0.5406906802278686
54943	240	0.3	1.0	1.0	complete	ascertained_latent_time_oracle	0.0	400	400	1.0	13	0.0325	0.01908984237880045	0.0548041528237668	0.02	0.0125	-0.00026236249964876716	-4.700225283697912e-05	216.0	36.0	64.5	27.0	0.5406906802278686
54943	240	0.3	1.0	1.0	complete	detected_visit_time	0.0	400	400	1.0	8	0.02	0.010168386791664645	0.03896341576926	0.0125	0.0075	3.378945861570173e-05	3.7364476027887427e-06	216.0	36.0	64.5	27.0	0.5406906802278686
54943	240	0.3	1.0	1.0	complete	midpoint_imputed_time	0.0	400	400	1.0	8	0.02	0.010168386791664645	0.03896341576926	0.0125	0.0075	3.378945861570173e-05	3.7364476027887427e-06	216.0	36.0	64.5	27.0	0.5406906802278686
54943	240	0.3	1.0	1.0	independent_20pct	full_latent_time_oracle	0.19948437500000005	400	400	1.0	21	0.0525	0.034591528357920405	0.07892197507127496	0.03	0.0225	0.09212495729074821	0.012148257379117641	216.0	65.0	65.0	41.0	0.5297381947111958
54943	240	0.3	1.0	1.0	independent_20pct	ascertained_latent_time_oracle	0.19948437500000005	400	400	1.0	23	0.0575	0.038617542757733075	0.08480083772811935	0.0275	0.03	0.08280630465537785	0.02046643464360748	216.0	24.0	65.0	41.0	0.5297381947111958
54943	240	0.3	1.0	1.0	independent_20pct	detected_visit_time	0.19948437500000005	400	400	1.0	16	0.04	0.024769063069711758	0.06398224771784103	0.02	0.02	0.05885931771920397	0.014840496827816942	216.0	24.0	65.0	41.0	0.5297381947111958
54943	240	0.3	1.0	1.0	independent_20pct	midpoint_imputed_time	0.19948437500000005	400	400	1.0	16	0.04	0.024769063069711758	0.06398224771784103	0.02	0.02	0.058859317719204024	0.014840496827816964	216.0	24.0	65.0	41.0	0.5297381947111958
54943	240	0.3	1.0	1.0	score_dependent_20pct	full_latent_time_oracle	0.1999270833333333	400	400	1.0	27	0.0675	0.04680146916375965	0.09642666543540682	0.0425	0.025	-0.07689536038484818	-0.010605193531399281	216.0	64.0	64.0	40.0	0.5481044994647364
54943	240	0.3	1.0	1.0	score_dependent_20pct	ascertained_latent_time_oracle	0.1999270833333333	400	400	1.0	61	0.1525	0.12058718801590881	0.19102385654642726	0.0025	0.15	-1.0198291180330525	-0.23391723940331455	216.0	24.0	64.0	40.0	0.5481044994647364
54943	240	0.3	1.0	1.0	score_dependent_20pct	detected_visit_time	0.1999270833333333	400	400	1.0	52	0.13	0.10053125228664084	0.1665078455207386	0.0025	0.1275	-0.9386904541766863	-0.21983295728205213	216.0	24.0	64.0	40.0	0.5481044994647364
54943	240	0.3	1.0	1.0	score_dependent_20pct	midpoint_imputed_time	0.1999270833333333	400	400	1.0	52	0.13	0.10053125228664084	0.1665078455207386	0.0025	0.1275	-0.9386904541766863	-0.21983295728205215	216.0	24.0	64.0	40.0	0.5481044994647364
54943	240	0.3	1.0	1.0	joint_score_progression_risk_20pct	full_latent_time_oracle	0.1995520833333333	400	400	1.0	17	0.0425	0.026701694991131116	0.06700205432475019	0.0225	0.02	-0.06617400875395227	-0.008834558487426947	216.5	64.0	64.0	42.0	0.5275812908051108
54943	240	0.3	1.0	1.0	joint_score_progression_risk_20pct	ascertained_latent_time_oracle	0.1995520833333333	400	400	1.0	50	0.125	0.09611512323676381	0.1610190975139586	0.0	0.125	-0.9664051082050167	-0.229835357084368	216.5	22.0	64.0	42.0	0.5275812908051108
54943	240	0.3	1.0	1.0	joint_score_progression_risk_20pct	detected_visit_time	0.1995520833333333	400	400	1.0	40	0.1	0.07429925914003437	0.13331057632740284	0.0	0.1	-0.9372260408743487	-0.21936370648708542	216.5	22.0	64.0	42.0	0.5275812908051108
54943	240	0.3	1.0	1.0	joint_score_progression_risk_20pct	midpoint_imputed_time	0.1995520833333333	400	400	1.0	40	0.1	0.07429925914003437	0.13331057632740284	0.0	0.1	-0.9372260408743487	-0.21936370648708542	216.5	22.0	64.0	42.0	0.5275812908051108
54943	240	0.3	1.7	0.25	complete	full_latent_time_oracle	0.0	400	400	1.0	298	0.745	0.7000956766555838	0.785243299120611	0.745	0.0	2.6255937674516474	0.365191565272995	216.0	65.0	65.0	6.0	0.13027919473018404
54943	240	0.3	1.7	0.25	complete	ascertained_latent_time_oracle	0.0	400	400	1.0	280	0.7	0.6533627542224784	0.7428323280438028	0.7	0.0	2.5153466622222047	0.36684534216905285	216.0	59.0	65.0	6.0	0.13027919473018404
54943	240	0.3	1.7	0.25	complete	detected_visit_time	0.0	400	400	1.0	272	0.68	0.632759697663558	0.7238158763760955	0.68	0.0	2.434384965607511	0.3556906038314279	216.0	59.0	65.0	6.0	0.13027919473018404
54943	240	0.3	1.7	0.25	complete	midpoint_imputed_time	0.0	400	400	1.0	272	0.68	0.632759697663558	0.7238158763760955	0.68	0.0	2.434384965607511	0.3556906038314279	216.0	59.0	65.0	6.0	0.13027919473018404
54943	240	0.3	1.7	0.25	independent_20pct	full_latent_time_oracle	0.200171875	400	400	1.0	309	0.7725	0.7289390669951599	0.8108767325926485	0.7725	0.0	2.6574352485496027	0.3638534683795055	216.0	65.0	65.0	9.0	0.15534171709939804
54943	240	0.3	1.7	0.25	independent_20pct	ascertained_latent_time_oracle	0.200171875	400	400	1.0	285	0.7125	0.6662901779980862	0.7546670969098378	0.7125	0.0	2.47040209468307	0.3667923659110741	216.0	56.0	65.0	9.0	0.15534171709939804
54943	240	0.3	1.7	0.25	independent_20pct	detected_visit_time	0.200171875	400	400	1.0	278	0.695	0.6482028147696431	0.7380873904399811	0.695	0.0	2.3992526898868354	0.3544432477503031	216.0	56.0	65.0	9.0	0.15534171709939804
54943	240	0.3	1.7	0.25	independent_20pct	midpoint_imputed_time	0.200171875	400	400	1.0	282	0.705	0.658528950995276	0.7475710083276624	0.705	0.0	2.425386661160525	0.3558935817285271	216.0	56.0	65.0	9.0	0.15534171709939804
54943	240	0.3	1.7	0.25	score_dependent_20pct	full_latent_time_oracle	0.1998854166666667	400	400	1.0	297	0.7425	0.697484812382584	0.7829017248652822	0.7425	0.0	2.7712987561588323	0.37610703205218377	216.0	65.0	65.0	13.0	0.16100485554784405
54943	240	0.3	1.7	0.25	score_dependent_20pct	ascertained_latent_time_oracle	0.1998854166666667	400	400	1.0	167	0.4175	0.37018126768159904	0.46638826088355984	0.4175	0.0	1.7296544185423366	0.270054356254115	216.0	52.0	65.0	13.0	0.16100485554784405
54943	240	0.3	1.7	0.25	score_dependent_20pct	detected_visit_time	0.1998854166666667	400	400	1.0	157	0.3925	0.34588652662317476	0.44115861665869904	0.3925	0.0	1.6427071215456732	0.2589583073027628	216.0	52.0	65.0	13.0	0.16100485554784405
54943	240	0.3	1.7	0.25	score_dependent_20pct	midpoint_imputed_time	0.1998854166666667	400	400	1.0	160	0.4	0.3531615288938136	0.4487409299730458	0.4	0.0	1.6774879340914763	0.2636843280751824	216.0	52.0	65.0	13.0	0.16100485554784405
54943	240	0.3	1.7	0.25	joint_score_progression_risk_20pct	full_latent_time_oracle	0.19987890625000004	400	400	1.0	294	0.735	0.6896629392432349	0.7758662824196457	0.735	0.0	2.5653411771344867	0.3540276795530834	216.0	65.0	65.0	18.0	0.153091788466287
54943	240	0.3	1.7	0.25	joint_score_progression_risk_20pct	ascertained_latent_time_oracle	0.19987890625000004	400	400	1.0	108	0.27	0.22883278412268437	0.31554287127109204	0.27	0.0	1.3302764007210715	0.21661618246071118	216.0	47.0	65.0	18.0	0.153091788466287
54943	240	0.3	1.7	0.25	joint_score_progression_risk_20pct	detected_visit_time	0.19987890625000004	400	400	1.0	103	0.2575	0.21709827513471777	0.302515187617416	0.2575	0.0	1.2879120074649082	0.2142740052393622	216.0	47.0	65.0	18.0	0.153091788466287
54943	240	0.3	1.7	0.25	joint_score_progression_risk_20pct	midpoint_imputed_time	0.19987890625000004	400	400	1.0	106	0.265	0.22413371758035427	0.31033706075676515	0.265	0.0	1.298008567476339	0.2111238090667325	216.0	47.0	65.0	18.0	0.153091788466287
54943	240	0.3	1.7	0.5	complete	full_latent_time_oracle	0.0	400	400	1.0	315	0.7875	0.7447739406814162	0.8247564900763633	0.7875	0.0	2.7554120138153033	0.3752114481301406	216.0	65.0	65.0	12.0	0.2670644829195795
54943	240	0.3	1.7	0.5	complete	ascertained_latent_time_oracle	0.0	400	400	1.0	284	0.71	0.6637014956653163	0.7523033407142791	0.71	0.0	2.533719918123917	0.38864598370848	216.0	53.0	65.0	12.0	0.2670644829195795
54943	240	0.3	1.7	0.5	complete	detected_visit_time	0.0	400	400	1.0	265	0.6625	0.6148101420626579	0.7070983622786957	0.6625	0.0	2.376524522537741	0.3658877726457773	216.0	53.0	65.0	12.0	0.2670644829195795
54943	240	0.3	1.7	0.5	complete	midpoint_imputed_time	0.0	400	400	1.0	265	0.6625	0.6148101420626579	0.7070983622786957	0.6625	0.0	2.376524522537741	0.3658877726457773	216.0	53.0	65.0	12.0	0.2670644829195795
54943	240	0.3	1.7	0.5	independent_20pct	full_latent_time_oracle	0.19980729166666666	400	400	1.0	305	0.7625	0.7184235572819022	0.8015824881925919	0.7625	0.0	2.668142759916045	0.3681335027069549	216.0	64.0	64.0	19.0	0.3049594199213488
54943	240	0.3	1.7	0.5	independent_20pct	ascertained_latent_time_oracle	0.19980729166666666	400	400	1.0	242	0.605	0.5563126557323714	0.6516897624574263	0.605	0.0	2.2691873915841048	0.36874638633713075	216.0	45.0	64.0	19.0	0.3049594199213488
54943	240	0.3	1.7	0.5	independent_20pct	detected_visit_time	0.19980729166666666	400	400	1.0	231	0.5775	0.5285810181257037	0.6249445762524805	0.5775	0.0	2.1803607966610667	0.35466340233377247	216.0	45.0	64.0	19.0	0.3049594199213488
54943	240	0.3	1.7	0.5	independent_20pct	midpoint_imputed_time	0.19980729166666666	400	400	1.0	233	0.5825	0.5336117391164401	0.629818732318401	0.5825	0.0	2.1971315042261566	0.3539051457970719	216.0	45.0	64.0	19.0	0.3049594199213488
54943	240	0.3	1.7	0.5	score_dependent_20pct	full_latent_time_oracle	0.1995052083333333	400	400	1.0	302	0.755	0.710557459419624	0.7945912704698848	0.755	0.0	2.6571113798681765	0.3701103039644795	216.0	65.0	65.0	25.5	0.29703169294687287
54943	240	0.3	1.7	0.5	score_dependent_20pct	ascertained_latent_time_oracle	0.1995052083333333	400	400	1.0	68	0.17	0.13636898220196564	0.20990913205867007	0.17	0.0	1.0056118644021927	0.18086768552762544	216.0	39.0	65.0	25.5	0.29703169294687287
54943	240	0.3	1.7	0.5	score_dependent_20pct	detected_visit_time	0.1995052083333333	400	400	1.0	60	0.15	0.11834499530337544	0.18831361073063213	0.15	0.0	0.9664919970521177	0.17383240692190077	216.0	39.0	65.0	25.5	0.29703169294687287
54943	240	0.3	1.7	0.5	score_dependent_20pct	midpoint_imputed_time	0.1995052083333333	400	400	1.0	62	0.155	0.12283258671753924	0.19373089637312538	0.155	0.0	0.9586922976696142	0.17023191386140674	216.0	39.0	65.0	25.5	0.29703169294687287
54943	240	0.3	1.7	0.5	joint_score_progression_risk_20pct	full_latent_time_oracle	0.19985156250000002	400	400	1.0	293	0.7325	0.6870591672528669	0.7735176158816853	0.7325	0.0	2.552045617872187	0.3495048732983242	216.0	65.0	65.0	29.0	0.28656101479630575
54943	240	0.3	1.7	0.5	joint_score_progression_risk_20pct	ascertained_latent_time_oracle	0.19985156250000002	400	400	1.0	57	0.1425	0.1116383145426319	0.18016297590639008	0.1425	0.0	0.8977879875358951	0.1673708351497611	216.0	36.0	65.0	29.0	0.28656101479630575
54943	240	0.3	1.7	0.5	joint_score_progression_risk_20pct	detected_visit_time	0.19985156250000002	400	400	1.0	50	0.125	0.09611512323676381	0.1610190975139586	0.125	0.0	0.8783402357776333	0.16554284036374106	216.0	36.0	65.0	29.0	0.28656101479630575
54943	240	0.3	1.7	0.5	joint_score_progression_risk_20pct	midpoint_imputed_time	0.19985156250000002	400	400	1.0	52	0.13	0.10053125228664084	0.1665078455207386	0.13	0.0	0.8809750641082477	0.16169088708672313	216.0	36.0	65.0	29.0	0.28656101479630575
54943	240	0.3	1.7	1.0	complete	full_latent_time_oracle	0.0	400	400	1.0	300	0.75	0.7053228670693259	0.7899209857635259	0.75	0.0	2.7165724323354086	0.37166520770597994	216.5	65.0	65.0	27.0	0.5609597210939625
54943	240	0.3	1.7	1.0	complete	ascertained_latent_time_oracle	0.0	400	400	1.0	224	0.56	0.5110127871951399	0.6078457374847447	0.56	0.0	2.0761978640074092	0.37411300187896673	216.5	38.0	65.0	27.0	0.5609597210939625
54943	240	0.3	1.7	1.0	complete	detected_visit_time	0.0	400	400	1.0	175	0.4375	0.3897078504391739	0.48648118635261317	0.4375	0.0	1.821788086835578	0.3282486908491599	216.5	38.0	65.0	27.0	0.5609597210939625
54943	240	0.3	1.7	1.0	complete	midpoint_imputed_time	0.0	400	400	1.0	175	0.4375	0.3897078504391739	0.48648118635261317	0.4375	0.0	1.821788086835578	0.3282486908491599	216.5	38.0	65.0	27.0	0.5609597210939625
54943	240	0.3	1.7	1.0	independent_20pct	full_latent_time_oracle	0.2004583333333333	400	400	1.0	309	0.7725	0.7289390669951599	0.8108767325926485	0.7725	0.0	2.729517428453774	0.3778742537924123	216.0	65.0	65.0	39.0	0.5616376982613884
54943	240	0.3	1.7	1.0	independent_20pct	ascertained_latent_time_oracle	0.2004583333333333	400	400	1.0	143	0.3575	0.3120927823653414	0.40561822151993315	0.3575	0.0	1.5846861772530212	0.3524528135242465	216.0	25.0	65.0	39.0	0.5616376982613884
54943	240	0.3	1.7	1.0	independent_20pct	detected_visit_time	0.2004583333333333	400	400	1.0	124	0.31	0.2666637181991197	0.35695095364791296	0.31	0.0	1.4655626628561707	0.327735559123497	216.0	25.0	65.0	39.0	0.5616376982613884
54943	240	0.3	1.7	1.0	independent_20pct	midpoint_imputed_time	0.2004583333333333	400	400	1.0	124	0.31	0.2666637181991197	0.35695095364791296	0.31	0.0	1.4655626628561707	0.327735559123497	216.0	25.0	65.0	39.0	0.5616376982613884
54943	240	0.3	1.7	1.0	score_dependent_20pct	full_latent_time_oracle	0.19961458333333337	400	400	1.0	314	0.785	0.7421294764669898	0.8224485157624611	0.785	0.0	2.7812953855645715	0.377508688660704	216.0	65.0	65.0	44.0	0.5428074303350103
54943	240	0.3	1.7	1.0	score_dependent_20pct	ascertained_latent_time_oracle	0.19961458333333337	400	400	1.0	25	0.0625	0.04268914141220244	0.09063411613030699	0.055	0.0075	0.35822530864540325	0.09402296682386474	216.0	20.0	65.0	44.0	0.5428074303350103
54943	240	0.3	1.7	1.0	score_dependent_20pct	detected_visit_time	0.19961458333333337	400	400	1.0	20	0.05	0.03259742983714726	0.07596363506371961	0.0475	0.0025	0.327608549854855	0.08553118723418131	216.0	20.0	65.0	44.0	0.5428074303350103
54943	240	0.3	1.7	1.0	score_dependent_20pct	midpoint_imputed_time	0.19961458333333337	400	400	1.0	20	0.05	0.03259742983714726	0.07596363506371961	0.0475	0.0025	0.3276085498548551	0.0855311872341813	216.0	20.0	65.0	44.0	0.5428074303350103
54943	240	0.3	1.7	1.0	joint_score_progression_risk_20pct	full_latent_time_oracle	0.20137499999999997	400	400	1.0	305	0.7625	0.7184235572819022	0.8015824881925919	0.7625	0.0	2.5848321096931395	0.3614612388322278	216.0	65.0	65.0	45.0	0.5254521575970887
54943	240	0.3	1.7	1.0	joint_score_progression_risk_20pct	ascertained_latent_time_oracle	0.20137499999999997	400	399	0.9975	36	0.09	0.06571729376939447	0.12208278758472865	0.085	0.005	0.3655345195928176	0.08422684216795394	216.0	20.0	65.0	45.0	0.5254521575970887
54943	240	0.3	1.7	1.0	joint_score_progression_risk_20pct	detected_visit_time	0.20137499999999997	400	399	0.9975	25	0.0625	0.04268914141220244	0.09063411613030699	0.0625	0.0	0.3414865895010494	0.08348480083751782	216.0	20.0	65.0	45.0	0.5254521575970887
54943	240	0.3	1.7	1.0	joint_score_progression_risk_20pct	midpoint_imputed_time	0.20137499999999997	400	399	0.9975	25	0.0625	0.04268914141220244	0.09063411613030699	0.0625	0.0	0.3414865895010495	0.08348480083751782	216.0	20.0	65.0	45.0	0.5254521575970887
54943	320	0.15	1.0	0.25	complete	full_latent_time_oracle	0.0	400	400	1.0	28	0.07	0.04887162669974449	0.09930894642775051	0.04	0.03	0.06145270666649011	0.010109592124866887	288.0	43.0	43.0	5.0	0.12627182570376957
54943	320	0.15	1.0	0.25	complete	ascertained_latent_time_oracle	0.0	400	400	1.0	23	0.0575	0.038617542757733075	0.08480083772811935	0.0275	0.03	0.03051140282038333	0.005518797694077922	288.0	38.0	43.0	5.0	0.12627182570376957
54943	320	0.15	1.0	0.25	complete	detected_visit_time	0.0	400	400	1.0	22	0.055	0.03659849414955068	0.08186744780797323	0.0275	0.0275	0.034093769094215146	0.00619641984159707	288.0	38.0	43.0	5.0	0.12627182570376957
54943	320	0.15	1.0	0.25	complete	midpoint_imputed_time	0.0	400	400	1.0	22	0.055	0.03659849414955068	0.08186744780797323	0.0275	0.0275	0.034093769094215146	0.00619641984159707	288.0	38.0	43.0	5.0	0.12627182570376957
54943	320	0.15	1.0	0.25	independent_20pct	full_latent_time_oracle	0.20009082031250003	400	400	1.0	22	0.055	0.03659849414955068	0.08186744780797323	0.0225	0.0325	-0.07069759523262775	-0.012290013633001872	288.0	42.5	42.5	7.0	0.15170533771080202
54943	320	0.15	1.0	0.25	independent_20pct	ascertained_latent_time_oracle	0.20009082031250003	400	400	1.0	26	0.065	0.04474048189620036	0.09353521417463759	0.035	0.03	0.010555849506045635	0.0019585213107166004	288.0	35.0	42.5	7.0	0.15170533771080202
54943	320	0.15	1.0	0.25	independent_20pct	detected_visit_time	0.20009082031250003	400	400	1.0	21	0.0525	0.034591528357920405	0.07892197507127496	0.0275	0.025	0.020582804782721384	0.003657785152469278	288.0	35.0	42.5	7.0	0.15170533771080202
54943	320	0.15	1.0	0.25	independent_20pct	midpoint_imputed_time	0.20009082031250003	400	400	1.0	21	0.0525	0.034591528357920405	0.07892197507127496	0.0275	0.025	0.01558984925994917	0.0029997911179998784	288.0	35.0	42.5	7.0	0.15170533771080202
54943	320	0.15	1.0	0.25	score_dependent_20pct	full_latent_time_oracle	0.2000830078125	400	400	1.0	22	0.055	0.03659849414955068	0.08186744780797323	0.0225	0.0325	-0.031150400860598143	-0.004562727662120035	288.0	43.0	43.0	8.0	0.14875445134307944
54943	320	0.15	1.0	0.25	score_dependent_20pct	ascertained_latent_time_oracle	0.2000830078125	400	400	1.0	26	0.065	0.04474048189620036	0.09353521417463759	0.01	0.055	-0.33445963383317145	-0.06423079129780593	288.0	35.0	43.0	8.0	0.14875445134307944
54943	320	0.15	1.0	0.25	score_dependent_20pct	detected_visit_time	0.2000830078125	400	400	1.0	25	0.0625	0.04268914141220244	0.09063411613030699	0.0075	0.055	-0.3316721240435165	-0.06293710950122385	288.0	35.0	43.0	8.0	0.14875445134307944
54943	320	0.15	1.0	0.25	score_dependent_20pct	midpoint_imputed_time	0.2000830078125	400	400	1.0	25	0.0625	0.04268914141220244	0.09063411613030699	0.0075	0.055	-0.3358849612470519	-0.0642765190635549	288.0	35.0	43.0	8.0	0.14875445134307944
54943	320	0.15	1.0	0.25	joint_score_progression_risk_20pct	full_latent_time_oracle	0.19975292968750002	400	400	1.0	23	0.0575	0.038617542757733075	0.08480083772811935	0.025	0.0325	-0.11054869879161827	-0.018170402230755858	288.0	43.0	43.0	12.0	0.14577648506485974
54943	320	0.15	1.0	0.25	joint_score_progression_risk_20pct	ascertained_latent_time_oracle	0.19975292968750002	400	400	1.0	44	0.11	0.08296867911910685	0.1444509104616444	0.005	0.105	-0.6962803241063866	-0.1408763329485801	288.0	31.0	43.0	12.0	0.14577648506485974
54943	320	0.15	1.0	0.25	joint_score_progression_risk_20pct	detected_visit_time	0.19975292968750002	400	400	1.0	44	0.11	0.08296867911910685	0.1444509104616444	0.005	0.105	-0.7050533823295246	-0.1418440402920349	288.0	31.0	43.0	12.0	0.14577648506485974
54943	320	0.15	1.0	0.25	joint_score_progression_risk_20pct	midpoint_imputed_time	0.19975292968750002	400	400	1.0	44	0.11	0.08296867911910685	0.1444509104616444	0.005	0.105	-0.6998331479638811	-0.139910741350455	288.0	31.0	43.0	12.0	0.14577648506485974
54943	320	0.15	1.0	0.5	complete	full_latent_time_oracle	0.0	400	400	1.0	29	0.0725	0.05095051840227673	0.10218249325354675	0.04	0.0325	-0.010359279658133212	-0.001730671170347039	288.0	43.0	43.0	9.0	0.2558774626162278
54943	320	0.15	1.0	0.5	complete	ascertained_latent_time_oracle	0.0	400	400	1.0	28	0.07	0.04887162669974449	0.09930894642775051	0.03	0.04	-0.023987077758862815	-0.004483588171863685	288.0	34.0	43.0	9.0	0.2558774626162278
54943	320	0.15	1.0	0.5	complete	detected_visit_time	0.0	400	400	1.0	26	0.065	0.04474048189620036	0.09353521417463759	0.03	0.035	-0.02790267962072753	-0.00545073571037458	288.0	34.0	43.0	9.0	0.2558774626162278
54943	320	0.15	1.0	0.5	complete	midpoint_imputed_time	0.0	400	400	1.0	26	0.065	0.04474048189620036	0.09353521417463759	0.03	0.035	-0.02790267962072753	-0.00545073571037458	288.0	34.0	43.0	9.0	0.2558774626162278
54943	320	0.15	1.0	0.5	independent_20pct	full_latent_time_oracle	0.19866015625	400	400	1.0	23	0.0575	0.038617542757733075	0.08480083772811935	0.025	0.0325	0.015870568836332047	0.002520371099547942	288.0	44.0	44.0	15.0	0.29135387307920957
54943	320	0.15	1.0	0.5	independent_20pct	ascertained_latent_time_oracle	0.19866015625	400	400	1.0	31	0.0775	0.05513293467684451	0.10790495403563602	0.0325	0.045	0.021189661657282078	0.0047737622407939325	288.0	29.0	44.0	15.0	0.29135387307920957
54943	320	0.15	1.0	0.5	independent_20pct	detected_visit_time	0.19866015625	400	400	1.0	30	0.075	0.05303774392284765	0.10504770626130436	0.03	0.045	0.03788998940798688	0.007786588606302455	288.0	29.0	44.0	15.0	0.29135387307920957
54943	320	0.15	1.0	0.5	independent_20pct	midpoint_imputed_time	0.19866015625	400	400	1.0	28	0.07	0.04887162669974449	0.09930894642775051	0.03	0.04	0.023404573666720503	0.005352548598939837	288.0	29.0	44.0	15.0	0.29135387307920957
54943	320	0.15	1.0	0.5	score_dependent_20pct	full_latent_time_oracle	0.20044335937500002	400	400	1.0	23	0.0575	0.038617542757733075	0.08480083772811935	0.02	0.0375	0.02059835618126294	0.0033011536803719188	288.0	43.0	43.0	16.0	0.2821488819447048
54943	320	0.15	1.0	0.5	score_dependent_20pct	ascertained_latent_time_oracle	0.20044335937500002	400	400	1.0	32	0.08	0.05723575041013351	0.11075457683067555	0.0	0.08	-0.6279076090921181	-0.1314627698611368	288.0	27.0	43.0	16.0	0.2821488819447048
54943	320	0.15	1.0	0.5	score_dependent_20pct	detected_visit_time	0.20044335937500002	400	400	1.0	30	0.075	0.05303774392284765	0.10504770626130436	0.0	0.075	-0.6217684984679246	-0.12983453434671216	288.0	27.0	43.0	16.0	0.2821488819447048
54943	320	0.15	1.0	0.5	score_dependent_20pct	midpoint_imputed_time	0.20044335937500002	400	400	1.0	31	0.0775	0.05513293467684451	0.10790495403563602	0.0	0.0775	-0.6333149399472081	-0.13485613066632623	288.0	27.0	43.0	16.0	0.2821488819447048
54943	320	0.15	1.0	0.5	joint_score_progression_risk_20pct	full_latent_time_oracle	0.20055859374999996	400	400	1.0	25	0.0625	0.04268914141220244	0.09063411613030699	0.0275	0.035	-0.005145595072851827	-0.0008124641200627662	288.0	43.0	43.0	19.0	0.27324984739401686
54943	320	0.15	1.0	0.5	joint_score_progression_risk_20pct	ascertained_latent_time_oracle	0.20055859374999996	400	400	1.0	52	0.13	0.10053125228664084	0.1665078455207386	0.0025	0.1275	-0.8885168079059875	-0.19823903685442834	288.0	24.0	43.0	19.0	0.27324984739401686
54943	320	0.15	1.0	0.5	joint_score_progression_risk_20pct	detected_visit_time	0.20055859374999996	400	400	1.0	52	0.13	0.10053125228664084	0.1665078455207386	0.0025	0.1275	-0.8703530331937004	-0.1955477439664254	288.0	24.0	43.0	19.0	0.27324984739401686
54943	320	0.15	1.0	0.5	joint_score_progression_risk_20pct	midpoint_imputed_time	0.20055859374999996	400	400	1.0	52	0.13	0.10053125228664084	0.1665078455207386	0.0025	0.1275	-0.8618733492707413	-0.19573552700850577	288.0	24.0	43.0	19.0	0.27324984739401686
54943	320	0.15	1.0	1.0	complete	full_latent_time_oracle	0.0	400	400	1.0	23	0.0575	0.038617542757733075	0.08480083772811935	0.04	0.0175	0.11742994227678748	0.01910816936570147	288.0	42.5	42.5	20.0	0.5168862648859698
54943	320	0.15	1.0	1.0	complete	ascertained_latent_time_oracle	0.0	400	399	0.9975	18	0.045	0.028651458653886006	0.07000472919032381	0.0275	0.0175	0.118756958449827	0.025855796873395516	288.0	23.0	42.5	20.0	0.5168862648859698
54943	320	0.15	1.0	1.0	complete	detected_visit_time	0.0	400	399	0.9975	15	0.0375	0.022855029814710867	0.060943842444513396	0.02	0.0175	0.1216272339629397	0.03183342051692585	288.0	23.0	42.5	20.0	0.5168862648859698
54943	320	0.15	1.0	1.0	complete	midpoint_imputed_time	0.0	400	399	0.9975	15	0.0375	0.022855029814710867	0.060943842444513396	0.02	0.0175	0.1216272339629397	0.03183342051692585	288.0	23.0	42.5	20.0	0.5168862648859698
54943	320	0.15	1.0	1.0	independent_20pct	full_latent_time_oracle	0.19900390624999997	400	400	1.0	22	0.055	0.03659849414955068	0.08186744780797323	0.025	0.03	0.1267531862012754	0.02020716146918328	289.0	43.0	43.0	29.0	0.5197380895112933
54943	320	0.15	1.0	1.0	independent_20pct	ascertained_latent_time_oracle	0.19900390624999997	400	370	0.925	15	0.0375	0.022855029814710867	0.060943842444513396	0.0175	0.02	0.05968916282257494	0.016790865068648526	289.0	14.0	43.0	29.0	0.5197380895112933
54943	320	0.15	1.0	1.0	independent_20pct	detected_visit_time	0.19900390624999997	400	370	0.925	8	0.02	0.010168386791664645	0.03896341576926	0.0125	0.0075	0.05337396176275098	0.015114956621917568	289.0	14.0	43.0	29.0	0.5197380895112933
54943	320	0.15	1.0	1.0	independent_20pct	midpoint_imputed_time	0.19900390624999997	400	370	0.925	8	0.02	0.010168386791664645	0.03896341576926	0.0125	0.0075	0.05337396176275101	0.015114956621917568	289.0	14.0	43.0	29.0	0.5197380895112933
54943	320	0.15	1.0	1.0	score_dependent_20pct	full_latent_time_oracle	0.19978515625000004	400	400	1.0	19	0.0475	0.030617076962711882	0.07299154940982647	0.02	0.0275	-0.09441428444657696	-0.015543302126023903	288.0	43.0	43.0	28.0	0.5173550527072808
54943	320	0.15	1.0	1.0	score_dependent_20pct	ascertained_latent_time_oracle	0.19978515625000004	400	377	0.9425	49	0.1225	0.09391315520467675	0.1582686270177171	0.0	0.1225	-0.8210239892669238	-0.22934198978233106	288.0	15.0	43.0	28.0	0.5173550527072808
54943	320	0.15	1.0	1.0	score_dependent_20pct	detected_visit_time	0.19978515625000004	400	377	0.9425	45	0.1125	0.08514845878595949	0.14722356932312028	0.0	0.1125	-0.7923219658973563	-0.2193800021083301	288.0	15.0	43.0	28.0	0.5173550527072808
54943	320	0.15	1.0	1.0	score_dependent_20pct	midpoint_imputed_time	0.19978515625000004	400	377	0.9425	45	0.1125	0.08514845878595949	0.14722356932312028	0.0	0.1125	-0.7923219658973564	-0.2193800021083301	288.0	15.0	43.0	28.0	0.5173550527072808
54943	320	0.15	1.0	1.0	joint_score_progression_risk_20pct	full_latent_time_oracle	0.19995703124999997	400	400	1.0	22	0.055	0.03659849414955068	0.08186744780797323	0.0225	0.0325	0.03349167295870037	0.00575387875096476	289.0	43.0	43.0	29.5	0.5163095691419038
54943	320	0.15	1.0	1.0	joint_score_progression_risk_20pct	ascertained_latent_time_oracle	0.19995703124999997	400	355	0.8875	50	0.125	0.09611512323676381	0.1610190975139586	0.0	0.125	-0.809150007407021	-0.23259803495494807	289.0	14.0	43.0	29.5	0.5163095691419038
54943	320	0.15	1.0	1.0	joint_score_progression_risk_20pct	detected_visit_time	0.19995703124999997	400	355	0.8875	46	0.115	0.0873329226216324	0.1499915440157759	0.0	0.115	-0.7749815318568112	-0.2308999848438073	289.0	14.0	43.0	29.5	0.5163095691419038
54943	320	0.15	1.0	1.0	joint_score_progression_risk_20pct	midpoint_imputed_time	0.19995703124999997	400	355	0.8875	46	0.115	0.0873329226216324	0.1499915440157759	0.0	0.115	-0.7749815318568112	-0.23089998484380736	289.0	14.0	43.0	29.5	0.5163095691419038
54943	320	0.15	1.7	0.25	complete	full_latent_time_oracle	0.0	400	400	1.0	231	0.5775	0.5285810181257037	0.6249445762524805	0.5775	0.0	2.252586623965306	0.3761341709578204	288.0	43.0	43.0	4.0	0.12495931979099058
54943	320	0.15	1.7	0.25	complete	ascertained_latent_time_oracle	0.0	400	400	1.0	216	0.54	0.49100882332475854	0.5882301931284978	0.54	0.0	2.1187451262592027	0.37332276156795935	288.0	39.0	43.0	4.0	0.12495931979099058
54943	320	0.15	1.7	0.25	complete	detected_visit_time	0.0	400	400	1.0	212	0.53	0.4810361559058216	0.5783931064341206	0.53	0.0	2.091938393732344	0.3695572040826463	288.0	39.0	43.0	4.0	0.12495931979099058
54943	320	0.15	1.7	0.25	complete	midpoint_imputed_time	0.0	400	400	1.0	212	0.53	0.4810361559058216	0.5783931064341206	0.53	0.0	2.091938393732344	0.3695572040826463	288.0	39.0	43.0	4.0	0.12495931979099058
54943	320	0.15	1.7	0.25	independent_20pct	full_latent_time_oracle	0.19967773437500003	400	400	1.0	242	0.605	0.5563126557323714	0.6516897624574263	0.605	0.0	2.2286804658309736	0.36849750847455964	288.0	43.0	43.0	7.0	0.14934730098408608
54943	320	0.15	1.7	0.25	independent_20pct	ascertained_latent_time_oracle	0.19967773437500003	400	400	1.0	214	0.535	0.486020056782804	0.5833140826137954	0.535	0.0	2.037052017975043	0.37573970076292806	288.0	37.0	43.0	7.0	0.14934730098408608
54943	320	0.15	1.7	0.25	independent_20pct	detected_visit_time	0.19967773437500003	400	400	1.0	207	0.5175	0.46859763274320027	0.5660694369550994	0.5175	0.0	1.993054100156687	0.36751718590897475	288.0	37.0	43.0	7.0	0.14934730098408608
54943	320	0.15	1.7	0.25	independent_20pct	midpoint_imputed_time	0.19967773437500003	400	400	1.0	210	0.525	0.4760571112644918	0.5734672740187934	0.525	0.0	2.0103524516736275	0.37156577821634323	288.0	37.0	43.0	7.0	0.14934730098408608
54943	320	0.15	1.7	0.25	score_dependent_20pct	full_latent_time_oracle	0.2001337890625	400	400	1.0	249	0.6225	0.5740411128887363	0.6686283749993612	0.6225	0.0	2.286824815534427	0.3860185565711697	288.0	43.0	43.0	10.0	0.16444459671484388
54943	320	0.15	1.7	0.25	score_dependent_20pct	ascertained_latent_time_oracle	0.2001337890625	400	400	1.0	124	0.31	0.2666637181991197	0.35695095364791296	0.31	0.0	1.4167119867244382	0.27321067018055584	288.0	33.0	43.0	10.0	0.16444459671484388
54943	320	0.15	1.7	0.25	score_dependent_20pct	detected_visit_time	0.2001337890625	400	400	1.0	120	0.3	0.25716767195619705	0.34663724577752153	0.3	0.0	1.3952682677943962	0.2756179376401519	288.0	33.0	43.0	10.0	0.16444459671484388
54943	320	0.15	1.7	0.25	score_dependent_20pct	midpoint_imputed_time	0.2001337890625	400	400	1.0	123	0.3075	0.2642873977313039	0.3543748355874003	0.3075	0.0	1.3983496071910961	0.2707198554391161	288.0	33.0	43.0	10.0	0.16444459671484388
54943	320	0.15	1.7	0.25	joint_score_progression_risk_20pct	full_latent_time_oracle	0.20010937500000003	400	400	1.0	253	0.6325	0.5842006805216781	0.6782785614797332	0.6325	0.0	2.217188338257376	0.3727911619592272	288.0	43.0	43.0	15.0	0.15172052036469086
54943	320	0.15	1.7	0.25	joint_score_progression_risk_20pct	ascertained_latent_time_oracle	0.20010937500000003	400	400	1.0	69	0.1725	0.13863520728428091	0.2125953455046833	0.1725	0.0	1.0424467665887343	0.22020615051227466	288.0	28.0	43.0	15.0	0.15172052036469086
54943	320	0.15	1.7	0.25	joint_score_progression_risk_20pct	detected_visit_time	0.20010937500000003	400	400	1.0	65	0.1625	0.12958740844606098	0.20183339022958918	0.1625	0.0	1.0522469308948998	0.2204823354958081	288.0	28.0	43.0	15.0	0.15172052036469086
54943	320	0.15	1.7	0.25	joint_score_progression_risk_20pct	midpoint_imputed_time	0.20010937500000003	400	400	1.0	66	0.165	0.13184503236772813	0.2045282048362506	0.165	0.0	1.0375326489459562	0.21949106285708803	288.0	28.0	43.0	15.0	0.15172052036469086
54943	320	0.15	1.7	0.5	complete	full_latent_time_oracle	0.0	400	400	1.0	244	0.61	0.5613714064462345	0.6565358888002202	0.61	0.0	2.2898612051739935	0.3837919259014153	289.0	43.0	43.0	9.0	0.2606206340316461
54943	320	0.15	1.7	0.5	complete	ascertained_latent_time_oracle	0.0	400	400	1.0	223	0.5575	0.5085079945949651	0.6053980915565909	0.5575	0.0	2.09429240336188	0.3955616392852769	289.0	33.0	43.0	9.0	0.2606206340316461
54943	320	0.15	1.7	0.5	complete	detected_visit_time	0.0	400	400	1.0	215	0.5375	0.4885138311983594	0.5857727467265683	0.5375	0.0	2.01864471058223	0.3848740679096948	289.0	33.0	43.0	9.0	0.2606206340316461
54943	320	0.15	1.7	0.5	complete	midpoint_imputed_time	0.0	400	400	1.0	215	0.5375	0.4885138311983594	0.5857727467265683	0.5375	0.0	2.01864471058223	0.3848740679096948	289.0	33.0	43.0	9.0	0.2606206340316461
54943	320	0.15	1.7	0.5	independent_20pct	full_latent_time_oracle	0.20011914062500002	400	400	1.0	258	0.645	0.5969304612084719	0.6903109734345821	0.645	0.0	2.25550062953276	0.3768266515614055	288.0	44.0	44.0	15.0	0.2935369970662247
54943	320	0.15	1.7	0.5	independent_20pct	ascertained_latent_time_oracle	0.20011914062500002	400	400	1.0	181	0.4525	0.404404788515386	0.5014988794463721	0.4525	0.0	1.8067197420198542	0.3778296261473837	288.0	29.0	44.0	15.0	0.2935369970662247
54943	320	0.15	1.7	0.5	independent_20pct	detected_visit_time	0.20011914062500002	400	400	1.0	175	0.4375	0.3897078504391739	0.48648118635261317	0.4375	0.0	1.7762492038086017	0.3686349261678884	288.0	29.0	44.0	15.0	0.2935369970662247
54943	320	0.15	1.7	0.5	independent_20pct	midpoint_imputed_time	0.20011914062500002	400	400	1.0	179	0.4475	0.39950089322688126	0.4964978976782199	0.4475	0.0	1.7899936838058859	0.37033220412223333	288.0	29.0	44.0	15.0	0.2935369970662247
54943	320	0.15	1.7	0.5	score_dependent_20pct	full_latent_time_oracle	0.19921484374999998	400	400	1.0	237	0.5925	0.5436883047891221	0.639551920759033	0.5925	0.0	2.234132050944159	0.3784018079924393	288.0	44.0	44.0	19.0	0.29835665621384405
54943	320	0.15	1.7	0.5	score_dependent_20pct	ascertained_latent_time_oracle	0.19921484374999998	400	400	1.0	39	0.0975	0.07214511778538757	0.1305122791537211	0.095	0.0025	0.7792947614030268	0.1791017172123227	288.0	25.0	44.0	19.0	0.29835665621384405
54943	320	0.15	1.7	0.5	score_dependent_20pct	detected_visit_time	0.19921484374999998	400	400	1.0	33	0.0825	0.05934587622971528	0.1135968895394223	0.08	0.0025	0.7835484954172218	0.18031048745170192	288.0	25.0	44.0	19.0	0.29835665621384405
54943	320	0.15	1.7	0.5	score_dependent_20pct	midpoint_imputed_time	0.19921484374999998	400	400	1.0	33	0.0825	0.05934587622971528	0.1135968895394223	0.08	0.0025	0.7531297388754068	0.17463698916281656	288.0	25.0	44.0	19.0	0.29835665621384405
54943	320	0.15	1.7	0.5	joint_score_progression_risk_20pct	full_latent_time_oracle	0.19995312499999995	400	400	1.0	241	0.6025	0.5537852193447489	0.6492647603167204	0.6025	0.0	2.2102178541332265	0.3665908294998132	288.0	43.0	43.0	22.0	0.2795818843163467
54943	320	0.15	1.7	0.5	joint_score_progression_risk_20pct	ascertained_latent_time_oracle	0.19995312499999995	400	400	1.0	39	0.0975	0.07214511778538757	0.1305122791537211	0.0975	0.0	0.8892639043052502	0.21588122955078276	288.0	22.0	43.0	22.0	0.2795818843163467
54943	320	0.15	1.7	0.5	joint_score_progression_risk_20pct	detected_visit_time	0.19995312499999995	400	400	1.0	38	0.095	0.06999661149327467	0.12770834691750552	0.095	0.0	0.8924467932410898	0.21017971845359698	288.0	22.0	43.0	22.0	0.2795818843163467
54943	320	0.15	1.7	0.5	joint_score_progression_risk_20pct	midpoint_imputed_time	0.19995312499999995	400	400	1.0	39	0.0975	0.07214511778538757	0.1305122791537211	0.0975	0.0	0.8877689445257033	0.21179983964585175	288.0	22.0	43.0	22.0	0.2795818843163467
54943	320	0.15	1.7	1.0	complete	full_latent_time_oracle	0.0	400	400	1.0	250	0.625	0.5765790058795889	0.671042920536837	0.625	0.0	2.232734891715566	0.3739982000616089	288.5	44.0	44.0	20.0	0.5273957841017957
54943	320	0.15	1.7	1.0	complete	ascertained_latent_time_oracle	0.0	400	400	1.0	160	0.4	0.3531615288938136	0.4487409299730458	0.4	0.0	1.6910797396871495	0.3838461023766247	288.5	23.0	44.0	20.0	0.5273957841017957
54943	320	0.15	1.7	1.0	complete	detected_visit_time	0.0	400	400	1.0	143	0.3575	0.3120927823653414	0.40561822151993315	0.3575	0.0	1.5915350388197522	0.3614575298327889	288.5	23.0	44.0	20.0	0.5273957841017957
54943	320	0.15	1.7	1.0	complete	midpoint_imputed_time	0.0	400	400	1.0	143	0.3575	0.3120927823653414	0.40561822151993315	0.3575	0.0	1.5915350388197522	0.3614575298327889	288.5	23.0	44.0	20.0	0.5273957841017957
54943	320	0.15	1.7	1.0	independent_20pct	full_latent_time_oracle	0.20074609374999997	400	400	1.0	272	0.68	0.632759697663558	0.7238158763760955	0.68	0.0	2.374443285375463	0.40282204314312364	288.0	44.0	44.0	28.0	0.5307002770223839
54943	320	0.15	1.7	1.0	independent_20pct	ascertained_latent_time_oracle	0.20074609374999997	400	375	0.9375	123	0.3075	0.2642873977313039	0.3543748355874003	0.3075	0.0	1.4340095855171653	0.4200521391139967	288.0	15.0	44.0	28.0	0.5307002770223839
54943	320	0.15	1.7	1.0	independent_20pct	detected_visit_time	0.20074609374999997	400	375	0.9375	113	0.2825	0.24061027235147464	0.32852757568394425	0.2825	0.0	1.392553783480962	0.40637955573723394	288.0	15.0	44.0	28.0	0.5307002770223839
54943	320	0.15	1.7	1.0	independent_20pct	midpoint_imputed_time	0.20074609374999997	400	375	0.9375	113	0.2825	0.24061027235147464	0.32852757568394425	0.2825	0.0	1.392553783480962	0.4063795557372338	288.0	15.0	44.0	28.0	0.5307002770223839
54943	320	0.15	1.7	1.0	score_dependent_20pct	full_latent_time_oracle	0.19857812500000005	400	400	1.0	249	0.6225	0.5740411128887363	0.6686283749993612	0.6225	0.0	2.3553916366017686	0.3946632721438562	288.0	43.0	43.0	31.0	0.517333272890291
54943	320	0.15	1.7	1.0	score_dependent_20pct	ascertained_latent_time_oracle	0.19857812500000005	400	328	0.82	15	0.0375	0.022855029814710867	0.060943842444513396	0.03	0.0075	0.3627379983766204	0.12319116321789364	288.0	12.5	43.0	31.0	0.517333272890291
54943	320	0.15	1.7	1.0	score_dependent_20pct	detected_visit_time	0.19857812500000005	400	328	0.82	13	0.0325	0.01908984237880045	0.0548041528237668	0.025	0.0075	0.3530650171034496	0.1143421895589116	288.0	12.5	43.0	31.0	0.517333272890291
54943	320	0.15	1.7	1.0	score_dependent_20pct	midpoint_imputed_time	0.19857812500000005	400	328	0.82	13	0.0325	0.01908984237880045	0.0548041528237668	0.025	0.0075	0.3530650171034496	0.1143421895589116	288.0	12.5	43.0	31.0	0.517333272890291
54943	320	0.15	1.7	1.0	joint_score_progression_risk_20pct	full_latent_time_oracle	0.19972265624999996	400	400	1.0	268	0.67	0.622494095885007	0.7142717240413322	0.67	0.0	2.454828816106915	0.4065945648735922	288.0	43.0	43.0	31.0	0.5045787112389333
54943	320	0.15	1.7	1.0	joint_score_progression_risk_20pct	ascertained_latent_time_oracle	0.19972265624999996	400	298	0.745	28	0.07	0.04887162669974449	0.09930894642775051	0.0675	0.0025	0.5866797230597742	0.17753267310938556	288.0	12.0	43.0	31.0	0.5045787112389333
54943	320	0.15	1.7	1.0	joint_score_progression_risk_20pct	detected_visit_time	0.19972265624999996	400	298	0.745	23	0.0575	0.038617542757733075	0.08480083772811935	0.055	0.0025	0.5596783473120681	0.17603566245978075	288.0	12.0	43.0	31.0	0.5045787112389333
54943	320	0.15	1.7	1.0	joint_score_progression_risk_20pct	midpoint_imputed_time	0.19972265624999996	400	298	0.745	23	0.0575	0.038617542757733075	0.08480083772811935	0.055	0.0025	0.5596783473120681	0.17603566245978075	288.0	12.0	43.0	31.0	0.5045787112389333
54943	320	0.3	1.0	0.25	complete	full_latent_time_oracle	0.0	400	400	1.0	13	0.0325	0.01908984237880045	0.0548041528237668	0.0225	0.01	0.0018411337581686858	0.00020738637847894816	288.0	86.0	86.0	8.0	0.1277822493193017
54943	320	0.3	1.0	0.25	complete	ascertained_latent_time_oracle	0.0	400	400	1.0	11	0.0275	0.015423636260295411	0.048565481885614784	0.02	0.0075	-0.0002843485877419878	-4.2464436019959496e-05	288.0	78.0	86.0	8.0	0.1277822493193017
54943	320	0.3	1.0	0.25	complete	detected_visit_time	0.0	400	400	1.0	10	0.025	0.013635091745936023	0.045401587871645666	0.02	0.005	-0.006728582428763245	-0.0009733775200791701	288.0	78.0	86.0	8.0	0.1277822493193017
54943	320	0.3	1.0	0.25	complete	midpoint_imputed_time	0.0	400	400	1.0	10	0.025	0.013635091745936023	0.045401587871645666	0.02	0.005	-0.006728582428763245	-0.0009733775200791701	288.0	78.0	86.0	8.0	0.1277822493193017
54943	320	0.3	1.0	0.25	independent_20pct	full_latent_time_oracle	0.20064257812499997	400	400	1.0	12	0.03	0.017243020965143054	0.05169853570909567	0.0125	0.0175	0.07180850671038431	0.008521434445518901	288.0	87.0	87.0	13.0	0.15527180957439016
54943	320	0.3	1.0	0.25	independent_20pct	ascertained_latent_time_oracle	0.20064257812499997	400	400	1.0	14	0.035	0.02096129419797776	0.057885139532918004	0.0175	0.0175	0.05212132519618594	0.006313608247758763	288.0	73.0	87.0	13.0	0.15527180957439016
54943	320	0.3	1.0	0.25	independent_20pct	detected_visit_time	0.20064257812499997	400	400	1.0	10	0.025	0.013635091745936023	0.045401587871645666	0.0125	0.0125	0.03824910127593377	0.004896234388089098	288.0	73.0	87.0	13.0	0.15527180957439016
54943	320	0.3	1.0	0.25	independent_20pct	midpoint_imputed_time	0.20064257812499997	400	400	1.0	11	0.0275	0.015423636260295411	0.048565481885614784	0.0125	0.015	0.03591567817547487	0.004543971460304269	288.0	73.0	87.0	13.0	0.15527180957439016
54943	320	0.3	1.0	0.25	score_dependent_20pct	full_latent_time_oracle	0.19981738281250006	400	400	1.0	21	0.0525	0.034591528357920405	0.07892197507127496	0.0175	0.035	-0.0836810269432573	-0.009668349333856024	288.0	86.0	86.0	15.0	0.1524892955619085
54943	320	0.3	1.0	0.25	score_dependent_20pct	ascertained_latent_time_oracle	0.19981738281250006	400	400	1.0	38	0.095	0.06999661149327467	0.12770834691750552	0.0	0.095	-0.6259893437227533	-0.08052109092189189	288.0	71.0	86.0	15.0	0.1524892955619085
54943	320	0.3	1.0	0.25	score_dependent_20pct	detected_visit_time	0.19981738281250006	400	400	1.0	38	0.095	0.06999661149327467	0.12770834691750552	0.0	0.095	-0.6423809274900174	-0.08258266070185415	288.0	71.0	86.0	15.0	0.1524892955619085
54943	320	0.3	1.0	0.25	score_dependent_20pct	midpoint_imputed_time	0.19981738281250006	400	400	1.0	37	0.0925	0.06785393449857381	0.12489858538387784	0.0	0.0925	-0.6302913479067557	-0.08020695253744597	288.0	71.0	86.0	15.0	0.1524892955619085
54943	320	0.3	1.0	0.25	joint_score_progression_risk_20pct	full_latent_time_oracle	0.20003906250000003	400	400	1.0	17	0.0425	0.026701694991131116	0.06700205432475019	0.03	0.0125	0.1910031209357314	0.0231745180438789	288.0	86.0	86.0	22.0	0.1489636971074828
54943	320	0.3	1.0	0.25	joint_score_progression_risk_20pct	ascertained_latent_time_oracle	0.20003906250000003	400	400	1.0	47	0.1175	0.08952194095010377	0.15275496421563303	0.005	0.1125	-0.7707760017814189	-0.10544830592843889	288.0	64.0	86.0	22.0	0.1489636971074828
54943	320	0.3	1.0	0.25	joint_score_progression_risk_20pct	detected_visit_time	0.20003906250000003	400	400	1.0	46	0.115	0.0873329226216324	0.1499915440157759	0.0025	0.1125	-0.7957170776733244	-0.10960778211290004	288.0	64.0	86.0	22.0	0.1489636971074828
54943	320	0.3	1.0	0.25	joint_score_progression_risk_20pct	midpoint_imputed_time	0.20003906250000003	400	400	1.0	45	0.1125	0.08514845878595949	0.14722356932312028	0.005	0.1075	-0.7689114209756762	-0.10654086568854025	288.0	64.0	86.0	22.0	0.1489636971074828
54943	320	0.3	1.0	0.5	complete	full_latent_time_oracle	0.0	400	400	1.0	15	0.0375	0.022855029814710867	0.060943842444513396	0.015	0.0225	0.009170844873074426	0.0010761416870008896	288.0	87.0	87.0	17.0	0.2615533746253199
54943	320	0.3	1.0	0.5	complete	ascertained_latent_time_oracle	0.0	400	400	1.0	15	0.0375	0.022855029814710867	0.060943842444513396	0.0175	0.02	-0.019420662492575635	-0.0025219303083185126	288.0	69.0	87.0	17.0	0.2615533746253199
54943	320	0.3	1.0	0.5	complete	detected_visit_time	0.0	400	400	1.0	13	0.0325	0.01908984237880045	0.0548041528237668	0.0125	0.02	-0.01608091261863291	-0.0023554414890051716	288.0	69.0	87.0	17.0	0.2615533746253199
54943	320	0.3	1.0	0.5	complete	midpoint_imputed_time	0.0	400	400	1.0	13	0.0325	0.01908984237880045	0.0548041528237668	0.0125	0.02	-0.01608091261863291	-0.0023554414890051716	288.0	69.0	87.0	17.0	0.2615533746253199
54943	320	0.3	1.0	0.5	independent_20pct	full_latent_time_oracle	0.20042578125	400	400	1.0	21	0.0525	0.034591528357920405	0.07892197507127496	0.0175	0.035	-0.09880025449070709	-0.011801049339629222	289.0	87.0	87.0	27.0	0.2997116594416892
54943	320	0.3	1.0	0.5	independent_20pct	ascertained_latent_time_oracle	0.20042578125	400	400	1.0	21	0.0525	0.034591528357920405	0.07892197507127496	0.0225	0.03	-0.11789488342184468	-0.01642285064929409	289.0	59.0	87.0	27.0	0.2997116594416892
54943	320	0.3	1.0	0.5	independent_20pct	detected_visit_time	0.20042578125	400	400	1.0	16	0.04	0.024769063069711758	0.06398224771784103	0.0175	0.0225	-0.1398431502918995	-0.01962318069680967	289.0	59.0	87.0	27.0	0.2997116594416892
54943	320	0.3	1.0	0.5	independent_20pct	midpoint_imputed_time	0.20042578125	400	400	1.0	17	0.0425	0.026701694991131116	0.06700205432475019	0.02	0.0225	-0.12740424391450472	-0.018016775493306485	289.0	59.0	87.0	27.0	0.2997116594416892
54943	320	0.3	1.0	0.5	score_dependent_20pct	full_latent_time_oracle	0.20026953125000002	400	400	1.0	25	0.0625	0.04268914141220244	0.09063411613030699	0.025	0.0375	-0.1339170251059035	-0.015710706490701786	288.0	87.0	87.0	30.0	0.29075585195157866
54943	320	0.3	1.0	0.5	score_dependent_20pct	ascertained_latent_time_oracle	0.20026953125000002	400	400	1.0	58	0.145	0.11387048965924287	0.18288323931810765	0.0025	0.1425	-0.9182658271883221	-0.13624077261713358	288.0	57.0	87.0	30.0	0.29075585195157866
54943	320	0.3	1.0	0.5	score_dependent_20pct	detected_visit_time	0.20026953125000002	400	400	1.0	51	0.1275	0.0983211891565858	0.1637654701224651	0.0025	0.125	-0.9038093634058262	-0.13452122058765192	288.0	57.0	87.0	30.0	0.29075585195157866
54943	320	0.3	1.0	0.5	score_dependent_20pct	midpoint_imputed_time	0.20026953125000002	400	400	1.0	56	0.14	0.10940962137459034	0.1774392305461032	0.0025	0.1375	-0.9117030731850768	-0.13459895020531323	288.0	57.0	87.0	30.0	0.29075585195157866
54943	320	0.3	1.0	0.5	joint_score_progression_risk_20pct	full_latent_time_oracle	0.19939843749999997	400	400	1.0	23	0.0575	0.038617542757733075	0.08480083772811935	0.035	0.0225	-0.1294506474500553	-0.015432414711621767	288.0	87.0	87.0	35.0	0.2831783204249949
54943	320	0.3	1.0	0.5	joint_score_progression_risk_20pct	ascertained_latent_time_oracle	0.19939843749999997	400	400	1.0	74	0.185	0.15000697382952777	0.22598577160107902	0.0	0.185	-1.0761639858956418	-0.17080262010999567	288.0	51.0	87.0	35.0	0.2831783204249949
54943	320	0.3	1.0	0.5	joint_score_progression_risk_20pct	detected_visit_time	0.19939843749999997	400	400	1.0	65	0.1625	0.12958740844606098	0.20183339022958918	0.0	0.1625	-1.0486892579242373	-0.16364942901059587	288.0	51.0	87.0	35.0	0.2831783204249949
54943	320	0.3	1.0	0.5	joint_score_progression_risk_20pct	midpoint_imputed_time	0.19939843749999997	400	400	1.0	68	0.17	0.13636898220196564	0.20990913205867007	0.0	0.17	-1.0432374857998603	-0.16294326793512368	288.0	51.0	87.0	35.0	0.2831783204249949
54943	320	0.3	1.0	1.0	complete	full_latent_time_oracle	0.0	400	400	1.0	18	0.045	0.028651458653886006	0.07000472919032381	0.025	0.02	0.04396543648745675	0.0051721670967893405	288.0	86.0	86.0	37.0	0.538854734087554
54943	320	0.3	1.0	1.0	complete	ascertained_latent_time_oracle	0.0	400	400	1.0	27	0.0675	0.04680146916375965	0.09642666543540682	0.0375	0.03	0.021157559375353456	0.0030830893145765716	288.0	49.0	86.0	37.0	0.538854734087554
54943	320	0.3	1.0	1.0	complete	detected_visit_time	0.0	400	400	1.0	17	0.0425	0.026701694991131116	0.06700205432475019	0.0225	0.02	0.020818507535126325	0.00343498902821965	288.0	49.0	86.0	37.0	0.538854734087554
54943	320	0.3	1.0	1.0	complete	midpoint_imputed_time	0.0	400	400	1.0	17	0.0425	0.026701694991131116	0.06700205432475019	0.0225	0.02	0.020818507535126325	0.00343498902821965	288.0	49.0	86.0	37.0	0.538854734087554
54943	320	0.3	1.0	1.0	independent_20pct	full_latent_time_oracle	0.19965234374999996	400	400	1.0	18	0.045	0.028651458653886006	0.07000472919032381	0.03	0.015	0.01784912775675703	0.0021706192200095114	288.0	87.0	87.0	55.0	0.5414412632442698
54943	320	0.3	1.0	1.0	independent_20pct	ascertained_latent_time_oracle	0.19965234374999996	400	400	1.0	21	0.0525	0.034591528357920405	0.07892197507127496	0.0325	0.02	0.03829434501708883	0.007294052684894835	288.0	32.0	87.0	55.0	0.5414412632442698
54943	320	0.3	1.0	1.0	independent_20pct	detected_visit_time	0.19965234374999996	400	400	1.0	15	0.0375	0.022855029814710867	0.060943842444513396	0.0225	0.015	0.05259505272734135	0.010675886050391156	288.0	32.0	87.0	55.0	0.5414412632442698
54943	320	0.3	1.0	1.0	independent_20pct	midpoint_imputed_time	0.19965234374999996	400	400	1.0	15	0.0375	0.022855029814710867	0.060943842444513396	0.0225	0.015	0.05259505272734142	0.010675886050391156	288.0	32.0	87.0	55.0	0.5414412632442698
54943	320	0.3	1.0	1.0	score_dependent_20pct	full_latent_time_oracle	0.20003906250000003	400	400	1.0	21	0.0525	0.034591528357920405	0.07892197507127496	0.0275	0.025	-0.1111584298203885	-0.01362403318959788	288.0	86.5	86.5	55.0	0.5389703239042314
54943	320	0.3	1.0	1.0	score_dependent_20pct	ascertained_latent_time_oracle	0.20003906250000003	400	400	1.0	92	0.23	0.19144383051896455	0.27369280842155563	0.0025	0.2275	-1.2095249225699436	-0.23549701887533686	288.0	32.0	86.5	55.0	0.5389703239042314
54943	320	0.3	1.0	1.0	score_dependent_20pct	detected_visit_time	0.20003906250000003	400	400	1.0	73	0.1825	0.14772734739355886	0.22331295950871943	0.0025	0.18	-1.09989222349013	-0.22380126719567178	288.0	32.0	86.5	55.0	0.5389703239042314
54943	320	0.3	1.0	1.0	score_dependent_20pct	midpoint_imputed_time	0.20003906250000003	400	400	1.0	73	0.1825	0.14772734739355886	0.22331295950871943	0.0025	0.18	-1.0998922234901305	-0.22380126719567184	288.0	32.0	86.5	55.0	0.5389703239042314
54943	320	0.3	1.0	1.0	joint_score_progression_risk_20pct	full_latent_time_oracle	0.20001562500000003	400	400	1.0	24	0.06	0.040647970113724695	0.0877228489004562	0.03	0.03	-0.007315450622861732	-0.0008542832558972656	288.0	86.0	86.0	56.0	0.5287776609441843
54943	320	0.3	1.0	1.0	joint_score_progression_risk_20pct	ascertained_latent_time_oracle	0.20001562500000003	400	400	1.0	81	0.2025	0.16603379503442495	0.24462602009448153	0.0	0.2025	-1.1377653495979978	-0.23248341058736016	288.0	30.0	86.0	56.0	0.5287776609441843
54943	320	0.3	1.0	1.0	joint_score_progression_risk_20pct	detected_visit_time	0.20001562500000003	400	400	1.0	73	0.1825	0.14772734739355886	0.22331295950871943	0.0	0.1825	-1.0905123618975918	-0.22112805179097889	288.0	30.0	86.0	56.0	0.5287776609441843
54943	320	0.3	1.0	1.0	joint_score_progression_risk_20pct	midpoint_imputed_time	0.20001562500000003	400	400	1.0	73	0.1825	0.14772734739355886	0.22331295950871943	0.0	0.1825	-1.0905123618975918	-0.22112805179097889	288.0	30.0	86.0	56.0	0.5287776609441843
54943	320	0.3	1.7	0.25	complete	full_latent_time_oracle	0.0	400	400	1.0	345	0.8625	0.8252880733424808	0.8928155132651543	0.8625	0.0	3.0679345348616716	0.3690114905023477	288.0	87.0	87.0	8.0	0.12832267357481783
54943	320	0.3	1.7	0.25	complete	ascertained_latent_time_oracle	0.0	400	400	1.0	336	0.84	0.8008643954521164	0.8726672444005619	0.84	0.0	2.9246922231805694	0.3649572233485579	288.0	79.0	87.0	8.0	0.12832267357481783
54943	320	0.3	1.7	0.25	complete	detected_visit_time	0.0	400	400	1.0	330	0.825	0.7847212102757525	0.8590957984069546	0.825	0.0	2.83136998486801	0.35542232860639567	288.0	79.0	87.0	8.0	0.12832267357481783
54943	320	0.3	1.7	0.25	complete	midpoint_imputed_time	0.0	400	400	1.0	330	0.825	0.7847212102757525	0.8590957984069546	0.825	0.0	2.83136998486801	0.35542232860639567	288.0	79.0	87.0	8.0	0.12832267357481783
54943	320	0.3	1.7	0.25	independent_20pct	full_latent_time_oracle	0.20005566406249997	400	400	1.0	339	0.8475	0.8089761434535727	0.8794128119840912	0.8475	0.0	2.9872909352962687	0.35821152316702404	288.0	87.0	87.0	12.0	0.15567515442766325
54943	320	0.3	1.7	0.25	independent_20pct	ascertained_latent_time_oracle	0.20005566406249997	400	400	1.0	316	0.79	0.7474205944599498	0.8270622748261584	0.79	0.0	2.857401248805905	0.3663041944688264	288.0	74.0	87.0	12.0	0.15567515442766325
54943	320	0.3	1.7	0.25	independent_20pct	detected_visit_time	0.20005566406249997	400	400	1.0	312	0.78	0.7368470079068086	0.8178261072659854	0.78	0.0	2.7834074646213276	0.35348561449355875	288.0	74.0	87.0	12.0	0.15567515442766325
54943	320	0.3	1.7	0.25	independent_20pct	midpoint_imputed_time	0.20005566406249997	400	400	1.0	311	0.7775	0.7342089511162986	0.8155117255281668	0.7775	0.0	2.811739895168418	0.3586860277295958	288.0	74.0	87.0	12.0	0.15567515442766325
54943	320	0.3	1.7	0.25	score_dependent_20pct	full_latent_time_oracle	0.19979394531250005	400	400	1.0	350	0.875	0.8389809024860414	0.9038848767632363	0.875	0.0	3.034423232530258	0.3569359365151108	288.0	87.0	87.0	17.0	0.16510734244495798
54943	320	0.3	1.7	0.25	score_dependent_20pct	ascertained_latent_time_oracle	0.19979394531250005	400	400	1.0	208	0.52	0.47108291490392346	0.5685365933227047	0.52	0.0	1.9973058146147942	0.2625754146024914	288.0	69.5	87.0	17.0	0.16510734244495798
54943	320	0.3	1.7	0.25	score_dependent_20pct	detected_visit_time	0.19979394531250005	400	400	1.0	190	0.475	0.4265327259812066	0.5239428887355082	0.475	0.0	1.9009604587626536	0.2507189146239101	288.0	69.5	87.0	17.0	0.16510734244495798
54943	320	0.3	1.7	0.25	score_dependent_20pct	midpoint_imputed_time	0.19979394531250005	400	400	1.0	198	0.495	0.44628448078239025	0.5438106421609528	0.495	0.0	1.952643438581108	0.2559908910146454	288.0	69.5	87.0	17.0	0.16510734244495798
54943	320	0.3	1.7	0.25	joint_score_progression_risk_20pct	full_latent_time_oracle	0.20029296875000002	400	400	1.0	352	0.88	0.8444860470597602	0.9082846092461745	0.88	0.0	3.096158261553488	0.3641620135391762	288.0	87.0	87.0	25.0	0.15338586509285496
54943	320	0.3	1.7	0.25	joint_score_progression_risk_20pct	ascertained_latent_time_oracle	0.20029296875000002	400	400	1.0	131	0.3275	0.2833400429179013	0.37494169862743104	0.3275	0.0	1.5043659026045	0.2179403403939999	288.0	62.0	87.0	25.0	0.15338586509285496
54943	320	0.3	1.7	0.25	joint_score_progression_risk_20pct	detected_visit_time	0.20029296875000002	400	400	1.0	122	0.305	0.2619126095600189	0.3517971852303568	0.305	0.0	1.4805755273915948	0.21141061085798174	288.0	62.0	87.0	25.0	0.15338586509285496
54943	320	0.3	1.7	0.25	joint_score_progression_risk_20pct	midpoint_imputed_time	0.20029296875000002	400	400	1.0	124	0.31	0.2666637181991197	0.35695095364791296	0.31	0.0	1.4803889894813618	0.21391884009330236	288.0	62.0	87.0	25.0	0.15338586509285496
54943	320	0.3	1.7	0.5	complete	full_latent_time_oracle	0.0	400	400	1.0	357	0.8925	0.8583265694191717	0.9192062795284055	0.8925	0.0	3.028912616488822	0.3599846040034057	288.0	86.0	86.0	16.0	0.2660552311444756
54943	320	0.3	1.7	0.5	complete	ascertained_latent_time_oracle	0.0	400	400	1.0	336	0.84	0.8008643954521164	0.8726672444005619	0.84	0.0	2.8146543387005982	0.36652230105247396	288.0	70.0	86.0	16.0	0.2660552311444756
54943	320	0.3	1.7	0.5	complete	detected_visit_time	0.0	400	400	1.0	321	0.8025	0.7606877261203903	0.8385573358073602	0.8025	0.0	2.6414998733406474	0.3448702135146047	288.0	70.0	86.0	16.0	0.2660552311444756
54943	320	0.3	1.7	0.5	complete	midpoint_imputed_time	0.0	400	400	1.0	321	0.8025	0.7606877261203903	0.8385573358073602	0.8025	0.0	2.6414998733406474	0.3448702135146047	288.0	70.0	86.0	16.0	0.2660552311444756
54943	320	0.3	1.7	0.5	independent_20pct	full_latent_time_oracle	0.19911328125000005	400	400	1.0	349	0.8725	0.836234529877535	0.9016788108434143	0.8725	0.0	3.1290626412677174	0.37161290460949875	288.0	87.0	87.0	25.5	0.30125144014236105
54943	320	0.3	1.7	0.5	independent_20pct	ascertained_latent_time_oracle	0.19911328125000005	400	400	1.0	301	0.7525	0.7079392288053334	0.7922570625558467	0.7525	0.0	2.6413072799349733	0.37608694473587084	288.0	60.0	87.0	25.5	0.30125144014236105
54943	320	0.3	1.7	0.5	independent_20pct	detected_visit_time	0.19911328125000005	400	400	1.0	287	0.7175	0.6714724243160557	0.7593897276485253	0.7175	0.0	2.486977649721442	0.3572154988658622	288.0	60.0	87.0	25.5	0.30125144014236105
54943	320	0.3	1.7	0.5	independent_20pct	midpoint_imputed_time	0.19911328125000005	400	400	1.0	291	0.7275	0.6818568086225227	0.7688150974553725	0.7275	0.0	2.547821354203699	0.36264041368087435	288.0	60.0	87.0	25.5	0.30125144014236105
54943	320	0.3	1.7	0.5	score_dependent_20pct	full_latent_time_oracle	0.199791015625	400	400	1.0	336	0.84	0.8008643954521164	0.8726672444005619	0.84	0.0	2.9404180278417327	0.3490849417159559	288.0	86.0	86.0	34.0	0.3009798545376098
54943	320	0.3	1.7	0.5	score_dependent_20pct	ascertained_latent_time_oracle	0.199791015625	400	400	1.0	85	0.2125	0.17524350992363666	0.2552260593185839	0.2075	0.005	1.189566560293298	0.18567744143814618	288.0	52.0	86.0	34.0	0.3009798545376098
54943	320	0.3	1.7	0.5	score_dependent_20pct	detected_visit_time	0.199791015625	400	400	1.0	77	0.1925	0.156861025193276	0.2339890358223164	0.19	0.0025	1.160606260192214	0.1811711114589393	288.0	52.0	86.0	34.0	0.3009798545376098
54943	320	0.3	1.7	0.5	score_dependent_20pct	midpoint_imputed_time	0.199791015625	400	400	1.0	79	0.1975	0.1614426641926397	0.23931227387960974	0.1925	0.005	1.1677482335607898	0.18007039404577907	288.0	52.0	86.0	34.0	0.3009798545376098
54943	320	0.3	1.7	0.5	joint_score_progression_risk_20pct	full_latent_time_oracle	0.19983007812499998	400	400	1.0	350	0.875	0.8389809024860414	0.9038848767632363	0.875	0.0	2.9687640461980944	0.3544371173798647	289.0	87.0	87.0	38.0	0.2871642965803884
54943	320	0.3	1.7	0.5	joint_score_progression_risk_20pct	ascertained_latent_time_oracle	0.19983007812499998	400	400	1.0	82	0.205	0.16833283817780625	0.24727941547942867	0.205	0.0	1.1579047341577593	0.18620570518012894	289.0	48.0	87.0	38.0	0.2871642965803884
54943	320	0.3	1.7	0.5	joint_score_progression_risk_20pct	detected_visit_time	0.19983007812499998	400	400	1.0	73	0.1825	0.14772734739355886	0.22331295950871943	0.1825	0.0	1.1103678017868974	0.1743639601812661	289.0	48.0	87.0	38.0	0.2871642965803884
54943	320	0.3	1.7	0.5	joint_score_progression_risk_20pct	midpoint_imputed_time	0.19983007812499998	400	400	1.0	73	0.1825	0.14772734739355886	0.22331295950871943	0.1825	0.0	1.11307654439547	0.1775331319593897	289.0	48.0	87.0	38.0	0.2871642965803884
54943	320	0.3	1.7	1.0	complete	full_latent_time_oracle	0.0	400	400	1.0	339	0.8475	0.8089761434535727	0.8794128119840912	0.8475	0.0	2.942561523401728	0.35470955298404777	288.0	86.0	86.0	35.0	0.5549340248747607
54943	320	0.3	1.7	1.0	complete	ascertained_latent_time_oracle	0.0	400	400	1.0	254	0.635	0.5867439222120918	0.680687758317648	0.635	0.0	2.3572309197507844	0.3621889022245315	288.0	51.0	86.0	35.0	0.5549340248747607
54943	320	0.3	1.7	1.0	complete	detected_visit_time	0.0	400	400	1.0	217	0.5425	0.4935050345733776	0.5906864204082072	0.5425	0.0	2.040738183126236	0.3112886797717298	288.0	51.0	86.0	35.0	0.5549340248747607
54943	320	0.3	1.7	1.0	complete	midpoint_imputed_time	0.0	400	400	1.0	217	0.5425	0.4935050345733776	0.5906864204082072	0.5425	0.0	2.040738183126236	0.3112886797717298	288.0	51.0	86.0	35.0	0.5549340248747607
54943	320	0.3	1.7	1.0	independent_20pct	full_latent_time_oracle	0.19982421875	400	400	1.0	352	0.88	0.8444860470597602	0.9082846092461745	0.88	0.0	3.126923832515624	0.37439043869238575	288.0	86.0	86.0	54.0	0.5667078829760046
54943	320	0.3	1.7	1.0	independent_20pct	ascertained_latent_time_oracle	0.19982421875	400	400	1.0	175	0.4375	0.3897078504391739	0.48648118635261317	0.4375	0.0	1.7991743856181615	0.3413693050144286	288.0	33.0	86.0	54.0	0.5667078829760046
54943	320	0.3	1.7	1.0	independent_20pct	detected_visit_time	0.19982421875	400	400	1.0	151	0.3775	0.33137162500063877	0.42595888711126384	0.3775	0.0	1.6646468751491348	0.3168605926104452	288.0	33.0	86.0	54.0	0.5667078829760046
54943	320	0.3	1.7	1.0	independent_20pct	midpoint_imputed_time	0.19982421875	400	400	1.0	151	0.3775	0.33137162500063877	0.42595888711126384	0.3775	0.0	1.6646468751491348	0.3168605926104452	288.0	33.0	86.0	54.0	0.5667078829760046
54943	320	0.3	1.7	1.0	score_dependent_20pct	full_latent_time_oracle	0.20059375000000002	400	400	1.0	345	0.8625	0.8252880733424808	0.8928155132651543	0.8625	0.0	3.181441465773819	0.3762199275231145	288.0	87.0	87.0	59.0	0.5433510793907925
54943	320	0.3	1.7	1.0	score_dependent_20pct	ascertained_latent_time_oracle	0.20059375000000002	400	400	1.0	25	0.0625	0.04268914141220244	0.09063411613030699	0.05	0.0125	0.38325315132514415	0.08174271666378885	288.0	28.0	87.0	59.0	0.5433510793907925
54943	320	0.3	1.7	1.0	score_dependent_20pct	detected_visit_time	0.20059375000000002	400	400	1.0	17	0.0425	0.026701694991131116	0.06700205432475019	0.0325	0.01	0.366708870723377	0.07875566662023345	288.0	28.0	87.0	59.0	0.5433510793907925
54943	320	0.3	1.7	1.0	score_dependent_20pct	midpoint_imputed_time	0.20059375000000002	400	400	1.0	17	0.0425	0.026701694991131116	0.06700205432475019	0.0325	0.01	0.3667088707233771	0.07875566662023345	288.0	28.0	87.0	59.0	0.5433510793907925
54943	320	0.3	1.7	1.0	joint_score_progression_risk_20pct	full_latent_time_oracle	0.20006250000000003	400	400	1.0	351	0.8775	0.8417313729822828	0.9060868447953232	0.8775	0.0	3.094432598067268	0.37389175663869956	288.0	85.0	85.0	59.0	0.534915587808216
54943	320	0.3	1.7	1.0	joint_score_progression_risk_20pct	ascertained_latent_time_oracle	0.20006250000000003	400	400	1.0	46	0.115	0.0873329226216324	0.1499915440157759	0.11	0.005	0.6660938511971206	0.14180752552996617	288.0	27.0	85.0	59.0	0.534915587808216
54943	320	0.3	1.7	1.0	joint_score_progression_risk_20pct	detected_visit_time	0.20006250000000003	400	400	1.0	39	0.0975	0.07214511778538757	0.1305122791537211	0.095	0.0025	0.6324683443926777	0.13698681426523487	288.0	27.0	85.0	59.0	0.534915587808216
54943	320	0.3	1.7	1.0	joint_score_progression_risk_20pct	midpoint_imputed_time	0.20006250000000003	400	400	1.0	39	0.0975	0.07214511778538757	0.1305122791537211	0.095	0.0025	0.6324683443926777	0.13698681426523487	288.0	27.0	85.0	59.0	0.534915587808216
