analysis	dataset_path	disease_name	compartment	role	gene	present	family
ibd_crohn_myeloid	data/raw_v3/cell_state/ibd_human_10x.h5ad	Crohn disease	colon myeloid	myeloid_apc	AP2A1	True	vesicle_sorting_trafficking
ibd_crohn_myeloid	data/raw_v3/cell_state/ibd_human_10x.h5ad	Crohn disease	colon myeloid	myeloid_apc	AP2M1	True	vesicle_sorting_trafficking
ibd_crohn_myeloid	data/raw_v3/cell_state/ibd_human_10x.h5ad	Crohn disease	colon myeloid	myeloid_apc	APOE	True	myeloid_marker_control
ibd_crohn_myeloid	data/raw_v3/cell_state/ibd_human_10x.h5ad	Crohn disease	colon myeloid	myeloid_apc	AXL	True	surface_phagocytic_lipid_receptor
ibd_crohn_myeloid	data/raw_v3/cell_state/ibd_human_10x.h5ad	Crohn disease	colon myeloid	myeloid_apc	C1QA	True	surface_uptake_fc_complement
ibd_crohn_myeloid	data/raw_v3/cell_state/ibd_human_10x.h5ad	Crohn disease	colon myeloid	myeloid_apc	C1QB	True	surface_uptake_fc_complement
ibd_crohn_myeloid	data/raw_v3/cell_state/ibd_human_10x.h5ad	Crohn disease	colon myeloid	myeloid_apc	C1QC	True	surface_uptake_fc_complement
ibd_crohn_myeloid	data/raw_v3/cell_state/ibd_human_10x.h5ad	Crohn disease	colon myeloid	myeloid_apc	CD36	True	surface_phagocytic_lipid_receptor
ibd_crohn_myeloid	data/raw_v3/cell_state/ibd_human_10x.h5ad	Crohn disease	colon myeloid	myeloid_apc	CD63	True	lysosome_membrane_or_lipid
ibd_crohn_myeloid	data/raw_v3/cell_state/ibd_human_10x.h5ad	Crohn disease	colon myeloid	myeloid_apc	CD68	True	surface_phagocytic_lipid_receptor
ibd_crohn_myeloid	data/raw_v3/cell_state/ibd_human_10x.h5ad	Crohn disease	colon myeloid	myeloid_apc	CD74	True	state_positive_control
ibd_crohn_myeloid	data/raw_v3/cell_state/ibd_human_10x.h5ad	Crohn disease	colon myeloid	myeloid_apc	CIITA	True	state_positive_control
ibd_crohn_myeloid	data/raw_v3/cell_state/ibd_human_10x.h5ad	Crohn disease	colon myeloid	myeloid_apc	CLEC7A	True	surface_phagocytic_lipid_receptor
ibd_crohn_myeloid	data/raw_v3/cell_state/ibd_human_10x.h5ad	Crohn disease	colon myeloid	myeloid_apc	CLTC	True	vesicle_sorting_trafficking
ibd_crohn_myeloid	data/raw_v3/cell_state/ibd_human_10x.h5ad	Crohn disease	colon myeloid	myeloid_apc	CST3	True	myeloid_marker_control
ibd_crohn_myeloid	data/raw_v3/cell_state/ibd_human_10x.h5ad	Crohn disease	colon myeloid	myeloid_apc	CTSB	True	cathepsin_protease
ibd_crohn_myeloid	data/raw_v3/cell_state/ibd_human_10x.h5ad	Crohn disease	colon myeloid	myeloid_apc	CTSD	True	cathepsin_protease
ibd_crohn_myeloid	data/raw_v3/cell_state/ibd_human_10x.h5ad	Crohn disease	colon myeloid	myeloid_apc	CTSH	True	cathepsin_protease
ibd_crohn_myeloid	data/raw_v3/cell_state/ibd_human_10x.h5ad	Crohn disease	colon myeloid	myeloid_apc	CTSK	True	cathepsin_protease
ibd_crohn_myeloid	data/raw_v3/cell_state/ibd_human_10x.h5ad	Crohn disease	colon myeloid	myeloid_apc	CTSL	True	cathepsin_protease
ibd_crohn_myeloid	data/raw_v3/cell_state/ibd_human_10x.h5ad	Crohn disease	colon myeloid	myeloid_apc	CTSS	True	cathepsin_protease
ibd_crohn_myeloid	data/raw_v3/cell_state/ibd_human_10x.h5ad	Crohn disease	colon myeloid	myeloid_apc	CTSZ	True	cathepsin_protease
ibd_crohn_myeloid	data/raw_v3/cell_state/ibd_human_10x.h5ad	Crohn disease	colon myeloid	myeloid_apc	FCER1G	True	surface_uptake_fc_complement
ibd_crohn_myeloid	data/raw_v3/cell_state/ibd_human_10x.h5ad	Crohn disease	colon myeloid	myeloid_apc	FCGR2A	True	surface_uptake_fc_complement
ibd_crohn_myeloid	data/raw_v3/cell_state/ibd_human_10x.h5ad	Crohn disease	colon myeloid	myeloid_apc	FCGR3A	True	surface_uptake_fc_complement
ibd_crohn_myeloid	data/raw_v3/cell_state/ibd_human_10x.h5ad	Crohn disease	colon myeloid	myeloid_apc	GNPTAB	True	glycosylation_mannose6p
ibd_crohn_myeloid	data/raw_v3/cell_state/ibd_human_10x.h5ad	Crohn disease	colon myeloid	myeloid_apc	GNPTG	True	glycosylation_mannose6p
ibd_crohn_myeloid	data/raw_v3/cell_state/ibd_human_10x.h5ad	Crohn disease	colon myeloid	myeloid_apc	GPNMB	True	myeloid_marker_control
ibd_crohn_myeloid	data/raw_v3/cell_state/ibd_human_10x.h5ad	Crohn disease	colon myeloid	myeloid_apc	HLA-DMA	True	hla_chaperone_loading
ibd_crohn_myeloid	data/raw_v3/cell_state/ibd_human_10x.h5ad	Crohn disease	colon myeloid	myeloid_apc	HLA-DMB	True	hla_chaperone_loading
ibd_crohn_myeloid	data/raw_v3/cell_state/ibd_human_10x.h5ad	Crohn disease	colon myeloid	myeloid_apc	HLA-DOA	True	hla_chaperone_loading
ibd_crohn_myeloid	data/raw_v3/cell_state/ibd_human_10x.h5ad	Crohn disease	colon myeloid	myeloid_apc	HLA-DOB	True	hla_chaperone_loading
ibd_crohn_myeloid	data/raw_v3/cell_state/ibd_human_10x.h5ad	Crohn disease	colon myeloid	myeloid_apc	HLA-DPA1	True	state_positive_control
ibd_crohn_myeloid	data/raw_v3/cell_state/ibd_human_10x.h5ad	Crohn disease	colon myeloid	myeloid_apc	HLA-DPB1	True	state_positive_control
ibd_crohn_myeloid	data/raw_v3/cell_state/ibd_human_10x.h5ad	Crohn disease	colon myeloid	myeloid_apc	HLA-DRA	True	state_positive_control
ibd_crohn_myeloid	data/raw_v3/cell_state/ibd_human_10x.h5ad	Crohn disease	colon myeloid	myeloid_apc	HLA-DRB1	True	state_positive_control
ibd_crohn_myeloid	data/raw_v3/cell_state/ibd_human_10x.h5ad	Crohn disease	colon myeloid	myeloid_apc	IFI30	True	lysosomal_thiol_reductase
ibd_crohn_myeloid	data/raw_v3/cell_state/ibd_human_10x.h5ad	Crohn disease	colon myeloid	myeloid_apc	IGF2R	True	glycosylation_mannose6p
ibd_crohn_myeloid	data/raw_v3/cell_state/ibd_human_10x.h5ad	Crohn disease	colon myeloid	myeloid_apc	ITGAM	True	surface_phagocytic_lipid_receptor
ibd_crohn_myeloid	data/raw_v3/cell_state/ibd_human_10x.h5ad	Crohn disease	colon myeloid	myeloid_apc	ITGAX	True	surface_phagocytic_lipid_receptor
ibd_crohn_myeloid	data/raw_v3/cell_state/ibd_human_10x.h5ad	Crohn disease	colon myeloid	myeloid_apc	LAMP1	True	lysosome_membrane_or_lipid
ibd_crohn_myeloid	data/raw_v3/cell_state/ibd_human_10x.h5ad	Crohn disease	colon myeloid	myeloid_apc	LAMP2	True	lysosome_membrane_or_lipid
ibd_crohn_myeloid	data/raw_v3/cell_state/ibd_human_10x.h5ad	Crohn disease	colon myeloid	myeloid_apc	LAMP3	True	lysosome_membrane_or_lipid
ibd_crohn_myeloid	data/raw_v3/cell_state/ibd_human_10x.h5ad	Crohn disease	colon myeloid	myeloid_apc	LAPTM5	True	lysosome_membrane_or_lipid
ibd_crohn_myeloid	data/raw_v3/cell_state/ibd_human_10x.h5ad	Crohn disease	colon myeloid	myeloid_apc	LGALS3	True	galectin_glycan_checkpoint
ibd_crohn_myeloid	data/raw_v3/cell_state/ibd_human_10x.h5ad	Crohn disease	colon myeloid	myeloid_apc	LGALS9	True	galectin_glycan_checkpoint
ibd_crohn_myeloid	data/raw_v3/cell_state/ibd_human_10x.h5ad	Crohn disease	colon myeloid	myeloid_apc	LIPA	True	lysosome_membrane_or_lipid
ibd_crohn_myeloid	data/raw_v3/cell_state/ibd_human_10x.h5ad	Crohn disease	colon myeloid	myeloid_apc	LRP1	True	surface_phagocytic_lipid_receptor
ibd_crohn_myeloid	data/raw_v3/cell_state/ibd_human_10x.h5ad	Crohn disease	colon myeloid	myeloid_apc	LST1	True	myeloid_marker_control
ibd_crohn_myeloid	data/raw_v3/cell_state/ibd_human_10x.h5ad	Crohn disease	colon myeloid	myeloid_apc	LYZ	True	myeloid_marker_control
ibd_crohn_myeloid	data/raw_v3/cell_state/ibd_human_10x.h5ad	Crohn disease	colon myeloid	myeloid_apc	M6PR	True	glycosylation_mannose6p
ibd_crohn_myeloid	data/raw_v3/cell_state/ibd_human_10x.h5ad	Crohn disease	colon myeloid	myeloid_apc	MERTK	True	surface_phagocytic_lipid_receptor
ibd_crohn_myeloid	data/raw_v3/cell_state/ibd_human_10x.h5ad	Crohn disease	colon myeloid	myeloid_apc	MRC1	True	surface_phagocytic_lipid_receptor
ibd_crohn_myeloid	data/raw_v3/cell_state/ibd_human_10x.h5ad	Crohn disease	colon myeloid	myeloid_apc	MSR1	True	surface_phagocytic_lipid_receptor
ibd_crohn_myeloid	data/raw_v3/cell_state/ibd_human_10x.h5ad	Crohn disease	colon myeloid	myeloid_apc	NPC1	True	lysosome_membrane_or_lipid
ibd_crohn_myeloid	data/raw_v3/cell_state/ibd_human_10x.h5ad	Crohn disease	colon myeloid	myeloid_apc	NPC2	True	lysosome_membrane_or_lipid
ibd_crohn_myeloid	data/raw_v3/cell_state/ibd_human_10x.h5ad	Crohn disease	colon myeloid	myeloid_apc	RAB11A	True	vesicle_sorting_trafficking
ibd_crohn_myeloid	data/raw_v3/cell_state/ibd_human_10x.h5ad	Crohn disease	colon myeloid	myeloid_apc	RAB27A	True	vesicle_sorting_trafficking
ibd_crohn_myeloid	data/raw_v3/cell_state/ibd_human_10x.h5ad	Crohn disease	colon myeloid	myeloid_apc	RAB32	True	vesicle_sorting_trafficking
ibd_crohn_myeloid	data/raw_v3/cell_state/ibd_human_10x.h5ad	Crohn disease	colon myeloid	myeloid_apc	RAB5A	True	vesicle_sorting_trafficking
ibd_crohn_myeloid	data/raw_v3/cell_state/ibd_human_10x.h5ad	Crohn disease	colon myeloid	myeloid_apc	RAB7A	True	vesicle_sorting_trafficking
ibd_crohn_myeloid	data/raw_v3/cell_state/ibd_human_10x.h5ad	Crohn disease	colon myeloid	myeloid_apc	RAB7B	True	vesicle_sorting_trafficking
ibd_crohn_myeloid	data/raw_v3/cell_state/ibd_human_10x.h5ad	Crohn disease	colon myeloid	myeloid_apc	RAB9A	True	vesicle_sorting_trafficking
ibd_crohn_myeloid	data/raw_v3/cell_state/ibd_human_10x.h5ad	Crohn disease	colon myeloid	myeloid_apc	RFX5	True	state_positive_control
ibd_crohn_myeloid	data/raw_v3/cell_state/ibd_human_10x.h5ad	Crohn disease	colon myeloid	myeloid_apc	SCARB1	True	surface_phagocytic_lipid_receptor
ibd_crohn_myeloid	data/raw_v3/cell_state/ibd_human_10x.h5ad	Crohn disease	colon myeloid	myeloid_apc	SNX10	True	vesicle_sorting_trafficking
ibd_crohn_myeloid	data/raw_v3/cell_state/ibd_human_10x.h5ad	Crohn disease	colon myeloid	myeloid_apc	SNX2	True	vesicle_sorting_trafficking
ibd_crohn_myeloid	data/raw_v3/cell_state/ibd_human_10x.h5ad	Crohn disease	colon myeloid	myeloid_apc	SNX3	True	vesicle_sorting_trafficking
ibd_crohn_myeloid	data/raw_v3/cell_state/ibd_human_10x.h5ad	Crohn disease	colon myeloid	myeloid_apc	SNX5	True	vesicle_sorting_trafficking
ibd_crohn_myeloid	data/raw_v3/cell_state/ibd_human_10x.h5ad	Crohn disease	colon myeloid	myeloid_apc	SNX6	True	vesicle_sorting_trafficking
ibd_crohn_myeloid	data/raw_v3/cell_state/ibd_human_10x.h5ad	Crohn disease	colon myeloid	myeloid_apc	SORT1	True	vesicle_sorting_trafficking
ibd_crohn_myeloid	data/raw_v3/cell_state/ibd_human_10x.h5ad	Crohn disease	colon myeloid	myeloid_apc	SPP1	True	myeloid_marker_control
ibd_crohn_myeloid	data/raw_v3/cell_state/ibd_human_10x.h5ad	Crohn disease	colon myeloid	myeloid_apc	TPP1	True	lysosome_membrane_or_lipid
ibd_crohn_myeloid	data/raw_v3/cell_state/ibd_human_10x.h5ad	Crohn disease	colon myeloid	myeloid_apc	TREM2	True	surface_phagocytic_lipid_receptor
ibd_crohn_myeloid	data/raw_v3/cell_state/ibd_human_10x.h5ad	Crohn disease	colon myeloid	myeloid_apc	TYROBP	True	surface_phagocytic_lipid_receptor
ibd_crohn_myeloid	data/raw_v3/cell_state/ibd_human_10x.h5ad	Crohn disease	colon myeloid	myeloid_apc	VAMP3	True	vesicle_sorting_trafficking
ibd_crohn_myeloid	data/raw_v3/cell_state/ibd_human_10x.h5ad	Crohn disease	colon myeloid	myeloid_apc	VAMP7	True	vesicle_sorting_trafficking
ibd_crohn_myeloid	data/raw_v3/cell_state/ibd_human_10x.h5ad	Crohn disease	colon myeloid	myeloid_apc	VAMP8	True	vesicle_sorting_trafficking
ibd_uc_myeloid	data/raw_v3/cell_state/ibd_human_10x.h5ad	ulcerative colitis	colon myeloid	myeloid_apc	AP2A1	True	vesicle_sorting_trafficking
ibd_uc_myeloid	data/raw_v3/cell_state/ibd_human_10x.h5ad	ulcerative colitis	colon myeloid	myeloid_apc	AP2M1	True	vesicle_sorting_trafficking
ibd_uc_myeloid	data/raw_v3/cell_state/ibd_human_10x.h5ad	ulcerative colitis	colon myeloid	myeloid_apc	APOE	True	myeloid_marker_control
ibd_uc_myeloid	data/raw_v3/cell_state/ibd_human_10x.h5ad	ulcerative colitis	colon myeloid	myeloid_apc	AXL	True	surface_phagocytic_lipid_receptor
ibd_uc_myeloid	data/raw_v3/cell_state/ibd_human_10x.h5ad	ulcerative colitis	colon myeloid	myeloid_apc	C1QA	True	surface_uptake_fc_complement
ibd_uc_myeloid	data/raw_v3/cell_state/ibd_human_10x.h5ad	ulcerative colitis	colon myeloid	myeloid_apc	C1QB	True	surface_uptake_fc_complement
ibd_uc_myeloid	data/raw_v3/cell_state/ibd_human_10x.h5ad	ulcerative colitis	colon myeloid	myeloid_apc	C1QC	True	surface_uptake_fc_complement
ibd_uc_myeloid	data/raw_v3/cell_state/ibd_human_10x.h5ad	ulcerative colitis	colon myeloid	myeloid_apc	CD36	True	surface_phagocytic_lipid_receptor
ibd_uc_myeloid	data/raw_v3/cell_state/ibd_human_10x.h5ad	ulcerative colitis	colon myeloid	myeloid_apc	CD63	True	lysosome_membrane_or_lipid
ibd_uc_myeloid	data/raw_v3/cell_state/ibd_human_10x.h5ad	ulcerative colitis	colon myeloid	myeloid_apc	CD68	True	surface_phagocytic_lipid_receptor
ibd_uc_myeloid	data/raw_v3/cell_state/ibd_human_10x.h5ad	ulcerative colitis	colon myeloid	myeloid_apc	CD74	True	state_positive_control
ibd_uc_myeloid	data/raw_v3/cell_state/ibd_human_10x.h5ad	ulcerative colitis	colon myeloid	myeloid_apc	CIITA	True	state_positive_control
ibd_uc_myeloid	data/raw_v3/cell_state/ibd_human_10x.h5ad	ulcerative colitis	colon myeloid	myeloid_apc	CLEC7A	True	surface_phagocytic_lipid_receptor
ibd_uc_myeloid	data/raw_v3/cell_state/ibd_human_10x.h5ad	ulcerative colitis	colon myeloid	myeloid_apc	CLTC	True	vesicle_sorting_trafficking
ibd_uc_myeloid	data/raw_v3/cell_state/ibd_human_10x.h5ad	ulcerative colitis	colon myeloid	myeloid_apc	CST3	True	myeloid_marker_control
ibd_uc_myeloid	data/raw_v3/cell_state/ibd_human_10x.h5ad	ulcerative colitis	colon myeloid	myeloid_apc	CTSB	True	cathepsin_protease
ibd_uc_myeloid	data/raw_v3/cell_state/ibd_human_10x.h5ad	ulcerative colitis	colon myeloid	myeloid_apc	CTSD	True	cathepsin_protease
ibd_uc_myeloid	data/raw_v3/cell_state/ibd_human_10x.h5ad	ulcerative colitis	colon myeloid	myeloid_apc	CTSH	True	cathepsin_protease
ibd_uc_myeloid	data/raw_v3/cell_state/ibd_human_10x.h5ad	ulcerative colitis	colon myeloid	myeloid_apc	CTSK	True	cathepsin_protease
ibd_uc_myeloid	data/raw_v3/cell_state/ibd_human_10x.h5ad	ulcerative colitis	colon myeloid	myeloid_apc	CTSL	True	cathepsin_protease
ibd_uc_myeloid	data/raw_v3/cell_state/ibd_human_10x.h5ad	ulcerative colitis	colon myeloid	myeloid_apc	CTSS	True	cathepsin_protease
ibd_uc_myeloid	data/raw_v3/cell_state/ibd_human_10x.h5ad	ulcerative colitis	colon myeloid	myeloid_apc	CTSZ	True	cathepsin_protease
ibd_uc_myeloid	data/raw_v3/cell_state/ibd_human_10x.h5ad	ulcerative colitis	colon myeloid	myeloid_apc	FCER1G	True	surface_uptake_fc_complement
ibd_uc_myeloid	data/raw_v3/cell_state/ibd_human_10x.h5ad	ulcerative colitis	colon myeloid	myeloid_apc	FCGR2A	True	surface_uptake_fc_complement
ibd_uc_myeloid	data/raw_v3/cell_state/ibd_human_10x.h5ad	ulcerative colitis	colon myeloid	myeloid_apc	FCGR3A	True	surface_uptake_fc_complement
ibd_uc_myeloid	data/raw_v3/cell_state/ibd_human_10x.h5ad	ulcerative colitis	colon myeloid	myeloid_apc	GNPTAB	True	glycosylation_mannose6p
ibd_uc_myeloid	data/raw_v3/cell_state/ibd_human_10x.h5ad	ulcerative colitis	colon myeloid	myeloid_apc	GNPTG	True	glycosylation_mannose6p
ibd_uc_myeloid	data/raw_v3/cell_state/ibd_human_10x.h5ad	ulcerative colitis	colon myeloid	myeloid_apc	GPNMB	True	myeloid_marker_control
ibd_uc_myeloid	data/raw_v3/cell_state/ibd_human_10x.h5ad	ulcerative colitis	colon myeloid	myeloid_apc	HLA-DMA	True	hla_chaperone_loading
ibd_uc_myeloid	data/raw_v3/cell_state/ibd_human_10x.h5ad	ulcerative colitis	colon myeloid	myeloid_apc	HLA-DMB	True	hla_chaperone_loading
ibd_uc_myeloid	data/raw_v3/cell_state/ibd_human_10x.h5ad	ulcerative colitis	colon myeloid	myeloid_apc	HLA-DOA	True	hla_chaperone_loading
ibd_uc_myeloid	data/raw_v3/cell_state/ibd_human_10x.h5ad	ulcerative colitis	colon myeloid	myeloid_apc	HLA-DOB	True	hla_chaperone_loading
ibd_uc_myeloid	data/raw_v3/cell_state/ibd_human_10x.h5ad	ulcerative colitis	colon myeloid	myeloid_apc	HLA-DPA1	True	state_positive_control
ibd_uc_myeloid	data/raw_v3/cell_state/ibd_human_10x.h5ad	ulcerative colitis	colon myeloid	myeloid_apc	HLA-DPB1	True	state_positive_control
ibd_uc_myeloid	data/raw_v3/cell_state/ibd_human_10x.h5ad	ulcerative colitis	colon myeloid	myeloid_apc	HLA-DRA	True	state_positive_control
ibd_uc_myeloid	data/raw_v3/cell_state/ibd_human_10x.h5ad	ulcerative colitis	colon myeloid	myeloid_apc	HLA-DRB1	True	state_positive_control
ibd_uc_myeloid	data/raw_v3/cell_state/ibd_human_10x.h5ad	ulcerative colitis	colon myeloid	myeloid_apc	IFI30	True	lysosomal_thiol_reductase
ibd_uc_myeloid	data/raw_v3/cell_state/ibd_human_10x.h5ad	ulcerative colitis	colon myeloid	myeloid_apc	IGF2R	True	glycosylation_mannose6p
ibd_uc_myeloid	data/raw_v3/cell_state/ibd_human_10x.h5ad	ulcerative colitis	colon myeloid	myeloid_apc	ITGAM	True	surface_phagocytic_lipid_receptor
ibd_uc_myeloid	data/raw_v3/cell_state/ibd_human_10x.h5ad	ulcerative colitis	colon myeloid	myeloid_apc	ITGAX	True	surface_phagocytic_lipid_receptor
ibd_uc_myeloid	data/raw_v3/cell_state/ibd_human_10x.h5ad	ulcerative colitis	colon myeloid	myeloid_apc	LAMP1	True	lysosome_membrane_or_lipid
ibd_uc_myeloid	data/raw_v3/cell_state/ibd_human_10x.h5ad	ulcerative colitis	colon myeloid	myeloid_apc	LAMP2	True	lysosome_membrane_or_lipid
ibd_uc_myeloid	data/raw_v3/cell_state/ibd_human_10x.h5ad	ulcerative colitis	colon myeloid	myeloid_apc	LAMP3	True	lysosome_membrane_or_lipid
ibd_uc_myeloid	data/raw_v3/cell_state/ibd_human_10x.h5ad	ulcerative colitis	colon myeloid	myeloid_apc	LAPTM5	True	lysosome_membrane_or_lipid
ibd_uc_myeloid	data/raw_v3/cell_state/ibd_human_10x.h5ad	ulcerative colitis	colon myeloid	myeloid_apc	LGALS3	True	galectin_glycan_checkpoint
ibd_uc_myeloid	data/raw_v3/cell_state/ibd_human_10x.h5ad	ulcerative colitis	colon myeloid	myeloid_apc	LGALS9	True	galectin_glycan_checkpoint
ibd_uc_myeloid	data/raw_v3/cell_state/ibd_human_10x.h5ad	ulcerative colitis	colon myeloid	myeloid_apc	LIPA	True	lysosome_membrane_or_lipid
ibd_uc_myeloid	data/raw_v3/cell_state/ibd_human_10x.h5ad	ulcerative colitis	colon myeloid	myeloid_apc	LRP1	True	surface_phagocytic_lipid_receptor
ibd_uc_myeloid	data/raw_v3/cell_state/ibd_human_10x.h5ad	ulcerative colitis	colon myeloid	myeloid_apc	LST1	True	myeloid_marker_control
ibd_uc_myeloid	data/raw_v3/cell_state/ibd_human_10x.h5ad	ulcerative colitis	colon myeloid	myeloid_apc	LYZ	True	myeloid_marker_control
ibd_uc_myeloid	data/raw_v3/cell_state/ibd_human_10x.h5ad	ulcerative colitis	colon myeloid	myeloid_apc	M6PR	True	glycosylation_mannose6p
ibd_uc_myeloid	data/raw_v3/cell_state/ibd_human_10x.h5ad	ulcerative colitis	colon myeloid	myeloid_apc	MERTK	True	surface_phagocytic_lipid_receptor
ibd_uc_myeloid	data/raw_v3/cell_state/ibd_human_10x.h5ad	ulcerative colitis	colon myeloid	myeloid_apc	MRC1	True	surface_phagocytic_lipid_receptor
ibd_uc_myeloid	data/raw_v3/cell_state/ibd_human_10x.h5ad	ulcerative colitis	colon myeloid	myeloid_apc	MSR1	True	surface_phagocytic_lipid_receptor
ibd_uc_myeloid	data/raw_v3/cell_state/ibd_human_10x.h5ad	ulcerative colitis	colon myeloid	myeloid_apc	NPC1	True	lysosome_membrane_or_lipid
ibd_uc_myeloid	data/raw_v3/cell_state/ibd_human_10x.h5ad	ulcerative colitis	colon myeloid	myeloid_apc	NPC2	True	lysosome_membrane_or_lipid
ibd_uc_myeloid	data/raw_v3/cell_state/ibd_human_10x.h5ad	ulcerative colitis	colon myeloid	myeloid_apc	RAB11A	True	vesicle_sorting_trafficking
ibd_uc_myeloid	data/raw_v3/cell_state/ibd_human_10x.h5ad	ulcerative colitis	colon myeloid	myeloid_apc	RAB27A	True	vesicle_sorting_trafficking
ibd_uc_myeloid	data/raw_v3/cell_state/ibd_human_10x.h5ad	ulcerative colitis	colon myeloid	myeloid_apc	RAB32	True	vesicle_sorting_trafficking
ibd_uc_myeloid	data/raw_v3/cell_state/ibd_human_10x.h5ad	ulcerative colitis	colon myeloid	myeloid_apc	RAB5A	True	vesicle_sorting_trafficking
ibd_uc_myeloid	data/raw_v3/cell_state/ibd_human_10x.h5ad	ulcerative colitis	colon myeloid	myeloid_apc	RAB7A	True	vesicle_sorting_trafficking
ibd_uc_myeloid	data/raw_v3/cell_state/ibd_human_10x.h5ad	ulcerative colitis	colon myeloid	myeloid_apc	RAB7B	True	vesicle_sorting_trafficking
ibd_uc_myeloid	data/raw_v3/cell_state/ibd_human_10x.h5ad	ulcerative colitis	colon myeloid	myeloid_apc	RAB9A	True	vesicle_sorting_trafficking
ibd_uc_myeloid	data/raw_v3/cell_state/ibd_human_10x.h5ad	ulcerative colitis	colon myeloid	myeloid_apc	RFX5	True	state_positive_control
ibd_uc_myeloid	data/raw_v3/cell_state/ibd_human_10x.h5ad	ulcerative colitis	colon myeloid	myeloid_apc	SCARB1	True	surface_phagocytic_lipid_receptor
ibd_uc_myeloid	data/raw_v3/cell_state/ibd_human_10x.h5ad	ulcerative colitis	colon myeloid	myeloid_apc	SNX10	True	vesicle_sorting_trafficking
ibd_uc_myeloid	data/raw_v3/cell_state/ibd_human_10x.h5ad	ulcerative colitis	colon myeloid	myeloid_apc	SNX2	True	vesicle_sorting_trafficking
ibd_uc_myeloid	data/raw_v3/cell_state/ibd_human_10x.h5ad	ulcerative colitis	colon myeloid	myeloid_apc	SNX3	True	vesicle_sorting_trafficking
ibd_uc_myeloid	data/raw_v3/cell_state/ibd_human_10x.h5ad	ulcerative colitis	colon myeloid	myeloid_apc	SNX5	True	vesicle_sorting_trafficking
ibd_uc_myeloid	data/raw_v3/cell_state/ibd_human_10x.h5ad	ulcerative colitis	colon myeloid	myeloid_apc	SNX6	True	vesicle_sorting_trafficking
ibd_uc_myeloid	data/raw_v3/cell_state/ibd_human_10x.h5ad	ulcerative colitis	colon myeloid	myeloid_apc	SORT1	True	vesicle_sorting_trafficking
ibd_uc_myeloid	data/raw_v3/cell_state/ibd_human_10x.h5ad	ulcerative colitis	colon myeloid	myeloid_apc	SPP1	True	myeloid_marker_control
ibd_uc_myeloid	data/raw_v3/cell_state/ibd_human_10x.h5ad	ulcerative colitis	colon myeloid	myeloid_apc	TPP1	True	lysosome_membrane_or_lipid
ibd_uc_myeloid	data/raw_v3/cell_state/ibd_human_10x.h5ad	ulcerative colitis	colon myeloid	myeloid_apc	TREM2	True	surface_phagocytic_lipid_receptor
ibd_uc_myeloid	data/raw_v3/cell_state/ibd_human_10x.h5ad	ulcerative colitis	colon myeloid	myeloid_apc	TYROBP	True	surface_phagocytic_lipid_receptor
ibd_uc_myeloid	data/raw_v3/cell_state/ibd_human_10x.h5ad	ulcerative colitis	colon myeloid	myeloid_apc	VAMP3	True	vesicle_sorting_trafficking
ibd_uc_myeloid	data/raw_v3/cell_state/ibd_human_10x.h5ad	ulcerative colitis	colon myeloid	myeloid_apc	VAMP7	True	vesicle_sorting_trafficking
ibd_uc_myeloid	data/raw_v3/cell_state/ibd_human_10x.h5ad	ulcerative colitis	colon myeloid	myeloid_apc	VAMP8	True	vesicle_sorting_trafficking
ibd_crohn_epithelial	data/raw_v3/cell_state/ibd_human_10x.h5ad	Crohn disease	colon epithelial	tissue_resident	AP2A1	True	vesicle_sorting_trafficking
ibd_crohn_epithelial	data/raw_v3/cell_state/ibd_human_10x.h5ad	Crohn disease	colon epithelial	tissue_resident	AP2M1	True	vesicle_sorting_trafficking
ibd_crohn_epithelial	data/raw_v3/cell_state/ibd_human_10x.h5ad	Crohn disease	colon epithelial	tissue_resident	APOE	True	myeloid_marker_control
ibd_crohn_epithelial	data/raw_v3/cell_state/ibd_human_10x.h5ad	Crohn disease	colon epithelial	tissue_resident	AXL	True	surface_phagocytic_lipid_receptor
ibd_crohn_epithelial	data/raw_v3/cell_state/ibd_human_10x.h5ad	Crohn disease	colon epithelial	tissue_resident	C1QA	True	surface_uptake_fc_complement
ibd_crohn_epithelial	data/raw_v3/cell_state/ibd_human_10x.h5ad	Crohn disease	colon epithelial	tissue_resident	C1QB	True	surface_uptake_fc_complement
ibd_crohn_epithelial	data/raw_v3/cell_state/ibd_human_10x.h5ad	Crohn disease	colon epithelial	tissue_resident	C1QC	True	surface_uptake_fc_complement
ibd_crohn_epithelial	data/raw_v3/cell_state/ibd_human_10x.h5ad	Crohn disease	colon epithelial	tissue_resident	CD36	True	surface_phagocytic_lipid_receptor
ibd_crohn_epithelial	data/raw_v3/cell_state/ibd_human_10x.h5ad	Crohn disease	colon epithelial	tissue_resident	CD63	True	lysosome_membrane_or_lipid
ibd_crohn_epithelial	data/raw_v3/cell_state/ibd_human_10x.h5ad	Crohn disease	colon epithelial	tissue_resident	CD68	True	surface_phagocytic_lipid_receptor
ibd_crohn_epithelial	data/raw_v3/cell_state/ibd_human_10x.h5ad	Crohn disease	colon epithelial	tissue_resident	CD74	True	state_positive_control
ibd_crohn_epithelial	data/raw_v3/cell_state/ibd_human_10x.h5ad	Crohn disease	colon epithelial	tissue_resident	CIITA	True	state_positive_control
ibd_crohn_epithelial	data/raw_v3/cell_state/ibd_human_10x.h5ad	Crohn disease	colon epithelial	tissue_resident	CLEC7A	True	surface_phagocytic_lipid_receptor
ibd_crohn_epithelial	data/raw_v3/cell_state/ibd_human_10x.h5ad	Crohn disease	colon epithelial	tissue_resident	CLTC	True	vesicle_sorting_trafficking
ibd_crohn_epithelial	data/raw_v3/cell_state/ibd_human_10x.h5ad	Crohn disease	colon epithelial	tissue_resident	CST3	True	myeloid_marker_control
ibd_crohn_epithelial	data/raw_v3/cell_state/ibd_human_10x.h5ad	Crohn disease	colon epithelial	tissue_resident	CTSB	True	cathepsin_protease
ibd_crohn_epithelial	data/raw_v3/cell_state/ibd_human_10x.h5ad	Crohn disease	colon epithelial	tissue_resident	CTSD	True	cathepsin_protease
ibd_crohn_epithelial	data/raw_v3/cell_state/ibd_human_10x.h5ad	Crohn disease	colon epithelial	tissue_resident	CTSH	True	cathepsin_protease
ibd_crohn_epithelial	data/raw_v3/cell_state/ibd_human_10x.h5ad	Crohn disease	colon epithelial	tissue_resident	CTSK	True	cathepsin_protease
ibd_crohn_epithelial	data/raw_v3/cell_state/ibd_human_10x.h5ad	Crohn disease	colon epithelial	tissue_resident	CTSL	True	cathepsin_protease
ibd_crohn_epithelial	data/raw_v3/cell_state/ibd_human_10x.h5ad	Crohn disease	colon epithelial	tissue_resident	CTSS	True	cathepsin_protease
ibd_crohn_epithelial	data/raw_v3/cell_state/ibd_human_10x.h5ad	Crohn disease	colon epithelial	tissue_resident	CTSZ	True	cathepsin_protease
ibd_crohn_epithelial	data/raw_v3/cell_state/ibd_human_10x.h5ad	Crohn disease	colon epithelial	tissue_resident	FCER1G	True	surface_uptake_fc_complement
ibd_crohn_epithelial	data/raw_v3/cell_state/ibd_human_10x.h5ad	Crohn disease	colon epithelial	tissue_resident	FCGR2A	True	surface_uptake_fc_complement
ibd_crohn_epithelial	data/raw_v3/cell_state/ibd_human_10x.h5ad	Crohn disease	colon epithelial	tissue_resident	FCGR3A	True	surface_uptake_fc_complement
ibd_crohn_epithelial	data/raw_v3/cell_state/ibd_human_10x.h5ad	Crohn disease	colon epithelial	tissue_resident	GNPTAB	True	glycosylation_mannose6p
ibd_crohn_epithelial	data/raw_v3/cell_state/ibd_human_10x.h5ad	Crohn disease	colon epithelial	tissue_resident	GNPTG	True	glycosylation_mannose6p
ibd_crohn_epithelial	data/raw_v3/cell_state/ibd_human_10x.h5ad	Crohn disease	colon epithelial	tissue_resident	GPNMB	True	myeloid_marker_control
ibd_crohn_epithelial	data/raw_v3/cell_state/ibd_human_10x.h5ad	Crohn disease	colon epithelial	tissue_resident	HLA-DMA	True	hla_chaperone_loading
ibd_crohn_epithelial	data/raw_v3/cell_state/ibd_human_10x.h5ad	Crohn disease	colon epithelial	tissue_resident	HLA-DMB	True	hla_chaperone_loading
ibd_crohn_epithelial	data/raw_v3/cell_state/ibd_human_10x.h5ad	Crohn disease	colon epithelial	tissue_resident	HLA-DOA	True	hla_chaperone_loading
ibd_crohn_epithelial	data/raw_v3/cell_state/ibd_human_10x.h5ad	Crohn disease	colon epithelial	tissue_resident	HLA-DOB	True	hla_chaperone_loading
ibd_crohn_epithelial	data/raw_v3/cell_state/ibd_human_10x.h5ad	Crohn disease	colon epithelial	tissue_resident	HLA-DPA1	True	state_positive_control
ibd_crohn_epithelial	data/raw_v3/cell_state/ibd_human_10x.h5ad	Crohn disease	colon epithelial	tissue_resident	HLA-DPB1	True	state_positive_control
ibd_crohn_epithelial	data/raw_v3/cell_state/ibd_human_10x.h5ad	Crohn disease	colon epithelial	tissue_resident	HLA-DRA	True	state_positive_control
ibd_crohn_epithelial	data/raw_v3/cell_state/ibd_human_10x.h5ad	Crohn disease	colon epithelial	tissue_resident	HLA-DRB1	True	state_positive_control
ibd_crohn_epithelial	data/raw_v3/cell_state/ibd_human_10x.h5ad	Crohn disease	colon epithelial	tissue_resident	IFI30	True	lysosomal_thiol_reductase
ibd_crohn_epithelial	data/raw_v3/cell_state/ibd_human_10x.h5ad	Crohn disease	colon epithelial	tissue_resident	IGF2R	True	glycosylation_mannose6p
ibd_crohn_epithelial	data/raw_v3/cell_state/ibd_human_10x.h5ad	Crohn disease	colon epithelial	tissue_resident	ITGAM	True	surface_phagocytic_lipid_receptor
ibd_crohn_epithelial	data/raw_v3/cell_state/ibd_human_10x.h5ad	Crohn disease	colon epithelial	tissue_resident	ITGAX	True	surface_phagocytic_lipid_receptor
ibd_crohn_epithelial	data/raw_v3/cell_state/ibd_human_10x.h5ad	Crohn disease	colon epithelial	tissue_resident	LAMP1	True	lysosome_membrane_or_lipid
ibd_crohn_epithelial	data/raw_v3/cell_state/ibd_human_10x.h5ad	Crohn disease	colon epithelial	tissue_resident	LAMP2	True	lysosome_membrane_or_lipid
ibd_crohn_epithelial	data/raw_v3/cell_state/ibd_human_10x.h5ad	Crohn disease	colon epithelial	tissue_resident	LAMP3	True	lysosome_membrane_or_lipid
ibd_crohn_epithelial	data/raw_v3/cell_state/ibd_human_10x.h5ad	Crohn disease	colon epithelial	tissue_resident	LAPTM5	True	lysosome_membrane_or_lipid
ibd_crohn_epithelial	data/raw_v3/cell_state/ibd_human_10x.h5ad	Crohn disease	colon epithelial	tissue_resident	LGALS3	True	galectin_glycan_checkpoint
ibd_crohn_epithelial	data/raw_v3/cell_state/ibd_human_10x.h5ad	Crohn disease	colon epithelial	tissue_resident	LGALS9	True	galectin_glycan_checkpoint
ibd_crohn_epithelial	data/raw_v3/cell_state/ibd_human_10x.h5ad	Crohn disease	colon epithelial	tissue_resident	LIPA	True	lysosome_membrane_or_lipid
ibd_crohn_epithelial	data/raw_v3/cell_state/ibd_human_10x.h5ad	Crohn disease	colon epithelial	tissue_resident	LRP1	True	surface_phagocytic_lipid_receptor
ibd_crohn_epithelial	data/raw_v3/cell_state/ibd_human_10x.h5ad	Crohn disease	colon epithelial	tissue_resident	LST1	True	myeloid_marker_control
ibd_crohn_epithelial	data/raw_v3/cell_state/ibd_human_10x.h5ad	Crohn disease	colon epithelial	tissue_resident	LYZ	True	myeloid_marker_control
ibd_crohn_epithelial	data/raw_v3/cell_state/ibd_human_10x.h5ad	Crohn disease	colon epithelial	tissue_resident	M6PR	True	glycosylation_mannose6p
ibd_crohn_epithelial	data/raw_v3/cell_state/ibd_human_10x.h5ad	Crohn disease	colon epithelial	tissue_resident	MERTK	True	surface_phagocytic_lipid_receptor
ibd_crohn_epithelial	data/raw_v3/cell_state/ibd_human_10x.h5ad	Crohn disease	colon epithelial	tissue_resident	MRC1	True	surface_phagocytic_lipid_receptor
ibd_crohn_epithelial	data/raw_v3/cell_state/ibd_human_10x.h5ad	Crohn disease	colon epithelial	tissue_resident	MSR1	True	surface_phagocytic_lipid_receptor
ibd_crohn_epithelial	data/raw_v3/cell_state/ibd_human_10x.h5ad	Crohn disease	colon epithelial	tissue_resident	NPC1	True	lysosome_membrane_or_lipid
ibd_crohn_epithelial	data/raw_v3/cell_state/ibd_human_10x.h5ad	Crohn disease	colon epithelial	tissue_resident	NPC2	True	lysosome_membrane_or_lipid
ibd_crohn_epithelial	data/raw_v3/cell_state/ibd_human_10x.h5ad	Crohn disease	colon epithelial	tissue_resident	RAB11A	True	vesicle_sorting_trafficking
ibd_crohn_epithelial	data/raw_v3/cell_state/ibd_human_10x.h5ad	Crohn disease	colon epithelial	tissue_resident	RAB27A	True	vesicle_sorting_trafficking
ibd_crohn_epithelial	data/raw_v3/cell_state/ibd_human_10x.h5ad	Crohn disease	colon epithelial	tissue_resident	RAB32	True	vesicle_sorting_trafficking
ibd_crohn_epithelial	data/raw_v3/cell_state/ibd_human_10x.h5ad	Crohn disease	colon epithelial	tissue_resident	RAB5A	True	vesicle_sorting_trafficking
ibd_crohn_epithelial	data/raw_v3/cell_state/ibd_human_10x.h5ad	Crohn disease	colon epithelial	tissue_resident	RAB7A	True	vesicle_sorting_trafficking
ibd_crohn_epithelial	data/raw_v3/cell_state/ibd_human_10x.h5ad	Crohn disease	colon epithelial	tissue_resident	RAB7B	True	vesicle_sorting_trafficking
ibd_crohn_epithelial	data/raw_v3/cell_state/ibd_human_10x.h5ad	Crohn disease	colon epithelial	tissue_resident	RAB9A	True	vesicle_sorting_trafficking
ibd_crohn_epithelial	data/raw_v3/cell_state/ibd_human_10x.h5ad	Crohn disease	colon epithelial	tissue_resident	RFX5	True	state_positive_control
ibd_crohn_epithelial	data/raw_v3/cell_state/ibd_human_10x.h5ad	Crohn disease	colon epithelial	tissue_resident	SCARB1	True	surface_phagocytic_lipid_receptor
ibd_crohn_epithelial	data/raw_v3/cell_state/ibd_human_10x.h5ad	Crohn disease	colon epithelial	tissue_resident	SNX10	True	vesicle_sorting_trafficking
ibd_crohn_epithelial	data/raw_v3/cell_state/ibd_human_10x.h5ad	Crohn disease	colon epithelial	tissue_resident	SNX2	True	vesicle_sorting_trafficking
ibd_crohn_epithelial	data/raw_v3/cell_state/ibd_human_10x.h5ad	Crohn disease	colon epithelial	tissue_resident	SNX3	True	vesicle_sorting_trafficking
ibd_crohn_epithelial	data/raw_v3/cell_state/ibd_human_10x.h5ad	Crohn disease	colon epithelial	tissue_resident	SNX5	True	vesicle_sorting_trafficking
ibd_crohn_epithelial	data/raw_v3/cell_state/ibd_human_10x.h5ad	Crohn disease	colon epithelial	tissue_resident	SNX6	True	vesicle_sorting_trafficking
ibd_crohn_epithelial	data/raw_v3/cell_state/ibd_human_10x.h5ad	Crohn disease	colon epithelial	tissue_resident	SORT1	True	vesicle_sorting_trafficking
ibd_crohn_epithelial	data/raw_v3/cell_state/ibd_human_10x.h5ad	Crohn disease	colon epithelial	tissue_resident	SPP1	True	myeloid_marker_control
ibd_crohn_epithelial	data/raw_v3/cell_state/ibd_human_10x.h5ad	Crohn disease	colon epithelial	tissue_resident	TPP1	True	lysosome_membrane_or_lipid
ibd_crohn_epithelial	data/raw_v3/cell_state/ibd_human_10x.h5ad	Crohn disease	colon epithelial	tissue_resident	TREM2	True	surface_phagocytic_lipid_receptor
ibd_crohn_epithelial	data/raw_v3/cell_state/ibd_human_10x.h5ad	Crohn disease	colon epithelial	tissue_resident	TYROBP	True	surface_phagocytic_lipid_receptor
ibd_crohn_epithelial	data/raw_v3/cell_state/ibd_human_10x.h5ad	Crohn disease	colon epithelial	tissue_resident	VAMP3	True	vesicle_sorting_trafficking
ibd_crohn_epithelial	data/raw_v3/cell_state/ibd_human_10x.h5ad	Crohn disease	colon epithelial	tissue_resident	VAMP7	True	vesicle_sorting_trafficking
ibd_crohn_epithelial	data/raw_v3/cell_state/ibd_human_10x.h5ad	Crohn disease	colon epithelial	tissue_resident	VAMP8	True	vesicle_sorting_trafficking
ibd_uc_epithelial	data/raw_v3/cell_state/ibd_human_10x.h5ad	ulcerative colitis	colon epithelial	tissue_resident	AP2A1	True	vesicle_sorting_trafficking
ibd_uc_epithelial	data/raw_v3/cell_state/ibd_human_10x.h5ad	ulcerative colitis	colon epithelial	tissue_resident	AP2M1	True	vesicle_sorting_trafficking
ibd_uc_epithelial	data/raw_v3/cell_state/ibd_human_10x.h5ad	ulcerative colitis	colon epithelial	tissue_resident	APOE	True	myeloid_marker_control
ibd_uc_epithelial	data/raw_v3/cell_state/ibd_human_10x.h5ad	ulcerative colitis	colon epithelial	tissue_resident	AXL	True	surface_phagocytic_lipid_receptor
ibd_uc_epithelial	data/raw_v3/cell_state/ibd_human_10x.h5ad	ulcerative colitis	colon epithelial	tissue_resident	C1QA	True	surface_uptake_fc_complement
ibd_uc_epithelial	data/raw_v3/cell_state/ibd_human_10x.h5ad	ulcerative colitis	colon epithelial	tissue_resident	C1QB	True	surface_uptake_fc_complement
ibd_uc_epithelial	data/raw_v3/cell_state/ibd_human_10x.h5ad	ulcerative colitis	colon epithelial	tissue_resident	C1QC	True	surface_uptake_fc_complement
ibd_uc_epithelial	data/raw_v3/cell_state/ibd_human_10x.h5ad	ulcerative colitis	colon epithelial	tissue_resident	CD36	True	surface_phagocytic_lipid_receptor
ibd_uc_epithelial	data/raw_v3/cell_state/ibd_human_10x.h5ad	ulcerative colitis	colon epithelial	tissue_resident	CD63	True	lysosome_membrane_or_lipid
ibd_uc_epithelial	data/raw_v3/cell_state/ibd_human_10x.h5ad	ulcerative colitis	colon epithelial	tissue_resident	CD68	True	surface_phagocytic_lipid_receptor
ibd_uc_epithelial	data/raw_v3/cell_state/ibd_human_10x.h5ad	ulcerative colitis	colon epithelial	tissue_resident	CD74	True	state_positive_control
ibd_uc_epithelial	data/raw_v3/cell_state/ibd_human_10x.h5ad	ulcerative colitis	colon epithelial	tissue_resident	CIITA	True	state_positive_control
ibd_uc_epithelial	data/raw_v3/cell_state/ibd_human_10x.h5ad	ulcerative colitis	colon epithelial	tissue_resident	CLEC7A	True	surface_phagocytic_lipid_receptor
ibd_uc_epithelial	data/raw_v3/cell_state/ibd_human_10x.h5ad	ulcerative colitis	colon epithelial	tissue_resident	CLTC	True	vesicle_sorting_trafficking
ibd_uc_epithelial	data/raw_v3/cell_state/ibd_human_10x.h5ad	ulcerative colitis	colon epithelial	tissue_resident	CST3	True	myeloid_marker_control
ibd_uc_epithelial	data/raw_v3/cell_state/ibd_human_10x.h5ad	ulcerative colitis	colon epithelial	tissue_resident	CTSB	True	cathepsin_protease
ibd_uc_epithelial	data/raw_v3/cell_state/ibd_human_10x.h5ad	ulcerative colitis	colon epithelial	tissue_resident	CTSD	True	cathepsin_protease
ibd_uc_epithelial	data/raw_v3/cell_state/ibd_human_10x.h5ad	ulcerative colitis	colon epithelial	tissue_resident	CTSH	True	cathepsin_protease
ibd_uc_epithelial	data/raw_v3/cell_state/ibd_human_10x.h5ad	ulcerative colitis	colon epithelial	tissue_resident	CTSK	True	cathepsin_protease
ibd_uc_epithelial	data/raw_v3/cell_state/ibd_human_10x.h5ad	ulcerative colitis	colon epithelial	tissue_resident	CTSL	True	cathepsin_protease
ibd_uc_epithelial	data/raw_v3/cell_state/ibd_human_10x.h5ad	ulcerative colitis	colon epithelial	tissue_resident	CTSS	True	cathepsin_protease
ibd_uc_epithelial	data/raw_v3/cell_state/ibd_human_10x.h5ad	ulcerative colitis	colon epithelial	tissue_resident	CTSZ	True	cathepsin_protease
ibd_uc_epithelial	data/raw_v3/cell_state/ibd_human_10x.h5ad	ulcerative colitis	colon epithelial	tissue_resident	FCER1G	True	surface_uptake_fc_complement
ibd_uc_epithelial	data/raw_v3/cell_state/ibd_human_10x.h5ad	ulcerative colitis	colon epithelial	tissue_resident	FCGR2A	True	surface_uptake_fc_complement
ibd_uc_epithelial	data/raw_v3/cell_state/ibd_human_10x.h5ad	ulcerative colitis	colon epithelial	tissue_resident	FCGR3A	True	surface_uptake_fc_complement
ibd_uc_epithelial	data/raw_v3/cell_state/ibd_human_10x.h5ad	ulcerative colitis	colon epithelial	tissue_resident	GNPTAB	True	glycosylation_mannose6p
ibd_uc_epithelial	data/raw_v3/cell_state/ibd_human_10x.h5ad	ulcerative colitis	colon epithelial	tissue_resident	GNPTG	True	glycosylation_mannose6p
ibd_uc_epithelial	data/raw_v3/cell_state/ibd_human_10x.h5ad	ulcerative colitis	colon epithelial	tissue_resident	GPNMB	True	myeloid_marker_control
ibd_uc_epithelial	data/raw_v3/cell_state/ibd_human_10x.h5ad	ulcerative colitis	colon epithelial	tissue_resident	HLA-DMA	True	hla_chaperone_loading
ibd_uc_epithelial	data/raw_v3/cell_state/ibd_human_10x.h5ad	ulcerative colitis	colon epithelial	tissue_resident	HLA-DMB	True	hla_chaperone_loading
ibd_uc_epithelial	data/raw_v3/cell_state/ibd_human_10x.h5ad	ulcerative colitis	colon epithelial	tissue_resident	HLA-DOA	True	hla_chaperone_loading
ibd_uc_epithelial	data/raw_v3/cell_state/ibd_human_10x.h5ad	ulcerative colitis	colon epithelial	tissue_resident	HLA-DOB	True	hla_chaperone_loading
ibd_uc_epithelial	data/raw_v3/cell_state/ibd_human_10x.h5ad	ulcerative colitis	colon epithelial	tissue_resident	HLA-DPA1	True	state_positive_control
ibd_uc_epithelial	data/raw_v3/cell_state/ibd_human_10x.h5ad	ulcerative colitis	colon epithelial	tissue_resident	HLA-DPB1	True	state_positive_control
ibd_uc_epithelial	data/raw_v3/cell_state/ibd_human_10x.h5ad	ulcerative colitis	colon epithelial	tissue_resident	HLA-DRA	True	state_positive_control
ibd_uc_epithelial	data/raw_v3/cell_state/ibd_human_10x.h5ad	ulcerative colitis	colon epithelial	tissue_resident	HLA-DRB1	True	state_positive_control
ibd_uc_epithelial	data/raw_v3/cell_state/ibd_human_10x.h5ad	ulcerative colitis	colon epithelial	tissue_resident	IFI30	True	lysosomal_thiol_reductase
ibd_uc_epithelial	data/raw_v3/cell_state/ibd_human_10x.h5ad	ulcerative colitis	colon epithelial	tissue_resident	IGF2R	True	glycosylation_mannose6p
ibd_uc_epithelial	data/raw_v3/cell_state/ibd_human_10x.h5ad	ulcerative colitis	colon epithelial	tissue_resident	ITGAM	True	surface_phagocytic_lipid_receptor
ibd_uc_epithelial	data/raw_v3/cell_state/ibd_human_10x.h5ad	ulcerative colitis	colon epithelial	tissue_resident	ITGAX	True	surface_phagocytic_lipid_receptor
ibd_uc_epithelial	data/raw_v3/cell_state/ibd_human_10x.h5ad	ulcerative colitis	colon epithelial	tissue_resident	LAMP1	True	lysosome_membrane_or_lipid
ibd_uc_epithelial	data/raw_v3/cell_state/ibd_human_10x.h5ad	ulcerative colitis	colon epithelial	tissue_resident	LAMP2	True	lysosome_membrane_or_lipid
ibd_uc_epithelial	data/raw_v3/cell_state/ibd_human_10x.h5ad	ulcerative colitis	colon epithelial	tissue_resident	LAMP3	True	lysosome_membrane_or_lipid
ibd_uc_epithelial	data/raw_v3/cell_state/ibd_human_10x.h5ad	ulcerative colitis	colon epithelial	tissue_resident	LAPTM5	True	lysosome_membrane_or_lipid
ibd_uc_epithelial	data/raw_v3/cell_state/ibd_human_10x.h5ad	ulcerative colitis	colon epithelial	tissue_resident	LGALS3	True	galectin_glycan_checkpoint
ibd_uc_epithelial	data/raw_v3/cell_state/ibd_human_10x.h5ad	ulcerative colitis	colon epithelial	tissue_resident	LGALS9	True	galectin_glycan_checkpoint
ibd_uc_epithelial	data/raw_v3/cell_state/ibd_human_10x.h5ad	ulcerative colitis	colon epithelial	tissue_resident	LIPA	True	lysosome_membrane_or_lipid
ibd_uc_epithelial	data/raw_v3/cell_state/ibd_human_10x.h5ad	ulcerative colitis	colon epithelial	tissue_resident	LRP1	True	surface_phagocytic_lipid_receptor
ibd_uc_epithelial	data/raw_v3/cell_state/ibd_human_10x.h5ad	ulcerative colitis	colon epithelial	tissue_resident	LST1	True	myeloid_marker_control
ibd_uc_epithelial	data/raw_v3/cell_state/ibd_human_10x.h5ad	ulcerative colitis	colon epithelial	tissue_resident	LYZ	True	myeloid_marker_control
ibd_uc_epithelial	data/raw_v3/cell_state/ibd_human_10x.h5ad	ulcerative colitis	colon epithelial	tissue_resident	M6PR	True	glycosylation_mannose6p
ibd_uc_epithelial	data/raw_v3/cell_state/ibd_human_10x.h5ad	ulcerative colitis	colon epithelial	tissue_resident	MERTK	True	surface_phagocytic_lipid_receptor
ibd_uc_epithelial	data/raw_v3/cell_state/ibd_human_10x.h5ad	ulcerative colitis	colon epithelial	tissue_resident	MRC1	True	surface_phagocytic_lipid_receptor
ibd_uc_epithelial	data/raw_v3/cell_state/ibd_human_10x.h5ad	ulcerative colitis	colon epithelial	tissue_resident	MSR1	True	surface_phagocytic_lipid_receptor
ibd_uc_epithelial	data/raw_v3/cell_state/ibd_human_10x.h5ad	ulcerative colitis	colon epithelial	tissue_resident	NPC1	True	lysosome_membrane_or_lipid
ibd_uc_epithelial	data/raw_v3/cell_state/ibd_human_10x.h5ad	ulcerative colitis	colon epithelial	tissue_resident	NPC2	True	lysosome_membrane_or_lipid
ibd_uc_epithelial	data/raw_v3/cell_state/ibd_human_10x.h5ad	ulcerative colitis	colon epithelial	tissue_resident	RAB11A	True	vesicle_sorting_trafficking
ibd_uc_epithelial	data/raw_v3/cell_state/ibd_human_10x.h5ad	ulcerative colitis	colon epithelial	tissue_resident	RAB27A	True	vesicle_sorting_trafficking
ibd_uc_epithelial	data/raw_v3/cell_state/ibd_human_10x.h5ad	ulcerative colitis	colon epithelial	tissue_resident	RAB32	True	vesicle_sorting_trafficking
ibd_uc_epithelial	data/raw_v3/cell_state/ibd_human_10x.h5ad	ulcerative colitis	colon epithelial	tissue_resident	RAB5A	True	vesicle_sorting_trafficking
ibd_uc_epithelial	data/raw_v3/cell_state/ibd_human_10x.h5ad	ulcerative colitis	colon epithelial	tissue_resident	RAB7A	True	vesicle_sorting_trafficking
ibd_uc_epithelial	data/raw_v3/cell_state/ibd_human_10x.h5ad	ulcerative colitis	colon epithelial	tissue_resident	RAB7B	True	vesicle_sorting_trafficking
ibd_uc_epithelial	data/raw_v3/cell_state/ibd_human_10x.h5ad	ulcerative colitis	colon epithelial	tissue_resident	RAB9A	True	vesicle_sorting_trafficking
ibd_uc_epithelial	data/raw_v3/cell_state/ibd_human_10x.h5ad	ulcerative colitis	colon epithelial	tissue_resident	RFX5	True	state_positive_control
ibd_uc_epithelial	data/raw_v3/cell_state/ibd_human_10x.h5ad	ulcerative colitis	colon epithelial	tissue_resident	SCARB1	True	surface_phagocytic_lipid_receptor
ibd_uc_epithelial	data/raw_v3/cell_state/ibd_human_10x.h5ad	ulcerative colitis	colon epithelial	tissue_resident	SNX10	True	vesicle_sorting_trafficking
ibd_uc_epithelial	data/raw_v3/cell_state/ibd_human_10x.h5ad	ulcerative colitis	colon epithelial	tissue_resident	SNX2	True	vesicle_sorting_trafficking
ibd_uc_epithelial	data/raw_v3/cell_state/ibd_human_10x.h5ad	ulcerative colitis	colon epithelial	tissue_resident	SNX3	True	vesicle_sorting_trafficking
ibd_uc_epithelial	data/raw_v3/cell_state/ibd_human_10x.h5ad	ulcerative colitis	colon epithelial	tissue_resident	SNX5	True	vesicle_sorting_trafficking
ibd_uc_epithelial	data/raw_v3/cell_state/ibd_human_10x.h5ad	ulcerative colitis	colon epithelial	tissue_resident	SNX6	True	vesicle_sorting_trafficking
ibd_uc_epithelial	data/raw_v3/cell_state/ibd_human_10x.h5ad	ulcerative colitis	colon epithelial	tissue_resident	SORT1	True	vesicle_sorting_trafficking
ibd_uc_epithelial	data/raw_v3/cell_state/ibd_human_10x.h5ad	ulcerative colitis	colon epithelial	tissue_resident	SPP1	True	myeloid_marker_control
ibd_uc_epithelial	data/raw_v3/cell_state/ibd_human_10x.h5ad	ulcerative colitis	colon epithelial	tissue_resident	TPP1	True	lysosome_membrane_or_lipid
ibd_uc_epithelial	data/raw_v3/cell_state/ibd_human_10x.h5ad	ulcerative colitis	colon epithelial	tissue_resident	TREM2	True	surface_phagocytic_lipid_receptor
ibd_uc_epithelial	data/raw_v3/cell_state/ibd_human_10x.h5ad	ulcerative colitis	colon epithelial	tissue_resident	TYROBP	True	surface_phagocytic_lipid_receptor
ibd_uc_epithelial	data/raw_v3/cell_state/ibd_human_10x.h5ad	ulcerative colitis	colon epithelial	tissue_resident	VAMP3	True	vesicle_sorting_trafficking
ibd_uc_epithelial	data/raw_v3/cell_state/ibd_human_10x.h5ad	ulcerative colitis	colon epithelial	tissue_resident	VAMP7	True	vesicle_sorting_trafficking
ibd_uc_epithelial	data/raw_v3/cell_state/ibd_human_10x.h5ad	ulcerative colitis	colon epithelial	tissue_resident	VAMP8	True	vesicle_sorting_trafficking
ibd_crohn_stromal	data/raw_v3/cell_state/ibd_human_10x.h5ad	Crohn disease	colon stromal	tissue_resident	AP2A1	True	vesicle_sorting_trafficking
ibd_crohn_stromal	data/raw_v3/cell_state/ibd_human_10x.h5ad	Crohn disease	colon stromal	tissue_resident	AP2M1	True	vesicle_sorting_trafficking
ibd_crohn_stromal	data/raw_v3/cell_state/ibd_human_10x.h5ad	Crohn disease	colon stromal	tissue_resident	APOE	True	myeloid_marker_control
ibd_crohn_stromal	data/raw_v3/cell_state/ibd_human_10x.h5ad	Crohn disease	colon stromal	tissue_resident	AXL	True	surface_phagocytic_lipid_receptor
ibd_crohn_stromal	data/raw_v3/cell_state/ibd_human_10x.h5ad	Crohn disease	colon stromal	tissue_resident	C1QA	True	surface_uptake_fc_complement
ibd_crohn_stromal	data/raw_v3/cell_state/ibd_human_10x.h5ad	Crohn disease	colon stromal	tissue_resident	C1QB	True	surface_uptake_fc_complement
ibd_crohn_stromal	data/raw_v3/cell_state/ibd_human_10x.h5ad	Crohn disease	colon stromal	tissue_resident	C1QC	True	surface_uptake_fc_complement
ibd_crohn_stromal	data/raw_v3/cell_state/ibd_human_10x.h5ad	Crohn disease	colon stromal	tissue_resident	CD36	True	surface_phagocytic_lipid_receptor
ibd_crohn_stromal	data/raw_v3/cell_state/ibd_human_10x.h5ad	Crohn disease	colon stromal	tissue_resident	CD63	True	lysosome_membrane_or_lipid
ibd_crohn_stromal	data/raw_v3/cell_state/ibd_human_10x.h5ad	Crohn disease	colon stromal	tissue_resident	CD68	True	surface_phagocytic_lipid_receptor
ibd_crohn_stromal	data/raw_v3/cell_state/ibd_human_10x.h5ad	Crohn disease	colon stromal	tissue_resident	CD74	True	state_positive_control
ibd_crohn_stromal	data/raw_v3/cell_state/ibd_human_10x.h5ad	Crohn disease	colon stromal	tissue_resident	CIITA	True	state_positive_control
ibd_crohn_stromal	data/raw_v3/cell_state/ibd_human_10x.h5ad	Crohn disease	colon stromal	tissue_resident	CLEC7A	True	surface_phagocytic_lipid_receptor
ibd_crohn_stromal	data/raw_v3/cell_state/ibd_human_10x.h5ad	Crohn disease	colon stromal	tissue_resident	CLTC	True	vesicle_sorting_trafficking
ibd_crohn_stromal	data/raw_v3/cell_state/ibd_human_10x.h5ad	Crohn disease	colon stromal	tissue_resident	CST3	True	myeloid_marker_control
ibd_crohn_stromal	data/raw_v3/cell_state/ibd_human_10x.h5ad	Crohn disease	colon stromal	tissue_resident	CTSB	True	cathepsin_protease
ibd_crohn_stromal	data/raw_v3/cell_state/ibd_human_10x.h5ad	Crohn disease	colon stromal	tissue_resident	CTSD	True	cathepsin_protease
ibd_crohn_stromal	data/raw_v3/cell_state/ibd_human_10x.h5ad	Crohn disease	colon stromal	tissue_resident	CTSH	True	cathepsin_protease
ibd_crohn_stromal	data/raw_v3/cell_state/ibd_human_10x.h5ad	Crohn disease	colon stromal	tissue_resident	CTSK	True	cathepsin_protease
ibd_crohn_stromal	data/raw_v3/cell_state/ibd_human_10x.h5ad	Crohn disease	colon stromal	tissue_resident	CTSL	True	cathepsin_protease
ibd_crohn_stromal	data/raw_v3/cell_state/ibd_human_10x.h5ad	Crohn disease	colon stromal	tissue_resident	CTSS	True	cathepsin_protease
ibd_crohn_stromal	data/raw_v3/cell_state/ibd_human_10x.h5ad	Crohn disease	colon stromal	tissue_resident	CTSZ	True	cathepsin_protease
ibd_crohn_stromal	data/raw_v3/cell_state/ibd_human_10x.h5ad	Crohn disease	colon stromal	tissue_resident	FCER1G	True	surface_uptake_fc_complement
ibd_crohn_stromal	data/raw_v3/cell_state/ibd_human_10x.h5ad	Crohn disease	colon stromal	tissue_resident	FCGR2A	True	surface_uptake_fc_complement
ibd_crohn_stromal	data/raw_v3/cell_state/ibd_human_10x.h5ad	Crohn disease	colon stromal	tissue_resident	FCGR3A	True	surface_uptake_fc_complement
ibd_crohn_stromal	data/raw_v3/cell_state/ibd_human_10x.h5ad	Crohn disease	colon stromal	tissue_resident	GNPTAB	True	glycosylation_mannose6p
ibd_crohn_stromal	data/raw_v3/cell_state/ibd_human_10x.h5ad	Crohn disease	colon stromal	tissue_resident	GNPTG	True	glycosylation_mannose6p
ibd_crohn_stromal	data/raw_v3/cell_state/ibd_human_10x.h5ad	Crohn disease	colon stromal	tissue_resident	GPNMB	True	myeloid_marker_control
ibd_crohn_stromal	data/raw_v3/cell_state/ibd_human_10x.h5ad	Crohn disease	colon stromal	tissue_resident	HLA-DMA	True	hla_chaperone_loading
ibd_crohn_stromal	data/raw_v3/cell_state/ibd_human_10x.h5ad	Crohn disease	colon stromal	tissue_resident	HLA-DMB	True	hla_chaperone_loading
ibd_crohn_stromal	data/raw_v3/cell_state/ibd_human_10x.h5ad	Crohn disease	colon stromal	tissue_resident	HLA-DOA	True	hla_chaperone_loading
ibd_crohn_stromal	data/raw_v3/cell_state/ibd_human_10x.h5ad	Crohn disease	colon stromal	tissue_resident	HLA-DOB	True	hla_chaperone_loading
ibd_crohn_stromal	data/raw_v3/cell_state/ibd_human_10x.h5ad	Crohn disease	colon stromal	tissue_resident	HLA-DPA1	True	state_positive_control
ibd_crohn_stromal	data/raw_v3/cell_state/ibd_human_10x.h5ad	Crohn disease	colon stromal	tissue_resident	HLA-DPB1	True	state_positive_control
ibd_crohn_stromal	data/raw_v3/cell_state/ibd_human_10x.h5ad	Crohn disease	colon stromal	tissue_resident	HLA-DRA	True	state_positive_control
ibd_crohn_stromal	data/raw_v3/cell_state/ibd_human_10x.h5ad	Crohn disease	colon stromal	tissue_resident	HLA-DRB1	True	state_positive_control
ibd_crohn_stromal	data/raw_v3/cell_state/ibd_human_10x.h5ad	Crohn disease	colon stromal	tissue_resident	IFI30	True	lysosomal_thiol_reductase
ibd_crohn_stromal	data/raw_v3/cell_state/ibd_human_10x.h5ad	Crohn disease	colon stromal	tissue_resident	IGF2R	True	glycosylation_mannose6p
ibd_crohn_stromal	data/raw_v3/cell_state/ibd_human_10x.h5ad	Crohn disease	colon stromal	tissue_resident	ITGAM	True	surface_phagocytic_lipid_receptor
ibd_crohn_stromal	data/raw_v3/cell_state/ibd_human_10x.h5ad	Crohn disease	colon stromal	tissue_resident	ITGAX	True	surface_phagocytic_lipid_receptor
ibd_crohn_stromal	data/raw_v3/cell_state/ibd_human_10x.h5ad	Crohn disease	colon stromal	tissue_resident	LAMP1	True	lysosome_membrane_or_lipid
ibd_crohn_stromal	data/raw_v3/cell_state/ibd_human_10x.h5ad	Crohn disease	colon stromal	tissue_resident	LAMP2	True	lysosome_membrane_or_lipid
ibd_crohn_stromal	data/raw_v3/cell_state/ibd_human_10x.h5ad	Crohn disease	colon stromal	tissue_resident	LAMP3	True	lysosome_membrane_or_lipid
ibd_crohn_stromal	data/raw_v3/cell_state/ibd_human_10x.h5ad	Crohn disease	colon stromal	tissue_resident	LAPTM5	True	lysosome_membrane_or_lipid
ibd_crohn_stromal	data/raw_v3/cell_state/ibd_human_10x.h5ad	Crohn disease	colon stromal	tissue_resident	LGALS3	True	galectin_glycan_checkpoint
ibd_crohn_stromal	data/raw_v3/cell_state/ibd_human_10x.h5ad	Crohn disease	colon stromal	tissue_resident	LGALS9	True	galectin_glycan_checkpoint
ibd_crohn_stromal	data/raw_v3/cell_state/ibd_human_10x.h5ad	Crohn disease	colon stromal	tissue_resident	LIPA	True	lysosome_membrane_or_lipid
ibd_crohn_stromal	data/raw_v3/cell_state/ibd_human_10x.h5ad	Crohn disease	colon stromal	tissue_resident	LRP1	True	surface_phagocytic_lipid_receptor
ibd_crohn_stromal	data/raw_v3/cell_state/ibd_human_10x.h5ad	Crohn disease	colon stromal	tissue_resident	LST1	True	myeloid_marker_control
ibd_crohn_stromal	data/raw_v3/cell_state/ibd_human_10x.h5ad	Crohn disease	colon stromal	tissue_resident	LYZ	True	myeloid_marker_control
ibd_crohn_stromal	data/raw_v3/cell_state/ibd_human_10x.h5ad	Crohn disease	colon stromal	tissue_resident	M6PR	True	glycosylation_mannose6p
ibd_crohn_stromal	data/raw_v3/cell_state/ibd_human_10x.h5ad	Crohn disease	colon stromal	tissue_resident	MERTK	True	surface_phagocytic_lipid_receptor
ibd_crohn_stromal	data/raw_v3/cell_state/ibd_human_10x.h5ad	Crohn disease	colon stromal	tissue_resident	MRC1	True	surface_phagocytic_lipid_receptor
ibd_crohn_stromal	data/raw_v3/cell_state/ibd_human_10x.h5ad	Crohn disease	colon stromal	tissue_resident	MSR1	True	surface_phagocytic_lipid_receptor
ibd_crohn_stromal	data/raw_v3/cell_state/ibd_human_10x.h5ad	Crohn disease	colon stromal	tissue_resident	NPC1	True	lysosome_membrane_or_lipid
ibd_crohn_stromal	data/raw_v3/cell_state/ibd_human_10x.h5ad	Crohn disease	colon stromal	tissue_resident	NPC2	True	lysosome_membrane_or_lipid
ibd_crohn_stromal	data/raw_v3/cell_state/ibd_human_10x.h5ad	Crohn disease	colon stromal	tissue_resident	RAB11A	True	vesicle_sorting_trafficking
ibd_crohn_stromal	data/raw_v3/cell_state/ibd_human_10x.h5ad	Crohn disease	colon stromal	tissue_resident	RAB27A	True	vesicle_sorting_trafficking
ibd_crohn_stromal	data/raw_v3/cell_state/ibd_human_10x.h5ad	Crohn disease	colon stromal	tissue_resident	RAB32	True	vesicle_sorting_trafficking
ibd_crohn_stromal	data/raw_v3/cell_state/ibd_human_10x.h5ad	Crohn disease	colon stromal	tissue_resident	RAB5A	True	vesicle_sorting_trafficking
ibd_crohn_stromal	data/raw_v3/cell_state/ibd_human_10x.h5ad	Crohn disease	colon stromal	tissue_resident	RAB7A	True	vesicle_sorting_trafficking
ibd_crohn_stromal	data/raw_v3/cell_state/ibd_human_10x.h5ad	Crohn disease	colon stromal	tissue_resident	RAB7B	True	vesicle_sorting_trafficking
ibd_crohn_stromal	data/raw_v3/cell_state/ibd_human_10x.h5ad	Crohn disease	colon stromal	tissue_resident	RAB9A	True	vesicle_sorting_trafficking
ibd_crohn_stromal	data/raw_v3/cell_state/ibd_human_10x.h5ad	Crohn disease	colon stromal	tissue_resident	RFX5	True	state_positive_control
ibd_crohn_stromal	data/raw_v3/cell_state/ibd_human_10x.h5ad	Crohn disease	colon stromal	tissue_resident	SCARB1	True	surface_phagocytic_lipid_receptor
ibd_crohn_stromal	data/raw_v3/cell_state/ibd_human_10x.h5ad	Crohn disease	colon stromal	tissue_resident	SNX10	True	vesicle_sorting_trafficking
ibd_crohn_stromal	data/raw_v3/cell_state/ibd_human_10x.h5ad	Crohn disease	colon stromal	tissue_resident	SNX2	True	vesicle_sorting_trafficking
ibd_crohn_stromal	data/raw_v3/cell_state/ibd_human_10x.h5ad	Crohn disease	colon stromal	tissue_resident	SNX3	True	vesicle_sorting_trafficking
ibd_crohn_stromal	data/raw_v3/cell_state/ibd_human_10x.h5ad	Crohn disease	colon stromal	tissue_resident	SNX5	True	vesicle_sorting_trafficking
ibd_crohn_stromal	data/raw_v3/cell_state/ibd_human_10x.h5ad	Crohn disease	colon stromal	tissue_resident	SNX6	True	vesicle_sorting_trafficking
ibd_crohn_stromal	data/raw_v3/cell_state/ibd_human_10x.h5ad	Crohn disease	colon stromal	tissue_resident	SORT1	True	vesicle_sorting_trafficking
ibd_crohn_stromal	data/raw_v3/cell_state/ibd_human_10x.h5ad	Crohn disease	colon stromal	tissue_resident	SPP1	True	myeloid_marker_control
ibd_crohn_stromal	data/raw_v3/cell_state/ibd_human_10x.h5ad	Crohn disease	colon stromal	tissue_resident	TPP1	True	lysosome_membrane_or_lipid
ibd_crohn_stromal	data/raw_v3/cell_state/ibd_human_10x.h5ad	Crohn disease	colon stromal	tissue_resident	TREM2	True	surface_phagocytic_lipid_receptor
ibd_crohn_stromal	data/raw_v3/cell_state/ibd_human_10x.h5ad	Crohn disease	colon stromal	tissue_resident	TYROBP	True	surface_phagocytic_lipid_receptor
ibd_crohn_stromal	data/raw_v3/cell_state/ibd_human_10x.h5ad	Crohn disease	colon stromal	tissue_resident	VAMP3	True	vesicle_sorting_trafficking
ibd_crohn_stromal	data/raw_v3/cell_state/ibd_human_10x.h5ad	Crohn disease	colon stromal	tissue_resident	VAMP7	True	vesicle_sorting_trafficking
ibd_crohn_stromal	data/raw_v3/cell_state/ibd_human_10x.h5ad	Crohn disease	colon stromal	tissue_resident	VAMP8	True	vesicle_sorting_trafficking
ibd_uc_stromal	data/raw_v3/cell_state/ibd_human_10x.h5ad	ulcerative colitis	colon stromal	tissue_resident	AP2A1	True	vesicle_sorting_trafficking
ibd_uc_stromal	data/raw_v3/cell_state/ibd_human_10x.h5ad	ulcerative colitis	colon stromal	tissue_resident	AP2M1	True	vesicle_sorting_trafficking
ibd_uc_stromal	data/raw_v3/cell_state/ibd_human_10x.h5ad	ulcerative colitis	colon stromal	tissue_resident	APOE	True	myeloid_marker_control
ibd_uc_stromal	data/raw_v3/cell_state/ibd_human_10x.h5ad	ulcerative colitis	colon stromal	tissue_resident	AXL	True	surface_phagocytic_lipid_receptor
ibd_uc_stromal	data/raw_v3/cell_state/ibd_human_10x.h5ad	ulcerative colitis	colon stromal	tissue_resident	C1QA	True	surface_uptake_fc_complement
ibd_uc_stromal	data/raw_v3/cell_state/ibd_human_10x.h5ad	ulcerative colitis	colon stromal	tissue_resident	C1QB	True	surface_uptake_fc_complement
ibd_uc_stromal	data/raw_v3/cell_state/ibd_human_10x.h5ad	ulcerative colitis	colon stromal	tissue_resident	C1QC	True	surface_uptake_fc_complement
ibd_uc_stromal	data/raw_v3/cell_state/ibd_human_10x.h5ad	ulcerative colitis	colon stromal	tissue_resident	CD36	True	surface_phagocytic_lipid_receptor
ibd_uc_stromal	data/raw_v3/cell_state/ibd_human_10x.h5ad	ulcerative colitis	colon stromal	tissue_resident	CD63	True	lysosome_membrane_or_lipid
ibd_uc_stromal	data/raw_v3/cell_state/ibd_human_10x.h5ad	ulcerative colitis	colon stromal	tissue_resident	CD68	True	surface_phagocytic_lipid_receptor
ibd_uc_stromal	data/raw_v3/cell_state/ibd_human_10x.h5ad	ulcerative colitis	colon stromal	tissue_resident	CD74	True	state_positive_control
ibd_uc_stromal	data/raw_v3/cell_state/ibd_human_10x.h5ad	ulcerative colitis	colon stromal	tissue_resident	CIITA	True	state_positive_control
ibd_uc_stromal	data/raw_v3/cell_state/ibd_human_10x.h5ad	ulcerative colitis	colon stromal	tissue_resident	CLEC7A	True	surface_phagocytic_lipid_receptor
ibd_uc_stromal	data/raw_v3/cell_state/ibd_human_10x.h5ad	ulcerative colitis	colon stromal	tissue_resident	CLTC	True	vesicle_sorting_trafficking
ibd_uc_stromal	data/raw_v3/cell_state/ibd_human_10x.h5ad	ulcerative colitis	colon stromal	tissue_resident	CST3	True	myeloid_marker_control
ibd_uc_stromal	data/raw_v3/cell_state/ibd_human_10x.h5ad	ulcerative colitis	colon stromal	tissue_resident	CTSB	True	cathepsin_protease
ibd_uc_stromal	data/raw_v3/cell_state/ibd_human_10x.h5ad	ulcerative colitis	colon stromal	tissue_resident	CTSD	True	cathepsin_protease
ibd_uc_stromal	data/raw_v3/cell_state/ibd_human_10x.h5ad	ulcerative colitis	colon stromal	tissue_resident	CTSH	True	cathepsin_protease
ibd_uc_stromal	data/raw_v3/cell_state/ibd_human_10x.h5ad	ulcerative colitis	colon stromal	tissue_resident	CTSK	True	cathepsin_protease
ibd_uc_stromal	data/raw_v3/cell_state/ibd_human_10x.h5ad	ulcerative colitis	colon stromal	tissue_resident	CTSL	True	cathepsin_protease
ibd_uc_stromal	data/raw_v3/cell_state/ibd_human_10x.h5ad	ulcerative colitis	colon stromal	tissue_resident	CTSS	True	cathepsin_protease
ibd_uc_stromal	data/raw_v3/cell_state/ibd_human_10x.h5ad	ulcerative colitis	colon stromal	tissue_resident	CTSZ	True	cathepsin_protease
ibd_uc_stromal	data/raw_v3/cell_state/ibd_human_10x.h5ad	ulcerative colitis	colon stromal	tissue_resident	FCER1G	True	surface_uptake_fc_complement
ibd_uc_stromal	data/raw_v3/cell_state/ibd_human_10x.h5ad	ulcerative colitis	colon stromal	tissue_resident	FCGR2A	True	surface_uptake_fc_complement
ibd_uc_stromal	data/raw_v3/cell_state/ibd_human_10x.h5ad	ulcerative colitis	colon stromal	tissue_resident	FCGR3A	True	surface_uptake_fc_complement
ibd_uc_stromal	data/raw_v3/cell_state/ibd_human_10x.h5ad	ulcerative colitis	colon stromal	tissue_resident	GNPTAB	True	glycosylation_mannose6p
ibd_uc_stromal	data/raw_v3/cell_state/ibd_human_10x.h5ad	ulcerative colitis	colon stromal	tissue_resident	GNPTG	True	glycosylation_mannose6p
ibd_uc_stromal	data/raw_v3/cell_state/ibd_human_10x.h5ad	ulcerative colitis	colon stromal	tissue_resident	GPNMB	True	myeloid_marker_control
ibd_uc_stromal	data/raw_v3/cell_state/ibd_human_10x.h5ad	ulcerative colitis	colon stromal	tissue_resident	HLA-DMA	True	hla_chaperone_loading
ibd_uc_stromal	data/raw_v3/cell_state/ibd_human_10x.h5ad	ulcerative colitis	colon stromal	tissue_resident	HLA-DMB	True	hla_chaperone_loading
ibd_uc_stromal	data/raw_v3/cell_state/ibd_human_10x.h5ad	ulcerative colitis	colon stromal	tissue_resident	HLA-DOA	True	hla_chaperone_loading
ibd_uc_stromal	data/raw_v3/cell_state/ibd_human_10x.h5ad	ulcerative colitis	colon stromal	tissue_resident	HLA-DOB	True	hla_chaperone_loading
ibd_uc_stromal	data/raw_v3/cell_state/ibd_human_10x.h5ad	ulcerative colitis	colon stromal	tissue_resident	HLA-DPA1	True	state_positive_control
ibd_uc_stromal	data/raw_v3/cell_state/ibd_human_10x.h5ad	ulcerative colitis	colon stromal	tissue_resident	HLA-DPB1	True	state_positive_control
ibd_uc_stromal	data/raw_v3/cell_state/ibd_human_10x.h5ad	ulcerative colitis	colon stromal	tissue_resident	HLA-DRA	True	state_positive_control
ibd_uc_stromal	data/raw_v3/cell_state/ibd_human_10x.h5ad	ulcerative colitis	colon stromal	tissue_resident	HLA-DRB1	True	state_positive_control
ibd_uc_stromal	data/raw_v3/cell_state/ibd_human_10x.h5ad	ulcerative colitis	colon stromal	tissue_resident	IFI30	True	lysosomal_thiol_reductase
ibd_uc_stromal	data/raw_v3/cell_state/ibd_human_10x.h5ad	ulcerative colitis	colon stromal	tissue_resident	IGF2R	True	glycosylation_mannose6p
ibd_uc_stromal	data/raw_v3/cell_state/ibd_human_10x.h5ad	ulcerative colitis	colon stromal	tissue_resident	ITGAM	True	surface_phagocytic_lipid_receptor
ibd_uc_stromal	data/raw_v3/cell_state/ibd_human_10x.h5ad	ulcerative colitis	colon stromal	tissue_resident	ITGAX	True	surface_phagocytic_lipid_receptor
ibd_uc_stromal	data/raw_v3/cell_state/ibd_human_10x.h5ad	ulcerative colitis	colon stromal	tissue_resident	LAMP1	True	lysosome_membrane_or_lipid
ibd_uc_stromal	data/raw_v3/cell_state/ibd_human_10x.h5ad	ulcerative colitis	colon stromal	tissue_resident	LAMP2	True	lysosome_membrane_or_lipid
ibd_uc_stromal	data/raw_v3/cell_state/ibd_human_10x.h5ad	ulcerative colitis	colon stromal	tissue_resident	LAMP3	True	lysosome_membrane_or_lipid
ibd_uc_stromal	data/raw_v3/cell_state/ibd_human_10x.h5ad	ulcerative colitis	colon stromal	tissue_resident	LAPTM5	True	lysosome_membrane_or_lipid
ibd_uc_stromal	data/raw_v3/cell_state/ibd_human_10x.h5ad	ulcerative colitis	colon stromal	tissue_resident	LGALS3	True	galectin_glycan_checkpoint
ibd_uc_stromal	data/raw_v3/cell_state/ibd_human_10x.h5ad	ulcerative colitis	colon stromal	tissue_resident	LGALS9	True	galectin_glycan_checkpoint
ibd_uc_stromal	data/raw_v3/cell_state/ibd_human_10x.h5ad	ulcerative colitis	colon stromal	tissue_resident	LIPA	True	lysosome_membrane_or_lipid
ibd_uc_stromal	data/raw_v3/cell_state/ibd_human_10x.h5ad	ulcerative colitis	colon stromal	tissue_resident	LRP1	True	surface_phagocytic_lipid_receptor
ibd_uc_stromal	data/raw_v3/cell_state/ibd_human_10x.h5ad	ulcerative colitis	colon stromal	tissue_resident	LST1	True	myeloid_marker_control
ibd_uc_stromal	data/raw_v3/cell_state/ibd_human_10x.h5ad	ulcerative colitis	colon stromal	tissue_resident	LYZ	True	myeloid_marker_control
ibd_uc_stromal	data/raw_v3/cell_state/ibd_human_10x.h5ad	ulcerative colitis	colon stromal	tissue_resident	M6PR	True	glycosylation_mannose6p
ibd_uc_stromal	data/raw_v3/cell_state/ibd_human_10x.h5ad	ulcerative colitis	colon stromal	tissue_resident	MERTK	True	surface_phagocytic_lipid_receptor
ibd_uc_stromal	data/raw_v3/cell_state/ibd_human_10x.h5ad	ulcerative colitis	colon stromal	tissue_resident	MRC1	True	surface_phagocytic_lipid_receptor
ibd_uc_stromal	data/raw_v3/cell_state/ibd_human_10x.h5ad	ulcerative colitis	colon stromal	tissue_resident	MSR1	True	surface_phagocytic_lipid_receptor
ibd_uc_stromal	data/raw_v3/cell_state/ibd_human_10x.h5ad	ulcerative colitis	colon stromal	tissue_resident	NPC1	True	lysosome_membrane_or_lipid
ibd_uc_stromal	data/raw_v3/cell_state/ibd_human_10x.h5ad	ulcerative colitis	colon stromal	tissue_resident	NPC2	True	lysosome_membrane_or_lipid
ibd_uc_stromal	data/raw_v3/cell_state/ibd_human_10x.h5ad	ulcerative colitis	colon stromal	tissue_resident	RAB11A	True	vesicle_sorting_trafficking
ibd_uc_stromal	data/raw_v3/cell_state/ibd_human_10x.h5ad	ulcerative colitis	colon stromal	tissue_resident	RAB27A	True	vesicle_sorting_trafficking
ibd_uc_stromal	data/raw_v3/cell_state/ibd_human_10x.h5ad	ulcerative colitis	colon stromal	tissue_resident	RAB32	True	vesicle_sorting_trafficking
ibd_uc_stromal	data/raw_v3/cell_state/ibd_human_10x.h5ad	ulcerative colitis	colon stromal	tissue_resident	RAB5A	True	vesicle_sorting_trafficking
ibd_uc_stromal	data/raw_v3/cell_state/ibd_human_10x.h5ad	ulcerative colitis	colon stromal	tissue_resident	RAB7A	True	vesicle_sorting_trafficking
ibd_uc_stromal	data/raw_v3/cell_state/ibd_human_10x.h5ad	ulcerative colitis	colon stromal	tissue_resident	RAB7B	True	vesicle_sorting_trafficking
ibd_uc_stromal	data/raw_v3/cell_state/ibd_human_10x.h5ad	ulcerative colitis	colon stromal	tissue_resident	RAB9A	True	vesicle_sorting_trafficking
ibd_uc_stromal	data/raw_v3/cell_state/ibd_human_10x.h5ad	ulcerative colitis	colon stromal	tissue_resident	RFX5	True	state_positive_control
ibd_uc_stromal	data/raw_v3/cell_state/ibd_human_10x.h5ad	ulcerative colitis	colon stromal	tissue_resident	SCARB1	True	surface_phagocytic_lipid_receptor
ibd_uc_stromal	data/raw_v3/cell_state/ibd_human_10x.h5ad	ulcerative colitis	colon stromal	tissue_resident	SNX10	True	vesicle_sorting_trafficking
ibd_uc_stromal	data/raw_v3/cell_state/ibd_human_10x.h5ad	ulcerative colitis	colon stromal	tissue_resident	SNX2	True	vesicle_sorting_trafficking
ibd_uc_stromal	data/raw_v3/cell_state/ibd_human_10x.h5ad	ulcerative colitis	colon stromal	tissue_resident	SNX3	True	vesicle_sorting_trafficking
ibd_uc_stromal	data/raw_v3/cell_state/ibd_human_10x.h5ad	ulcerative colitis	colon stromal	tissue_resident	SNX5	True	vesicle_sorting_trafficking
ibd_uc_stromal	data/raw_v3/cell_state/ibd_human_10x.h5ad	ulcerative colitis	colon stromal	tissue_resident	SNX6	True	vesicle_sorting_trafficking
ibd_uc_stromal	data/raw_v3/cell_state/ibd_human_10x.h5ad	ulcerative colitis	colon stromal	tissue_resident	SORT1	True	vesicle_sorting_trafficking
ibd_uc_stromal	data/raw_v3/cell_state/ibd_human_10x.h5ad	ulcerative colitis	colon stromal	tissue_resident	SPP1	True	myeloid_marker_control
ibd_uc_stromal	data/raw_v3/cell_state/ibd_human_10x.h5ad	ulcerative colitis	colon stromal	tissue_resident	TPP1	True	lysosome_membrane_or_lipid
ibd_uc_stromal	data/raw_v3/cell_state/ibd_human_10x.h5ad	ulcerative colitis	colon stromal	tissue_resident	TREM2	True	surface_phagocytic_lipid_receptor
ibd_uc_stromal	data/raw_v3/cell_state/ibd_human_10x.h5ad	ulcerative colitis	colon stromal	tissue_resident	TYROBP	True	surface_phagocytic_lipid_receptor
ibd_uc_stromal	data/raw_v3/cell_state/ibd_human_10x.h5ad	ulcerative colitis	colon stromal	tissue_resident	VAMP3	True	vesicle_sorting_trafficking
ibd_uc_stromal	data/raw_v3/cell_state/ibd_human_10x.h5ad	ulcerative colitis	colon stromal	tissue_resident	VAMP7	True	vesicle_sorting_trafficking
ibd_uc_stromal	data/raw_v3/cell_state/ibd_human_10x.h5ad	ulcerative colitis	colon stromal	tissue_resident	VAMP8	True	vesicle_sorting_trafficking
psoriasis_skin_apc	data/raw_v3/cell_state/psoriasis_skin.h5ad	psoriasis	skin APC	myeloid_apc	AP2A1	True	vesicle_sorting_trafficking
psoriasis_skin_apc	data/raw_v3/cell_state/psoriasis_skin.h5ad	psoriasis	skin APC	myeloid_apc	AP2M1	True	vesicle_sorting_trafficking
psoriasis_skin_apc	data/raw_v3/cell_state/psoriasis_skin.h5ad	psoriasis	skin APC	myeloid_apc	APOE	True	myeloid_marker_control
psoriasis_skin_apc	data/raw_v3/cell_state/psoriasis_skin.h5ad	psoriasis	skin APC	myeloid_apc	AXL	True	surface_phagocytic_lipid_receptor
psoriasis_skin_apc	data/raw_v3/cell_state/psoriasis_skin.h5ad	psoriasis	skin APC	myeloid_apc	C1QA	True	surface_uptake_fc_complement
psoriasis_skin_apc	data/raw_v3/cell_state/psoriasis_skin.h5ad	psoriasis	skin APC	myeloid_apc	C1QB	True	surface_uptake_fc_complement
psoriasis_skin_apc	data/raw_v3/cell_state/psoriasis_skin.h5ad	psoriasis	skin APC	myeloid_apc	C1QC	True	surface_uptake_fc_complement
psoriasis_skin_apc	data/raw_v3/cell_state/psoriasis_skin.h5ad	psoriasis	skin APC	myeloid_apc	CD36	True	surface_phagocytic_lipid_receptor
psoriasis_skin_apc	data/raw_v3/cell_state/psoriasis_skin.h5ad	psoriasis	skin APC	myeloid_apc	CD63	True	lysosome_membrane_or_lipid
psoriasis_skin_apc	data/raw_v3/cell_state/psoriasis_skin.h5ad	psoriasis	skin APC	myeloid_apc	CD68	True	surface_phagocytic_lipid_receptor
psoriasis_skin_apc	data/raw_v3/cell_state/psoriasis_skin.h5ad	psoriasis	skin APC	myeloid_apc	CD74	True	state_positive_control
psoriasis_skin_apc	data/raw_v3/cell_state/psoriasis_skin.h5ad	psoriasis	skin APC	myeloid_apc	CIITA	True	state_positive_control
psoriasis_skin_apc	data/raw_v3/cell_state/psoriasis_skin.h5ad	psoriasis	skin APC	myeloid_apc	CLEC7A	True	surface_phagocytic_lipid_receptor
psoriasis_skin_apc	data/raw_v3/cell_state/psoriasis_skin.h5ad	psoriasis	skin APC	myeloid_apc	CLTC	True	vesicle_sorting_trafficking
psoriasis_skin_apc	data/raw_v3/cell_state/psoriasis_skin.h5ad	psoriasis	skin APC	myeloid_apc	CST3	True	myeloid_marker_control
psoriasis_skin_apc	data/raw_v3/cell_state/psoriasis_skin.h5ad	psoriasis	skin APC	myeloid_apc	CTSB	True	cathepsin_protease
psoriasis_skin_apc	data/raw_v3/cell_state/psoriasis_skin.h5ad	psoriasis	skin APC	myeloid_apc	CTSD	True	cathepsin_protease
psoriasis_skin_apc	data/raw_v3/cell_state/psoriasis_skin.h5ad	psoriasis	skin APC	myeloid_apc	CTSH	True	cathepsin_protease
psoriasis_skin_apc	data/raw_v3/cell_state/psoriasis_skin.h5ad	psoriasis	skin APC	myeloid_apc	CTSK	True	cathepsin_protease
psoriasis_skin_apc	data/raw_v3/cell_state/psoriasis_skin.h5ad	psoriasis	skin APC	myeloid_apc	CTSL	True	cathepsin_protease
psoriasis_skin_apc	data/raw_v3/cell_state/psoriasis_skin.h5ad	psoriasis	skin APC	myeloid_apc	CTSS	True	cathepsin_protease
psoriasis_skin_apc	data/raw_v3/cell_state/psoriasis_skin.h5ad	psoriasis	skin APC	myeloid_apc	CTSZ	True	cathepsin_protease
psoriasis_skin_apc	data/raw_v3/cell_state/psoriasis_skin.h5ad	psoriasis	skin APC	myeloid_apc	FCER1G	True	surface_uptake_fc_complement
psoriasis_skin_apc	data/raw_v3/cell_state/psoriasis_skin.h5ad	psoriasis	skin APC	myeloid_apc	FCGR2A	True	surface_uptake_fc_complement
psoriasis_skin_apc	data/raw_v3/cell_state/psoriasis_skin.h5ad	psoriasis	skin APC	myeloid_apc	FCGR3A	True	surface_uptake_fc_complement
psoriasis_skin_apc	data/raw_v3/cell_state/psoriasis_skin.h5ad	psoriasis	skin APC	myeloid_apc	GNPTAB	True	glycosylation_mannose6p
psoriasis_skin_apc	data/raw_v3/cell_state/psoriasis_skin.h5ad	psoriasis	skin APC	myeloid_apc	GNPTG	True	glycosylation_mannose6p
psoriasis_skin_apc	data/raw_v3/cell_state/psoriasis_skin.h5ad	psoriasis	skin APC	myeloid_apc	GPNMB	True	myeloid_marker_control
psoriasis_skin_apc	data/raw_v3/cell_state/psoriasis_skin.h5ad	psoriasis	skin APC	myeloid_apc	HLA-DMA	False	hla_chaperone_loading
psoriasis_skin_apc	data/raw_v3/cell_state/psoriasis_skin.h5ad	psoriasis	skin APC	myeloid_apc	HLA-DMB	False	hla_chaperone_loading
psoriasis_skin_apc	data/raw_v3/cell_state/psoriasis_skin.h5ad	psoriasis	skin APC	myeloid_apc	HLA-DOA	False	hla_chaperone_loading
psoriasis_skin_apc	data/raw_v3/cell_state/psoriasis_skin.h5ad	psoriasis	skin APC	myeloid_apc	HLA-DOB	False	hla_chaperone_loading
psoriasis_skin_apc	data/raw_v3/cell_state/psoriasis_skin.h5ad	psoriasis	skin APC	myeloid_apc	HLA-DPA1	False	state_positive_control
psoriasis_skin_apc	data/raw_v3/cell_state/psoriasis_skin.h5ad	psoriasis	skin APC	myeloid_apc	HLA-DPB1	False	state_positive_control
psoriasis_skin_apc	data/raw_v3/cell_state/psoriasis_skin.h5ad	psoriasis	skin APC	myeloid_apc	HLA-DRA	False	state_positive_control
psoriasis_skin_apc	data/raw_v3/cell_state/psoriasis_skin.h5ad	psoriasis	skin APC	myeloid_apc	HLA-DRB1	False	state_positive_control
psoriasis_skin_apc	data/raw_v3/cell_state/psoriasis_skin.h5ad	psoriasis	skin APC	myeloid_apc	IFI30	True	lysosomal_thiol_reductase
psoriasis_skin_apc	data/raw_v3/cell_state/psoriasis_skin.h5ad	psoriasis	skin APC	myeloid_apc	IGF2R	True	glycosylation_mannose6p
psoriasis_skin_apc	data/raw_v3/cell_state/psoriasis_skin.h5ad	psoriasis	skin APC	myeloid_apc	ITGAM	True	surface_phagocytic_lipid_receptor
psoriasis_skin_apc	data/raw_v3/cell_state/psoriasis_skin.h5ad	psoriasis	skin APC	myeloid_apc	ITGAX	True	surface_phagocytic_lipid_receptor
psoriasis_skin_apc	data/raw_v3/cell_state/psoriasis_skin.h5ad	psoriasis	skin APC	myeloid_apc	LAMP1	True	lysosome_membrane_or_lipid
psoriasis_skin_apc	data/raw_v3/cell_state/psoriasis_skin.h5ad	psoriasis	skin APC	myeloid_apc	LAMP2	True	lysosome_membrane_or_lipid
psoriasis_skin_apc	data/raw_v3/cell_state/psoriasis_skin.h5ad	psoriasis	skin APC	myeloid_apc	LAMP3	True	lysosome_membrane_or_lipid
psoriasis_skin_apc	data/raw_v3/cell_state/psoriasis_skin.h5ad	psoriasis	skin APC	myeloid_apc	LAPTM5	True	lysosome_membrane_or_lipid
psoriasis_skin_apc	data/raw_v3/cell_state/psoriasis_skin.h5ad	psoriasis	skin APC	myeloid_apc	LGALS3	True	galectin_glycan_checkpoint
psoriasis_skin_apc	data/raw_v3/cell_state/psoriasis_skin.h5ad	psoriasis	skin APC	myeloid_apc	LGALS9	True	galectin_glycan_checkpoint
psoriasis_skin_apc	data/raw_v3/cell_state/psoriasis_skin.h5ad	psoriasis	skin APC	myeloid_apc	LIPA	True	lysosome_membrane_or_lipid
psoriasis_skin_apc	data/raw_v3/cell_state/psoriasis_skin.h5ad	psoriasis	skin APC	myeloid_apc	LRP1	True	surface_phagocytic_lipid_receptor
psoriasis_skin_apc	data/raw_v3/cell_state/psoriasis_skin.h5ad	psoriasis	skin APC	myeloid_apc	LST1	False	myeloid_marker_control
psoriasis_skin_apc	data/raw_v3/cell_state/psoriasis_skin.h5ad	psoriasis	skin APC	myeloid_apc	LYZ	True	myeloid_marker_control
psoriasis_skin_apc	data/raw_v3/cell_state/psoriasis_skin.h5ad	psoriasis	skin APC	myeloid_apc	M6PR	True	glycosylation_mannose6p
psoriasis_skin_apc	data/raw_v3/cell_state/psoriasis_skin.h5ad	psoriasis	skin APC	myeloid_apc	MERTK	True	surface_phagocytic_lipid_receptor
psoriasis_skin_apc	data/raw_v3/cell_state/psoriasis_skin.h5ad	psoriasis	skin APC	myeloid_apc	MRC1	True	surface_phagocytic_lipid_receptor
psoriasis_skin_apc	data/raw_v3/cell_state/psoriasis_skin.h5ad	psoriasis	skin APC	myeloid_apc	MSR1	True	surface_phagocytic_lipid_receptor
psoriasis_skin_apc	data/raw_v3/cell_state/psoriasis_skin.h5ad	psoriasis	skin APC	myeloid_apc	NPC1	True	lysosome_membrane_or_lipid
psoriasis_skin_apc	data/raw_v3/cell_state/psoriasis_skin.h5ad	psoriasis	skin APC	myeloid_apc	NPC2	True	lysosome_membrane_or_lipid
psoriasis_skin_apc	data/raw_v3/cell_state/psoriasis_skin.h5ad	psoriasis	skin APC	myeloid_apc	RAB11A	True	vesicle_sorting_trafficking
psoriasis_skin_apc	data/raw_v3/cell_state/psoriasis_skin.h5ad	psoriasis	skin APC	myeloid_apc	RAB27A	True	vesicle_sorting_trafficking
psoriasis_skin_apc	data/raw_v3/cell_state/psoriasis_skin.h5ad	psoriasis	skin APC	myeloid_apc	RAB32	True	vesicle_sorting_trafficking
psoriasis_skin_apc	data/raw_v3/cell_state/psoriasis_skin.h5ad	psoriasis	skin APC	myeloid_apc	RAB5A	True	vesicle_sorting_trafficking
psoriasis_skin_apc	data/raw_v3/cell_state/psoriasis_skin.h5ad	psoriasis	skin APC	myeloid_apc	RAB7A	True	vesicle_sorting_trafficking
psoriasis_skin_apc	data/raw_v3/cell_state/psoriasis_skin.h5ad	psoriasis	skin APC	myeloid_apc	RAB7B	True	vesicle_sorting_trafficking
psoriasis_skin_apc	data/raw_v3/cell_state/psoriasis_skin.h5ad	psoriasis	skin APC	myeloid_apc	RAB9A	True	vesicle_sorting_trafficking
psoriasis_skin_apc	data/raw_v3/cell_state/psoriasis_skin.h5ad	psoriasis	skin APC	myeloid_apc	RFX5	True	state_positive_control
psoriasis_skin_apc	data/raw_v3/cell_state/psoriasis_skin.h5ad	psoriasis	skin APC	myeloid_apc	SCARB1	True	surface_phagocytic_lipid_receptor
psoriasis_skin_apc	data/raw_v3/cell_state/psoriasis_skin.h5ad	psoriasis	skin APC	myeloid_apc	SNX10	True	vesicle_sorting_trafficking
psoriasis_skin_apc	data/raw_v3/cell_state/psoriasis_skin.h5ad	psoriasis	skin APC	myeloid_apc	SNX2	True	vesicle_sorting_trafficking
psoriasis_skin_apc	data/raw_v3/cell_state/psoriasis_skin.h5ad	psoriasis	skin APC	myeloid_apc	SNX3	True	vesicle_sorting_trafficking
psoriasis_skin_apc	data/raw_v3/cell_state/psoriasis_skin.h5ad	psoriasis	skin APC	myeloid_apc	SNX5	True	vesicle_sorting_trafficking
psoriasis_skin_apc	data/raw_v3/cell_state/psoriasis_skin.h5ad	psoriasis	skin APC	myeloid_apc	SNX6	True	vesicle_sorting_trafficking
psoriasis_skin_apc	data/raw_v3/cell_state/psoriasis_skin.h5ad	psoriasis	skin APC	myeloid_apc	SORT1	True	vesicle_sorting_trafficking
psoriasis_skin_apc	data/raw_v3/cell_state/psoriasis_skin.h5ad	psoriasis	skin APC	myeloid_apc	SPP1	True	myeloid_marker_control
psoriasis_skin_apc	data/raw_v3/cell_state/psoriasis_skin.h5ad	psoriasis	skin APC	myeloid_apc	TPP1	True	lysosome_membrane_or_lipid
psoriasis_skin_apc	data/raw_v3/cell_state/psoriasis_skin.h5ad	psoriasis	skin APC	myeloid_apc	TREM2	True	surface_phagocytic_lipid_receptor
psoriasis_skin_apc	data/raw_v3/cell_state/psoriasis_skin.h5ad	psoriasis	skin APC	myeloid_apc	TYROBP	True	surface_phagocytic_lipid_receptor
psoriasis_skin_apc	data/raw_v3/cell_state/psoriasis_skin.h5ad	psoriasis	skin APC	myeloid_apc	VAMP3	True	vesicle_sorting_trafficking
psoriasis_skin_apc	data/raw_v3/cell_state/psoriasis_skin.h5ad	psoriasis	skin APC	myeloid_apc	VAMP7	False	vesicle_sorting_trafficking
psoriasis_skin_apc	data/raw_v3/cell_state/psoriasis_skin.h5ad	psoriasis	skin APC	myeloid_apc	VAMP8	True	vesicle_sorting_trafficking
psoriasis_keratinocyte	data/raw_v3/cell_state/psoriasis_skin.h5ad	psoriasis	skin keratinocyte	tissue_resident	AP2A1	True	vesicle_sorting_trafficking
psoriasis_keratinocyte	data/raw_v3/cell_state/psoriasis_skin.h5ad	psoriasis	skin keratinocyte	tissue_resident	AP2M1	True	vesicle_sorting_trafficking
psoriasis_keratinocyte	data/raw_v3/cell_state/psoriasis_skin.h5ad	psoriasis	skin keratinocyte	tissue_resident	APOE	True	myeloid_marker_control
psoriasis_keratinocyte	data/raw_v3/cell_state/psoriasis_skin.h5ad	psoriasis	skin keratinocyte	tissue_resident	AXL	True	surface_phagocytic_lipid_receptor
psoriasis_keratinocyte	data/raw_v3/cell_state/psoriasis_skin.h5ad	psoriasis	skin keratinocyte	tissue_resident	C1QA	True	surface_uptake_fc_complement
psoriasis_keratinocyte	data/raw_v3/cell_state/psoriasis_skin.h5ad	psoriasis	skin keratinocyte	tissue_resident	C1QB	True	surface_uptake_fc_complement
psoriasis_keratinocyte	data/raw_v3/cell_state/psoriasis_skin.h5ad	psoriasis	skin keratinocyte	tissue_resident	C1QC	True	surface_uptake_fc_complement
psoriasis_keratinocyte	data/raw_v3/cell_state/psoriasis_skin.h5ad	psoriasis	skin keratinocyte	tissue_resident	CD36	True	surface_phagocytic_lipid_receptor
psoriasis_keratinocyte	data/raw_v3/cell_state/psoriasis_skin.h5ad	psoriasis	skin keratinocyte	tissue_resident	CD63	True	lysosome_membrane_or_lipid
psoriasis_keratinocyte	data/raw_v3/cell_state/psoriasis_skin.h5ad	psoriasis	skin keratinocyte	tissue_resident	CD68	True	surface_phagocytic_lipid_receptor
psoriasis_keratinocyte	data/raw_v3/cell_state/psoriasis_skin.h5ad	psoriasis	skin keratinocyte	tissue_resident	CD74	True	state_positive_control
psoriasis_keratinocyte	data/raw_v3/cell_state/psoriasis_skin.h5ad	psoriasis	skin keratinocyte	tissue_resident	CIITA	True	state_positive_control
psoriasis_keratinocyte	data/raw_v3/cell_state/psoriasis_skin.h5ad	psoriasis	skin keratinocyte	tissue_resident	CLEC7A	True	surface_phagocytic_lipid_receptor
psoriasis_keratinocyte	data/raw_v3/cell_state/psoriasis_skin.h5ad	psoriasis	skin keratinocyte	tissue_resident	CLTC	True	vesicle_sorting_trafficking
psoriasis_keratinocyte	data/raw_v3/cell_state/psoriasis_skin.h5ad	psoriasis	skin keratinocyte	tissue_resident	CST3	True	myeloid_marker_control
psoriasis_keratinocyte	data/raw_v3/cell_state/psoriasis_skin.h5ad	psoriasis	skin keratinocyte	tissue_resident	CTSB	True	cathepsin_protease
psoriasis_keratinocyte	data/raw_v3/cell_state/psoriasis_skin.h5ad	psoriasis	skin keratinocyte	tissue_resident	CTSD	True	cathepsin_protease
psoriasis_keratinocyte	data/raw_v3/cell_state/psoriasis_skin.h5ad	psoriasis	skin keratinocyte	tissue_resident	CTSH	True	cathepsin_protease
psoriasis_keratinocyte	data/raw_v3/cell_state/psoriasis_skin.h5ad	psoriasis	skin keratinocyte	tissue_resident	CTSK	True	cathepsin_protease
psoriasis_keratinocyte	data/raw_v3/cell_state/psoriasis_skin.h5ad	psoriasis	skin keratinocyte	tissue_resident	CTSL	True	cathepsin_protease
psoriasis_keratinocyte	data/raw_v3/cell_state/psoriasis_skin.h5ad	psoriasis	skin keratinocyte	tissue_resident	CTSS	True	cathepsin_protease
psoriasis_keratinocyte	data/raw_v3/cell_state/psoriasis_skin.h5ad	psoriasis	skin keratinocyte	tissue_resident	CTSZ	True	cathepsin_protease
psoriasis_keratinocyte	data/raw_v3/cell_state/psoriasis_skin.h5ad	psoriasis	skin keratinocyte	tissue_resident	FCER1G	True	surface_uptake_fc_complement
psoriasis_keratinocyte	data/raw_v3/cell_state/psoriasis_skin.h5ad	psoriasis	skin keratinocyte	tissue_resident	FCGR2A	True	surface_uptake_fc_complement
psoriasis_keratinocyte	data/raw_v3/cell_state/psoriasis_skin.h5ad	psoriasis	skin keratinocyte	tissue_resident	FCGR3A	True	surface_uptake_fc_complement
psoriasis_keratinocyte	data/raw_v3/cell_state/psoriasis_skin.h5ad	psoriasis	skin keratinocyte	tissue_resident	GNPTAB	True	glycosylation_mannose6p
psoriasis_keratinocyte	data/raw_v3/cell_state/psoriasis_skin.h5ad	psoriasis	skin keratinocyte	tissue_resident	GNPTG	True	glycosylation_mannose6p
psoriasis_keratinocyte	data/raw_v3/cell_state/psoriasis_skin.h5ad	psoriasis	skin keratinocyte	tissue_resident	GPNMB	True	myeloid_marker_control
psoriasis_keratinocyte	data/raw_v3/cell_state/psoriasis_skin.h5ad	psoriasis	skin keratinocyte	tissue_resident	HLA-DMA	False	hla_chaperone_loading
psoriasis_keratinocyte	data/raw_v3/cell_state/psoriasis_skin.h5ad	psoriasis	skin keratinocyte	tissue_resident	HLA-DMB	False	hla_chaperone_loading
psoriasis_keratinocyte	data/raw_v3/cell_state/psoriasis_skin.h5ad	psoriasis	skin keratinocyte	tissue_resident	HLA-DOA	False	hla_chaperone_loading
psoriasis_keratinocyte	data/raw_v3/cell_state/psoriasis_skin.h5ad	psoriasis	skin keratinocyte	tissue_resident	HLA-DOB	False	hla_chaperone_loading
psoriasis_keratinocyte	data/raw_v3/cell_state/psoriasis_skin.h5ad	psoriasis	skin keratinocyte	tissue_resident	HLA-DPA1	False	state_positive_control
psoriasis_keratinocyte	data/raw_v3/cell_state/psoriasis_skin.h5ad	psoriasis	skin keratinocyte	tissue_resident	HLA-DPB1	False	state_positive_control
psoriasis_keratinocyte	data/raw_v3/cell_state/psoriasis_skin.h5ad	psoriasis	skin keratinocyte	tissue_resident	HLA-DRA	False	state_positive_control
psoriasis_keratinocyte	data/raw_v3/cell_state/psoriasis_skin.h5ad	psoriasis	skin keratinocyte	tissue_resident	HLA-DRB1	False	state_positive_control
psoriasis_keratinocyte	data/raw_v3/cell_state/psoriasis_skin.h5ad	psoriasis	skin keratinocyte	tissue_resident	IFI30	True	lysosomal_thiol_reductase
psoriasis_keratinocyte	data/raw_v3/cell_state/psoriasis_skin.h5ad	psoriasis	skin keratinocyte	tissue_resident	IGF2R	True	glycosylation_mannose6p
psoriasis_keratinocyte	data/raw_v3/cell_state/psoriasis_skin.h5ad	psoriasis	skin keratinocyte	tissue_resident	ITGAM	True	surface_phagocytic_lipid_receptor
psoriasis_keratinocyte	data/raw_v3/cell_state/psoriasis_skin.h5ad	psoriasis	skin keratinocyte	tissue_resident	ITGAX	True	surface_phagocytic_lipid_receptor
psoriasis_keratinocyte	data/raw_v3/cell_state/psoriasis_skin.h5ad	psoriasis	skin keratinocyte	tissue_resident	LAMP1	True	lysosome_membrane_or_lipid
psoriasis_keratinocyte	data/raw_v3/cell_state/psoriasis_skin.h5ad	psoriasis	skin keratinocyte	tissue_resident	LAMP2	True	lysosome_membrane_or_lipid
psoriasis_keratinocyte	data/raw_v3/cell_state/psoriasis_skin.h5ad	psoriasis	skin keratinocyte	tissue_resident	LAMP3	True	lysosome_membrane_or_lipid
psoriasis_keratinocyte	data/raw_v3/cell_state/psoriasis_skin.h5ad	psoriasis	skin keratinocyte	tissue_resident	LAPTM5	True	lysosome_membrane_or_lipid
psoriasis_keratinocyte	data/raw_v3/cell_state/psoriasis_skin.h5ad	psoriasis	skin keratinocyte	tissue_resident	LGALS3	True	galectin_glycan_checkpoint
psoriasis_keratinocyte	data/raw_v3/cell_state/psoriasis_skin.h5ad	psoriasis	skin keratinocyte	tissue_resident	LGALS9	True	galectin_glycan_checkpoint
psoriasis_keratinocyte	data/raw_v3/cell_state/psoriasis_skin.h5ad	psoriasis	skin keratinocyte	tissue_resident	LIPA	True	lysosome_membrane_or_lipid
psoriasis_keratinocyte	data/raw_v3/cell_state/psoriasis_skin.h5ad	psoriasis	skin keratinocyte	tissue_resident	LRP1	True	surface_phagocytic_lipid_receptor
psoriasis_keratinocyte	data/raw_v3/cell_state/psoriasis_skin.h5ad	psoriasis	skin keratinocyte	tissue_resident	LST1	False	myeloid_marker_control
psoriasis_keratinocyte	data/raw_v3/cell_state/psoriasis_skin.h5ad	psoriasis	skin keratinocyte	tissue_resident	LYZ	True	myeloid_marker_control
psoriasis_keratinocyte	data/raw_v3/cell_state/psoriasis_skin.h5ad	psoriasis	skin keratinocyte	tissue_resident	M6PR	True	glycosylation_mannose6p
psoriasis_keratinocyte	data/raw_v3/cell_state/psoriasis_skin.h5ad	psoriasis	skin keratinocyte	tissue_resident	MERTK	True	surface_phagocytic_lipid_receptor
psoriasis_keratinocyte	data/raw_v3/cell_state/psoriasis_skin.h5ad	psoriasis	skin keratinocyte	tissue_resident	MRC1	True	surface_phagocytic_lipid_receptor
psoriasis_keratinocyte	data/raw_v3/cell_state/psoriasis_skin.h5ad	psoriasis	skin keratinocyte	tissue_resident	MSR1	True	surface_phagocytic_lipid_receptor
psoriasis_keratinocyte	data/raw_v3/cell_state/psoriasis_skin.h5ad	psoriasis	skin keratinocyte	tissue_resident	NPC1	True	lysosome_membrane_or_lipid
psoriasis_keratinocyte	data/raw_v3/cell_state/psoriasis_skin.h5ad	psoriasis	skin keratinocyte	tissue_resident	NPC2	True	lysosome_membrane_or_lipid
psoriasis_keratinocyte	data/raw_v3/cell_state/psoriasis_skin.h5ad	psoriasis	skin keratinocyte	tissue_resident	RAB11A	True	vesicle_sorting_trafficking
psoriasis_keratinocyte	data/raw_v3/cell_state/psoriasis_skin.h5ad	psoriasis	skin keratinocyte	tissue_resident	RAB27A	True	vesicle_sorting_trafficking
psoriasis_keratinocyte	data/raw_v3/cell_state/psoriasis_skin.h5ad	psoriasis	skin keratinocyte	tissue_resident	RAB32	True	vesicle_sorting_trafficking
psoriasis_keratinocyte	data/raw_v3/cell_state/psoriasis_skin.h5ad	psoriasis	skin keratinocyte	tissue_resident	RAB5A	True	vesicle_sorting_trafficking
psoriasis_keratinocyte	data/raw_v3/cell_state/psoriasis_skin.h5ad	psoriasis	skin keratinocyte	tissue_resident	RAB7A	True	vesicle_sorting_trafficking
psoriasis_keratinocyte	data/raw_v3/cell_state/psoriasis_skin.h5ad	psoriasis	skin keratinocyte	tissue_resident	RAB7B	True	vesicle_sorting_trafficking
psoriasis_keratinocyte	data/raw_v3/cell_state/psoriasis_skin.h5ad	psoriasis	skin keratinocyte	tissue_resident	RAB9A	True	vesicle_sorting_trafficking
psoriasis_keratinocyte	data/raw_v3/cell_state/psoriasis_skin.h5ad	psoriasis	skin keratinocyte	tissue_resident	RFX5	True	state_positive_control
psoriasis_keratinocyte	data/raw_v3/cell_state/psoriasis_skin.h5ad	psoriasis	skin keratinocyte	tissue_resident	SCARB1	True	surface_phagocytic_lipid_receptor
psoriasis_keratinocyte	data/raw_v3/cell_state/psoriasis_skin.h5ad	psoriasis	skin keratinocyte	tissue_resident	SNX10	True	vesicle_sorting_trafficking
psoriasis_keratinocyte	data/raw_v3/cell_state/psoriasis_skin.h5ad	psoriasis	skin keratinocyte	tissue_resident	SNX2	True	vesicle_sorting_trafficking
psoriasis_keratinocyte	data/raw_v3/cell_state/psoriasis_skin.h5ad	psoriasis	skin keratinocyte	tissue_resident	SNX3	True	vesicle_sorting_trafficking
psoriasis_keratinocyte	data/raw_v3/cell_state/psoriasis_skin.h5ad	psoriasis	skin keratinocyte	tissue_resident	SNX5	True	vesicle_sorting_trafficking
psoriasis_keratinocyte	data/raw_v3/cell_state/psoriasis_skin.h5ad	psoriasis	skin keratinocyte	tissue_resident	SNX6	True	vesicle_sorting_trafficking
psoriasis_keratinocyte	data/raw_v3/cell_state/psoriasis_skin.h5ad	psoriasis	skin keratinocyte	tissue_resident	SORT1	True	vesicle_sorting_trafficking
psoriasis_keratinocyte	data/raw_v3/cell_state/psoriasis_skin.h5ad	psoriasis	skin keratinocyte	tissue_resident	SPP1	True	myeloid_marker_control
psoriasis_keratinocyte	data/raw_v3/cell_state/psoriasis_skin.h5ad	psoriasis	skin keratinocyte	tissue_resident	TPP1	True	lysosome_membrane_or_lipid
psoriasis_keratinocyte	data/raw_v3/cell_state/psoriasis_skin.h5ad	psoriasis	skin keratinocyte	tissue_resident	TREM2	True	surface_phagocytic_lipid_receptor
psoriasis_keratinocyte	data/raw_v3/cell_state/psoriasis_skin.h5ad	psoriasis	skin keratinocyte	tissue_resident	TYROBP	True	surface_phagocytic_lipid_receptor
psoriasis_keratinocyte	data/raw_v3/cell_state/psoriasis_skin.h5ad	psoriasis	skin keratinocyte	tissue_resident	VAMP3	True	vesicle_sorting_trafficking
psoriasis_keratinocyte	data/raw_v3/cell_state/psoriasis_skin.h5ad	psoriasis	skin keratinocyte	tissue_resident	VAMP7	False	vesicle_sorting_trafficking
psoriasis_keratinocyte	data/raw_v3/cell_state/psoriasis_skin.h5ad	psoriasis	skin keratinocyte	tissue_resident	VAMP8	True	vesicle_sorting_trafficking
psoriasis_skin_stromal	data/raw_v3/cell_state/psoriasis_skin.h5ad	psoriasis	skin stromal	tissue_resident	AP2A1	True	vesicle_sorting_trafficking
psoriasis_skin_stromal	data/raw_v3/cell_state/psoriasis_skin.h5ad	psoriasis	skin stromal	tissue_resident	AP2M1	True	vesicle_sorting_trafficking
psoriasis_skin_stromal	data/raw_v3/cell_state/psoriasis_skin.h5ad	psoriasis	skin stromal	tissue_resident	APOE	True	myeloid_marker_control
psoriasis_skin_stromal	data/raw_v3/cell_state/psoriasis_skin.h5ad	psoriasis	skin stromal	tissue_resident	AXL	True	surface_phagocytic_lipid_receptor
psoriasis_skin_stromal	data/raw_v3/cell_state/psoriasis_skin.h5ad	psoriasis	skin stromal	tissue_resident	C1QA	True	surface_uptake_fc_complement
psoriasis_skin_stromal	data/raw_v3/cell_state/psoriasis_skin.h5ad	psoriasis	skin stromal	tissue_resident	C1QB	True	surface_uptake_fc_complement
psoriasis_skin_stromal	data/raw_v3/cell_state/psoriasis_skin.h5ad	psoriasis	skin stromal	tissue_resident	C1QC	True	surface_uptake_fc_complement
psoriasis_skin_stromal	data/raw_v3/cell_state/psoriasis_skin.h5ad	psoriasis	skin stromal	tissue_resident	CD36	True	surface_phagocytic_lipid_receptor
psoriasis_skin_stromal	data/raw_v3/cell_state/psoriasis_skin.h5ad	psoriasis	skin stromal	tissue_resident	CD63	True	lysosome_membrane_or_lipid
psoriasis_skin_stromal	data/raw_v3/cell_state/psoriasis_skin.h5ad	psoriasis	skin stromal	tissue_resident	CD68	True	surface_phagocytic_lipid_receptor
psoriasis_skin_stromal	data/raw_v3/cell_state/psoriasis_skin.h5ad	psoriasis	skin stromal	tissue_resident	CD74	True	state_positive_control
psoriasis_skin_stromal	data/raw_v3/cell_state/psoriasis_skin.h5ad	psoriasis	skin stromal	tissue_resident	CIITA	True	state_positive_control
psoriasis_skin_stromal	data/raw_v3/cell_state/psoriasis_skin.h5ad	psoriasis	skin stromal	tissue_resident	CLEC7A	True	surface_phagocytic_lipid_receptor
psoriasis_skin_stromal	data/raw_v3/cell_state/psoriasis_skin.h5ad	psoriasis	skin stromal	tissue_resident	CLTC	True	vesicle_sorting_trafficking
psoriasis_skin_stromal	data/raw_v3/cell_state/psoriasis_skin.h5ad	psoriasis	skin stromal	tissue_resident	CST3	True	myeloid_marker_control
psoriasis_skin_stromal	data/raw_v3/cell_state/psoriasis_skin.h5ad	psoriasis	skin stromal	tissue_resident	CTSB	True	cathepsin_protease
psoriasis_skin_stromal	data/raw_v3/cell_state/psoriasis_skin.h5ad	psoriasis	skin stromal	tissue_resident	CTSD	True	cathepsin_protease
psoriasis_skin_stromal	data/raw_v3/cell_state/psoriasis_skin.h5ad	psoriasis	skin stromal	tissue_resident	CTSH	True	cathepsin_protease
psoriasis_skin_stromal	data/raw_v3/cell_state/psoriasis_skin.h5ad	psoriasis	skin stromal	tissue_resident	CTSK	True	cathepsin_protease
psoriasis_skin_stromal	data/raw_v3/cell_state/psoriasis_skin.h5ad	psoriasis	skin stromal	tissue_resident	CTSL	True	cathepsin_protease
psoriasis_skin_stromal	data/raw_v3/cell_state/psoriasis_skin.h5ad	psoriasis	skin stromal	tissue_resident	CTSS	True	cathepsin_protease
psoriasis_skin_stromal	data/raw_v3/cell_state/psoriasis_skin.h5ad	psoriasis	skin stromal	tissue_resident	CTSZ	True	cathepsin_protease
psoriasis_skin_stromal	data/raw_v3/cell_state/psoriasis_skin.h5ad	psoriasis	skin stromal	tissue_resident	FCER1G	True	surface_uptake_fc_complement
psoriasis_skin_stromal	data/raw_v3/cell_state/psoriasis_skin.h5ad	psoriasis	skin stromal	tissue_resident	FCGR2A	True	surface_uptake_fc_complement
psoriasis_skin_stromal	data/raw_v3/cell_state/psoriasis_skin.h5ad	psoriasis	skin stromal	tissue_resident	FCGR3A	True	surface_uptake_fc_complement
psoriasis_skin_stromal	data/raw_v3/cell_state/psoriasis_skin.h5ad	psoriasis	skin stromal	tissue_resident	GNPTAB	True	glycosylation_mannose6p
psoriasis_skin_stromal	data/raw_v3/cell_state/psoriasis_skin.h5ad	psoriasis	skin stromal	tissue_resident	GNPTG	True	glycosylation_mannose6p
psoriasis_skin_stromal	data/raw_v3/cell_state/psoriasis_skin.h5ad	psoriasis	skin stromal	tissue_resident	GPNMB	True	myeloid_marker_control
psoriasis_skin_stromal	data/raw_v3/cell_state/psoriasis_skin.h5ad	psoriasis	skin stromal	tissue_resident	HLA-DMA	False	hla_chaperone_loading
psoriasis_skin_stromal	data/raw_v3/cell_state/psoriasis_skin.h5ad	psoriasis	skin stromal	tissue_resident	HLA-DMB	False	hla_chaperone_loading
psoriasis_skin_stromal	data/raw_v3/cell_state/psoriasis_skin.h5ad	psoriasis	skin stromal	tissue_resident	HLA-DOA	False	hla_chaperone_loading
psoriasis_skin_stromal	data/raw_v3/cell_state/psoriasis_skin.h5ad	psoriasis	skin stromal	tissue_resident	HLA-DOB	False	hla_chaperone_loading
psoriasis_skin_stromal	data/raw_v3/cell_state/psoriasis_skin.h5ad	psoriasis	skin stromal	tissue_resident	HLA-DPA1	False	state_positive_control
psoriasis_skin_stromal	data/raw_v3/cell_state/psoriasis_skin.h5ad	psoriasis	skin stromal	tissue_resident	HLA-DPB1	False	state_positive_control
psoriasis_skin_stromal	data/raw_v3/cell_state/psoriasis_skin.h5ad	psoriasis	skin stromal	tissue_resident	HLA-DRA	False	state_positive_control
psoriasis_skin_stromal	data/raw_v3/cell_state/psoriasis_skin.h5ad	psoriasis	skin stromal	tissue_resident	HLA-DRB1	False	state_positive_control
psoriasis_skin_stromal	data/raw_v3/cell_state/psoriasis_skin.h5ad	psoriasis	skin stromal	tissue_resident	IFI30	True	lysosomal_thiol_reductase
psoriasis_skin_stromal	data/raw_v3/cell_state/psoriasis_skin.h5ad	psoriasis	skin stromal	tissue_resident	IGF2R	True	glycosylation_mannose6p
psoriasis_skin_stromal	data/raw_v3/cell_state/psoriasis_skin.h5ad	psoriasis	skin stromal	tissue_resident	ITGAM	True	surface_phagocytic_lipid_receptor
psoriasis_skin_stromal	data/raw_v3/cell_state/psoriasis_skin.h5ad	psoriasis	skin stromal	tissue_resident	ITGAX	True	surface_phagocytic_lipid_receptor
psoriasis_skin_stromal	data/raw_v3/cell_state/psoriasis_skin.h5ad	psoriasis	skin stromal	tissue_resident	LAMP1	True	lysosome_membrane_or_lipid
psoriasis_skin_stromal	data/raw_v3/cell_state/psoriasis_skin.h5ad	psoriasis	skin stromal	tissue_resident	LAMP2	True	lysosome_membrane_or_lipid
psoriasis_skin_stromal	data/raw_v3/cell_state/psoriasis_skin.h5ad	psoriasis	skin stromal	tissue_resident	LAMP3	True	lysosome_membrane_or_lipid
psoriasis_skin_stromal	data/raw_v3/cell_state/psoriasis_skin.h5ad	psoriasis	skin stromal	tissue_resident	LAPTM5	True	lysosome_membrane_or_lipid
psoriasis_skin_stromal	data/raw_v3/cell_state/psoriasis_skin.h5ad	psoriasis	skin stromal	tissue_resident	LGALS3	True	galectin_glycan_checkpoint
psoriasis_skin_stromal	data/raw_v3/cell_state/psoriasis_skin.h5ad	psoriasis	skin stromal	tissue_resident	LGALS9	True	galectin_glycan_checkpoint
psoriasis_skin_stromal	data/raw_v3/cell_state/psoriasis_skin.h5ad	psoriasis	skin stromal	tissue_resident	LIPA	True	lysosome_membrane_or_lipid
psoriasis_skin_stromal	data/raw_v3/cell_state/psoriasis_skin.h5ad	psoriasis	skin stromal	tissue_resident	LRP1	True	surface_phagocytic_lipid_receptor
psoriasis_skin_stromal	data/raw_v3/cell_state/psoriasis_skin.h5ad	psoriasis	skin stromal	tissue_resident	LST1	False	myeloid_marker_control
psoriasis_skin_stromal	data/raw_v3/cell_state/psoriasis_skin.h5ad	psoriasis	skin stromal	tissue_resident	LYZ	True	myeloid_marker_control
psoriasis_skin_stromal	data/raw_v3/cell_state/psoriasis_skin.h5ad	psoriasis	skin stromal	tissue_resident	M6PR	True	glycosylation_mannose6p
psoriasis_skin_stromal	data/raw_v3/cell_state/psoriasis_skin.h5ad	psoriasis	skin stromal	tissue_resident	MERTK	True	surface_phagocytic_lipid_receptor
psoriasis_skin_stromal	data/raw_v3/cell_state/psoriasis_skin.h5ad	psoriasis	skin stromal	tissue_resident	MRC1	True	surface_phagocytic_lipid_receptor
psoriasis_skin_stromal	data/raw_v3/cell_state/psoriasis_skin.h5ad	psoriasis	skin stromal	tissue_resident	MSR1	True	surface_phagocytic_lipid_receptor
psoriasis_skin_stromal	data/raw_v3/cell_state/psoriasis_skin.h5ad	psoriasis	skin stromal	tissue_resident	NPC1	True	lysosome_membrane_or_lipid
psoriasis_skin_stromal	data/raw_v3/cell_state/psoriasis_skin.h5ad	psoriasis	skin stromal	tissue_resident	NPC2	True	lysosome_membrane_or_lipid
psoriasis_skin_stromal	data/raw_v3/cell_state/psoriasis_skin.h5ad	psoriasis	skin stromal	tissue_resident	RAB11A	True	vesicle_sorting_trafficking
psoriasis_skin_stromal	data/raw_v3/cell_state/psoriasis_skin.h5ad	psoriasis	skin stromal	tissue_resident	RAB27A	True	vesicle_sorting_trafficking
psoriasis_skin_stromal	data/raw_v3/cell_state/psoriasis_skin.h5ad	psoriasis	skin stromal	tissue_resident	RAB32	True	vesicle_sorting_trafficking
psoriasis_skin_stromal	data/raw_v3/cell_state/psoriasis_skin.h5ad	psoriasis	skin stromal	tissue_resident	RAB5A	True	vesicle_sorting_trafficking
psoriasis_skin_stromal	data/raw_v3/cell_state/psoriasis_skin.h5ad	psoriasis	skin stromal	tissue_resident	RAB7A	True	vesicle_sorting_trafficking
psoriasis_skin_stromal	data/raw_v3/cell_state/psoriasis_skin.h5ad	psoriasis	skin stromal	tissue_resident	RAB7B	True	vesicle_sorting_trafficking
psoriasis_skin_stromal	data/raw_v3/cell_state/psoriasis_skin.h5ad	psoriasis	skin stromal	tissue_resident	RAB9A	True	vesicle_sorting_trafficking
psoriasis_skin_stromal	data/raw_v3/cell_state/psoriasis_skin.h5ad	psoriasis	skin stromal	tissue_resident	RFX5	True	state_positive_control
psoriasis_skin_stromal	data/raw_v3/cell_state/psoriasis_skin.h5ad	psoriasis	skin stromal	tissue_resident	SCARB1	True	surface_phagocytic_lipid_receptor
psoriasis_skin_stromal	data/raw_v3/cell_state/psoriasis_skin.h5ad	psoriasis	skin stromal	tissue_resident	SNX10	True	vesicle_sorting_trafficking
psoriasis_skin_stromal	data/raw_v3/cell_state/psoriasis_skin.h5ad	psoriasis	skin stromal	tissue_resident	SNX2	True	vesicle_sorting_trafficking
psoriasis_skin_stromal	data/raw_v3/cell_state/psoriasis_skin.h5ad	psoriasis	skin stromal	tissue_resident	SNX3	True	vesicle_sorting_trafficking
psoriasis_skin_stromal	data/raw_v3/cell_state/psoriasis_skin.h5ad	psoriasis	skin stromal	tissue_resident	SNX5	True	vesicle_sorting_trafficking
psoriasis_skin_stromal	data/raw_v3/cell_state/psoriasis_skin.h5ad	psoriasis	skin stromal	tissue_resident	SNX6	True	vesicle_sorting_trafficking
psoriasis_skin_stromal	data/raw_v3/cell_state/psoriasis_skin.h5ad	psoriasis	skin stromal	tissue_resident	SORT1	True	vesicle_sorting_trafficking
psoriasis_skin_stromal	data/raw_v3/cell_state/psoriasis_skin.h5ad	psoriasis	skin stromal	tissue_resident	SPP1	True	myeloid_marker_control
psoriasis_skin_stromal	data/raw_v3/cell_state/psoriasis_skin.h5ad	psoriasis	skin stromal	tissue_resident	TPP1	True	lysosome_membrane_or_lipid
psoriasis_skin_stromal	data/raw_v3/cell_state/psoriasis_skin.h5ad	psoriasis	skin stromal	tissue_resident	TREM2	True	surface_phagocytic_lipid_receptor
psoriasis_skin_stromal	data/raw_v3/cell_state/psoriasis_skin.h5ad	psoriasis	skin stromal	tissue_resident	TYROBP	True	surface_phagocytic_lipid_receptor
psoriasis_skin_stromal	data/raw_v3/cell_state/psoriasis_skin.h5ad	psoriasis	skin stromal	tissue_resident	VAMP3	True	vesicle_sorting_trafficking
psoriasis_skin_stromal	data/raw_v3/cell_state/psoriasis_skin.h5ad	psoriasis	skin stromal	tissue_resident	VAMP7	False	vesicle_sorting_trafficking
psoriasis_skin_stromal	data/raw_v3/cell_state/psoriasis_skin.h5ad	psoriasis	skin stromal	tissue_resident	VAMP8	True	vesicle_sorting_trafficking
sjogren_gland_apc	data/raw_v3/cell_state/sjogren_salivary.h5ad	Sjogren syndrome	salivary gland APC	myeloid_apc	AP2A1	True	vesicle_sorting_trafficking
sjogren_gland_apc	data/raw_v3/cell_state/sjogren_salivary.h5ad	Sjogren syndrome	salivary gland APC	myeloid_apc	AP2M1	True	vesicle_sorting_trafficking
sjogren_gland_apc	data/raw_v3/cell_state/sjogren_salivary.h5ad	Sjogren syndrome	salivary gland APC	myeloid_apc	APOE	True	myeloid_marker_control
sjogren_gland_apc	data/raw_v3/cell_state/sjogren_salivary.h5ad	Sjogren syndrome	salivary gland APC	myeloid_apc	AXL	True	surface_phagocytic_lipid_receptor
sjogren_gland_apc	data/raw_v3/cell_state/sjogren_salivary.h5ad	Sjogren syndrome	salivary gland APC	myeloid_apc	C1QA	True	surface_uptake_fc_complement
sjogren_gland_apc	data/raw_v3/cell_state/sjogren_salivary.h5ad	Sjogren syndrome	salivary gland APC	myeloid_apc	C1QB	True	surface_uptake_fc_complement
sjogren_gland_apc	data/raw_v3/cell_state/sjogren_salivary.h5ad	Sjogren syndrome	salivary gland APC	myeloid_apc	C1QC	True	surface_uptake_fc_complement
sjogren_gland_apc	data/raw_v3/cell_state/sjogren_salivary.h5ad	Sjogren syndrome	salivary gland APC	myeloid_apc	CD36	True	surface_phagocytic_lipid_receptor
sjogren_gland_apc	data/raw_v3/cell_state/sjogren_salivary.h5ad	Sjogren syndrome	salivary gland APC	myeloid_apc	CD63	True	lysosome_membrane_or_lipid
sjogren_gland_apc	data/raw_v3/cell_state/sjogren_salivary.h5ad	Sjogren syndrome	salivary gland APC	myeloid_apc	CD68	True	surface_phagocytic_lipid_receptor
sjogren_gland_apc	data/raw_v3/cell_state/sjogren_salivary.h5ad	Sjogren syndrome	salivary gland APC	myeloid_apc	CD74	True	state_positive_control
sjogren_gland_apc	data/raw_v3/cell_state/sjogren_salivary.h5ad	Sjogren syndrome	salivary gland APC	myeloid_apc	CIITA	True	state_positive_control
sjogren_gland_apc	data/raw_v3/cell_state/sjogren_salivary.h5ad	Sjogren syndrome	salivary gland APC	myeloid_apc	CLEC7A	True	surface_phagocytic_lipid_receptor
sjogren_gland_apc	data/raw_v3/cell_state/sjogren_salivary.h5ad	Sjogren syndrome	salivary gland APC	myeloid_apc	CLTC	True	vesicle_sorting_trafficking
sjogren_gland_apc	data/raw_v3/cell_state/sjogren_salivary.h5ad	Sjogren syndrome	salivary gland APC	myeloid_apc	CST3	True	myeloid_marker_control
sjogren_gland_apc	data/raw_v3/cell_state/sjogren_salivary.h5ad	Sjogren syndrome	salivary gland APC	myeloid_apc	CTSB	True	cathepsin_protease
sjogren_gland_apc	data/raw_v3/cell_state/sjogren_salivary.h5ad	Sjogren syndrome	salivary gland APC	myeloid_apc	CTSD	True	cathepsin_protease
sjogren_gland_apc	data/raw_v3/cell_state/sjogren_salivary.h5ad	Sjogren syndrome	salivary gland APC	myeloid_apc	CTSH	True	cathepsin_protease
sjogren_gland_apc	data/raw_v3/cell_state/sjogren_salivary.h5ad	Sjogren syndrome	salivary gland APC	myeloid_apc	CTSK	True	cathepsin_protease
sjogren_gland_apc	data/raw_v3/cell_state/sjogren_salivary.h5ad	Sjogren syndrome	salivary gland APC	myeloid_apc	CTSL	True	cathepsin_protease
sjogren_gland_apc	data/raw_v3/cell_state/sjogren_salivary.h5ad	Sjogren syndrome	salivary gland APC	myeloid_apc	CTSS	True	cathepsin_protease
sjogren_gland_apc	data/raw_v3/cell_state/sjogren_salivary.h5ad	Sjogren syndrome	salivary gland APC	myeloid_apc	CTSZ	True	cathepsin_protease
sjogren_gland_apc	data/raw_v3/cell_state/sjogren_salivary.h5ad	Sjogren syndrome	salivary gland APC	myeloid_apc	FCER1G	True	surface_uptake_fc_complement
sjogren_gland_apc	data/raw_v3/cell_state/sjogren_salivary.h5ad	Sjogren syndrome	salivary gland APC	myeloid_apc	FCGR2A	True	surface_uptake_fc_complement
sjogren_gland_apc	data/raw_v3/cell_state/sjogren_salivary.h5ad	Sjogren syndrome	salivary gland APC	myeloid_apc	FCGR3A	True	surface_uptake_fc_complement
sjogren_gland_apc	data/raw_v3/cell_state/sjogren_salivary.h5ad	Sjogren syndrome	salivary gland APC	myeloid_apc	GNPTAB	True	glycosylation_mannose6p
sjogren_gland_apc	data/raw_v3/cell_state/sjogren_salivary.h5ad	Sjogren syndrome	salivary gland APC	myeloid_apc	GNPTG	True	glycosylation_mannose6p
sjogren_gland_apc	data/raw_v3/cell_state/sjogren_salivary.h5ad	Sjogren syndrome	salivary gland APC	myeloid_apc	GPNMB	True	myeloid_marker_control
sjogren_gland_apc	data/raw_v3/cell_state/sjogren_salivary.h5ad	Sjogren syndrome	salivary gland APC	myeloid_apc	HLA-DMA	True	hla_chaperone_loading
sjogren_gland_apc	data/raw_v3/cell_state/sjogren_salivary.h5ad	Sjogren syndrome	salivary gland APC	myeloid_apc	HLA-DMB	True	hla_chaperone_loading
sjogren_gland_apc	data/raw_v3/cell_state/sjogren_salivary.h5ad	Sjogren syndrome	salivary gland APC	myeloid_apc	HLA-DOA	True	hla_chaperone_loading
sjogren_gland_apc	data/raw_v3/cell_state/sjogren_salivary.h5ad	Sjogren syndrome	salivary gland APC	myeloid_apc	HLA-DOB	True	hla_chaperone_loading
sjogren_gland_apc	data/raw_v3/cell_state/sjogren_salivary.h5ad	Sjogren syndrome	salivary gland APC	myeloid_apc	HLA-DPA1	True	state_positive_control
sjogren_gland_apc	data/raw_v3/cell_state/sjogren_salivary.h5ad	Sjogren syndrome	salivary gland APC	myeloid_apc	HLA-DPB1	True	state_positive_control
sjogren_gland_apc	data/raw_v3/cell_state/sjogren_salivary.h5ad	Sjogren syndrome	salivary gland APC	myeloid_apc	HLA-DRA	True	state_positive_control
sjogren_gland_apc	data/raw_v3/cell_state/sjogren_salivary.h5ad	Sjogren syndrome	salivary gland APC	myeloid_apc	HLA-DRB1	True	state_positive_control
sjogren_gland_apc	data/raw_v3/cell_state/sjogren_salivary.h5ad	Sjogren syndrome	salivary gland APC	myeloid_apc	IFI30	True	lysosomal_thiol_reductase
sjogren_gland_apc	data/raw_v3/cell_state/sjogren_salivary.h5ad	Sjogren syndrome	salivary gland APC	myeloid_apc	IGF2R	True	glycosylation_mannose6p
sjogren_gland_apc	data/raw_v3/cell_state/sjogren_salivary.h5ad	Sjogren syndrome	salivary gland APC	myeloid_apc	ITGAM	True	surface_phagocytic_lipid_receptor
sjogren_gland_apc	data/raw_v3/cell_state/sjogren_salivary.h5ad	Sjogren syndrome	salivary gland APC	myeloid_apc	ITGAX	True	surface_phagocytic_lipid_receptor
sjogren_gland_apc	data/raw_v3/cell_state/sjogren_salivary.h5ad	Sjogren syndrome	salivary gland APC	myeloid_apc	LAMP1	True	lysosome_membrane_or_lipid
sjogren_gland_apc	data/raw_v3/cell_state/sjogren_salivary.h5ad	Sjogren syndrome	salivary gland APC	myeloid_apc	LAMP2	True	lysosome_membrane_or_lipid
sjogren_gland_apc	data/raw_v3/cell_state/sjogren_salivary.h5ad	Sjogren syndrome	salivary gland APC	myeloid_apc	LAMP3	True	lysosome_membrane_or_lipid
sjogren_gland_apc	data/raw_v3/cell_state/sjogren_salivary.h5ad	Sjogren syndrome	salivary gland APC	myeloid_apc	LAPTM5	True	lysosome_membrane_or_lipid
sjogren_gland_apc	data/raw_v3/cell_state/sjogren_salivary.h5ad	Sjogren syndrome	salivary gland APC	myeloid_apc	LGALS3	True	galectin_glycan_checkpoint
sjogren_gland_apc	data/raw_v3/cell_state/sjogren_salivary.h5ad	Sjogren syndrome	salivary gland APC	myeloid_apc	LGALS9	True	galectin_glycan_checkpoint
sjogren_gland_apc	data/raw_v3/cell_state/sjogren_salivary.h5ad	Sjogren syndrome	salivary gland APC	myeloid_apc	LIPA	True	lysosome_membrane_or_lipid
sjogren_gland_apc	data/raw_v3/cell_state/sjogren_salivary.h5ad	Sjogren syndrome	salivary gland APC	myeloid_apc	LRP1	True	surface_phagocytic_lipid_receptor
sjogren_gland_apc	data/raw_v3/cell_state/sjogren_salivary.h5ad	Sjogren syndrome	salivary gland APC	myeloid_apc	LST1	True	myeloid_marker_control
sjogren_gland_apc	data/raw_v3/cell_state/sjogren_salivary.h5ad	Sjogren syndrome	salivary gland APC	myeloid_apc	LYZ	True	myeloid_marker_control
sjogren_gland_apc	data/raw_v3/cell_state/sjogren_salivary.h5ad	Sjogren syndrome	salivary gland APC	myeloid_apc	M6PR	True	glycosylation_mannose6p
sjogren_gland_apc	data/raw_v3/cell_state/sjogren_salivary.h5ad	Sjogren syndrome	salivary gland APC	myeloid_apc	MERTK	True	surface_phagocytic_lipid_receptor
sjogren_gland_apc	data/raw_v3/cell_state/sjogren_salivary.h5ad	Sjogren syndrome	salivary gland APC	myeloid_apc	MRC1	True	surface_phagocytic_lipid_receptor
sjogren_gland_apc	data/raw_v3/cell_state/sjogren_salivary.h5ad	Sjogren syndrome	salivary gland APC	myeloid_apc	MSR1	True	surface_phagocytic_lipid_receptor
sjogren_gland_apc	data/raw_v3/cell_state/sjogren_salivary.h5ad	Sjogren syndrome	salivary gland APC	myeloid_apc	NPC1	True	lysosome_membrane_or_lipid
sjogren_gland_apc	data/raw_v3/cell_state/sjogren_salivary.h5ad	Sjogren syndrome	salivary gland APC	myeloid_apc	NPC2	True	lysosome_membrane_or_lipid
sjogren_gland_apc	data/raw_v3/cell_state/sjogren_salivary.h5ad	Sjogren syndrome	salivary gland APC	myeloid_apc	RAB11A	True	vesicle_sorting_trafficking
sjogren_gland_apc	data/raw_v3/cell_state/sjogren_salivary.h5ad	Sjogren syndrome	salivary gland APC	myeloid_apc	RAB27A	True	vesicle_sorting_trafficking
sjogren_gland_apc	data/raw_v3/cell_state/sjogren_salivary.h5ad	Sjogren syndrome	salivary gland APC	myeloid_apc	RAB32	True	vesicle_sorting_trafficking
sjogren_gland_apc	data/raw_v3/cell_state/sjogren_salivary.h5ad	Sjogren syndrome	salivary gland APC	myeloid_apc	RAB5A	True	vesicle_sorting_trafficking
sjogren_gland_apc	data/raw_v3/cell_state/sjogren_salivary.h5ad	Sjogren syndrome	salivary gland APC	myeloid_apc	RAB7A	True	vesicle_sorting_trafficking
sjogren_gland_apc	data/raw_v3/cell_state/sjogren_salivary.h5ad	Sjogren syndrome	salivary gland APC	myeloid_apc	RAB7B	True	vesicle_sorting_trafficking
sjogren_gland_apc	data/raw_v3/cell_state/sjogren_salivary.h5ad	Sjogren syndrome	salivary gland APC	myeloid_apc	RAB9A	True	vesicle_sorting_trafficking
sjogren_gland_apc	data/raw_v3/cell_state/sjogren_salivary.h5ad	Sjogren syndrome	salivary gland APC	myeloid_apc	RFX5	True	state_positive_control
sjogren_gland_apc	data/raw_v3/cell_state/sjogren_salivary.h5ad	Sjogren syndrome	salivary gland APC	myeloid_apc	SCARB1	True	surface_phagocytic_lipid_receptor
sjogren_gland_apc	data/raw_v3/cell_state/sjogren_salivary.h5ad	Sjogren syndrome	salivary gland APC	myeloid_apc	SNX10	True	vesicle_sorting_trafficking
sjogren_gland_apc	data/raw_v3/cell_state/sjogren_salivary.h5ad	Sjogren syndrome	salivary gland APC	myeloid_apc	SNX2	True	vesicle_sorting_trafficking
sjogren_gland_apc	data/raw_v3/cell_state/sjogren_salivary.h5ad	Sjogren syndrome	salivary gland APC	myeloid_apc	SNX3	True	vesicle_sorting_trafficking
sjogren_gland_apc	data/raw_v3/cell_state/sjogren_salivary.h5ad	Sjogren syndrome	salivary gland APC	myeloid_apc	SNX5	True	vesicle_sorting_trafficking
sjogren_gland_apc	data/raw_v3/cell_state/sjogren_salivary.h5ad	Sjogren syndrome	salivary gland APC	myeloid_apc	SNX6	True	vesicle_sorting_trafficking
sjogren_gland_apc	data/raw_v3/cell_state/sjogren_salivary.h5ad	Sjogren syndrome	salivary gland APC	myeloid_apc	SORT1	True	vesicle_sorting_trafficking
sjogren_gland_apc	data/raw_v3/cell_state/sjogren_salivary.h5ad	Sjogren syndrome	salivary gland APC	myeloid_apc	SPP1	True	myeloid_marker_control
sjogren_gland_apc	data/raw_v3/cell_state/sjogren_salivary.h5ad	Sjogren syndrome	salivary gland APC	myeloid_apc	TPP1	True	lysosome_membrane_or_lipid
sjogren_gland_apc	data/raw_v3/cell_state/sjogren_salivary.h5ad	Sjogren syndrome	salivary gland APC	myeloid_apc	TREM2	True	surface_phagocytic_lipid_receptor
sjogren_gland_apc	data/raw_v3/cell_state/sjogren_salivary.h5ad	Sjogren syndrome	salivary gland APC	myeloid_apc	TYROBP	True	surface_phagocytic_lipid_receptor
sjogren_gland_apc	data/raw_v3/cell_state/sjogren_salivary.h5ad	Sjogren syndrome	salivary gland APC	myeloid_apc	VAMP3	True	vesicle_sorting_trafficking
sjogren_gland_apc	data/raw_v3/cell_state/sjogren_salivary.h5ad	Sjogren syndrome	salivary gland APC	myeloid_apc	VAMP7	True	vesicle_sorting_trafficking
sjogren_gland_apc	data/raw_v3/cell_state/sjogren_salivary.h5ad	Sjogren syndrome	salivary gland APC	myeloid_apc	VAMP8	True	vesicle_sorting_trafficking
sjogren_gland_epithelial	data/raw_v3/cell_state/sjogren_salivary.h5ad	Sjogren syndrome	salivary gland epithelial	tissue_resident	AP2A1	True	vesicle_sorting_trafficking
sjogren_gland_epithelial	data/raw_v3/cell_state/sjogren_salivary.h5ad	Sjogren syndrome	salivary gland epithelial	tissue_resident	AP2M1	True	vesicle_sorting_trafficking
sjogren_gland_epithelial	data/raw_v3/cell_state/sjogren_salivary.h5ad	Sjogren syndrome	salivary gland epithelial	tissue_resident	APOE	True	myeloid_marker_control
sjogren_gland_epithelial	data/raw_v3/cell_state/sjogren_salivary.h5ad	Sjogren syndrome	salivary gland epithelial	tissue_resident	AXL	True	surface_phagocytic_lipid_receptor
sjogren_gland_epithelial	data/raw_v3/cell_state/sjogren_salivary.h5ad	Sjogren syndrome	salivary gland epithelial	tissue_resident	C1QA	True	surface_uptake_fc_complement
sjogren_gland_epithelial	data/raw_v3/cell_state/sjogren_salivary.h5ad	Sjogren syndrome	salivary gland epithelial	tissue_resident	C1QB	True	surface_uptake_fc_complement
sjogren_gland_epithelial	data/raw_v3/cell_state/sjogren_salivary.h5ad	Sjogren syndrome	salivary gland epithelial	tissue_resident	C1QC	True	surface_uptake_fc_complement
sjogren_gland_epithelial	data/raw_v3/cell_state/sjogren_salivary.h5ad	Sjogren syndrome	salivary gland epithelial	tissue_resident	CD36	True	surface_phagocytic_lipid_receptor
sjogren_gland_epithelial	data/raw_v3/cell_state/sjogren_salivary.h5ad	Sjogren syndrome	salivary gland epithelial	tissue_resident	CD63	True	lysosome_membrane_or_lipid
sjogren_gland_epithelial	data/raw_v3/cell_state/sjogren_salivary.h5ad	Sjogren syndrome	salivary gland epithelial	tissue_resident	CD68	True	surface_phagocytic_lipid_receptor
sjogren_gland_epithelial	data/raw_v3/cell_state/sjogren_salivary.h5ad	Sjogren syndrome	salivary gland epithelial	tissue_resident	CD74	True	state_positive_control
sjogren_gland_epithelial	data/raw_v3/cell_state/sjogren_salivary.h5ad	Sjogren syndrome	salivary gland epithelial	tissue_resident	CIITA	True	state_positive_control
sjogren_gland_epithelial	data/raw_v3/cell_state/sjogren_salivary.h5ad	Sjogren syndrome	salivary gland epithelial	tissue_resident	CLEC7A	True	surface_phagocytic_lipid_receptor
sjogren_gland_epithelial	data/raw_v3/cell_state/sjogren_salivary.h5ad	Sjogren syndrome	salivary gland epithelial	tissue_resident	CLTC	True	vesicle_sorting_trafficking
sjogren_gland_epithelial	data/raw_v3/cell_state/sjogren_salivary.h5ad	Sjogren syndrome	salivary gland epithelial	tissue_resident	CST3	True	myeloid_marker_control
sjogren_gland_epithelial	data/raw_v3/cell_state/sjogren_salivary.h5ad	Sjogren syndrome	salivary gland epithelial	tissue_resident	CTSB	True	cathepsin_protease
sjogren_gland_epithelial	data/raw_v3/cell_state/sjogren_salivary.h5ad	Sjogren syndrome	salivary gland epithelial	tissue_resident	CTSD	True	cathepsin_protease
sjogren_gland_epithelial	data/raw_v3/cell_state/sjogren_salivary.h5ad	Sjogren syndrome	salivary gland epithelial	tissue_resident	CTSH	True	cathepsin_protease
sjogren_gland_epithelial	data/raw_v3/cell_state/sjogren_salivary.h5ad	Sjogren syndrome	salivary gland epithelial	tissue_resident	CTSK	True	cathepsin_protease
sjogren_gland_epithelial	data/raw_v3/cell_state/sjogren_salivary.h5ad	Sjogren syndrome	salivary gland epithelial	tissue_resident	CTSL	True	cathepsin_protease
sjogren_gland_epithelial	data/raw_v3/cell_state/sjogren_salivary.h5ad	Sjogren syndrome	salivary gland epithelial	tissue_resident	CTSS	True	cathepsin_protease
sjogren_gland_epithelial	data/raw_v3/cell_state/sjogren_salivary.h5ad	Sjogren syndrome	salivary gland epithelial	tissue_resident	CTSZ	True	cathepsin_protease
sjogren_gland_epithelial	data/raw_v3/cell_state/sjogren_salivary.h5ad	Sjogren syndrome	salivary gland epithelial	tissue_resident	FCER1G	True	surface_uptake_fc_complement
sjogren_gland_epithelial	data/raw_v3/cell_state/sjogren_salivary.h5ad	Sjogren syndrome	salivary gland epithelial	tissue_resident	FCGR2A	True	surface_uptake_fc_complement
sjogren_gland_epithelial	data/raw_v3/cell_state/sjogren_salivary.h5ad	Sjogren syndrome	salivary gland epithelial	tissue_resident	FCGR3A	True	surface_uptake_fc_complement
sjogren_gland_epithelial	data/raw_v3/cell_state/sjogren_salivary.h5ad	Sjogren syndrome	salivary gland epithelial	tissue_resident	GNPTAB	True	glycosylation_mannose6p
sjogren_gland_epithelial	data/raw_v3/cell_state/sjogren_salivary.h5ad	Sjogren syndrome	salivary gland epithelial	tissue_resident	GNPTG	True	glycosylation_mannose6p
sjogren_gland_epithelial	data/raw_v3/cell_state/sjogren_salivary.h5ad	Sjogren syndrome	salivary gland epithelial	tissue_resident	GPNMB	True	myeloid_marker_control
sjogren_gland_epithelial	data/raw_v3/cell_state/sjogren_salivary.h5ad	Sjogren syndrome	salivary gland epithelial	tissue_resident	HLA-DMA	True	hla_chaperone_loading
sjogren_gland_epithelial	data/raw_v3/cell_state/sjogren_salivary.h5ad	Sjogren syndrome	salivary gland epithelial	tissue_resident	HLA-DMB	True	hla_chaperone_loading
sjogren_gland_epithelial	data/raw_v3/cell_state/sjogren_salivary.h5ad	Sjogren syndrome	salivary gland epithelial	tissue_resident	HLA-DOA	True	hla_chaperone_loading
sjogren_gland_epithelial	data/raw_v3/cell_state/sjogren_salivary.h5ad	Sjogren syndrome	salivary gland epithelial	tissue_resident	HLA-DOB	True	hla_chaperone_loading
sjogren_gland_epithelial	data/raw_v3/cell_state/sjogren_salivary.h5ad	Sjogren syndrome	salivary gland epithelial	tissue_resident	HLA-DPA1	True	state_positive_control
sjogren_gland_epithelial	data/raw_v3/cell_state/sjogren_salivary.h5ad	Sjogren syndrome	salivary gland epithelial	tissue_resident	HLA-DPB1	True	state_positive_control
sjogren_gland_epithelial	data/raw_v3/cell_state/sjogren_salivary.h5ad	Sjogren syndrome	salivary gland epithelial	tissue_resident	HLA-DRA	True	state_positive_control
sjogren_gland_epithelial	data/raw_v3/cell_state/sjogren_salivary.h5ad	Sjogren syndrome	salivary gland epithelial	tissue_resident	HLA-DRB1	True	state_positive_control
sjogren_gland_epithelial	data/raw_v3/cell_state/sjogren_salivary.h5ad	Sjogren syndrome	salivary gland epithelial	tissue_resident	IFI30	True	lysosomal_thiol_reductase
sjogren_gland_epithelial	data/raw_v3/cell_state/sjogren_salivary.h5ad	Sjogren syndrome	salivary gland epithelial	tissue_resident	IGF2R	True	glycosylation_mannose6p
sjogren_gland_epithelial	data/raw_v3/cell_state/sjogren_salivary.h5ad	Sjogren syndrome	salivary gland epithelial	tissue_resident	ITGAM	True	surface_phagocytic_lipid_receptor
sjogren_gland_epithelial	data/raw_v3/cell_state/sjogren_salivary.h5ad	Sjogren syndrome	salivary gland epithelial	tissue_resident	ITGAX	True	surface_phagocytic_lipid_receptor
sjogren_gland_epithelial	data/raw_v3/cell_state/sjogren_salivary.h5ad	Sjogren syndrome	salivary gland epithelial	tissue_resident	LAMP1	True	lysosome_membrane_or_lipid
sjogren_gland_epithelial	data/raw_v3/cell_state/sjogren_salivary.h5ad	Sjogren syndrome	salivary gland epithelial	tissue_resident	LAMP2	True	lysosome_membrane_or_lipid
sjogren_gland_epithelial	data/raw_v3/cell_state/sjogren_salivary.h5ad	Sjogren syndrome	salivary gland epithelial	tissue_resident	LAMP3	True	lysosome_membrane_or_lipid
sjogren_gland_epithelial	data/raw_v3/cell_state/sjogren_salivary.h5ad	Sjogren syndrome	salivary gland epithelial	tissue_resident	LAPTM5	True	lysosome_membrane_or_lipid
sjogren_gland_epithelial	data/raw_v3/cell_state/sjogren_salivary.h5ad	Sjogren syndrome	salivary gland epithelial	tissue_resident	LGALS3	True	galectin_glycan_checkpoint
sjogren_gland_epithelial	data/raw_v3/cell_state/sjogren_salivary.h5ad	Sjogren syndrome	salivary gland epithelial	tissue_resident	LGALS9	True	galectin_glycan_checkpoint
sjogren_gland_epithelial	data/raw_v3/cell_state/sjogren_salivary.h5ad	Sjogren syndrome	salivary gland epithelial	tissue_resident	LIPA	True	lysosome_membrane_or_lipid
sjogren_gland_epithelial	data/raw_v3/cell_state/sjogren_salivary.h5ad	Sjogren syndrome	salivary gland epithelial	tissue_resident	LRP1	True	surface_phagocytic_lipid_receptor
sjogren_gland_epithelial	data/raw_v3/cell_state/sjogren_salivary.h5ad	Sjogren syndrome	salivary gland epithelial	tissue_resident	LST1	True	myeloid_marker_control
sjogren_gland_epithelial	data/raw_v3/cell_state/sjogren_salivary.h5ad	Sjogren syndrome	salivary gland epithelial	tissue_resident	LYZ	True	myeloid_marker_control
sjogren_gland_epithelial	data/raw_v3/cell_state/sjogren_salivary.h5ad	Sjogren syndrome	salivary gland epithelial	tissue_resident	M6PR	True	glycosylation_mannose6p
sjogren_gland_epithelial	data/raw_v3/cell_state/sjogren_salivary.h5ad	Sjogren syndrome	salivary gland epithelial	tissue_resident	MERTK	True	surface_phagocytic_lipid_receptor
sjogren_gland_epithelial	data/raw_v3/cell_state/sjogren_salivary.h5ad	Sjogren syndrome	salivary gland epithelial	tissue_resident	MRC1	True	surface_phagocytic_lipid_receptor
sjogren_gland_epithelial	data/raw_v3/cell_state/sjogren_salivary.h5ad	Sjogren syndrome	salivary gland epithelial	tissue_resident	MSR1	True	surface_phagocytic_lipid_receptor
sjogren_gland_epithelial	data/raw_v3/cell_state/sjogren_salivary.h5ad	Sjogren syndrome	salivary gland epithelial	tissue_resident	NPC1	True	lysosome_membrane_or_lipid
sjogren_gland_epithelial	data/raw_v3/cell_state/sjogren_salivary.h5ad	Sjogren syndrome	salivary gland epithelial	tissue_resident	NPC2	True	lysosome_membrane_or_lipid
sjogren_gland_epithelial	data/raw_v3/cell_state/sjogren_salivary.h5ad	Sjogren syndrome	salivary gland epithelial	tissue_resident	RAB11A	True	vesicle_sorting_trafficking
sjogren_gland_epithelial	data/raw_v3/cell_state/sjogren_salivary.h5ad	Sjogren syndrome	salivary gland epithelial	tissue_resident	RAB27A	True	vesicle_sorting_trafficking
sjogren_gland_epithelial	data/raw_v3/cell_state/sjogren_salivary.h5ad	Sjogren syndrome	salivary gland epithelial	tissue_resident	RAB32	True	vesicle_sorting_trafficking
sjogren_gland_epithelial	data/raw_v3/cell_state/sjogren_salivary.h5ad	Sjogren syndrome	salivary gland epithelial	tissue_resident	RAB5A	True	vesicle_sorting_trafficking
sjogren_gland_epithelial	data/raw_v3/cell_state/sjogren_salivary.h5ad	Sjogren syndrome	salivary gland epithelial	tissue_resident	RAB7A	True	vesicle_sorting_trafficking
sjogren_gland_epithelial	data/raw_v3/cell_state/sjogren_salivary.h5ad	Sjogren syndrome	salivary gland epithelial	tissue_resident	RAB7B	True	vesicle_sorting_trafficking
sjogren_gland_epithelial	data/raw_v3/cell_state/sjogren_salivary.h5ad	Sjogren syndrome	salivary gland epithelial	tissue_resident	RAB9A	True	vesicle_sorting_trafficking
sjogren_gland_epithelial	data/raw_v3/cell_state/sjogren_salivary.h5ad	Sjogren syndrome	salivary gland epithelial	tissue_resident	RFX5	True	state_positive_control
sjogren_gland_epithelial	data/raw_v3/cell_state/sjogren_salivary.h5ad	Sjogren syndrome	salivary gland epithelial	tissue_resident	SCARB1	True	surface_phagocytic_lipid_receptor
sjogren_gland_epithelial	data/raw_v3/cell_state/sjogren_salivary.h5ad	Sjogren syndrome	salivary gland epithelial	tissue_resident	SNX10	True	vesicle_sorting_trafficking
sjogren_gland_epithelial	data/raw_v3/cell_state/sjogren_salivary.h5ad	Sjogren syndrome	salivary gland epithelial	tissue_resident	SNX2	True	vesicle_sorting_trafficking
sjogren_gland_epithelial	data/raw_v3/cell_state/sjogren_salivary.h5ad	Sjogren syndrome	salivary gland epithelial	tissue_resident	SNX3	True	vesicle_sorting_trafficking
sjogren_gland_epithelial	data/raw_v3/cell_state/sjogren_salivary.h5ad	Sjogren syndrome	salivary gland epithelial	tissue_resident	SNX5	True	vesicle_sorting_trafficking
sjogren_gland_epithelial	data/raw_v3/cell_state/sjogren_salivary.h5ad	Sjogren syndrome	salivary gland epithelial	tissue_resident	SNX6	True	vesicle_sorting_trafficking
sjogren_gland_epithelial	data/raw_v3/cell_state/sjogren_salivary.h5ad	Sjogren syndrome	salivary gland epithelial	tissue_resident	SORT1	True	vesicle_sorting_trafficking
sjogren_gland_epithelial	data/raw_v3/cell_state/sjogren_salivary.h5ad	Sjogren syndrome	salivary gland epithelial	tissue_resident	SPP1	True	myeloid_marker_control
sjogren_gland_epithelial	data/raw_v3/cell_state/sjogren_salivary.h5ad	Sjogren syndrome	salivary gland epithelial	tissue_resident	TPP1	True	lysosome_membrane_or_lipid
sjogren_gland_epithelial	data/raw_v3/cell_state/sjogren_salivary.h5ad	Sjogren syndrome	salivary gland epithelial	tissue_resident	TREM2	True	surface_phagocytic_lipid_receptor
sjogren_gland_epithelial	data/raw_v3/cell_state/sjogren_salivary.h5ad	Sjogren syndrome	salivary gland epithelial	tissue_resident	TYROBP	True	surface_phagocytic_lipid_receptor
sjogren_gland_epithelial	data/raw_v3/cell_state/sjogren_salivary.h5ad	Sjogren syndrome	salivary gland epithelial	tissue_resident	VAMP3	True	vesicle_sorting_trafficking
sjogren_gland_epithelial	data/raw_v3/cell_state/sjogren_salivary.h5ad	Sjogren syndrome	salivary gland epithelial	tissue_resident	VAMP7	True	vesicle_sorting_trafficking
sjogren_gland_epithelial	data/raw_v3/cell_state/sjogren_salivary.h5ad	Sjogren syndrome	salivary gland epithelial	tissue_resident	VAMP8	True	vesicle_sorting_trafficking
sjogren_gland_stromal	data/raw_v3/cell_state/sjogren_salivary.h5ad	Sjogren syndrome	salivary gland stromal/endothelial	tissue_resident	AP2A1	True	vesicle_sorting_trafficking
sjogren_gland_stromal	data/raw_v3/cell_state/sjogren_salivary.h5ad	Sjogren syndrome	salivary gland stromal/endothelial	tissue_resident	AP2M1	True	vesicle_sorting_trafficking
sjogren_gland_stromal	data/raw_v3/cell_state/sjogren_salivary.h5ad	Sjogren syndrome	salivary gland stromal/endothelial	tissue_resident	APOE	True	myeloid_marker_control
sjogren_gland_stromal	data/raw_v3/cell_state/sjogren_salivary.h5ad	Sjogren syndrome	salivary gland stromal/endothelial	tissue_resident	AXL	True	surface_phagocytic_lipid_receptor
sjogren_gland_stromal	data/raw_v3/cell_state/sjogren_salivary.h5ad	Sjogren syndrome	salivary gland stromal/endothelial	tissue_resident	C1QA	True	surface_uptake_fc_complement
sjogren_gland_stromal	data/raw_v3/cell_state/sjogren_salivary.h5ad	Sjogren syndrome	salivary gland stromal/endothelial	tissue_resident	C1QB	True	surface_uptake_fc_complement
sjogren_gland_stromal	data/raw_v3/cell_state/sjogren_salivary.h5ad	Sjogren syndrome	salivary gland stromal/endothelial	tissue_resident	C1QC	True	surface_uptake_fc_complement
sjogren_gland_stromal	data/raw_v3/cell_state/sjogren_salivary.h5ad	Sjogren syndrome	salivary gland stromal/endothelial	tissue_resident	CD36	True	surface_phagocytic_lipid_receptor
sjogren_gland_stromal	data/raw_v3/cell_state/sjogren_salivary.h5ad	Sjogren syndrome	salivary gland stromal/endothelial	tissue_resident	CD63	True	lysosome_membrane_or_lipid
sjogren_gland_stromal	data/raw_v3/cell_state/sjogren_salivary.h5ad	Sjogren syndrome	salivary gland stromal/endothelial	tissue_resident	CD68	True	surface_phagocytic_lipid_receptor
sjogren_gland_stromal	data/raw_v3/cell_state/sjogren_salivary.h5ad	Sjogren syndrome	salivary gland stromal/endothelial	tissue_resident	CD74	True	state_positive_control
sjogren_gland_stromal	data/raw_v3/cell_state/sjogren_salivary.h5ad	Sjogren syndrome	salivary gland stromal/endothelial	tissue_resident	CIITA	True	state_positive_control
sjogren_gland_stromal	data/raw_v3/cell_state/sjogren_salivary.h5ad	Sjogren syndrome	salivary gland stromal/endothelial	tissue_resident	CLEC7A	True	surface_phagocytic_lipid_receptor
sjogren_gland_stromal	data/raw_v3/cell_state/sjogren_salivary.h5ad	Sjogren syndrome	salivary gland stromal/endothelial	tissue_resident	CLTC	True	vesicle_sorting_trafficking
sjogren_gland_stromal	data/raw_v3/cell_state/sjogren_salivary.h5ad	Sjogren syndrome	salivary gland stromal/endothelial	tissue_resident	CST3	True	myeloid_marker_control
sjogren_gland_stromal	data/raw_v3/cell_state/sjogren_salivary.h5ad	Sjogren syndrome	salivary gland stromal/endothelial	tissue_resident	CTSB	True	cathepsin_protease
sjogren_gland_stromal	data/raw_v3/cell_state/sjogren_salivary.h5ad	Sjogren syndrome	salivary gland stromal/endothelial	tissue_resident	CTSD	True	cathepsin_protease
sjogren_gland_stromal	data/raw_v3/cell_state/sjogren_salivary.h5ad	Sjogren syndrome	salivary gland stromal/endothelial	tissue_resident	CTSH	True	cathepsin_protease
sjogren_gland_stromal	data/raw_v3/cell_state/sjogren_salivary.h5ad	Sjogren syndrome	salivary gland stromal/endothelial	tissue_resident	CTSK	True	cathepsin_protease
sjogren_gland_stromal	data/raw_v3/cell_state/sjogren_salivary.h5ad	Sjogren syndrome	salivary gland stromal/endothelial	tissue_resident	CTSL	True	cathepsin_protease
sjogren_gland_stromal	data/raw_v3/cell_state/sjogren_salivary.h5ad	Sjogren syndrome	salivary gland stromal/endothelial	tissue_resident	CTSS	True	cathepsin_protease
sjogren_gland_stromal	data/raw_v3/cell_state/sjogren_salivary.h5ad	Sjogren syndrome	salivary gland stromal/endothelial	tissue_resident	CTSZ	True	cathepsin_protease
sjogren_gland_stromal	data/raw_v3/cell_state/sjogren_salivary.h5ad	Sjogren syndrome	salivary gland stromal/endothelial	tissue_resident	FCER1G	True	surface_uptake_fc_complement
sjogren_gland_stromal	data/raw_v3/cell_state/sjogren_salivary.h5ad	Sjogren syndrome	salivary gland stromal/endothelial	tissue_resident	FCGR2A	True	surface_uptake_fc_complement
sjogren_gland_stromal	data/raw_v3/cell_state/sjogren_salivary.h5ad	Sjogren syndrome	salivary gland stromal/endothelial	tissue_resident	FCGR3A	True	surface_uptake_fc_complement
sjogren_gland_stromal	data/raw_v3/cell_state/sjogren_salivary.h5ad	Sjogren syndrome	salivary gland stromal/endothelial	tissue_resident	GNPTAB	True	glycosylation_mannose6p
sjogren_gland_stromal	data/raw_v3/cell_state/sjogren_salivary.h5ad	Sjogren syndrome	salivary gland stromal/endothelial	tissue_resident	GNPTG	True	glycosylation_mannose6p
sjogren_gland_stromal	data/raw_v3/cell_state/sjogren_salivary.h5ad	Sjogren syndrome	salivary gland stromal/endothelial	tissue_resident	GPNMB	True	myeloid_marker_control
sjogren_gland_stromal	data/raw_v3/cell_state/sjogren_salivary.h5ad	Sjogren syndrome	salivary gland stromal/endothelial	tissue_resident	HLA-DMA	True	hla_chaperone_loading
sjogren_gland_stromal	data/raw_v3/cell_state/sjogren_salivary.h5ad	Sjogren syndrome	salivary gland stromal/endothelial	tissue_resident	HLA-DMB	True	hla_chaperone_loading
sjogren_gland_stromal	data/raw_v3/cell_state/sjogren_salivary.h5ad	Sjogren syndrome	salivary gland stromal/endothelial	tissue_resident	HLA-DOA	True	hla_chaperone_loading
sjogren_gland_stromal	data/raw_v3/cell_state/sjogren_salivary.h5ad	Sjogren syndrome	salivary gland stromal/endothelial	tissue_resident	HLA-DOB	True	hla_chaperone_loading
sjogren_gland_stromal	data/raw_v3/cell_state/sjogren_salivary.h5ad	Sjogren syndrome	salivary gland stromal/endothelial	tissue_resident	HLA-DPA1	True	state_positive_control
sjogren_gland_stromal	data/raw_v3/cell_state/sjogren_salivary.h5ad	Sjogren syndrome	salivary gland stromal/endothelial	tissue_resident	HLA-DPB1	True	state_positive_control
sjogren_gland_stromal	data/raw_v3/cell_state/sjogren_salivary.h5ad	Sjogren syndrome	salivary gland stromal/endothelial	tissue_resident	HLA-DRA	True	state_positive_control
sjogren_gland_stromal	data/raw_v3/cell_state/sjogren_salivary.h5ad	Sjogren syndrome	salivary gland stromal/endothelial	tissue_resident	HLA-DRB1	True	state_positive_control
sjogren_gland_stromal	data/raw_v3/cell_state/sjogren_salivary.h5ad	Sjogren syndrome	salivary gland stromal/endothelial	tissue_resident	IFI30	True	lysosomal_thiol_reductase
sjogren_gland_stromal	data/raw_v3/cell_state/sjogren_salivary.h5ad	Sjogren syndrome	salivary gland stromal/endothelial	tissue_resident	IGF2R	True	glycosylation_mannose6p
sjogren_gland_stromal	data/raw_v3/cell_state/sjogren_salivary.h5ad	Sjogren syndrome	salivary gland stromal/endothelial	tissue_resident	ITGAM	True	surface_phagocytic_lipid_receptor
sjogren_gland_stromal	data/raw_v3/cell_state/sjogren_salivary.h5ad	Sjogren syndrome	salivary gland stromal/endothelial	tissue_resident	ITGAX	True	surface_phagocytic_lipid_receptor
sjogren_gland_stromal	data/raw_v3/cell_state/sjogren_salivary.h5ad	Sjogren syndrome	salivary gland stromal/endothelial	tissue_resident	LAMP1	True	lysosome_membrane_or_lipid
sjogren_gland_stromal	data/raw_v3/cell_state/sjogren_salivary.h5ad	Sjogren syndrome	salivary gland stromal/endothelial	tissue_resident	LAMP2	True	lysosome_membrane_or_lipid
sjogren_gland_stromal	data/raw_v3/cell_state/sjogren_salivary.h5ad	Sjogren syndrome	salivary gland stromal/endothelial	tissue_resident	LAMP3	True	lysosome_membrane_or_lipid
sjogren_gland_stromal	data/raw_v3/cell_state/sjogren_salivary.h5ad	Sjogren syndrome	salivary gland stromal/endothelial	tissue_resident	LAPTM5	True	lysosome_membrane_or_lipid
sjogren_gland_stromal	data/raw_v3/cell_state/sjogren_salivary.h5ad	Sjogren syndrome	salivary gland stromal/endothelial	tissue_resident	LGALS3	True	galectin_glycan_checkpoint
sjogren_gland_stromal	data/raw_v3/cell_state/sjogren_salivary.h5ad	Sjogren syndrome	salivary gland stromal/endothelial	tissue_resident	LGALS9	True	galectin_glycan_checkpoint
sjogren_gland_stromal	data/raw_v3/cell_state/sjogren_salivary.h5ad	Sjogren syndrome	salivary gland stromal/endothelial	tissue_resident	LIPA	True	lysosome_membrane_or_lipid
sjogren_gland_stromal	data/raw_v3/cell_state/sjogren_salivary.h5ad	Sjogren syndrome	salivary gland stromal/endothelial	tissue_resident	LRP1	True	surface_phagocytic_lipid_receptor
sjogren_gland_stromal	data/raw_v3/cell_state/sjogren_salivary.h5ad	Sjogren syndrome	salivary gland stromal/endothelial	tissue_resident	LST1	True	myeloid_marker_control
sjogren_gland_stromal	data/raw_v3/cell_state/sjogren_salivary.h5ad	Sjogren syndrome	salivary gland stromal/endothelial	tissue_resident	LYZ	True	myeloid_marker_control
sjogren_gland_stromal	data/raw_v3/cell_state/sjogren_salivary.h5ad	Sjogren syndrome	salivary gland stromal/endothelial	tissue_resident	M6PR	True	glycosylation_mannose6p
sjogren_gland_stromal	data/raw_v3/cell_state/sjogren_salivary.h5ad	Sjogren syndrome	salivary gland stromal/endothelial	tissue_resident	MERTK	True	surface_phagocytic_lipid_receptor
sjogren_gland_stromal	data/raw_v3/cell_state/sjogren_salivary.h5ad	Sjogren syndrome	salivary gland stromal/endothelial	tissue_resident	MRC1	True	surface_phagocytic_lipid_receptor
sjogren_gland_stromal	data/raw_v3/cell_state/sjogren_salivary.h5ad	Sjogren syndrome	salivary gland stromal/endothelial	tissue_resident	MSR1	True	surface_phagocytic_lipid_receptor
sjogren_gland_stromal	data/raw_v3/cell_state/sjogren_salivary.h5ad	Sjogren syndrome	salivary gland stromal/endothelial	tissue_resident	NPC1	True	lysosome_membrane_or_lipid
sjogren_gland_stromal	data/raw_v3/cell_state/sjogren_salivary.h5ad	Sjogren syndrome	salivary gland stromal/endothelial	tissue_resident	NPC2	True	lysosome_membrane_or_lipid
sjogren_gland_stromal	data/raw_v3/cell_state/sjogren_salivary.h5ad	Sjogren syndrome	salivary gland stromal/endothelial	tissue_resident	RAB11A	True	vesicle_sorting_trafficking
sjogren_gland_stromal	data/raw_v3/cell_state/sjogren_salivary.h5ad	Sjogren syndrome	salivary gland stromal/endothelial	tissue_resident	RAB27A	True	vesicle_sorting_trafficking
sjogren_gland_stromal	data/raw_v3/cell_state/sjogren_salivary.h5ad	Sjogren syndrome	salivary gland stromal/endothelial	tissue_resident	RAB32	True	vesicle_sorting_trafficking
sjogren_gland_stromal	data/raw_v3/cell_state/sjogren_salivary.h5ad	Sjogren syndrome	salivary gland stromal/endothelial	tissue_resident	RAB5A	True	vesicle_sorting_trafficking
sjogren_gland_stromal	data/raw_v3/cell_state/sjogren_salivary.h5ad	Sjogren syndrome	salivary gland stromal/endothelial	tissue_resident	RAB7A	True	vesicle_sorting_trafficking
sjogren_gland_stromal	data/raw_v3/cell_state/sjogren_salivary.h5ad	Sjogren syndrome	salivary gland stromal/endothelial	tissue_resident	RAB7B	True	vesicle_sorting_trafficking
sjogren_gland_stromal	data/raw_v3/cell_state/sjogren_salivary.h5ad	Sjogren syndrome	salivary gland stromal/endothelial	tissue_resident	RAB9A	True	vesicle_sorting_trafficking
sjogren_gland_stromal	data/raw_v3/cell_state/sjogren_salivary.h5ad	Sjogren syndrome	salivary gland stromal/endothelial	tissue_resident	RFX5	True	state_positive_control
sjogren_gland_stromal	data/raw_v3/cell_state/sjogren_salivary.h5ad	Sjogren syndrome	salivary gland stromal/endothelial	tissue_resident	SCARB1	True	surface_phagocytic_lipid_receptor
sjogren_gland_stromal	data/raw_v3/cell_state/sjogren_salivary.h5ad	Sjogren syndrome	salivary gland stromal/endothelial	tissue_resident	SNX10	True	vesicle_sorting_trafficking
sjogren_gland_stromal	data/raw_v3/cell_state/sjogren_salivary.h5ad	Sjogren syndrome	salivary gland stromal/endothelial	tissue_resident	SNX2	True	vesicle_sorting_trafficking
sjogren_gland_stromal	data/raw_v3/cell_state/sjogren_salivary.h5ad	Sjogren syndrome	salivary gland stromal/endothelial	tissue_resident	SNX3	True	vesicle_sorting_trafficking
sjogren_gland_stromal	data/raw_v3/cell_state/sjogren_salivary.h5ad	Sjogren syndrome	salivary gland stromal/endothelial	tissue_resident	SNX5	True	vesicle_sorting_trafficking
sjogren_gland_stromal	data/raw_v3/cell_state/sjogren_salivary.h5ad	Sjogren syndrome	salivary gland stromal/endothelial	tissue_resident	SNX6	True	vesicle_sorting_trafficking
sjogren_gland_stromal	data/raw_v3/cell_state/sjogren_salivary.h5ad	Sjogren syndrome	salivary gland stromal/endothelial	tissue_resident	SORT1	True	vesicle_sorting_trafficking
sjogren_gland_stromal	data/raw_v3/cell_state/sjogren_salivary.h5ad	Sjogren syndrome	salivary gland stromal/endothelial	tissue_resident	SPP1	True	myeloid_marker_control
sjogren_gland_stromal	data/raw_v3/cell_state/sjogren_salivary.h5ad	Sjogren syndrome	salivary gland stromal/endothelial	tissue_resident	TPP1	True	lysosome_membrane_or_lipid
sjogren_gland_stromal	data/raw_v3/cell_state/sjogren_salivary.h5ad	Sjogren syndrome	salivary gland stromal/endothelial	tissue_resident	TREM2	True	surface_phagocytic_lipid_receptor
sjogren_gland_stromal	data/raw_v3/cell_state/sjogren_salivary.h5ad	Sjogren syndrome	salivary gland stromal/endothelial	tissue_resident	TYROBP	True	surface_phagocytic_lipid_receptor
sjogren_gland_stromal	data/raw_v3/cell_state/sjogren_salivary.h5ad	Sjogren syndrome	salivary gland stromal/endothelial	tissue_resident	VAMP3	True	vesicle_sorting_trafficking
sjogren_gland_stromal	data/raw_v3/cell_state/sjogren_salivary.h5ad	Sjogren syndrome	salivary gland stromal/endothelial	tissue_resident	VAMP7	True	vesicle_sorting_trafficking
sjogren_gland_stromal	data/raw_v3/cell_state/sjogren_salivary.h5ad	Sjogren syndrome	salivary gland stromal/endothelial	tissue_resident	VAMP8	True	vesicle_sorting_trafficking
ra_blood_myeloid	data/raw_v3/cell_state/ra_binvignat_blood.h5ad	rheumatoid arthritis	blood myeloid/APC	myeloid_apc	AP2A1	True	vesicle_sorting_trafficking
ra_blood_myeloid	data/raw_v3/cell_state/ra_binvignat_blood.h5ad	rheumatoid arthritis	blood myeloid/APC	myeloid_apc	AP2M1	True	vesicle_sorting_trafficking
ra_blood_myeloid	data/raw_v3/cell_state/ra_binvignat_blood.h5ad	rheumatoid arthritis	blood myeloid/APC	myeloid_apc	APOE	True	myeloid_marker_control
ra_blood_myeloid	data/raw_v3/cell_state/ra_binvignat_blood.h5ad	rheumatoid arthritis	blood myeloid/APC	myeloid_apc	AXL	True	surface_phagocytic_lipid_receptor
ra_blood_myeloid	data/raw_v3/cell_state/ra_binvignat_blood.h5ad	rheumatoid arthritis	blood myeloid/APC	myeloid_apc	C1QA	True	surface_uptake_fc_complement
ra_blood_myeloid	data/raw_v3/cell_state/ra_binvignat_blood.h5ad	rheumatoid arthritis	blood myeloid/APC	myeloid_apc	C1QB	True	surface_uptake_fc_complement
ra_blood_myeloid	data/raw_v3/cell_state/ra_binvignat_blood.h5ad	rheumatoid arthritis	blood myeloid/APC	myeloid_apc	C1QC	True	surface_uptake_fc_complement
ra_blood_myeloid	data/raw_v3/cell_state/ra_binvignat_blood.h5ad	rheumatoid arthritis	blood myeloid/APC	myeloid_apc	CD36	True	surface_phagocytic_lipid_receptor
ra_blood_myeloid	data/raw_v3/cell_state/ra_binvignat_blood.h5ad	rheumatoid arthritis	blood myeloid/APC	myeloid_apc	CD63	True	lysosome_membrane_or_lipid
ra_blood_myeloid	data/raw_v3/cell_state/ra_binvignat_blood.h5ad	rheumatoid arthritis	blood myeloid/APC	myeloid_apc	CD68	True	surface_phagocytic_lipid_receptor
ra_blood_myeloid	data/raw_v3/cell_state/ra_binvignat_blood.h5ad	rheumatoid arthritis	blood myeloid/APC	myeloid_apc	CD74	True	state_positive_control
ra_blood_myeloid	data/raw_v3/cell_state/ra_binvignat_blood.h5ad	rheumatoid arthritis	blood myeloid/APC	myeloid_apc	CIITA	True	state_positive_control
ra_blood_myeloid	data/raw_v3/cell_state/ra_binvignat_blood.h5ad	rheumatoid arthritis	blood myeloid/APC	myeloid_apc	CLEC7A	True	surface_phagocytic_lipid_receptor
ra_blood_myeloid	data/raw_v3/cell_state/ra_binvignat_blood.h5ad	rheumatoid arthritis	blood myeloid/APC	myeloid_apc	CLTC	True	vesicle_sorting_trafficking
ra_blood_myeloid	data/raw_v3/cell_state/ra_binvignat_blood.h5ad	rheumatoid arthritis	blood myeloid/APC	myeloid_apc	CST3	True	myeloid_marker_control
ra_blood_myeloid	data/raw_v3/cell_state/ra_binvignat_blood.h5ad	rheumatoid arthritis	blood myeloid/APC	myeloid_apc	CTSB	True	cathepsin_protease
ra_blood_myeloid	data/raw_v3/cell_state/ra_binvignat_blood.h5ad	rheumatoid arthritis	blood myeloid/APC	myeloid_apc	CTSD	True	cathepsin_protease
ra_blood_myeloid	data/raw_v3/cell_state/ra_binvignat_blood.h5ad	rheumatoid arthritis	blood myeloid/APC	myeloid_apc	CTSH	True	cathepsin_protease
ra_blood_myeloid	data/raw_v3/cell_state/ra_binvignat_blood.h5ad	rheumatoid arthritis	blood myeloid/APC	myeloid_apc	CTSK	True	cathepsin_protease
ra_blood_myeloid	data/raw_v3/cell_state/ra_binvignat_blood.h5ad	rheumatoid arthritis	blood myeloid/APC	myeloid_apc	CTSL	True	cathepsin_protease
ra_blood_myeloid	data/raw_v3/cell_state/ra_binvignat_blood.h5ad	rheumatoid arthritis	blood myeloid/APC	myeloid_apc	CTSS	True	cathepsin_protease
ra_blood_myeloid	data/raw_v3/cell_state/ra_binvignat_blood.h5ad	rheumatoid arthritis	blood myeloid/APC	myeloid_apc	CTSZ	True	cathepsin_protease
ra_blood_myeloid	data/raw_v3/cell_state/ra_binvignat_blood.h5ad	rheumatoid arthritis	blood myeloid/APC	myeloid_apc	FCER1G	True	surface_uptake_fc_complement
ra_blood_myeloid	data/raw_v3/cell_state/ra_binvignat_blood.h5ad	rheumatoid arthritis	blood myeloid/APC	myeloid_apc	FCGR2A	True	surface_uptake_fc_complement
ra_blood_myeloid	data/raw_v3/cell_state/ra_binvignat_blood.h5ad	rheumatoid arthritis	blood myeloid/APC	myeloid_apc	FCGR3A	True	surface_uptake_fc_complement
ra_blood_myeloid	data/raw_v3/cell_state/ra_binvignat_blood.h5ad	rheumatoid arthritis	blood myeloid/APC	myeloid_apc	GNPTAB	True	glycosylation_mannose6p
ra_blood_myeloid	data/raw_v3/cell_state/ra_binvignat_blood.h5ad	rheumatoid arthritis	blood myeloid/APC	myeloid_apc	GNPTG	True	glycosylation_mannose6p
ra_blood_myeloid	data/raw_v3/cell_state/ra_binvignat_blood.h5ad	rheumatoid arthritis	blood myeloid/APC	myeloid_apc	GPNMB	True	myeloid_marker_control
ra_blood_myeloid	data/raw_v3/cell_state/ra_binvignat_blood.h5ad	rheumatoid arthritis	blood myeloid/APC	myeloid_apc	HLA-DMA	True	hla_chaperone_loading
ra_blood_myeloid	data/raw_v3/cell_state/ra_binvignat_blood.h5ad	rheumatoid arthritis	blood myeloid/APC	myeloid_apc	HLA-DMB	True	hla_chaperone_loading
ra_blood_myeloid	data/raw_v3/cell_state/ra_binvignat_blood.h5ad	rheumatoid arthritis	blood myeloid/APC	myeloid_apc	HLA-DOA	True	hla_chaperone_loading
ra_blood_myeloid	data/raw_v3/cell_state/ra_binvignat_blood.h5ad	rheumatoid arthritis	blood myeloid/APC	myeloid_apc	HLA-DOB	True	hla_chaperone_loading
ra_blood_myeloid	data/raw_v3/cell_state/ra_binvignat_blood.h5ad	rheumatoid arthritis	blood myeloid/APC	myeloid_apc	HLA-DPA1	True	state_positive_control
ra_blood_myeloid	data/raw_v3/cell_state/ra_binvignat_blood.h5ad	rheumatoid arthritis	blood myeloid/APC	myeloid_apc	HLA-DPB1	True	state_positive_control
ra_blood_myeloid	data/raw_v3/cell_state/ra_binvignat_blood.h5ad	rheumatoid arthritis	blood myeloid/APC	myeloid_apc	HLA-DRA	True	state_positive_control
ra_blood_myeloid	data/raw_v3/cell_state/ra_binvignat_blood.h5ad	rheumatoid arthritis	blood myeloid/APC	myeloid_apc	HLA-DRB1	True	state_positive_control
ra_blood_myeloid	data/raw_v3/cell_state/ra_binvignat_blood.h5ad	rheumatoid arthritis	blood myeloid/APC	myeloid_apc	IFI30	True	lysosomal_thiol_reductase
ra_blood_myeloid	data/raw_v3/cell_state/ra_binvignat_blood.h5ad	rheumatoid arthritis	blood myeloid/APC	myeloid_apc	IGF2R	True	glycosylation_mannose6p
ra_blood_myeloid	data/raw_v3/cell_state/ra_binvignat_blood.h5ad	rheumatoid arthritis	blood myeloid/APC	myeloid_apc	ITGAM	True	surface_phagocytic_lipid_receptor
ra_blood_myeloid	data/raw_v3/cell_state/ra_binvignat_blood.h5ad	rheumatoid arthritis	blood myeloid/APC	myeloid_apc	ITGAX	True	surface_phagocytic_lipid_receptor
ra_blood_myeloid	data/raw_v3/cell_state/ra_binvignat_blood.h5ad	rheumatoid arthritis	blood myeloid/APC	myeloid_apc	LAMP1	True	lysosome_membrane_or_lipid
ra_blood_myeloid	data/raw_v3/cell_state/ra_binvignat_blood.h5ad	rheumatoid arthritis	blood myeloid/APC	myeloid_apc	LAMP2	True	lysosome_membrane_or_lipid
ra_blood_myeloid	data/raw_v3/cell_state/ra_binvignat_blood.h5ad	rheumatoid arthritis	blood myeloid/APC	myeloid_apc	LAMP3	True	lysosome_membrane_or_lipid
ra_blood_myeloid	data/raw_v3/cell_state/ra_binvignat_blood.h5ad	rheumatoid arthritis	blood myeloid/APC	myeloid_apc	LAPTM5	True	lysosome_membrane_or_lipid
ra_blood_myeloid	data/raw_v3/cell_state/ra_binvignat_blood.h5ad	rheumatoid arthritis	blood myeloid/APC	myeloid_apc	LGALS3	True	galectin_glycan_checkpoint
ra_blood_myeloid	data/raw_v3/cell_state/ra_binvignat_blood.h5ad	rheumatoid arthritis	blood myeloid/APC	myeloid_apc	LGALS9	True	galectin_glycan_checkpoint
ra_blood_myeloid	data/raw_v3/cell_state/ra_binvignat_blood.h5ad	rheumatoid arthritis	blood myeloid/APC	myeloid_apc	LIPA	True	lysosome_membrane_or_lipid
ra_blood_myeloid	data/raw_v3/cell_state/ra_binvignat_blood.h5ad	rheumatoid arthritis	blood myeloid/APC	myeloid_apc	LRP1	True	surface_phagocytic_lipid_receptor
ra_blood_myeloid	data/raw_v3/cell_state/ra_binvignat_blood.h5ad	rheumatoid arthritis	blood myeloid/APC	myeloid_apc	LST1	True	myeloid_marker_control
ra_blood_myeloid	data/raw_v3/cell_state/ra_binvignat_blood.h5ad	rheumatoid arthritis	blood myeloid/APC	myeloid_apc	LYZ	True	myeloid_marker_control
ra_blood_myeloid	data/raw_v3/cell_state/ra_binvignat_blood.h5ad	rheumatoid arthritis	blood myeloid/APC	myeloid_apc	M6PR	True	glycosylation_mannose6p
ra_blood_myeloid	data/raw_v3/cell_state/ra_binvignat_blood.h5ad	rheumatoid arthritis	blood myeloid/APC	myeloid_apc	MERTK	True	surface_phagocytic_lipid_receptor
ra_blood_myeloid	data/raw_v3/cell_state/ra_binvignat_blood.h5ad	rheumatoid arthritis	blood myeloid/APC	myeloid_apc	MRC1	True	surface_phagocytic_lipid_receptor
ra_blood_myeloid	data/raw_v3/cell_state/ra_binvignat_blood.h5ad	rheumatoid arthritis	blood myeloid/APC	myeloid_apc	MSR1	True	surface_phagocytic_lipid_receptor
ra_blood_myeloid	data/raw_v3/cell_state/ra_binvignat_blood.h5ad	rheumatoid arthritis	blood myeloid/APC	myeloid_apc	NPC1	True	lysosome_membrane_or_lipid
ra_blood_myeloid	data/raw_v3/cell_state/ra_binvignat_blood.h5ad	rheumatoid arthritis	blood myeloid/APC	myeloid_apc	NPC2	True	lysosome_membrane_or_lipid
ra_blood_myeloid	data/raw_v3/cell_state/ra_binvignat_blood.h5ad	rheumatoid arthritis	blood myeloid/APC	myeloid_apc	RAB11A	True	vesicle_sorting_trafficking
ra_blood_myeloid	data/raw_v3/cell_state/ra_binvignat_blood.h5ad	rheumatoid arthritis	blood myeloid/APC	myeloid_apc	RAB27A	True	vesicle_sorting_trafficking
ra_blood_myeloid	data/raw_v3/cell_state/ra_binvignat_blood.h5ad	rheumatoid arthritis	blood myeloid/APC	myeloid_apc	RAB32	True	vesicle_sorting_trafficking
ra_blood_myeloid	data/raw_v3/cell_state/ra_binvignat_blood.h5ad	rheumatoid arthritis	blood myeloid/APC	myeloid_apc	RAB5A	True	vesicle_sorting_trafficking
ra_blood_myeloid	data/raw_v3/cell_state/ra_binvignat_blood.h5ad	rheumatoid arthritis	blood myeloid/APC	myeloid_apc	RAB7A	True	vesicle_sorting_trafficking
ra_blood_myeloid	data/raw_v3/cell_state/ra_binvignat_blood.h5ad	rheumatoid arthritis	blood myeloid/APC	myeloid_apc	RAB7B	True	vesicle_sorting_trafficking
ra_blood_myeloid	data/raw_v3/cell_state/ra_binvignat_blood.h5ad	rheumatoid arthritis	blood myeloid/APC	myeloid_apc	RAB9A	True	vesicle_sorting_trafficking
ra_blood_myeloid	data/raw_v3/cell_state/ra_binvignat_blood.h5ad	rheumatoid arthritis	blood myeloid/APC	myeloid_apc	RFX5	True	state_positive_control
ra_blood_myeloid	data/raw_v3/cell_state/ra_binvignat_blood.h5ad	rheumatoid arthritis	blood myeloid/APC	myeloid_apc	SCARB1	True	surface_phagocytic_lipid_receptor
ra_blood_myeloid	data/raw_v3/cell_state/ra_binvignat_blood.h5ad	rheumatoid arthritis	blood myeloid/APC	myeloid_apc	SNX10	True	vesicle_sorting_trafficking
ra_blood_myeloid	data/raw_v3/cell_state/ra_binvignat_blood.h5ad	rheumatoid arthritis	blood myeloid/APC	myeloid_apc	SNX2	True	vesicle_sorting_trafficking
ra_blood_myeloid	data/raw_v3/cell_state/ra_binvignat_blood.h5ad	rheumatoid arthritis	blood myeloid/APC	myeloid_apc	SNX3	True	vesicle_sorting_trafficking
ra_blood_myeloid	data/raw_v3/cell_state/ra_binvignat_blood.h5ad	rheumatoid arthritis	blood myeloid/APC	myeloid_apc	SNX5	True	vesicle_sorting_trafficking
ra_blood_myeloid	data/raw_v3/cell_state/ra_binvignat_blood.h5ad	rheumatoid arthritis	blood myeloid/APC	myeloid_apc	SNX6	True	vesicle_sorting_trafficking
ra_blood_myeloid	data/raw_v3/cell_state/ra_binvignat_blood.h5ad	rheumatoid arthritis	blood myeloid/APC	myeloid_apc	SORT1	True	vesicle_sorting_trafficking
ra_blood_myeloid	data/raw_v3/cell_state/ra_binvignat_blood.h5ad	rheumatoid arthritis	blood myeloid/APC	myeloid_apc	SPP1	True	myeloid_marker_control
ra_blood_myeloid	data/raw_v3/cell_state/ra_binvignat_blood.h5ad	rheumatoid arthritis	blood myeloid/APC	myeloid_apc	TPP1	True	lysosome_membrane_or_lipid
ra_blood_myeloid	data/raw_v3/cell_state/ra_binvignat_blood.h5ad	rheumatoid arthritis	blood myeloid/APC	myeloid_apc	TREM2	True	surface_phagocytic_lipid_receptor
ra_blood_myeloid	data/raw_v3/cell_state/ra_binvignat_blood.h5ad	rheumatoid arthritis	blood myeloid/APC	myeloid_apc	TYROBP	True	surface_phagocytic_lipid_receptor
ra_blood_myeloid	data/raw_v3/cell_state/ra_binvignat_blood.h5ad	rheumatoid arthritis	blood myeloid/APC	myeloid_apc	VAMP3	True	vesicle_sorting_trafficking
ra_blood_myeloid	data/raw_v3/cell_state/ra_binvignat_blood.h5ad	rheumatoid arthritis	blood myeloid/APC	myeloid_apc	VAMP7	True	vesicle_sorting_trafficking
ra_blood_myeloid	data/raw_v3/cell_state/ra_binvignat_blood.h5ad	rheumatoid arthritis	blood myeloid/APC	myeloid_apc	VAMP8	True	vesicle_sorting_trafficking
t1d_beta_cell	data/raw_v3/cell_state/t1d_hpap_islet.h5ad	type 1 diabetes mellitus	pancreatic beta cell	tissue_resident	AP2A1	True	vesicle_sorting_trafficking
t1d_beta_cell	data/raw_v3/cell_state/t1d_hpap_islet.h5ad	type 1 diabetes mellitus	pancreatic beta cell	tissue_resident	AP2M1	True	vesicle_sorting_trafficking
t1d_beta_cell	data/raw_v3/cell_state/t1d_hpap_islet.h5ad	type 1 diabetes mellitus	pancreatic beta cell	tissue_resident	APOE	True	myeloid_marker_control
t1d_beta_cell	data/raw_v3/cell_state/t1d_hpap_islet.h5ad	type 1 diabetes mellitus	pancreatic beta cell	tissue_resident	AXL	True	surface_phagocytic_lipid_receptor
t1d_beta_cell	data/raw_v3/cell_state/t1d_hpap_islet.h5ad	type 1 diabetes mellitus	pancreatic beta cell	tissue_resident	C1QA	True	surface_uptake_fc_complement
t1d_beta_cell	data/raw_v3/cell_state/t1d_hpap_islet.h5ad	type 1 diabetes mellitus	pancreatic beta cell	tissue_resident	C1QB	True	surface_uptake_fc_complement
t1d_beta_cell	data/raw_v3/cell_state/t1d_hpap_islet.h5ad	type 1 diabetes mellitus	pancreatic beta cell	tissue_resident	C1QC	True	surface_uptake_fc_complement
t1d_beta_cell	data/raw_v3/cell_state/t1d_hpap_islet.h5ad	type 1 diabetes mellitus	pancreatic beta cell	tissue_resident	CD36	True	surface_phagocytic_lipid_receptor
t1d_beta_cell	data/raw_v3/cell_state/t1d_hpap_islet.h5ad	type 1 diabetes mellitus	pancreatic beta cell	tissue_resident	CD63	True	lysosome_membrane_or_lipid
t1d_beta_cell	data/raw_v3/cell_state/t1d_hpap_islet.h5ad	type 1 diabetes mellitus	pancreatic beta cell	tissue_resident	CD68	True	surface_phagocytic_lipid_receptor
t1d_beta_cell	data/raw_v3/cell_state/t1d_hpap_islet.h5ad	type 1 diabetes mellitus	pancreatic beta cell	tissue_resident	CD74	True	state_positive_control
t1d_beta_cell	data/raw_v3/cell_state/t1d_hpap_islet.h5ad	type 1 diabetes mellitus	pancreatic beta cell	tissue_resident	CIITA	True	state_positive_control
t1d_beta_cell	data/raw_v3/cell_state/t1d_hpap_islet.h5ad	type 1 diabetes mellitus	pancreatic beta cell	tissue_resident	CLEC7A	True	surface_phagocytic_lipid_receptor
t1d_beta_cell	data/raw_v3/cell_state/t1d_hpap_islet.h5ad	type 1 diabetes mellitus	pancreatic beta cell	tissue_resident	CLTC	True	vesicle_sorting_trafficking
t1d_beta_cell	data/raw_v3/cell_state/t1d_hpap_islet.h5ad	type 1 diabetes mellitus	pancreatic beta cell	tissue_resident	CST3	True	myeloid_marker_control
t1d_beta_cell	data/raw_v3/cell_state/t1d_hpap_islet.h5ad	type 1 diabetes mellitus	pancreatic beta cell	tissue_resident	CTSB	True	cathepsin_protease
t1d_beta_cell	data/raw_v3/cell_state/t1d_hpap_islet.h5ad	type 1 diabetes mellitus	pancreatic beta cell	tissue_resident	CTSD	True	cathepsin_protease
t1d_beta_cell	data/raw_v3/cell_state/t1d_hpap_islet.h5ad	type 1 diabetes mellitus	pancreatic beta cell	tissue_resident	CTSH	True	cathepsin_protease
t1d_beta_cell	data/raw_v3/cell_state/t1d_hpap_islet.h5ad	type 1 diabetes mellitus	pancreatic beta cell	tissue_resident	CTSK	True	cathepsin_protease
t1d_beta_cell	data/raw_v3/cell_state/t1d_hpap_islet.h5ad	type 1 diabetes mellitus	pancreatic beta cell	tissue_resident	CTSL	True	cathepsin_protease
t1d_beta_cell	data/raw_v3/cell_state/t1d_hpap_islet.h5ad	type 1 diabetes mellitus	pancreatic beta cell	tissue_resident	CTSS	True	cathepsin_protease
t1d_beta_cell	data/raw_v3/cell_state/t1d_hpap_islet.h5ad	type 1 diabetes mellitus	pancreatic beta cell	tissue_resident	CTSZ	True	cathepsin_protease
t1d_beta_cell	data/raw_v3/cell_state/t1d_hpap_islet.h5ad	type 1 diabetes mellitus	pancreatic beta cell	tissue_resident	FCER1G	True	surface_uptake_fc_complement
t1d_beta_cell	data/raw_v3/cell_state/t1d_hpap_islet.h5ad	type 1 diabetes mellitus	pancreatic beta cell	tissue_resident	FCGR2A	True	surface_uptake_fc_complement
t1d_beta_cell	data/raw_v3/cell_state/t1d_hpap_islet.h5ad	type 1 diabetes mellitus	pancreatic beta cell	tissue_resident	FCGR3A	True	surface_uptake_fc_complement
t1d_beta_cell	data/raw_v3/cell_state/t1d_hpap_islet.h5ad	type 1 diabetes mellitus	pancreatic beta cell	tissue_resident	GNPTAB	True	glycosylation_mannose6p
t1d_beta_cell	data/raw_v3/cell_state/t1d_hpap_islet.h5ad	type 1 diabetes mellitus	pancreatic beta cell	tissue_resident	GNPTG	True	glycosylation_mannose6p
t1d_beta_cell	data/raw_v3/cell_state/t1d_hpap_islet.h5ad	type 1 diabetes mellitus	pancreatic beta cell	tissue_resident	GPNMB	True	myeloid_marker_control
t1d_beta_cell	data/raw_v3/cell_state/t1d_hpap_islet.h5ad	type 1 diabetes mellitus	pancreatic beta cell	tissue_resident	HLA-DMA	True	hla_chaperone_loading
t1d_beta_cell	data/raw_v3/cell_state/t1d_hpap_islet.h5ad	type 1 diabetes mellitus	pancreatic beta cell	tissue_resident	HLA-DMB	True	hla_chaperone_loading
t1d_beta_cell	data/raw_v3/cell_state/t1d_hpap_islet.h5ad	type 1 diabetes mellitus	pancreatic beta cell	tissue_resident	HLA-DOA	True	hla_chaperone_loading
t1d_beta_cell	data/raw_v3/cell_state/t1d_hpap_islet.h5ad	type 1 diabetes mellitus	pancreatic beta cell	tissue_resident	HLA-DOB	True	hla_chaperone_loading
t1d_beta_cell	data/raw_v3/cell_state/t1d_hpap_islet.h5ad	type 1 diabetes mellitus	pancreatic beta cell	tissue_resident	HLA-DPA1	True	state_positive_control
t1d_beta_cell	data/raw_v3/cell_state/t1d_hpap_islet.h5ad	type 1 diabetes mellitus	pancreatic beta cell	tissue_resident	HLA-DPB1	True	state_positive_control
t1d_beta_cell	data/raw_v3/cell_state/t1d_hpap_islet.h5ad	type 1 diabetes mellitus	pancreatic beta cell	tissue_resident	HLA-DRA	True	state_positive_control
t1d_beta_cell	data/raw_v3/cell_state/t1d_hpap_islet.h5ad	type 1 diabetes mellitus	pancreatic beta cell	tissue_resident	HLA-DRB1	True	state_positive_control
t1d_beta_cell	data/raw_v3/cell_state/t1d_hpap_islet.h5ad	type 1 diabetes mellitus	pancreatic beta cell	tissue_resident	IFI30	True	lysosomal_thiol_reductase
t1d_beta_cell	data/raw_v3/cell_state/t1d_hpap_islet.h5ad	type 1 diabetes mellitus	pancreatic beta cell	tissue_resident	IGF2R	True	glycosylation_mannose6p
t1d_beta_cell	data/raw_v3/cell_state/t1d_hpap_islet.h5ad	type 1 diabetes mellitus	pancreatic beta cell	tissue_resident	ITGAM	True	surface_phagocytic_lipid_receptor
t1d_beta_cell	data/raw_v3/cell_state/t1d_hpap_islet.h5ad	type 1 diabetes mellitus	pancreatic beta cell	tissue_resident	ITGAX	True	surface_phagocytic_lipid_receptor
t1d_beta_cell	data/raw_v3/cell_state/t1d_hpap_islet.h5ad	type 1 diabetes mellitus	pancreatic beta cell	tissue_resident	LAMP1	True	lysosome_membrane_or_lipid
t1d_beta_cell	data/raw_v3/cell_state/t1d_hpap_islet.h5ad	type 1 diabetes mellitus	pancreatic beta cell	tissue_resident	LAMP2	True	lysosome_membrane_or_lipid
t1d_beta_cell	data/raw_v3/cell_state/t1d_hpap_islet.h5ad	type 1 diabetes mellitus	pancreatic beta cell	tissue_resident	LAMP3	True	lysosome_membrane_or_lipid
t1d_beta_cell	data/raw_v3/cell_state/t1d_hpap_islet.h5ad	type 1 diabetes mellitus	pancreatic beta cell	tissue_resident	LAPTM5	True	lysosome_membrane_or_lipid
t1d_beta_cell	data/raw_v3/cell_state/t1d_hpap_islet.h5ad	type 1 diabetes mellitus	pancreatic beta cell	tissue_resident	LGALS3	True	galectin_glycan_checkpoint
t1d_beta_cell	data/raw_v3/cell_state/t1d_hpap_islet.h5ad	type 1 diabetes mellitus	pancreatic beta cell	tissue_resident	LGALS9	True	galectin_glycan_checkpoint
t1d_beta_cell	data/raw_v3/cell_state/t1d_hpap_islet.h5ad	type 1 diabetes mellitus	pancreatic beta cell	tissue_resident	LIPA	True	lysosome_membrane_or_lipid
t1d_beta_cell	data/raw_v3/cell_state/t1d_hpap_islet.h5ad	type 1 diabetes mellitus	pancreatic beta cell	tissue_resident	LRP1	True	surface_phagocytic_lipid_receptor
t1d_beta_cell	data/raw_v3/cell_state/t1d_hpap_islet.h5ad	type 1 diabetes mellitus	pancreatic beta cell	tissue_resident	LST1	True	myeloid_marker_control
t1d_beta_cell	data/raw_v3/cell_state/t1d_hpap_islet.h5ad	type 1 diabetes mellitus	pancreatic beta cell	tissue_resident	LYZ	True	myeloid_marker_control
t1d_beta_cell	data/raw_v3/cell_state/t1d_hpap_islet.h5ad	type 1 diabetes mellitus	pancreatic beta cell	tissue_resident	M6PR	True	glycosylation_mannose6p
t1d_beta_cell	data/raw_v3/cell_state/t1d_hpap_islet.h5ad	type 1 diabetes mellitus	pancreatic beta cell	tissue_resident	MERTK	True	surface_phagocytic_lipid_receptor
t1d_beta_cell	data/raw_v3/cell_state/t1d_hpap_islet.h5ad	type 1 diabetes mellitus	pancreatic beta cell	tissue_resident	MRC1	True	surface_phagocytic_lipid_receptor
t1d_beta_cell	data/raw_v3/cell_state/t1d_hpap_islet.h5ad	type 1 diabetes mellitus	pancreatic beta cell	tissue_resident	MSR1	True	surface_phagocytic_lipid_receptor
t1d_beta_cell	data/raw_v3/cell_state/t1d_hpap_islet.h5ad	type 1 diabetes mellitus	pancreatic beta cell	tissue_resident	NPC1	True	lysosome_membrane_or_lipid
t1d_beta_cell	data/raw_v3/cell_state/t1d_hpap_islet.h5ad	type 1 diabetes mellitus	pancreatic beta cell	tissue_resident	NPC2	True	lysosome_membrane_or_lipid
t1d_beta_cell	data/raw_v3/cell_state/t1d_hpap_islet.h5ad	type 1 diabetes mellitus	pancreatic beta cell	tissue_resident	RAB11A	True	vesicle_sorting_trafficking
t1d_beta_cell	data/raw_v3/cell_state/t1d_hpap_islet.h5ad	type 1 diabetes mellitus	pancreatic beta cell	tissue_resident	RAB27A	True	vesicle_sorting_trafficking
t1d_beta_cell	data/raw_v3/cell_state/t1d_hpap_islet.h5ad	type 1 diabetes mellitus	pancreatic beta cell	tissue_resident	RAB32	True	vesicle_sorting_trafficking
t1d_beta_cell	data/raw_v3/cell_state/t1d_hpap_islet.h5ad	type 1 diabetes mellitus	pancreatic beta cell	tissue_resident	RAB5A	True	vesicle_sorting_trafficking
t1d_beta_cell	data/raw_v3/cell_state/t1d_hpap_islet.h5ad	type 1 diabetes mellitus	pancreatic beta cell	tissue_resident	RAB7A	True	vesicle_sorting_trafficking
t1d_beta_cell	data/raw_v3/cell_state/t1d_hpap_islet.h5ad	type 1 diabetes mellitus	pancreatic beta cell	tissue_resident	RAB7B	True	vesicle_sorting_trafficking
t1d_beta_cell	data/raw_v3/cell_state/t1d_hpap_islet.h5ad	type 1 diabetes mellitus	pancreatic beta cell	tissue_resident	RAB9A	True	vesicle_sorting_trafficking
t1d_beta_cell	data/raw_v3/cell_state/t1d_hpap_islet.h5ad	type 1 diabetes mellitus	pancreatic beta cell	tissue_resident	RFX5	True	state_positive_control
t1d_beta_cell	data/raw_v3/cell_state/t1d_hpap_islet.h5ad	type 1 diabetes mellitus	pancreatic beta cell	tissue_resident	SCARB1	True	surface_phagocytic_lipid_receptor
t1d_beta_cell	data/raw_v3/cell_state/t1d_hpap_islet.h5ad	type 1 diabetes mellitus	pancreatic beta cell	tissue_resident	SNX10	True	vesicle_sorting_trafficking
t1d_beta_cell	data/raw_v3/cell_state/t1d_hpap_islet.h5ad	type 1 diabetes mellitus	pancreatic beta cell	tissue_resident	SNX2	True	vesicle_sorting_trafficking
t1d_beta_cell	data/raw_v3/cell_state/t1d_hpap_islet.h5ad	type 1 diabetes mellitus	pancreatic beta cell	tissue_resident	SNX3	True	vesicle_sorting_trafficking
t1d_beta_cell	data/raw_v3/cell_state/t1d_hpap_islet.h5ad	type 1 diabetes mellitus	pancreatic beta cell	tissue_resident	SNX5	True	vesicle_sorting_trafficking
t1d_beta_cell	data/raw_v3/cell_state/t1d_hpap_islet.h5ad	type 1 diabetes mellitus	pancreatic beta cell	tissue_resident	SNX6	True	vesicle_sorting_trafficking
t1d_beta_cell	data/raw_v3/cell_state/t1d_hpap_islet.h5ad	type 1 diabetes mellitus	pancreatic beta cell	tissue_resident	SORT1	True	vesicle_sorting_trafficking
t1d_beta_cell	data/raw_v3/cell_state/t1d_hpap_islet.h5ad	type 1 diabetes mellitus	pancreatic beta cell	tissue_resident	SPP1	True	myeloid_marker_control
t1d_beta_cell	data/raw_v3/cell_state/t1d_hpap_islet.h5ad	type 1 diabetes mellitus	pancreatic beta cell	tissue_resident	TPP1	True	lysosome_membrane_or_lipid
t1d_beta_cell	data/raw_v3/cell_state/t1d_hpap_islet.h5ad	type 1 diabetes mellitus	pancreatic beta cell	tissue_resident	TREM2	True	surface_phagocytic_lipid_receptor
t1d_beta_cell	data/raw_v3/cell_state/t1d_hpap_islet.h5ad	type 1 diabetes mellitus	pancreatic beta cell	tissue_resident	TYROBP	True	surface_phagocytic_lipid_receptor
t1d_beta_cell	data/raw_v3/cell_state/t1d_hpap_islet.h5ad	type 1 diabetes mellitus	pancreatic beta cell	tissue_resident	VAMP3	True	vesicle_sorting_trafficking
t1d_beta_cell	data/raw_v3/cell_state/t1d_hpap_islet.h5ad	type 1 diabetes mellitus	pancreatic beta cell	tissue_resident	VAMP7	True	vesicle_sorting_trafficking
t1d_beta_cell	data/raw_v3/cell_state/t1d_hpap_islet.h5ad	type 1 diabetes mellitus	pancreatic beta cell	tissue_resident	VAMP8	True	vesicle_sorting_trafficking
t1d_ductal_cell	data/raw_v3/cell_state/t1d_hpap_islet.h5ad	type 1 diabetes mellitus	pancreatic ductal cell	tissue_resident	AP2A1	True	vesicle_sorting_trafficking
t1d_ductal_cell	data/raw_v3/cell_state/t1d_hpap_islet.h5ad	type 1 diabetes mellitus	pancreatic ductal cell	tissue_resident	AP2M1	True	vesicle_sorting_trafficking
t1d_ductal_cell	data/raw_v3/cell_state/t1d_hpap_islet.h5ad	type 1 diabetes mellitus	pancreatic ductal cell	tissue_resident	APOE	True	myeloid_marker_control
t1d_ductal_cell	data/raw_v3/cell_state/t1d_hpap_islet.h5ad	type 1 diabetes mellitus	pancreatic ductal cell	tissue_resident	AXL	True	surface_phagocytic_lipid_receptor
t1d_ductal_cell	data/raw_v3/cell_state/t1d_hpap_islet.h5ad	type 1 diabetes mellitus	pancreatic ductal cell	tissue_resident	C1QA	True	surface_uptake_fc_complement
t1d_ductal_cell	data/raw_v3/cell_state/t1d_hpap_islet.h5ad	type 1 diabetes mellitus	pancreatic ductal cell	tissue_resident	C1QB	True	surface_uptake_fc_complement
t1d_ductal_cell	data/raw_v3/cell_state/t1d_hpap_islet.h5ad	type 1 diabetes mellitus	pancreatic ductal cell	tissue_resident	C1QC	True	surface_uptake_fc_complement
t1d_ductal_cell	data/raw_v3/cell_state/t1d_hpap_islet.h5ad	type 1 diabetes mellitus	pancreatic ductal cell	tissue_resident	CD36	True	surface_phagocytic_lipid_receptor
t1d_ductal_cell	data/raw_v3/cell_state/t1d_hpap_islet.h5ad	type 1 diabetes mellitus	pancreatic ductal cell	tissue_resident	CD63	True	lysosome_membrane_or_lipid
t1d_ductal_cell	data/raw_v3/cell_state/t1d_hpap_islet.h5ad	type 1 diabetes mellitus	pancreatic ductal cell	tissue_resident	CD68	True	surface_phagocytic_lipid_receptor
t1d_ductal_cell	data/raw_v3/cell_state/t1d_hpap_islet.h5ad	type 1 diabetes mellitus	pancreatic ductal cell	tissue_resident	CD74	True	state_positive_control
t1d_ductal_cell	data/raw_v3/cell_state/t1d_hpap_islet.h5ad	type 1 diabetes mellitus	pancreatic ductal cell	tissue_resident	CIITA	True	state_positive_control
t1d_ductal_cell	data/raw_v3/cell_state/t1d_hpap_islet.h5ad	type 1 diabetes mellitus	pancreatic ductal cell	tissue_resident	CLEC7A	True	surface_phagocytic_lipid_receptor
t1d_ductal_cell	data/raw_v3/cell_state/t1d_hpap_islet.h5ad	type 1 diabetes mellitus	pancreatic ductal cell	tissue_resident	CLTC	True	vesicle_sorting_trafficking
t1d_ductal_cell	data/raw_v3/cell_state/t1d_hpap_islet.h5ad	type 1 diabetes mellitus	pancreatic ductal cell	tissue_resident	CST3	True	myeloid_marker_control
t1d_ductal_cell	data/raw_v3/cell_state/t1d_hpap_islet.h5ad	type 1 diabetes mellitus	pancreatic ductal cell	tissue_resident	CTSB	True	cathepsin_protease
t1d_ductal_cell	data/raw_v3/cell_state/t1d_hpap_islet.h5ad	type 1 diabetes mellitus	pancreatic ductal cell	tissue_resident	CTSD	True	cathepsin_protease
t1d_ductal_cell	data/raw_v3/cell_state/t1d_hpap_islet.h5ad	type 1 diabetes mellitus	pancreatic ductal cell	tissue_resident	CTSH	True	cathepsin_protease
t1d_ductal_cell	data/raw_v3/cell_state/t1d_hpap_islet.h5ad	type 1 diabetes mellitus	pancreatic ductal cell	tissue_resident	CTSK	True	cathepsin_protease
t1d_ductal_cell	data/raw_v3/cell_state/t1d_hpap_islet.h5ad	type 1 diabetes mellitus	pancreatic ductal cell	tissue_resident	CTSL	True	cathepsin_protease
t1d_ductal_cell	data/raw_v3/cell_state/t1d_hpap_islet.h5ad	type 1 diabetes mellitus	pancreatic ductal cell	tissue_resident	CTSS	True	cathepsin_protease
t1d_ductal_cell	data/raw_v3/cell_state/t1d_hpap_islet.h5ad	type 1 diabetes mellitus	pancreatic ductal cell	tissue_resident	CTSZ	True	cathepsin_protease
t1d_ductal_cell	data/raw_v3/cell_state/t1d_hpap_islet.h5ad	type 1 diabetes mellitus	pancreatic ductal cell	tissue_resident	FCER1G	True	surface_uptake_fc_complement
t1d_ductal_cell	data/raw_v3/cell_state/t1d_hpap_islet.h5ad	type 1 diabetes mellitus	pancreatic ductal cell	tissue_resident	FCGR2A	True	surface_uptake_fc_complement
t1d_ductal_cell	data/raw_v3/cell_state/t1d_hpap_islet.h5ad	type 1 diabetes mellitus	pancreatic ductal cell	tissue_resident	FCGR3A	True	surface_uptake_fc_complement
t1d_ductal_cell	data/raw_v3/cell_state/t1d_hpap_islet.h5ad	type 1 diabetes mellitus	pancreatic ductal cell	tissue_resident	GNPTAB	True	glycosylation_mannose6p
t1d_ductal_cell	data/raw_v3/cell_state/t1d_hpap_islet.h5ad	type 1 diabetes mellitus	pancreatic ductal cell	tissue_resident	GNPTG	True	glycosylation_mannose6p
t1d_ductal_cell	data/raw_v3/cell_state/t1d_hpap_islet.h5ad	type 1 diabetes mellitus	pancreatic ductal cell	tissue_resident	GPNMB	True	myeloid_marker_control
t1d_ductal_cell	data/raw_v3/cell_state/t1d_hpap_islet.h5ad	type 1 diabetes mellitus	pancreatic ductal cell	tissue_resident	HLA-DMA	True	hla_chaperone_loading
t1d_ductal_cell	data/raw_v3/cell_state/t1d_hpap_islet.h5ad	type 1 diabetes mellitus	pancreatic ductal cell	tissue_resident	HLA-DMB	True	hla_chaperone_loading
t1d_ductal_cell	data/raw_v3/cell_state/t1d_hpap_islet.h5ad	type 1 diabetes mellitus	pancreatic ductal cell	tissue_resident	HLA-DOA	True	hla_chaperone_loading
t1d_ductal_cell	data/raw_v3/cell_state/t1d_hpap_islet.h5ad	type 1 diabetes mellitus	pancreatic ductal cell	tissue_resident	HLA-DOB	True	hla_chaperone_loading
t1d_ductal_cell	data/raw_v3/cell_state/t1d_hpap_islet.h5ad	type 1 diabetes mellitus	pancreatic ductal cell	tissue_resident	HLA-DPA1	True	state_positive_control
t1d_ductal_cell	data/raw_v3/cell_state/t1d_hpap_islet.h5ad	type 1 diabetes mellitus	pancreatic ductal cell	tissue_resident	HLA-DPB1	True	state_positive_control
t1d_ductal_cell	data/raw_v3/cell_state/t1d_hpap_islet.h5ad	type 1 diabetes mellitus	pancreatic ductal cell	tissue_resident	HLA-DRA	True	state_positive_control
t1d_ductal_cell	data/raw_v3/cell_state/t1d_hpap_islet.h5ad	type 1 diabetes mellitus	pancreatic ductal cell	tissue_resident	HLA-DRB1	True	state_positive_control
t1d_ductal_cell	data/raw_v3/cell_state/t1d_hpap_islet.h5ad	type 1 diabetes mellitus	pancreatic ductal cell	tissue_resident	IFI30	True	lysosomal_thiol_reductase
t1d_ductal_cell	data/raw_v3/cell_state/t1d_hpap_islet.h5ad	type 1 diabetes mellitus	pancreatic ductal cell	tissue_resident	IGF2R	True	glycosylation_mannose6p
t1d_ductal_cell	data/raw_v3/cell_state/t1d_hpap_islet.h5ad	type 1 diabetes mellitus	pancreatic ductal cell	tissue_resident	ITGAM	True	surface_phagocytic_lipid_receptor
t1d_ductal_cell	data/raw_v3/cell_state/t1d_hpap_islet.h5ad	type 1 diabetes mellitus	pancreatic ductal cell	tissue_resident	ITGAX	True	surface_phagocytic_lipid_receptor
t1d_ductal_cell	data/raw_v3/cell_state/t1d_hpap_islet.h5ad	type 1 diabetes mellitus	pancreatic ductal cell	tissue_resident	LAMP1	True	lysosome_membrane_or_lipid
t1d_ductal_cell	data/raw_v3/cell_state/t1d_hpap_islet.h5ad	type 1 diabetes mellitus	pancreatic ductal cell	tissue_resident	LAMP2	True	lysosome_membrane_or_lipid
t1d_ductal_cell	data/raw_v3/cell_state/t1d_hpap_islet.h5ad	type 1 diabetes mellitus	pancreatic ductal cell	tissue_resident	LAMP3	True	lysosome_membrane_or_lipid
t1d_ductal_cell	data/raw_v3/cell_state/t1d_hpap_islet.h5ad	type 1 diabetes mellitus	pancreatic ductal cell	tissue_resident	LAPTM5	True	lysosome_membrane_or_lipid
t1d_ductal_cell	data/raw_v3/cell_state/t1d_hpap_islet.h5ad	type 1 diabetes mellitus	pancreatic ductal cell	tissue_resident	LGALS3	True	galectin_glycan_checkpoint
t1d_ductal_cell	data/raw_v3/cell_state/t1d_hpap_islet.h5ad	type 1 diabetes mellitus	pancreatic ductal cell	tissue_resident	LGALS9	True	galectin_glycan_checkpoint
t1d_ductal_cell	data/raw_v3/cell_state/t1d_hpap_islet.h5ad	type 1 diabetes mellitus	pancreatic ductal cell	tissue_resident	LIPA	True	lysosome_membrane_or_lipid
t1d_ductal_cell	data/raw_v3/cell_state/t1d_hpap_islet.h5ad	type 1 diabetes mellitus	pancreatic ductal cell	tissue_resident	LRP1	True	surface_phagocytic_lipid_receptor
t1d_ductal_cell	data/raw_v3/cell_state/t1d_hpap_islet.h5ad	type 1 diabetes mellitus	pancreatic ductal cell	tissue_resident	LST1	True	myeloid_marker_control
t1d_ductal_cell	data/raw_v3/cell_state/t1d_hpap_islet.h5ad	type 1 diabetes mellitus	pancreatic ductal cell	tissue_resident	LYZ	True	myeloid_marker_control
t1d_ductal_cell	data/raw_v3/cell_state/t1d_hpap_islet.h5ad	type 1 diabetes mellitus	pancreatic ductal cell	tissue_resident	M6PR	True	glycosylation_mannose6p
t1d_ductal_cell	data/raw_v3/cell_state/t1d_hpap_islet.h5ad	type 1 diabetes mellitus	pancreatic ductal cell	tissue_resident	MERTK	True	surface_phagocytic_lipid_receptor
t1d_ductal_cell	data/raw_v3/cell_state/t1d_hpap_islet.h5ad	type 1 diabetes mellitus	pancreatic ductal cell	tissue_resident	MRC1	True	surface_phagocytic_lipid_receptor
t1d_ductal_cell	data/raw_v3/cell_state/t1d_hpap_islet.h5ad	type 1 diabetes mellitus	pancreatic ductal cell	tissue_resident	MSR1	True	surface_phagocytic_lipid_receptor
t1d_ductal_cell	data/raw_v3/cell_state/t1d_hpap_islet.h5ad	type 1 diabetes mellitus	pancreatic ductal cell	tissue_resident	NPC1	True	lysosome_membrane_or_lipid
t1d_ductal_cell	data/raw_v3/cell_state/t1d_hpap_islet.h5ad	type 1 diabetes mellitus	pancreatic ductal cell	tissue_resident	NPC2	True	lysosome_membrane_or_lipid
t1d_ductal_cell	data/raw_v3/cell_state/t1d_hpap_islet.h5ad	type 1 diabetes mellitus	pancreatic ductal cell	tissue_resident	RAB11A	True	vesicle_sorting_trafficking
t1d_ductal_cell	data/raw_v3/cell_state/t1d_hpap_islet.h5ad	type 1 diabetes mellitus	pancreatic ductal cell	tissue_resident	RAB27A	True	vesicle_sorting_trafficking
t1d_ductal_cell	data/raw_v3/cell_state/t1d_hpap_islet.h5ad	type 1 diabetes mellitus	pancreatic ductal cell	tissue_resident	RAB32	True	vesicle_sorting_trafficking
t1d_ductal_cell	data/raw_v3/cell_state/t1d_hpap_islet.h5ad	type 1 diabetes mellitus	pancreatic ductal cell	tissue_resident	RAB5A	True	vesicle_sorting_trafficking
t1d_ductal_cell	data/raw_v3/cell_state/t1d_hpap_islet.h5ad	type 1 diabetes mellitus	pancreatic ductal cell	tissue_resident	RAB7A	True	vesicle_sorting_trafficking
t1d_ductal_cell	data/raw_v3/cell_state/t1d_hpap_islet.h5ad	type 1 diabetes mellitus	pancreatic ductal cell	tissue_resident	RAB7B	True	vesicle_sorting_trafficking
t1d_ductal_cell	data/raw_v3/cell_state/t1d_hpap_islet.h5ad	type 1 diabetes mellitus	pancreatic ductal cell	tissue_resident	RAB9A	True	vesicle_sorting_trafficking
t1d_ductal_cell	data/raw_v3/cell_state/t1d_hpap_islet.h5ad	type 1 diabetes mellitus	pancreatic ductal cell	tissue_resident	RFX5	True	state_positive_control
t1d_ductal_cell	data/raw_v3/cell_state/t1d_hpap_islet.h5ad	type 1 diabetes mellitus	pancreatic ductal cell	tissue_resident	SCARB1	True	surface_phagocytic_lipid_receptor
t1d_ductal_cell	data/raw_v3/cell_state/t1d_hpap_islet.h5ad	type 1 diabetes mellitus	pancreatic ductal cell	tissue_resident	SNX10	True	vesicle_sorting_trafficking
t1d_ductal_cell	data/raw_v3/cell_state/t1d_hpap_islet.h5ad	type 1 diabetes mellitus	pancreatic ductal cell	tissue_resident	SNX2	True	vesicle_sorting_trafficking
t1d_ductal_cell	data/raw_v3/cell_state/t1d_hpap_islet.h5ad	type 1 diabetes mellitus	pancreatic ductal cell	tissue_resident	SNX3	True	vesicle_sorting_trafficking
t1d_ductal_cell	data/raw_v3/cell_state/t1d_hpap_islet.h5ad	type 1 diabetes mellitus	pancreatic ductal cell	tissue_resident	SNX5	True	vesicle_sorting_trafficking
t1d_ductal_cell	data/raw_v3/cell_state/t1d_hpap_islet.h5ad	type 1 diabetes mellitus	pancreatic ductal cell	tissue_resident	SNX6	True	vesicle_sorting_trafficking
t1d_ductal_cell	data/raw_v3/cell_state/t1d_hpap_islet.h5ad	type 1 diabetes mellitus	pancreatic ductal cell	tissue_resident	SORT1	True	vesicle_sorting_trafficking
t1d_ductal_cell	data/raw_v3/cell_state/t1d_hpap_islet.h5ad	type 1 diabetes mellitus	pancreatic ductal cell	tissue_resident	SPP1	True	myeloid_marker_control
t1d_ductal_cell	data/raw_v3/cell_state/t1d_hpap_islet.h5ad	type 1 diabetes mellitus	pancreatic ductal cell	tissue_resident	TPP1	True	lysosome_membrane_or_lipid
t1d_ductal_cell	data/raw_v3/cell_state/t1d_hpap_islet.h5ad	type 1 diabetes mellitus	pancreatic ductal cell	tissue_resident	TREM2	True	surface_phagocytic_lipid_receptor
t1d_ductal_cell	data/raw_v3/cell_state/t1d_hpap_islet.h5ad	type 1 diabetes mellitus	pancreatic ductal cell	tissue_resident	TYROBP	True	surface_phagocytic_lipid_receptor
t1d_ductal_cell	data/raw_v3/cell_state/t1d_hpap_islet.h5ad	type 1 diabetes mellitus	pancreatic ductal cell	tissue_resident	VAMP3	True	vesicle_sorting_trafficking
t1d_ductal_cell	data/raw_v3/cell_state/t1d_hpap_islet.h5ad	type 1 diabetes mellitus	pancreatic ductal cell	tissue_resident	VAMP7	True	vesicle_sorting_trafficking
t1d_ductal_cell	data/raw_v3/cell_state/t1d_hpap_islet.h5ad	type 1 diabetes mellitus	pancreatic ductal cell	tissue_resident	VAMP8	True	vesicle_sorting_trafficking
t1d_acinar_cell	data/raw_v3/cell_state/t1d_hpap_islet.h5ad	type 1 diabetes mellitus	pancreatic acinar cell	tissue_resident	AP2A1	True	vesicle_sorting_trafficking
t1d_acinar_cell	data/raw_v3/cell_state/t1d_hpap_islet.h5ad	type 1 diabetes mellitus	pancreatic acinar cell	tissue_resident	AP2M1	True	vesicle_sorting_trafficking
t1d_acinar_cell	data/raw_v3/cell_state/t1d_hpap_islet.h5ad	type 1 diabetes mellitus	pancreatic acinar cell	tissue_resident	APOE	True	myeloid_marker_control
t1d_acinar_cell	data/raw_v3/cell_state/t1d_hpap_islet.h5ad	type 1 diabetes mellitus	pancreatic acinar cell	tissue_resident	AXL	True	surface_phagocytic_lipid_receptor
t1d_acinar_cell	data/raw_v3/cell_state/t1d_hpap_islet.h5ad	type 1 diabetes mellitus	pancreatic acinar cell	tissue_resident	C1QA	True	surface_uptake_fc_complement
t1d_acinar_cell	data/raw_v3/cell_state/t1d_hpap_islet.h5ad	type 1 diabetes mellitus	pancreatic acinar cell	tissue_resident	C1QB	True	surface_uptake_fc_complement
t1d_acinar_cell	data/raw_v3/cell_state/t1d_hpap_islet.h5ad	type 1 diabetes mellitus	pancreatic acinar cell	tissue_resident	C1QC	True	surface_uptake_fc_complement
t1d_acinar_cell	data/raw_v3/cell_state/t1d_hpap_islet.h5ad	type 1 diabetes mellitus	pancreatic acinar cell	tissue_resident	CD36	True	surface_phagocytic_lipid_receptor
t1d_acinar_cell	data/raw_v3/cell_state/t1d_hpap_islet.h5ad	type 1 diabetes mellitus	pancreatic acinar cell	tissue_resident	CD63	True	lysosome_membrane_or_lipid
t1d_acinar_cell	data/raw_v3/cell_state/t1d_hpap_islet.h5ad	type 1 diabetes mellitus	pancreatic acinar cell	tissue_resident	CD68	True	surface_phagocytic_lipid_receptor
t1d_acinar_cell	data/raw_v3/cell_state/t1d_hpap_islet.h5ad	type 1 diabetes mellitus	pancreatic acinar cell	tissue_resident	CD74	True	state_positive_control
t1d_acinar_cell	data/raw_v3/cell_state/t1d_hpap_islet.h5ad	type 1 diabetes mellitus	pancreatic acinar cell	tissue_resident	CIITA	True	state_positive_control
t1d_acinar_cell	data/raw_v3/cell_state/t1d_hpap_islet.h5ad	type 1 diabetes mellitus	pancreatic acinar cell	tissue_resident	CLEC7A	True	surface_phagocytic_lipid_receptor
t1d_acinar_cell	data/raw_v3/cell_state/t1d_hpap_islet.h5ad	type 1 diabetes mellitus	pancreatic acinar cell	tissue_resident	CLTC	True	vesicle_sorting_trafficking
t1d_acinar_cell	data/raw_v3/cell_state/t1d_hpap_islet.h5ad	type 1 diabetes mellitus	pancreatic acinar cell	tissue_resident	CST3	True	myeloid_marker_control
t1d_acinar_cell	data/raw_v3/cell_state/t1d_hpap_islet.h5ad	type 1 diabetes mellitus	pancreatic acinar cell	tissue_resident	CTSB	True	cathepsin_protease
t1d_acinar_cell	data/raw_v3/cell_state/t1d_hpap_islet.h5ad	type 1 diabetes mellitus	pancreatic acinar cell	tissue_resident	CTSD	True	cathepsin_protease
t1d_acinar_cell	data/raw_v3/cell_state/t1d_hpap_islet.h5ad	type 1 diabetes mellitus	pancreatic acinar cell	tissue_resident	CTSH	True	cathepsin_protease
t1d_acinar_cell	data/raw_v3/cell_state/t1d_hpap_islet.h5ad	type 1 diabetes mellitus	pancreatic acinar cell	tissue_resident	CTSK	True	cathepsin_protease
t1d_acinar_cell	data/raw_v3/cell_state/t1d_hpap_islet.h5ad	type 1 diabetes mellitus	pancreatic acinar cell	tissue_resident	CTSL	True	cathepsin_protease
t1d_acinar_cell	data/raw_v3/cell_state/t1d_hpap_islet.h5ad	type 1 diabetes mellitus	pancreatic acinar cell	tissue_resident	CTSS	True	cathepsin_protease
t1d_acinar_cell	data/raw_v3/cell_state/t1d_hpap_islet.h5ad	type 1 diabetes mellitus	pancreatic acinar cell	tissue_resident	CTSZ	True	cathepsin_protease
t1d_acinar_cell	data/raw_v3/cell_state/t1d_hpap_islet.h5ad	type 1 diabetes mellitus	pancreatic acinar cell	tissue_resident	FCER1G	True	surface_uptake_fc_complement
t1d_acinar_cell	data/raw_v3/cell_state/t1d_hpap_islet.h5ad	type 1 diabetes mellitus	pancreatic acinar cell	tissue_resident	FCGR2A	True	surface_uptake_fc_complement
t1d_acinar_cell	data/raw_v3/cell_state/t1d_hpap_islet.h5ad	type 1 diabetes mellitus	pancreatic acinar cell	tissue_resident	FCGR3A	True	surface_uptake_fc_complement
t1d_acinar_cell	data/raw_v3/cell_state/t1d_hpap_islet.h5ad	type 1 diabetes mellitus	pancreatic acinar cell	tissue_resident	GNPTAB	True	glycosylation_mannose6p
t1d_acinar_cell	data/raw_v3/cell_state/t1d_hpap_islet.h5ad	type 1 diabetes mellitus	pancreatic acinar cell	tissue_resident	GNPTG	True	glycosylation_mannose6p
t1d_acinar_cell	data/raw_v3/cell_state/t1d_hpap_islet.h5ad	type 1 diabetes mellitus	pancreatic acinar cell	tissue_resident	GPNMB	True	myeloid_marker_control
t1d_acinar_cell	data/raw_v3/cell_state/t1d_hpap_islet.h5ad	type 1 diabetes mellitus	pancreatic acinar cell	tissue_resident	HLA-DMA	True	hla_chaperone_loading
t1d_acinar_cell	data/raw_v3/cell_state/t1d_hpap_islet.h5ad	type 1 diabetes mellitus	pancreatic acinar cell	tissue_resident	HLA-DMB	True	hla_chaperone_loading
t1d_acinar_cell	data/raw_v3/cell_state/t1d_hpap_islet.h5ad	type 1 diabetes mellitus	pancreatic acinar cell	tissue_resident	HLA-DOA	True	hla_chaperone_loading
t1d_acinar_cell	data/raw_v3/cell_state/t1d_hpap_islet.h5ad	type 1 diabetes mellitus	pancreatic acinar cell	tissue_resident	HLA-DOB	True	hla_chaperone_loading
t1d_acinar_cell	data/raw_v3/cell_state/t1d_hpap_islet.h5ad	type 1 diabetes mellitus	pancreatic acinar cell	tissue_resident	HLA-DPA1	True	state_positive_control
t1d_acinar_cell	data/raw_v3/cell_state/t1d_hpap_islet.h5ad	type 1 diabetes mellitus	pancreatic acinar cell	tissue_resident	HLA-DPB1	True	state_positive_control
t1d_acinar_cell	data/raw_v3/cell_state/t1d_hpap_islet.h5ad	type 1 diabetes mellitus	pancreatic acinar cell	tissue_resident	HLA-DRA	True	state_positive_control
t1d_acinar_cell	data/raw_v3/cell_state/t1d_hpap_islet.h5ad	type 1 diabetes mellitus	pancreatic acinar cell	tissue_resident	HLA-DRB1	True	state_positive_control
t1d_acinar_cell	data/raw_v3/cell_state/t1d_hpap_islet.h5ad	type 1 diabetes mellitus	pancreatic acinar cell	tissue_resident	IFI30	True	lysosomal_thiol_reductase
t1d_acinar_cell	data/raw_v3/cell_state/t1d_hpap_islet.h5ad	type 1 diabetes mellitus	pancreatic acinar cell	tissue_resident	IGF2R	True	glycosylation_mannose6p
t1d_acinar_cell	data/raw_v3/cell_state/t1d_hpap_islet.h5ad	type 1 diabetes mellitus	pancreatic acinar cell	tissue_resident	ITGAM	True	surface_phagocytic_lipid_receptor
t1d_acinar_cell	data/raw_v3/cell_state/t1d_hpap_islet.h5ad	type 1 diabetes mellitus	pancreatic acinar cell	tissue_resident	ITGAX	True	surface_phagocytic_lipid_receptor
t1d_acinar_cell	data/raw_v3/cell_state/t1d_hpap_islet.h5ad	type 1 diabetes mellitus	pancreatic acinar cell	tissue_resident	LAMP1	True	lysosome_membrane_or_lipid
t1d_acinar_cell	data/raw_v3/cell_state/t1d_hpap_islet.h5ad	type 1 diabetes mellitus	pancreatic acinar cell	tissue_resident	LAMP2	True	lysosome_membrane_or_lipid
t1d_acinar_cell	data/raw_v3/cell_state/t1d_hpap_islet.h5ad	type 1 diabetes mellitus	pancreatic acinar cell	tissue_resident	LAMP3	True	lysosome_membrane_or_lipid
t1d_acinar_cell	data/raw_v3/cell_state/t1d_hpap_islet.h5ad	type 1 diabetes mellitus	pancreatic acinar cell	tissue_resident	LAPTM5	True	lysosome_membrane_or_lipid
t1d_acinar_cell	data/raw_v3/cell_state/t1d_hpap_islet.h5ad	type 1 diabetes mellitus	pancreatic acinar cell	tissue_resident	LGALS3	True	galectin_glycan_checkpoint
t1d_acinar_cell	data/raw_v3/cell_state/t1d_hpap_islet.h5ad	type 1 diabetes mellitus	pancreatic acinar cell	tissue_resident	LGALS9	True	galectin_glycan_checkpoint
t1d_acinar_cell	data/raw_v3/cell_state/t1d_hpap_islet.h5ad	type 1 diabetes mellitus	pancreatic acinar cell	tissue_resident	LIPA	True	lysosome_membrane_or_lipid
t1d_acinar_cell	data/raw_v3/cell_state/t1d_hpap_islet.h5ad	type 1 diabetes mellitus	pancreatic acinar cell	tissue_resident	LRP1	True	surface_phagocytic_lipid_receptor
t1d_acinar_cell	data/raw_v3/cell_state/t1d_hpap_islet.h5ad	type 1 diabetes mellitus	pancreatic acinar cell	tissue_resident	LST1	True	myeloid_marker_control
t1d_acinar_cell	data/raw_v3/cell_state/t1d_hpap_islet.h5ad	type 1 diabetes mellitus	pancreatic acinar cell	tissue_resident	LYZ	True	myeloid_marker_control
t1d_acinar_cell	data/raw_v3/cell_state/t1d_hpap_islet.h5ad	type 1 diabetes mellitus	pancreatic acinar cell	tissue_resident	M6PR	True	glycosylation_mannose6p
t1d_acinar_cell	data/raw_v3/cell_state/t1d_hpap_islet.h5ad	type 1 diabetes mellitus	pancreatic acinar cell	tissue_resident	MERTK	True	surface_phagocytic_lipid_receptor
t1d_acinar_cell	data/raw_v3/cell_state/t1d_hpap_islet.h5ad	type 1 diabetes mellitus	pancreatic acinar cell	tissue_resident	MRC1	True	surface_phagocytic_lipid_receptor
t1d_acinar_cell	data/raw_v3/cell_state/t1d_hpap_islet.h5ad	type 1 diabetes mellitus	pancreatic acinar cell	tissue_resident	MSR1	True	surface_phagocytic_lipid_receptor
t1d_acinar_cell	data/raw_v3/cell_state/t1d_hpap_islet.h5ad	type 1 diabetes mellitus	pancreatic acinar cell	tissue_resident	NPC1	True	lysosome_membrane_or_lipid
t1d_acinar_cell	data/raw_v3/cell_state/t1d_hpap_islet.h5ad	type 1 diabetes mellitus	pancreatic acinar cell	tissue_resident	NPC2	True	lysosome_membrane_or_lipid
t1d_acinar_cell	data/raw_v3/cell_state/t1d_hpap_islet.h5ad	type 1 diabetes mellitus	pancreatic acinar cell	tissue_resident	RAB11A	True	vesicle_sorting_trafficking
t1d_acinar_cell	data/raw_v3/cell_state/t1d_hpap_islet.h5ad	type 1 diabetes mellitus	pancreatic acinar cell	tissue_resident	RAB27A	True	vesicle_sorting_trafficking
t1d_acinar_cell	data/raw_v3/cell_state/t1d_hpap_islet.h5ad	type 1 diabetes mellitus	pancreatic acinar cell	tissue_resident	RAB32	True	vesicle_sorting_trafficking
t1d_acinar_cell	data/raw_v3/cell_state/t1d_hpap_islet.h5ad	type 1 diabetes mellitus	pancreatic acinar cell	tissue_resident	RAB5A	True	vesicle_sorting_trafficking
t1d_acinar_cell	data/raw_v3/cell_state/t1d_hpap_islet.h5ad	type 1 diabetes mellitus	pancreatic acinar cell	tissue_resident	RAB7A	True	vesicle_sorting_trafficking
t1d_acinar_cell	data/raw_v3/cell_state/t1d_hpap_islet.h5ad	type 1 diabetes mellitus	pancreatic acinar cell	tissue_resident	RAB7B	True	vesicle_sorting_trafficking
t1d_acinar_cell	data/raw_v3/cell_state/t1d_hpap_islet.h5ad	type 1 diabetes mellitus	pancreatic acinar cell	tissue_resident	RAB9A	True	vesicle_sorting_trafficking
t1d_acinar_cell	data/raw_v3/cell_state/t1d_hpap_islet.h5ad	type 1 diabetes mellitus	pancreatic acinar cell	tissue_resident	RFX5	True	state_positive_control
t1d_acinar_cell	data/raw_v3/cell_state/t1d_hpap_islet.h5ad	type 1 diabetes mellitus	pancreatic acinar cell	tissue_resident	SCARB1	True	surface_phagocytic_lipid_receptor
t1d_acinar_cell	data/raw_v3/cell_state/t1d_hpap_islet.h5ad	type 1 diabetes mellitus	pancreatic acinar cell	tissue_resident	SNX10	True	vesicle_sorting_trafficking
t1d_acinar_cell	data/raw_v3/cell_state/t1d_hpap_islet.h5ad	type 1 diabetes mellitus	pancreatic acinar cell	tissue_resident	SNX2	True	vesicle_sorting_trafficking
t1d_acinar_cell	data/raw_v3/cell_state/t1d_hpap_islet.h5ad	type 1 diabetes mellitus	pancreatic acinar cell	tissue_resident	SNX3	True	vesicle_sorting_trafficking
t1d_acinar_cell	data/raw_v3/cell_state/t1d_hpap_islet.h5ad	type 1 diabetes mellitus	pancreatic acinar cell	tissue_resident	SNX5	True	vesicle_sorting_trafficking
t1d_acinar_cell	data/raw_v3/cell_state/t1d_hpap_islet.h5ad	type 1 diabetes mellitus	pancreatic acinar cell	tissue_resident	SNX6	True	vesicle_sorting_trafficking
t1d_acinar_cell	data/raw_v3/cell_state/t1d_hpap_islet.h5ad	type 1 diabetes mellitus	pancreatic acinar cell	tissue_resident	SORT1	True	vesicle_sorting_trafficking
t1d_acinar_cell	data/raw_v3/cell_state/t1d_hpap_islet.h5ad	type 1 diabetes mellitus	pancreatic acinar cell	tissue_resident	SPP1	True	myeloid_marker_control
t1d_acinar_cell	data/raw_v3/cell_state/t1d_hpap_islet.h5ad	type 1 diabetes mellitus	pancreatic acinar cell	tissue_resident	TPP1	True	lysosome_membrane_or_lipid
t1d_acinar_cell	data/raw_v3/cell_state/t1d_hpap_islet.h5ad	type 1 diabetes mellitus	pancreatic acinar cell	tissue_resident	TREM2	True	surface_phagocytic_lipid_receptor
t1d_acinar_cell	data/raw_v3/cell_state/t1d_hpap_islet.h5ad	type 1 diabetes mellitus	pancreatic acinar cell	tissue_resident	TYROBP	True	surface_phagocytic_lipid_receptor
t1d_acinar_cell	data/raw_v3/cell_state/t1d_hpap_islet.h5ad	type 1 diabetes mellitus	pancreatic acinar cell	tissue_resident	VAMP3	True	vesicle_sorting_trafficking
t1d_acinar_cell	data/raw_v3/cell_state/t1d_hpap_islet.h5ad	type 1 diabetes mellitus	pancreatic acinar cell	tissue_resident	VAMP7	True	vesicle_sorting_trafficking
t1d_acinar_cell	data/raw_v3/cell_state/t1d_hpap_islet.h5ad	type 1 diabetes mellitus	pancreatic acinar cell	tissue_resident	VAMP8	True	vesicle_sorting_trafficking
t1d_stellate_cell	data/raw_v3/cell_state/t1d_hpap_islet.h5ad	type 1 diabetes mellitus	pancreatic stellate cell	tissue_resident	AP2A1	True	vesicle_sorting_trafficking
t1d_stellate_cell	data/raw_v3/cell_state/t1d_hpap_islet.h5ad	type 1 diabetes mellitus	pancreatic stellate cell	tissue_resident	AP2M1	True	vesicle_sorting_trafficking
t1d_stellate_cell	data/raw_v3/cell_state/t1d_hpap_islet.h5ad	type 1 diabetes mellitus	pancreatic stellate cell	tissue_resident	APOE	True	myeloid_marker_control
t1d_stellate_cell	data/raw_v3/cell_state/t1d_hpap_islet.h5ad	type 1 diabetes mellitus	pancreatic stellate cell	tissue_resident	AXL	True	surface_phagocytic_lipid_receptor
t1d_stellate_cell	data/raw_v3/cell_state/t1d_hpap_islet.h5ad	type 1 diabetes mellitus	pancreatic stellate cell	tissue_resident	C1QA	True	surface_uptake_fc_complement
t1d_stellate_cell	data/raw_v3/cell_state/t1d_hpap_islet.h5ad	type 1 diabetes mellitus	pancreatic stellate cell	tissue_resident	C1QB	True	surface_uptake_fc_complement
t1d_stellate_cell	data/raw_v3/cell_state/t1d_hpap_islet.h5ad	type 1 diabetes mellitus	pancreatic stellate cell	tissue_resident	C1QC	True	surface_uptake_fc_complement
t1d_stellate_cell	data/raw_v3/cell_state/t1d_hpap_islet.h5ad	type 1 diabetes mellitus	pancreatic stellate cell	tissue_resident	CD36	True	surface_phagocytic_lipid_receptor
t1d_stellate_cell	data/raw_v3/cell_state/t1d_hpap_islet.h5ad	type 1 diabetes mellitus	pancreatic stellate cell	tissue_resident	CD63	True	lysosome_membrane_or_lipid
t1d_stellate_cell	data/raw_v3/cell_state/t1d_hpap_islet.h5ad	type 1 diabetes mellitus	pancreatic stellate cell	tissue_resident	CD68	True	surface_phagocytic_lipid_receptor
t1d_stellate_cell	data/raw_v3/cell_state/t1d_hpap_islet.h5ad	type 1 diabetes mellitus	pancreatic stellate cell	tissue_resident	CD74	True	state_positive_control
t1d_stellate_cell	data/raw_v3/cell_state/t1d_hpap_islet.h5ad	type 1 diabetes mellitus	pancreatic stellate cell	tissue_resident	CIITA	True	state_positive_control
t1d_stellate_cell	data/raw_v3/cell_state/t1d_hpap_islet.h5ad	type 1 diabetes mellitus	pancreatic stellate cell	tissue_resident	CLEC7A	True	surface_phagocytic_lipid_receptor
t1d_stellate_cell	data/raw_v3/cell_state/t1d_hpap_islet.h5ad	type 1 diabetes mellitus	pancreatic stellate cell	tissue_resident	CLTC	True	vesicle_sorting_trafficking
t1d_stellate_cell	data/raw_v3/cell_state/t1d_hpap_islet.h5ad	type 1 diabetes mellitus	pancreatic stellate cell	tissue_resident	CST3	True	myeloid_marker_control
t1d_stellate_cell	data/raw_v3/cell_state/t1d_hpap_islet.h5ad	type 1 diabetes mellitus	pancreatic stellate cell	tissue_resident	CTSB	True	cathepsin_protease
t1d_stellate_cell	data/raw_v3/cell_state/t1d_hpap_islet.h5ad	type 1 diabetes mellitus	pancreatic stellate cell	tissue_resident	CTSD	True	cathepsin_protease
t1d_stellate_cell	data/raw_v3/cell_state/t1d_hpap_islet.h5ad	type 1 diabetes mellitus	pancreatic stellate cell	tissue_resident	CTSH	True	cathepsin_protease
t1d_stellate_cell	data/raw_v3/cell_state/t1d_hpap_islet.h5ad	type 1 diabetes mellitus	pancreatic stellate cell	tissue_resident	CTSK	True	cathepsin_protease
t1d_stellate_cell	data/raw_v3/cell_state/t1d_hpap_islet.h5ad	type 1 diabetes mellitus	pancreatic stellate cell	tissue_resident	CTSL	True	cathepsin_protease
t1d_stellate_cell	data/raw_v3/cell_state/t1d_hpap_islet.h5ad	type 1 diabetes mellitus	pancreatic stellate cell	tissue_resident	CTSS	True	cathepsin_protease
t1d_stellate_cell	data/raw_v3/cell_state/t1d_hpap_islet.h5ad	type 1 diabetes mellitus	pancreatic stellate cell	tissue_resident	CTSZ	True	cathepsin_protease
t1d_stellate_cell	data/raw_v3/cell_state/t1d_hpap_islet.h5ad	type 1 diabetes mellitus	pancreatic stellate cell	tissue_resident	FCER1G	True	surface_uptake_fc_complement
t1d_stellate_cell	data/raw_v3/cell_state/t1d_hpap_islet.h5ad	type 1 diabetes mellitus	pancreatic stellate cell	tissue_resident	FCGR2A	True	surface_uptake_fc_complement
t1d_stellate_cell	data/raw_v3/cell_state/t1d_hpap_islet.h5ad	type 1 diabetes mellitus	pancreatic stellate cell	tissue_resident	FCGR3A	True	surface_uptake_fc_complement
t1d_stellate_cell	data/raw_v3/cell_state/t1d_hpap_islet.h5ad	type 1 diabetes mellitus	pancreatic stellate cell	tissue_resident	GNPTAB	True	glycosylation_mannose6p
t1d_stellate_cell	data/raw_v3/cell_state/t1d_hpap_islet.h5ad	type 1 diabetes mellitus	pancreatic stellate cell	tissue_resident	GNPTG	True	glycosylation_mannose6p
t1d_stellate_cell	data/raw_v3/cell_state/t1d_hpap_islet.h5ad	type 1 diabetes mellitus	pancreatic stellate cell	tissue_resident	GPNMB	True	myeloid_marker_control
t1d_stellate_cell	data/raw_v3/cell_state/t1d_hpap_islet.h5ad	type 1 diabetes mellitus	pancreatic stellate cell	tissue_resident	HLA-DMA	True	hla_chaperone_loading
t1d_stellate_cell	data/raw_v3/cell_state/t1d_hpap_islet.h5ad	type 1 diabetes mellitus	pancreatic stellate cell	tissue_resident	HLA-DMB	True	hla_chaperone_loading
t1d_stellate_cell	data/raw_v3/cell_state/t1d_hpap_islet.h5ad	type 1 diabetes mellitus	pancreatic stellate cell	tissue_resident	HLA-DOA	True	hla_chaperone_loading
t1d_stellate_cell	data/raw_v3/cell_state/t1d_hpap_islet.h5ad	type 1 diabetes mellitus	pancreatic stellate cell	tissue_resident	HLA-DOB	True	hla_chaperone_loading
t1d_stellate_cell	data/raw_v3/cell_state/t1d_hpap_islet.h5ad	type 1 diabetes mellitus	pancreatic stellate cell	tissue_resident	HLA-DPA1	True	state_positive_control
t1d_stellate_cell	data/raw_v3/cell_state/t1d_hpap_islet.h5ad	type 1 diabetes mellitus	pancreatic stellate cell	tissue_resident	HLA-DPB1	True	state_positive_control
t1d_stellate_cell	data/raw_v3/cell_state/t1d_hpap_islet.h5ad	type 1 diabetes mellitus	pancreatic stellate cell	tissue_resident	HLA-DRA	True	state_positive_control
t1d_stellate_cell	data/raw_v3/cell_state/t1d_hpap_islet.h5ad	type 1 diabetes mellitus	pancreatic stellate cell	tissue_resident	HLA-DRB1	True	state_positive_control
t1d_stellate_cell	data/raw_v3/cell_state/t1d_hpap_islet.h5ad	type 1 diabetes mellitus	pancreatic stellate cell	tissue_resident	IFI30	True	lysosomal_thiol_reductase
t1d_stellate_cell	data/raw_v3/cell_state/t1d_hpap_islet.h5ad	type 1 diabetes mellitus	pancreatic stellate cell	tissue_resident	IGF2R	True	glycosylation_mannose6p
t1d_stellate_cell	data/raw_v3/cell_state/t1d_hpap_islet.h5ad	type 1 diabetes mellitus	pancreatic stellate cell	tissue_resident	ITGAM	True	surface_phagocytic_lipid_receptor
t1d_stellate_cell	data/raw_v3/cell_state/t1d_hpap_islet.h5ad	type 1 diabetes mellitus	pancreatic stellate cell	tissue_resident	ITGAX	True	surface_phagocytic_lipid_receptor
t1d_stellate_cell	data/raw_v3/cell_state/t1d_hpap_islet.h5ad	type 1 diabetes mellitus	pancreatic stellate cell	tissue_resident	LAMP1	True	lysosome_membrane_or_lipid
t1d_stellate_cell	data/raw_v3/cell_state/t1d_hpap_islet.h5ad	type 1 diabetes mellitus	pancreatic stellate cell	tissue_resident	LAMP2	True	lysosome_membrane_or_lipid
t1d_stellate_cell	data/raw_v3/cell_state/t1d_hpap_islet.h5ad	type 1 diabetes mellitus	pancreatic stellate cell	tissue_resident	LAMP3	True	lysosome_membrane_or_lipid
t1d_stellate_cell	data/raw_v3/cell_state/t1d_hpap_islet.h5ad	type 1 diabetes mellitus	pancreatic stellate cell	tissue_resident	LAPTM5	True	lysosome_membrane_or_lipid
t1d_stellate_cell	data/raw_v3/cell_state/t1d_hpap_islet.h5ad	type 1 diabetes mellitus	pancreatic stellate cell	tissue_resident	LGALS3	True	galectin_glycan_checkpoint
t1d_stellate_cell	data/raw_v3/cell_state/t1d_hpap_islet.h5ad	type 1 diabetes mellitus	pancreatic stellate cell	tissue_resident	LGALS9	True	galectin_glycan_checkpoint
t1d_stellate_cell	data/raw_v3/cell_state/t1d_hpap_islet.h5ad	type 1 diabetes mellitus	pancreatic stellate cell	tissue_resident	LIPA	True	lysosome_membrane_or_lipid
t1d_stellate_cell	data/raw_v3/cell_state/t1d_hpap_islet.h5ad	type 1 diabetes mellitus	pancreatic stellate cell	tissue_resident	LRP1	True	surface_phagocytic_lipid_receptor
t1d_stellate_cell	data/raw_v3/cell_state/t1d_hpap_islet.h5ad	type 1 diabetes mellitus	pancreatic stellate cell	tissue_resident	LST1	True	myeloid_marker_control
t1d_stellate_cell	data/raw_v3/cell_state/t1d_hpap_islet.h5ad	type 1 diabetes mellitus	pancreatic stellate cell	tissue_resident	LYZ	True	myeloid_marker_control
t1d_stellate_cell	data/raw_v3/cell_state/t1d_hpap_islet.h5ad	type 1 diabetes mellitus	pancreatic stellate cell	tissue_resident	M6PR	True	glycosylation_mannose6p
t1d_stellate_cell	data/raw_v3/cell_state/t1d_hpap_islet.h5ad	type 1 diabetes mellitus	pancreatic stellate cell	tissue_resident	MERTK	True	surface_phagocytic_lipid_receptor
t1d_stellate_cell	data/raw_v3/cell_state/t1d_hpap_islet.h5ad	type 1 diabetes mellitus	pancreatic stellate cell	tissue_resident	MRC1	True	surface_phagocytic_lipid_receptor
t1d_stellate_cell	data/raw_v3/cell_state/t1d_hpap_islet.h5ad	type 1 diabetes mellitus	pancreatic stellate cell	tissue_resident	MSR1	True	surface_phagocytic_lipid_receptor
t1d_stellate_cell	data/raw_v3/cell_state/t1d_hpap_islet.h5ad	type 1 diabetes mellitus	pancreatic stellate cell	tissue_resident	NPC1	True	lysosome_membrane_or_lipid
t1d_stellate_cell	data/raw_v3/cell_state/t1d_hpap_islet.h5ad	type 1 diabetes mellitus	pancreatic stellate cell	tissue_resident	NPC2	True	lysosome_membrane_or_lipid
t1d_stellate_cell	data/raw_v3/cell_state/t1d_hpap_islet.h5ad	type 1 diabetes mellitus	pancreatic stellate cell	tissue_resident	RAB11A	True	vesicle_sorting_trafficking
t1d_stellate_cell	data/raw_v3/cell_state/t1d_hpap_islet.h5ad	type 1 diabetes mellitus	pancreatic stellate cell	tissue_resident	RAB27A	True	vesicle_sorting_trafficking
t1d_stellate_cell	data/raw_v3/cell_state/t1d_hpap_islet.h5ad	type 1 diabetes mellitus	pancreatic stellate cell	tissue_resident	RAB32	True	vesicle_sorting_trafficking
t1d_stellate_cell	data/raw_v3/cell_state/t1d_hpap_islet.h5ad	type 1 diabetes mellitus	pancreatic stellate cell	tissue_resident	RAB5A	True	vesicle_sorting_trafficking
t1d_stellate_cell	data/raw_v3/cell_state/t1d_hpap_islet.h5ad	type 1 diabetes mellitus	pancreatic stellate cell	tissue_resident	RAB7A	True	vesicle_sorting_trafficking
t1d_stellate_cell	data/raw_v3/cell_state/t1d_hpap_islet.h5ad	type 1 diabetes mellitus	pancreatic stellate cell	tissue_resident	RAB7B	True	vesicle_sorting_trafficking
t1d_stellate_cell	data/raw_v3/cell_state/t1d_hpap_islet.h5ad	type 1 diabetes mellitus	pancreatic stellate cell	tissue_resident	RAB9A	True	vesicle_sorting_trafficking
t1d_stellate_cell	data/raw_v3/cell_state/t1d_hpap_islet.h5ad	type 1 diabetes mellitus	pancreatic stellate cell	tissue_resident	RFX5	True	state_positive_control
t1d_stellate_cell	data/raw_v3/cell_state/t1d_hpap_islet.h5ad	type 1 diabetes mellitus	pancreatic stellate cell	tissue_resident	SCARB1	True	surface_phagocytic_lipid_receptor
t1d_stellate_cell	data/raw_v3/cell_state/t1d_hpap_islet.h5ad	type 1 diabetes mellitus	pancreatic stellate cell	tissue_resident	SNX10	True	vesicle_sorting_trafficking
t1d_stellate_cell	data/raw_v3/cell_state/t1d_hpap_islet.h5ad	type 1 diabetes mellitus	pancreatic stellate cell	tissue_resident	SNX2	True	vesicle_sorting_trafficking
t1d_stellate_cell	data/raw_v3/cell_state/t1d_hpap_islet.h5ad	type 1 diabetes mellitus	pancreatic stellate cell	tissue_resident	SNX3	True	vesicle_sorting_trafficking
t1d_stellate_cell	data/raw_v3/cell_state/t1d_hpap_islet.h5ad	type 1 diabetes mellitus	pancreatic stellate cell	tissue_resident	SNX5	True	vesicle_sorting_trafficking
t1d_stellate_cell	data/raw_v3/cell_state/t1d_hpap_islet.h5ad	type 1 diabetes mellitus	pancreatic stellate cell	tissue_resident	SNX6	True	vesicle_sorting_trafficking
t1d_stellate_cell	data/raw_v3/cell_state/t1d_hpap_islet.h5ad	type 1 diabetes mellitus	pancreatic stellate cell	tissue_resident	SORT1	True	vesicle_sorting_trafficking
t1d_stellate_cell	data/raw_v3/cell_state/t1d_hpap_islet.h5ad	type 1 diabetes mellitus	pancreatic stellate cell	tissue_resident	SPP1	True	myeloid_marker_control
t1d_stellate_cell	data/raw_v3/cell_state/t1d_hpap_islet.h5ad	type 1 diabetes mellitus	pancreatic stellate cell	tissue_resident	TPP1	True	lysosome_membrane_or_lipid
t1d_stellate_cell	data/raw_v3/cell_state/t1d_hpap_islet.h5ad	type 1 diabetes mellitus	pancreatic stellate cell	tissue_resident	TREM2	True	surface_phagocytic_lipid_receptor
t1d_stellate_cell	data/raw_v3/cell_state/t1d_hpap_islet.h5ad	type 1 diabetes mellitus	pancreatic stellate cell	tissue_resident	TYROBP	True	surface_phagocytic_lipid_receptor
t1d_stellate_cell	data/raw_v3/cell_state/t1d_hpap_islet.h5ad	type 1 diabetes mellitus	pancreatic stellate cell	tissue_resident	VAMP3	True	vesicle_sorting_trafficking
t1d_stellate_cell	data/raw_v3/cell_state/t1d_hpap_islet.h5ad	type 1 diabetes mellitus	pancreatic stellate cell	tissue_resident	VAMP7	True	vesicle_sorting_trafficking
t1d_stellate_cell	data/raw_v3/cell_state/t1d_hpap_islet.h5ad	type 1 diabetes mellitus	pancreatic stellate cell	tissue_resident	VAMP8	True	vesicle_sorting_trafficking
t1d_endothelial_cell	data/raw_v3/cell_state/t1d_hpap_islet.h5ad	type 1 diabetes mellitus	pancreatic endothelial cell	tissue_resident	AP2A1	True	vesicle_sorting_trafficking
t1d_endothelial_cell	data/raw_v3/cell_state/t1d_hpap_islet.h5ad	type 1 diabetes mellitus	pancreatic endothelial cell	tissue_resident	AP2M1	True	vesicle_sorting_trafficking
t1d_endothelial_cell	data/raw_v3/cell_state/t1d_hpap_islet.h5ad	type 1 diabetes mellitus	pancreatic endothelial cell	tissue_resident	APOE	True	myeloid_marker_control
t1d_endothelial_cell	data/raw_v3/cell_state/t1d_hpap_islet.h5ad	type 1 diabetes mellitus	pancreatic endothelial cell	tissue_resident	AXL	True	surface_phagocytic_lipid_receptor
t1d_endothelial_cell	data/raw_v3/cell_state/t1d_hpap_islet.h5ad	type 1 diabetes mellitus	pancreatic endothelial cell	tissue_resident	C1QA	True	surface_uptake_fc_complement
t1d_endothelial_cell	data/raw_v3/cell_state/t1d_hpap_islet.h5ad	type 1 diabetes mellitus	pancreatic endothelial cell	tissue_resident	C1QB	True	surface_uptake_fc_complement
t1d_endothelial_cell	data/raw_v3/cell_state/t1d_hpap_islet.h5ad	type 1 diabetes mellitus	pancreatic endothelial cell	tissue_resident	C1QC	True	surface_uptake_fc_complement
t1d_endothelial_cell	data/raw_v3/cell_state/t1d_hpap_islet.h5ad	type 1 diabetes mellitus	pancreatic endothelial cell	tissue_resident	CD36	True	surface_phagocytic_lipid_receptor
t1d_endothelial_cell	data/raw_v3/cell_state/t1d_hpap_islet.h5ad	type 1 diabetes mellitus	pancreatic endothelial cell	tissue_resident	CD63	True	lysosome_membrane_or_lipid
t1d_endothelial_cell	data/raw_v3/cell_state/t1d_hpap_islet.h5ad	type 1 diabetes mellitus	pancreatic endothelial cell	tissue_resident	CD68	True	surface_phagocytic_lipid_receptor
t1d_endothelial_cell	data/raw_v3/cell_state/t1d_hpap_islet.h5ad	type 1 diabetes mellitus	pancreatic endothelial cell	tissue_resident	CD74	True	state_positive_control
t1d_endothelial_cell	data/raw_v3/cell_state/t1d_hpap_islet.h5ad	type 1 diabetes mellitus	pancreatic endothelial cell	tissue_resident	CIITA	True	state_positive_control
t1d_endothelial_cell	data/raw_v3/cell_state/t1d_hpap_islet.h5ad	type 1 diabetes mellitus	pancreatic endothelial cell	tissue_resident	CLEC7A	True	surface_phagocytic_lipid_receptor
t1d_endothelial_cell	data/raw_v3/cell_state/t1d_hpap_islet.h5ad	type 1 diabetes mellitus	pancreatic endothelial cell	tissue_resident	CLTC	True	vesicle_sorting_trafficking
t1d_endothelial_cell	data/raw_v3/cell_state/t1d_hpap_islet.h5ad	type 1 diabetes mellitus	pancreatic endothelial cell	tissue_resident	CST3	True	myeloid_marker_control
t1d_endothelial_cell	data/raw_v3/cell_state/t1d_hpap_islet.h5ad	type 1 diabetes mellitus	pancreatic endothelial cell	tissue_resident	CTSB	True	cathepsin_protease
t1d_endothelial_cell	data/raw_v3/cell_state/t1d_hpap_islet.h5ad	type 1 diabetes mellitus	pancreatic endothelial cell	tissue_resident	CTSD	True	cathepsin_protease
t1d_endothelial_cell	data/raw_v3/cell_state/t1d_hpap_islet.h5ad	type 1 diabetes mellitus	pancreatic endothelial cell	tissue_resident	CTSH	True	cathepsin_protease
t1d_endothelial_cell	data/raw_v3/cell_state/t1d_hpap_islet.h5ad	type 1 diabetes mellitus	pancreatic endothelial cell	tissue_resident	CTSK	True	cathepsin_protease
t1d_endothelial_cell	data/raw_v3/cell_state/t1d_hpap_islet.h5ad	type 1 diabetes mellitus	pancreatic endothelial cell	tissue_resident	CTSL	True	cathepsin_protease
t1d_endothelial_cell	data/raw_v3/cell_state/t1d_hpap_islet.h5ad	type 1 diabetes mellitus	pancreatic endothelial cell	tissue_resident	CTSS	True	cathepsin_protease
t1d_endothelial_cell	data/raw_v3/cell_state/t1d_hpap_islet.h5ad	type 1 diabetes mellitus	pancreatic endothelial cell	tissue_resident	CTSZ	True	cathepsin_protease
t1d_endothelial_cell	data/raw_v3/cell_state/t1d_hpap_islet.h5ad	type 1 diabetes mellitus	pancreatic endothelial cell	tissue_resident	FCER1G	True	surface_uptake_fc_complement
t1d_endothelial_cell	data/raw_v3/cell_state/t1d_hpap_islet.h5ad	type 1 diabetes mellitus	pancreatic endothelial cell	tissue_resident	FCGR2A	True	surface_uptake_fc_complement
t1d_endothelial_cell	data/raw_v3/cell_state/t1d_hpap_islet.h5ad	type 1 diabetes mellitus	pancreatic endothelial cell	tissue_resident	FCGR3A	True	surface_uptake_fc_complement
t1d_endothelial_cell	data/raw_v3/cell_state/t1d_hpap_islet.h5ad	type 1 diabetes mellitus	pancreatic endothelial cell	tissue_resident	GNPTAB	True	glycosylation_mannose6p
t1d_endothelial_cell	data/raw_v3/cell_state/t1d_hpap_islet.h5ad	type 1 diabetes mellitus	pancreatic endothelial cell	tissue_resident	GNPTG	True	glycosylation_mannose6p
t1d_endothelial_cell	data/raw_v3/cell_state/t1d_hpap_islet.h5ad	type 1 diabetes mellitus	pancreatic endothelial cell	tissue_resident	GPNMB	True	myeloid_marker_control
t1d_endothelial_cell	data/raw_v3/cell_state/t1d_hpap_islet.h5ad	type 1 diabetes mellitus	pancreatic endothelial cell	tissue_resident	HLA-DMA	True	hla_chaperone_loading
t1d_endothelial_cell	data/raw_v3/cell_state/t1d_hpap_islet.h5ad	type 1 diabetes mellitus	pancreatic endothelial cell	tissue_resident	HLA-DMB	True	hla_chaperone_loading
t1d_endothelial_cell	data/raw_v3/cell_state/t1d_hpap_islet.h5ad	type 1 diabetes mellitus	pancreatic endothelial cell	tissue_resident	HLA-DOA	True	hla_chaperone_loading
t1d_endothelial_cell	data/raw_v3/cell_state/t1d_hpap_islet.h5ad	type 1 diabetes mellitus	pancreatic endothelial cell	tissue_resident	HLA-DOB	True	hla_chaperone_loading
t1d_endothelial_cell	data/raw_v3/cell_state/t1d_hpap_islet.h5ad	type 1 diabetes mellitus	pancreatic endothelial cell	tissue_resident	HLA-DPA1	True	state_positive_control
t1d_endothelial_cell	data/raw_v3/cell_state/t1d_hpap_islet.h5ad	type 1 diabetes mellitus	pancreatic endothelial cell	tissue_resident	HLA-DPB1	True	state_positive_control
t1d_endothelial_cell	data/raw_v3/cell_state/t1d_hpap_islet.h5ad	type 1 diabetes mellitus	pancreatic endothelial cell	tissue_resident	HLA-DRA	True	state_positive_control
t1d_endothelial_cell	data/raw_v3/cell_state/t1d_hpap_islet.h5ad	type 1 diabetes mellitus	pancreatic endothelial cell	tissue_resident	HLA-DRB1	True	state_positive_control
t1d_endothelial_cell	data/raw_v3/cell_state/t1d_hpap_islet.h5ad	type 1 diabetes mellitus	pancreatic endothelial cell	tissue_resident	IFI30	True	lysosomal_thiol_reductase
t1d_endothelial_cell	data/raw_v3/cell_state/t1d_hpap_islet.h5ad	type 1 diabetes mellitus	pancreatic endothelial cell	tissue_resident	IGF2R	True	glycosylation_mannose6p
t1d_endothelial_cell	data/raw_v3/cell_state/t1d_hpap_islet.h5ad	type 1 diabetes mellitus	pancreatic endothelial cell	tissue_resident	ITGAM	True	surface_phagocytic_lipid_receptor
t1d_endothelial_cell	data/raw_v3/cell_state/t1d_hpap_islet.h5ad	type 1 diabetes mellitus	pancreatic endothelial cell	tissue_resident	ITGAX	True	surface_phagocytic_lipid_receptor
t1d_endothelial_cell	data/raw_v3/cell_state/t1d_hpap_islet.h5ad	type 1 diabetes mellitus	pancreatic endothelial cell	tissue_resident	LAMP1	True	lysosome_membrane_or_lipid
t1d_endothelial_cell	data/raw_v3/cell_state/t1d_hpap_islet.h5ad	type 1 diabetes mellitus	pancreatic endothelial cell	tissue_resident	LAMP2	True	lysosome_membrane_or_lipid
t1d_endothelial_cell	data/raw_v3/cell_state/t1d_hpap_islet.h5ad	type 1 diabetes mellitus	pancreatic endothelial cell	tissue_resident	LAMP3	True	lysosome_membrane_or_lipid
t1d_endothelial_cell	data/raw_v3/cell_state/t1d_hpap_islet.h5ad	type 1 diabetes mellitus	pancreatic endothelial cell	tissue_resident	LAPTM5	True	lysosome_membrane_or_lipid
t1d_endothelial_cell	data/raw_v3/cell_state/t1d_hpap_islet.h5ad	type 1 diabetes mellitus	pancreatic endothelial cell	tissue_resident	LGALS3	True	galectin_glycan_checkpoint
t1d_endothelial_cell	data/raw_v3/cell_state/t1d_hpap_islet.h5ad	type 1 diabetes mellitus	pancreatic endothelial cell	tissue_resident	LGALS9	True	galectin_glycan_checkpoint
t1d_endothelial_cell	data/raw_v3/cell_state/t1d_hpap_islet.h5ad	type 1 diabetes mellitus	pancreatic endothelial cell	tissue_resident	LIPA	True	lysosome_membrane_or_lipid
t1d_endothelial_cell	data/raw_v3/cell_state/t1d_hpap_islet.h5ad	type 1 diabetes mellitus	pancreatic endothelial cell	tissue_resident	LRP1	True	surface_phagocytic_lipid_receptor
t1d_endothelial_cell	data/raw_v3/cell_state/t1d_hpap_islet.h5ad	type 1 diabetes mellitus	pancreatic endothelial cell	tissue_resident	LST1	True	myeloid_marker_control
t1d_endothelial_cell	data/raw_v3/cell_state/t1d_hpap_islet.h5ad	type 1 diabetes mellitus	pancreatic endothelial cell	tissue_resident	LYZ	True	myeloid_marker_control
t1d_endothelial_cell	data/raw_v3/cell_state/t1d_hpap_islet.h5ad	type 1 diabetes mellitus	pancreatic endothelial cell	tissue_resident	M6PR	True	glycosylation_mannose6p
t1d_endothelial_cell	data/raw_v3/cell_state/t1d_hpap_islet.h5ad	type 1 diabetes mellitus	pancreatic endothelial cell	tissue_resident	MERTK	True	surface_phagocytic_lipid_receptor
t1d_endothelial_cell	data/raw_v3/cell_state/t1d_hpap_islet.h5ad	type 1 diabetes mellitus	pancreatic endothelial cell	tissue_resident	MRC1	True	surface_phagocytic_lipid_receptor
t1d_endothelial_cell	data/raw_v3/cell_state/t1d_hpap_islet.h5ad	type 1 diabetes mellitus	pancreatic endothelial cell	tissue_resident	MSR1	True	surface_phagocytic_lipid_receptor
t1d_endothelial_cell	data/raw_v3/cell_state/t1d_hpap_islet.h5ad	type 1 diabetes mellitus	pancreatic endothelial cell	tissue_resident	NPC1	True	lysosome_membrane_or_lipid
t1d_endothelial_cell	data/raw_v3/cell_state/t1d_hpap_islet.h5ad	type 1 diabetes mellitus	pancreatic endothelial cell	tissue_resident	NPC2	True	lysosome_membrane_or_lipid
t1d_endothelial_cell	data/raw_v3/cell_state/t1d_hpap_islet.h5ad	type 1 diabetes mellitus	pancreatic endothelial cell	tissue_resident	RAB11A	True	vesicle_sorting_trafficking
t1d_endothelial_cell	data/raw_v3/cell_state/t1d_hpap_islet.h5ad	type 1 diabetes mellitus	pancreatic endothelial cell	tissue_resident	RAB27A	True	vesicle_sorting_trafficking
t1d_endothelial_cell	data/raw_v3/cell_state/t1d_hpap_islet.h5ad	type 1 diabetes mellitus	pancreatic endothelial cell	tissue_resident	RAB32	True	vesicle_sorting_trafficking
t1d_endothelial_cell	data/raw_v3/cell_state/t1d_hpap_islet.h5ad	type 1 diabetes mellitus	pancreatic endothelial cell	tissue_resident	RAB5A	True	vesicle_sorting_trafficking
t1d_endothelial_cell	data/raw_v3/cell_state/t1d_hpap_islet.h5ad	type 1 diabetes mellitus	pancreatic endothelial cell	tissue_resident	RAB7A	True	vesicle_sorting_trafficking
t1d_endothelial_cell	data/raw_v3/cell_state/t1d_hpap_islet.h5ad	type 1 diabetes mellitus	pancreatic endothelial cell	tissue_resident	RAB7B	True	vesicle_sorting_trafficking
t1d_endothelial_cell	data/raw_v3/cell_state/t1d_hpap_islet.h5ad	type 1 diabetes mellitus	pancreatic endothelial cell	tissue_resident	RAB9A	True	vesicle_sorting_trafficking
t1d_endothelial_cell	data/raw_v3/cell_state/t1d_hpap_islet.h5ad	type 1 diabetes mellitus	pancreatic endothelial cell	tissue_resident	RFX5	True	state_positive_control
t1d_endothelial_cell	data/raw_v3/cell_state/t1d_hpap_islet.h5ad	type 1 diabetes mellitus	pancreatic endothelial cell	tissue_resident	SCARB1	True	surface_phagocytic_lipid_receptor
t1d_endothelial_cell	data/raw_v3/cell_state/t1d_hpap_islet.h5ad	type 1 diabetes mellitus	pancreatic endothelial cell	tissue_resident	SNX10	True	vesicle_sorting_trafficking
t1d_endothelial_cell	data/raw_v3/cell_state/t1d_hpap_islet.h5ad	type 1 diabetes mellitus	pancreatic endothelial cell	tissue_resident	SNX2	True	vesicle_sorting_trafficking
t1d_endothelial_cell	data/raw_v3/cell_state/t1d_hpap_islet.h5ad	type 1 diabetes mellitus	pancreatic endothelial cell	tissue_resident	SNX3	True	vesicle_sorting_trafficking
t1d_endothelial_cell	data/raw_v3/cell_state/t1d_hpap_islet.h5ad	type 1 diabetes mellitus	pancreatic endothelial cell	tissue_resident	SNX5	True	vesicle_sorting_trafficking
t1d_endothelial_cell	data/raw_v3/cell_state/t1d_hpap_islet.h5ad	type 1 diabetes mellitus	pancreatic endothelial cell	tissue_resident	SNX6	True	vesicle_sorting_trafficking
t1d_endothelial_cell	data/raw_v3/cell_state/t1d_hpap_islet.h5ad	type 1 diabetes mellitus	pancreatic endothelial cell	tissue_resident	SORT1	True	vesicle_sorting_trafficking
t1d_endothelial_cell	data/raw_v3/cell_state/t1d_hpap_islet.h5ad	type 1 diabetes mellitus	pancreatic endothelial cell	tissue_resident	SPP1	True	myeloid_marker_control
t1d_endothelial_cell	data/raw_v3/cell_state/t1d_hpap_islet.h5ad	type 1 diabetes mellitus	pancreatic endothelial cell	tissue_resident	TPP1	True	lysosome_membrane_or_lipid
t1d_endothelial_cell	data/raw_v3/cell_state/t1d_hpap_islet.h5ad	type 1 diabetes mellitus	pancreatic endothelial cell	tissue_resident	TREM2	True	surface_phagocytic_lipid_receptor
t1d_endothelial_cell	data/raw_v3/cell_state/t1d_hpap_islet.h5ad	type 1 diabetes mellitus	pancreatic endothelial cell	tissue_resident	TYROBP	True	surface_phagocytic_lipid_receptor
t1d_endothelial_cell	data/raw_v3/cell_state/t1d_hpap_islet.h5ad	type 1 diabetes mellitus	pancreatic endothelial cell	tissue_resident	VAMP3	True	vesicle_sorting_trafficking
t1d_endothelial_cell	data/raw_v3/cell_state/t1d_hpap_islet.h5ad	type 1 diabetes mellitus	pancreatic endothelial cell	tissue_resident	VAMP7	True	vesicle_sorting_trafficking
t1d_endothelial_cell	data/raw_v3/cell_state/t1d_hpap_islet.h5ad	type 1 diabetes mellitus	pancreatic endothelial cell	tissue_resident	VAMP8	True	vesicle_sorting_trafficking
gse111972_ms_microglia	data/raw_v3/gse111972/GSE111972_norm_data.txt.gz	MS	sorted microglia	myeloid_apc	AP2A1	True	vesicle_sorting_trafficking
gse111972_ms_microglia	data/raw_v3/gse111972/GSE111972_norm_data.txt.gz	MS	sorted microglia	myeloid_apc	AP2M1	True	vesicle_sorting_trafficking
gse111972_ms_microglia	data/raw_v3/gse111972/GSE111972_norm_data.txt.gz	MS	sorted microglia	myeloid_apc	APOE	True	myeloid_marker_control
gse111972_ms_microglia	data/raw_v3/gse111972/GSE111972_norm_data.txt.gz	MS	sorted microglia	myeloid_apc	AXL	True	surface_phagocytic_lipid_receptor
gse111972_ms_microglia	data/raw_v3/gse111972/GSE111972_norm_data.txt.gz	MS	sorted microglia	myeloid_apc	C1QA	True	surface_uptake_fc_complement
gse111972_ms_microglia	data/raw_v3/gse111972/GSE111972_norm_data.txt.gz	MS	sorted microglia	myeloid_apc	C1QB	True	surface_uptake_fc_complement
gse111972_ms_microglia	data/raw_v3/gse111972/GSE111972_norm_data.txt.gz	MS	sorted microglia	myeloid_apc	C1QC	True	surface_uptake_fc_complement
gse111972_ms_microglia	data/raw_v3/gse111972/GSE111972_norm_data.txt.gz	MS	sorted microglia	myeloid_apc	CD36	True	surface_phagocytic_lipid_receptor
gse111972_ms_microglia	data/raw_v3/gse111972/GSE111972_norm_data.txt.gz	MS	sorted microglia	myeloid_apc	CD63	True	lysosome_membrane_or_lipid
gse111972_ms_microglia	data/raw_v3/gse111972/GSE111972_norm_data.txt.gz	MS	sorted microglia	myeloid_apc	CD68	True	surface_phagocytic_lipid_receptor
gse111972_ms_microglia	data/raw_v3/gse111972/GSE111972_norm_data.txt.gz	MS	sorted microglia	myeloid_apc	CD74	True	state_positive_control
gse111972_ms_microglia	data/raw_v3/gse111972/GSE111972_norm_data.txt.gz	MS	sorted microglia	myeloid_apc	CIITA	True	state_positive_control
gse111972_ms_microglia	data/raw_v3/gse111972/GSE111972_norm_data.txt.gz	MS	sorted microglia	myeloid_apc	CLEC7A	True	surface_phagocytic_lipid_receptor
gse111972_ms_microglia	data/raw_v3/gse111972/GSE111972_norm_data.txt.gz	MS	sorted microglia	myeloid_apc	CLTC	True	vesicle_sorting_trafficking
gse111972_ms_microglia	data/raw_v3/gse111972/GSE111972_norm_data.txt.gz	MS	sorted microglia	myeloid_apc	CST3	True	myeloid_marker_control
gse111972_ms_microglia	data/raw_v3/gse111972/GSE111972_norm_data.txt.gz	MS	sorted microglia	myeloid_apc	CTSB	True	cathepsin_protease
gse111972_ms_microglia	data/raw_v3/gse111972/GSE111972_norm_data.txt.gz	MS	sorted microglia	myeloid_apc	CTSD	True	cathepsin_protease
gse111972_ms_microglia	data/raw_v3/gse111972/GSE111972_norm_data.txt.gz	MS	sorted microglia	myeloid_apc	CTSH	True	cathepsin_protease
gse111972_ms_microglia	data/raw_v3/gse111972/GSE111972_norm_data.txt.gz	MS	sorted microglia	myeloid_apc	CTSK	True	cathepsin_protease
gse111972_ms_microglia	data/raw_v3/gse111972/GSE111972_norm_data.txt.gz	MS	sorted microglia	myeloid_apc	CTSL	True	cathepsin_protease
gse111972_ms_microglia	data/raw_v3/gse111972/GSE111972_norm_data.txt.gz	MS	sorted microglia	myeloid_apc	CTSS	True	cathepsin_protease
gse111972_ms_microglia	data/raw_v3/gse111972/GSE111972_norm_data.txt.gz	MS	sorted microglia	myeloid_apc	CTSZ	True	cathepsin_protease
gse111972_ms_microglia	data/raw_v3/gse111972/GSE111972_norm_data.txt.gz	MS	sorted microglia	myeloid_apc	FCER1G	True	surface_uptake_fc_complement
gse111972_ms_microglia	data/raw_v3/gse111972/GSE111972_norm_data.txt.gz	MS	sorted microglia	myeloid_apc	FCGR2A	True	surface_uptake_fc_complement
gse111972_ms_microglia	data/raw_v3/gse111972/GSE111972_norm_data.txt.gz	MS	sorted microglia	myeloid_apc	FCGR3A	True	surface_uptake_fc_complement
gse111972_ms_microglia	data/raw_v3/gse111972/GSE111972_norm_data.txt.gz	MS	sorted microglia	myeloid_apc	GNPTAB	True	glycosylation_mannose6p
gse111972_ms_microglia	data/raw_v3/gse111972/GSE111972_norm_data.txt.gz	MS	sorted microglia	myeloid_apc	GNPTG	True	glycosylation_mannose6p
gse111972_ms_microglia	data/raw_v3/gse111972/GSE111972_norm_data.txt.gz	MS	sorted microglia	myeloid_apc	GPNMB	True	myeloid_marker_control
gse111972_ms_microglia	data/raw_v3/gse111972/GSE111972_norm_data.txt.gz	MS	sorted microglia	myeloid_apc	HLA-DMA	True	hla_chaperone_loading
gse111972_ms_microglia	data/raw_v3/gse111972/GSE111972_norm_data.txt.gz	MS	sorted microglia	myeloid_apc	HLA-DMB	True	hla_chaperone_loading
gse111972_ms_microglia	data/raw_v3/gse111972/GSE111972_norm_data.txt.gz	MS	sorted microglia	myeloid_apc	HLA-DOA	True	hla_chaperone_loading
gse111972_ms_microglia	data/raw_v3/gse111972/GSE111972_norm_data.txt.gz	MS	sorted microglia	myeloid_apc	HLA-DOB	True	hla_chaperone_loading
gse111972_ms_microglia	data/raw_v3/gse111972/GSE111972_norm_data.txt.gz	MS	sorted microglia	myeloid_apc	HLA-DPA1	True	state_positive_control
gse111972_ms_microglia	data/raw_v3/gse111972/GSE111972_norm_data.txt.gz	MS	sorted microglia	myeloid_apc	HLA-DPB1	True	state_positive_control
gse111972_ms_microglia	data/raw_v3/gse111972/GSE111972_norm_data.txt.gz	MS	sorted microglia	myeloid_apc	HLA-DRA	True	state_positive_control
gse111972_ms_microglia	data/raw_v3/gse111972/GSE111972_norm_data.txt.gz	MS	sorted microglia	myeloid_apc	HLA-DRB1	True	state_positive_control
gse111972_ms_microglia	data/raw_v3/gse111972/GSE111972_norm_data.txt.gz	MS	sorted microglia	myeloid_apc	IFI30	True	lysosomal_thiol_reductase
gse111972_ms_microglia	data/raw_v3/gse111972/GSE111972_norm_data.txt.gz	MS	sorted microglia	myeloid_apc	IGF2R	True	glycosylation_mannose6p
gse111972_ms_microglia	data/raw_v3/gse111972/GSE111972_norm_data.txt.gz	MS	sorted microglia	myeloid_apc	ITGAM	True	surface_phagocytic_lipid_receptor
gse111972_ms_microglia	data/raw_v3/gse111972/GSE111972_norm_data.txt.gz	MS	sorted microglia	myeloid_apc	ITGAX	True	surface_phagocytic_lipid_receptor
gse111972_ms_microglia	data/raw_v3/gse111972/GSE111972_norm_data.txt.gz	MS	sorted microglia	myeloid_apc	LAMP1	True	lysosome_membrane_or_lipid
gse111972_ms_microglia	data/raw_v3/gse111972/GSE111972_norm_data.txt.gz	MS	sorted microglia	myeloid_apc	LAMP2	True	lysosome_membrane_or_lipid
gse111972_ms_microglia	data/raw_v3/gse111972/GSE111972_norm_data.txt.gz	MS	sorted microglia	myeloid_apc	LAMP3	True	lysosome_membrane_or_lipid
gse111972_ms_microglia	data/raw_v3/gse111972/GSE111972_norm_data.txt.gz	MS	sorted microglia	myeloid_apc	LAPTM5	True	lysosome_membrane_or_lipid
gse111972_ms_microglia	data/raw_v3/gse111972/GSE111972_norm_data.txt.gz	MS	sorted microglia	myeloid_apc	LGALS3	True	galectin_glycan_checkpoint
gse111972_ms_microglia	data/raw_v3/gse111972/GSE111972_norm_data.txt.gz	MS	sorted microglia	myeloid_apc	LGALS9	True	galectin_glycan_checkpoint
gse111972_ms_microglia	data/raw_v3/gse111972/GSE111972_norm_data.txt.gz	MS	sorted microglia	myeloid_apc	LIPA	True	lysosome_membrane_or_lipid
gse111972_ms_microglia	data/raw_v3/gse111972/GSE111972_norm_data.txt.gz	MS	sorted microglia	myeloid_apc	LRP1	True	surface_phagocytic_lipid_receptor
gse111972_ms_microglia	data/raw_v3/gse111972/GSE111972_norm_data.txt.gz	MS	sorted microglia	myeloid_apc	LST1	True	myeloid_marker_control
gse111972_ms_microglia	data/raw_v3/gse111972/GSE111972_norm_data.txt.gz	MS	sorted microglia	myeloid_apc	LYZ	True	myeloid_marker_control
gse111972_ms_microglia	data/raw_v3/gse111972/GSE111972_norm_data.txt.gz	MS	sorted microglia	myeloid_apc	M6PR	True	glycosylation_mannose6p
gse111972_ms_microglia	data/raw_v3/gse111972/GSE111972_norm_data.txt.gz	MS	sorted microglia	myeloid_apc	MERTK	True	surface_phagocytic_lipid_receptor
gse111972_ms_microglia	data/raw_v3/gse111972/GSE111972_norm_data.txt.gz	MS	sorted microglia	myeloid_apc	MRC1	True	surface_phagocytic_lipid_receptor
gse111972_ms_microglia	data/raw_v3/gse111972/GSE111972_norm_data.txt.gz	MS	sorted microglia	myeloid_apc	MSR1	True	surface_phagocytic_lipid_receptor
gse111972_ms_microglia	data/raw_v3/gse111972/GSE111972_norm_data.txt.gz	MS	sorted microglia	myeloid_apc	NPC1	True	lysosome_membrane_or_lipid
gse111972_ms_microglia	data/raw_v3/gse111972/GSE111972_norm_data.txt.gz	MS	sorted microglia	myeloid_apc	NPC2	True	lysosome_membrane_or_lipid
gse111972_ms_microglia	data/raw_v3/gse111972/GSE111972_norm_data.txt.gz	MS	sorted microglia	myeloid_apc	RAB11A	True	vesicle_sorting_trafficking
gse111972_ms_microglia	data/raw_v3/gse111972/GSE111972_norm_data.txt.gz	MS	sorted microglia	myeloid_apc	RAB27A	True	vesicle_sorting_trafficking
gse111972_ms_microglia	data/raw_v3/gse111972/GSE111972_norm_data.txt.gz	MS	sorted microglia	myeloid_apc	RAB32	True	vesicle_sorting_trafficking
gse111972_ms_microglia	data/raw_v3/gse111972/GSE111972_norm_data.txt.gz	MS	sorted microglia	myeloid_apc	RAB5A	True	vesicle_sorting_trafficking
gse111972_ms_microglia	data/raw_v3/gse111972/GSE111972_norm_data.txt.gz	MS	sorted microglia	myeloid_apc	RAB7A	True	vesicle_sorting_trafficking
gse111972_ms_microglia	data/raw_v3/gse111972/GSE111972_norm_data.txt.gz	MS	sorted microglia	myeloid_apc	RAB7B	False	vesicle_sorting_trafficking
gse111972_ms_microglia	data/raw_v3/gse111972/GSE111972_norm_data.txt.gz	MS	sorted microglia	myeloid_apc	RAB9A	True	vesicle_sorting_trafficking
gse111972_ms_microglia	data/raw_v3/gse111972/GSE111972_norm_data.txt.gz	MS	sorted microglia	myeloid_apc	RFX5	True	state_positive_control
gse111972_ms_microglia	data/raw_v3/gse111972/GSE111972_norm_data.txt.gz	MS	sorted microglia	myeloid_apc	SCARB1	True	surface_phagocytic_lipid_receptor
gse111972_ms_microglia	data/raw_v3/gse111972/GSE111972_norm_data.txt.gz	MS	sorted microglia	myeloid_apc	SNX10	True	vesicle_sorting_trafficking
gse111972_ms_microglia	data/raw_v3/gse111972/GSE111972_norm_data.txt.gz	MS	sorted microglia	myeloid_apc	SNX2	True	vesicle_sorting_trafficking
gse111972_ms_microglia	data/raw_v3/gse111972/GSE111972_norm_data.txt.gz	MS	sorted microglia	myeloid_apc	SNX3	True	vesicle_sorting_trafficking
gse111972_ms_microglia	data/raw_v3/gse111972/GSE111972_norm_data.txt.gz	MS	sorted microglia	myeloid_apc	SNX5	True	vesicle_sorting_trafficking
gse111972_ms_microglia	data/raw_v3/gse111972/GSE111972_norm_data.txt.gz	MS	sorted microglia	myeloid_apc	SNX6	True	vesicle_sorting_trafficking
gse111972_ms_microglia	data/raw_v3/gse111972/GSE111972_norm_data.txt.gz	MS	sorted microglia	myeloid_apc	SORT1	True	vesicle_sorting_trafficking
gse111972_ms_microglia	data/raw_v3/gse111972/GSE111972_norm_data.txt.gz	MS	sorted microglia	myeloid_apc	SPP1	True	myeloid_marker_control
gse111972_ms_microglia	data/raw_v3/gse111972/GSE111972_norm_data.txt.gz	MS	sorted microglia	myeloid_apc	TPP1	True	lysosome_membrane_or_lipid
gse111972_ms_microglia	data/raw_v3/gse111972/GSE111972_norm_data.txt.gz	MS	sorted microglia	myeloid_apc	TREM2	True	surface_phagocytic_lipid_receptor
gse111972_ms_microglia	data/raw_v3/gse111972/GSE111972_norm_data.txt.gz	MS	sorted microglia	myeloid_apc	TYROBP	True	surface_phagocytic_lipid_receptor
gse111972_ms_microglia	data/raw_v3/gse111972/GSE111972_norm_data.txt.gz	MS	sorted microglia	myeloid_apc	VAMP3	True	vesicle_sorting_trafficking
gse111972_ms_microglia	data/raw_v3/gse111972/GSE111972_norm_data.txt.gz	MS	sorted microglia	myeloid_apc	VAMP7	True	vesicle_sorting_trafficking
gse111972_ms_microglia	data/raw_v3/gse111972/GSE111972_norm_data.txt.gz	MS	sorted microglia	myeloid_apc	VAMP8	True	vesicle_sorting_trafficking
gse315138_celiac_marker	data/raw_v3/gse315138/raw/*_matrix.mtx.gz	celiac disease	all marker compartments	marker_compartment	AP2A1	True	vesicle_sorting_trafficking
gse315138_celiac_marker	data/raw_v3/gse315138/raw/*_matrix.mtx.gz	celiac disease	all marker compartments	marker_compartment	AP2M1	True	vesicle_sorting_trafficking
gse315138_celiac_marker	data/raw_v3/gse315138/raw/*_matrix.mtx.gz	celiac disease	all marker compartments	marker_compartment	APOE	True	myeloid_marker_control
gse315138_celiac_marker	data/raw_v3/gse315138/raw/*_matrix.mtx.gz	celiac disease	all marker compartments	marker_compartment	AXL	True	surface_phagocytic_lipid_receptor
gse315138_celiac_marker	data/raw_v3/gse315138/raw/*_matrix.mtx.gz	celiac disease	all marker compartments	marker_compartment	C1QA	True	surface_uptake_fc_complement
gse315138_celiac_marker	data/raw_v3/gse315138/raw/*_matrix.mtx.gz	celiac disease	all marker compartments	marker_compartment	C1QB	True	surface_uptake_fc_complement
gse315138_celiac_marker	data/raw_v3/gse315138/raw/*_matrix.mtx.gz	celiac disease	all marker compartments	marker_compartment	C1QC	True	surface_uptake_fc_complement
gse315138_celiac_marker	data/raw_v3/gse315138/raw/*_matrix.mtx.gz	celiac disease	all marker compartments	marker_compartment	CD36	True	surface_phagocytic_lipid_receptor
gse315138_celiac_marker	data/raw_v3/gse315138/raw/*_matrix.mtx.gz	celiac disease	all marker compartments	marker_compartment	CD63	True	lysosome_membrane_or_lipid
gse315138_celiac_marker	data/raw_v3/gse315138/raw/*_matrix.mtx.gz	celiac disease	all marker compartments	marker_compartment	CD68	True	surface_phagocytic_lipid_receptor
gse315138_celiac_marker	data/raw_v3/gse315138/raw/*_matrix.mtx.gz	celiac disease	all marker compartments	marker_compartment	CD74	True	state_positive_control
gse315138_celiac_marker	data/raw_v3/gse315138/raw/*_matrix.mtx.gz	celiac disease	all marker compartments	marker_compartment	CIITA	True	state_positive_control
gse315138_celiac_marker	data/raw_v3/gse315138/raw/*_matrix.mtx.gz	celiac disease	all marker compartments	marker_compartment	CLEC7A	True	surface_phagocytic_lipid_receptor
gse315138_celiac_marker	data/raw_v3/gse315138/raw/*_matrix.mtx.gz	celiac disease	all marker compartments	marker_compartment	CLTC	True	vesicle_sorting_trafficking
gse315138_celiac_marker	data/raw_v3/gse315138/raw/*_matrix.mtx.gz	celiac disease	all marker compartments	marker_compartment	CST3	True	myeloid_marker_control
gse315138_celiac_marker	data/raw_v3/gse315138/raw/*_matrix.mtx.gz	celiac disease	all marker compartments	marker_compartment	CTSB	True	cathepsin_protease
gse315138_celiac_marker	data/raw_v3/gse315138/raw/*_matrix.mtx.gz	celiac disease	all marker compartments	marker_compartment	CTSD	True	cathepsin_protease
gse315138_celiac_marker	data/raw_v3/gse315138/raw/*_matrix.mtx.gz	celiac disease	all marker compartments	marker_compartment	CTSH	True	cathepsin_protease
gse315138_celiac_marker	data/raw_v3/gse315138/raw/*_matrix.mtx.gz	celiac disease	all marker compartments	marker_compartment	CTSK	True	cathepsin_protease
gse315138_celiac_marker	data/raw_v3/gse315138/raw/*_matrix.mtx.gz	celiac disease	all marker compartments	marker_compartment	CTSL	True	cathepsin_protease
gse315138_celiac_marker	data/raw_v3/gse315138/raw/*_matrix.mtx.gz	celiac disease	all marker compartments	marker_compartment	CTSS	True	cathepsin_protease
gse315138_celiac_marker	data/raw_v3/gse315138/raw/*_matrix.mtx.gz	celiac disease	all marker compartments	marker_compartment	CTSZ	True	cathepsin_protease
gse315138_celiac_marker	data/raw_v3/gse315138/raw/*_matrix.mtx.gz	celiac disease	all marker compartments	marker_compartment	FCER1G	True	surface_uptake_fc_complement
gse315138_celiac_marker	data/raw_v3/gse315138/raw/*_matrix.mtx.gz	celiac disease	all marker compartments	marker_compartment	FCGR2A	True	surface_uptake_fc_complement
gse315138_celiac_marker	data/raw_v3/gse315138/raw/*_matrix.mtx.gz	celiac disease	all marker compartments	marker_compartment	FCGR3A	True	surface_uptake_fc_complement
gse315138_celiac_marker	data/raw_v3/gse315138/raw/*_matrix.mtx.gz	celiac disease	all marker compartments	marker_compartment	GNPTAB	True	glycosylation_mannose6p
gse315138_celiac_marker	data/raw_v3/gse315138/raw/*_matrix.mtx.gz	celiac disease	all marker compartments	marker_compartment	GNPTG	True	glycosylation_mannose6p
gse315138_celiac_marker	data/raw_v3/gse315138/raw/*_matrix.mtx.gz	celiac disease	all marker compartments	marker_compartment	GPNMB	True	myeloid_marker_control
gse315138_celiac_marker	data/raw_v3/gse315138/raw/*_matrix.mtx.gz	celiac disease	all marker compartments	marker_compartment	HLA-DMA	True	hla_chaperone_loading
gse315138_celiac_marker	data/raw_v3/gse315138/raw/*_matrix.mtx.gz	celiac disease	all marker compartments	marker_compartment	HLA-DMB	True	hla_chaperone_loading
gse315138_celiac_marker	data/raw_v3/gse315138/raw/*_matrix.mtx.gz	celiac disease	all marker compartments	marker_compartment	HLA-DOA	True	hla_chaperone_loading
gse315138_celiac_marker	data/raw_v3/gse315138/raw/*_matrix.mtx.gz	celiac disease	all marker compartments	marker_compartment	HLA-DOB	True	hla_chaperone_loading
gse315138_celiac_marker	data/raw_v3/gse315138/raw/*_matrix.mtx.gz	celiac disease	all marker compartments	marker_compartment	HLA-DPA1	True	state_positive_control
gse315138_celiac_marker	data/raw_v3/gse315138/raw/*_matrix.mtx.gz	celiac disease	all marker compartments	marker_compartment	HLA-DPB1	True	state_positive_control
gse315138_celiac_marker	data/raw_v3/gse315138/raw/*_matrix.mtx.gz	celiac disease	all marker compartments	marker_compartment	HLA-DRA	True	state_positive_control
gse315138_celiac_marker	data/raw_v3/gse315138/raw/*_matrix.mtx.gz	celiac disease	all marker compartments	marker_compartment	HLA-DRB1	True	state_positive_control
gse315138_celiac_marker	data/raw_v3/gse315138/raw/*_matrix.mtx.gz	celiac disease	all marker compartments	marker_compartment	IFI30	True	lysosomal_thiol_reductase
gse315138_celiac_marker	data/raw_v3/gse315138/raw/*_matrix.mtx.gz	celiac disease	all marker compartments	marker_compartment	IGF2R	True	glycosylation_mannose6p
gse315138_celiac_marker	data/raw_v3/gse315138/raw/*_matrix.mtx.gz	celiac disease	all marker compartments	marker_compartment	ITGAM	True	surface_phagocytic_lipid_receptor
gse315138_celiac_marker	data/raw_v3/gse315138/raw/*_matrix.mtx.gz	celiac disease	all marker compartments	marker_compartment	ITGAX	True	surface_phagocytic_lipid_receptor
gse315138_celiac_marker	data/raw_v3/gse315138/raw/*_matrix.mtx.gz	celiac disease	all marker compartments	marker_compartment	LAMP1	True	lysosome_membrane_or_lipid
gse315138_celiac_marker	data/raw_v3/gse315138/raw/*_matrix.mtx.gz	celiac disease	all marker compartments	marker_compartment	LAMP2	True	lysosome_membrane_or_lipid
gse315138_celiac_marker	data/raw_v3/gse315138/raw/*_matrix.mtx.gz	celiac disease	all marker compartments	marker_compartment	LAMP3	True	lysosome_membrane_or_lipid
gse315138_celiac_marker	data/raw_v3/gse315138/raw/*_matrix.mtx.gz	celiac disease	all marker compartments	marker_compartment	LAPTM5	True	lysosome_membrane_or_lipid
gse315138_celiac_marker	data/raw_v3/gse315138/raw/*_matrix.mtx.gz	celiac disease	all marker compartments	marker_compartment	LGALS3	True	galectin_glycan_checkpoint
gse315138_celiac_marker	data/raw_v3/gse315138/raw/*_matrix.mtx.gz	celiac disease	all marker compartments	marker_compartment	LGALS9	True	galectin_glycan_checkpoint
gse315138_celiac_marker	data/raw_v3/gse315138/raw/*_matrix.mtx.gz	celiac disease	all marker compartments	marker_compartment	LIPA	True	lysosome_membrane_or_lipid
gse315138_celiac_marker	data/raw_v3/gse315138/raw/*_matrix.mtx.gz	celiac disease	all marker compartments	marker_compartment	LRP1	True	surface_phagocytic_lipid_receptor
gse315138_celiac_marker	data/raw_v3/gse315138/raw/*_matrix.mtx.gz	celiac disease	all marker compartments	marker_compartment	LST1	True	myeloid_marker_control
gse315138_celiac_marker	data/raw_v3/gse315138/raw/*_matrix.mtx.gz	celiac disease	all marker compartments	marker_compartment	LYZ	True	myeloid_marker_control
gse315138_celiac_marker	data/raw_v3/gse315138/raw/*_matrix.mtx.gz	celiac disease	all marker compartments	marker_compartment	M6PR	True	glycosylation_mannose6p
gse315138_celiac_marker	data/raw_v3/gse315138/raw/*_matrix.mtx.gz	celiac disease	all marker compartments	marker_compartment	MERTK	True	surface_phagocytic_lipid_receptor
gse315138_celiac_marker	data/raw_v3/gse315138/raw/*_matrix.mtx.gz	celiac disease	all marker compartments	marker_compartment	MRC1	True	surface_phagocytic_lipid_receptor
gse315138_celiac_marker	data/raw_v3/gse315138/raw/*_matrix.mtx.gz	celiac disease	all marker compartments	marker_compartment	MSR1	True	surface_phagocytic_lipid_receptor
gse315138_celiac_marker	data/raw_v3/gse315138/raw/*_matrix.mtx.gz	celiac disease	all marker compartments	marker_compartment	NPC1	True	lysosome_membrane_or_lipid
gse315138_celiac_marker	data/raw_v3/gse315138/raw/*_matrix.mtx.gz	celiac disease	all marker compartments	marker_compartment	NPC2	True	lysosome_membrane_or_lipid
gse315138_celiac_marker	data/raw_v3/gse315138/raw/*_matrix.mtx.gz	celiac disease	all marker compartments	marker_compartment	RAB11A	True	vesicle_sorting_trafficking
gse315138_celiac_marker	data/raw_v3/gse315138/raw/*_matrix.mtx.gz	celiac disease	all marker compartments	marker_compartment	RAB27A	True	vesicle_sorting_trafficking
gse315138_celiac_marker	data/raw_v3/gse315138/raw/*_matrix.mtx.gz	celiac disease	all marker compartments	marker_compartment	RAB32	True	vesicle_sorting_trafficking
gse315138_celiac_marker	data/raw_v3/gse315138/raw/*_matrix.mtx.gz	celiac disease	all marker compartments	marker_compartment	RAB5A	True	vesicle_sorting_trafficking
gse315138_celiac_marker	data/raw_v3/gse315138/raw/*_matrix.mtx.gz	celiac disease	all marker compartments	marker_compartment	RAB7A	True	vesicle_sorting_trafficking
gse315138_celiac_marker	data/raw_v3/gse315138/raw/*_matrix.mtx.gz	celiac disease	all marker compartments	marker_compartment	RAB7B	True	vesicle_sorting_trafficking
gse315138_celiac_marker	data/raw_v3/gse315138/raw/*_matrix.mtx.gz	celiac disease	all marker compartments	marker_compartment	RAB9A	True	vesicle_sorting_trafficking
gse315138_celiac_marker	data/raw_v3/gse315138/raw/*_matrix.mtx.gz	celiac disease	all marker compartments	marker_compartment	RFX5	True	state_positive_control
gse315138_celiac_marker	data/raw_v3/gse315138/raw/*_matrix.mtx.gz	celiac disease	all marker compartments	marker_compartment	SCARB1	True	surface_phagocytic_lipid_receptor
gse315138_celiac_marker	data/raw_v3/gse315138/raw/*_matrix.mtx.gz	celiac disease	all marker compartments	marker_compartment	SNX10	True	vesicle_sorting_trafficking
gse315138_celiac_marker	data/raw_v3/gse315138/raw/*_matrix.mtx.gz	celiac disease	all marker compartments	marker_compartment	SNX2	True	vesicle_sorting_trafficking
gse315138_celiac_marker	data/raw_v3/gse315138/raw/*_matrix.mtx.gz	celiac disease	all marker compartments	marker_compartment	SNX3	True	vesicle_sorting_trafficking
gse315138_celiac_marker	data/raw_v3/gse315138/raw/*_matrix.mtx.gz	celiac disease	all marker compartments	marker_compartment	SNX5	True	vesicle_sorting_trafficking
gse315138_celiac_marker	data/raw_v3/gse315138/raw/*_matrix.mtx.gz	celiac disease	all marker compartments	marker_compartment	SNX6	True	vesicle_sorting_trafficking
gse315138_celiac_marker	data/raw_v3/gse315138/raw/*_matrix.mtx.gz	celiac disease	all marker compartments	marker_compartment	SORT1	True	vesicle_sorting_trafficking
gse315138_celiac_marker	data/raw_v3/gse315138/raw/*_matrix.mtx.gz	celiac disease	all marker compartments	marker_compartment	SPP1	True	myeloid_marker_control
gse315138_celiac_marker	data/raw_v3/gse315138/raw/*_matrix.mtx.gz	celiac disease	all marker compartments	marker_compartment	TPP1	True	lysosome_membrane_or_lipid
gse315138_celiac_marker	data/raw_v3/gse315138/raw/*_matrix.mtx.gz	celiac disease	all marker compartments	marker_compartment	TREM2	True	surface_phagocytic_lipid_receptor
gse315138_celiac_marker	data/raw_v3/gse315138/raw/*_matrix.mtx.gz	celiac disease	all marker compartments	marker_compartment	TYROBP	True	surface_phagocytic_lipid_receptor
gse315138_celiac_marker	data/raw_v3/gse315138/raw/*_matrix.mtx.gz	celiac disease	all marker compartments	marker_compartment	VAMP3	True	vesicle_sorting_trafficking
gse315138_celiac_marker	data/raw_v3/gse315138/raw/*_matrix.mtx.gz	celiac disease	all marker compartments	marker_compartment	VAMP7	True	vesicle_sorting_trafficking
gse315138_celiac_marker	data/raw_v3/gse315138/raw/*_matrix.mtx.gz	celiac disease	all marker compartments	marker_compartment	VAMP8	True	vesicle_sorting_trafficking
gse248205_thyroid_spatial	data/raw_v3/gse248205/processed/*/*_matrix.mtx.gz	Hashimoto thyroiditis;Graves disease	thyroid Visium spots	spatial_tissue	AP2A1	True	vesicle_sorting_trafficking
gse248205_thyroid_spatial	data/raw_v3/gse248205/processed/*/*_matrix.mtx.gz	Hashimoto thyroiditis;Graves disease	thyroid Visium spots	spatial_tissue	AP2M1	True	vesicle_sorting_trafficking
gse248205_thyroid_spatial	data/raw_v3/gse248205/processed/*/*_matrix.mtx.gz	Hashimoto thyroiditis;Graves disease	thyroid Visium spots	spatial_tissue	APOE	True	myeloid_marker_control
gse248205_thyroid_spatial	data/raw_v3/gse248205/processed/*/*_matrix.mtx.gz	Hashimoto thyroiditis;Graves disease	thyroid Visium spots	spatial_tissue	AXL	True	surface_phagocytic_lipid_receptor
gse248205_thyroid_spatial	data/raw_v3/gse248205/processed/*/*_matrix.mtx.gz	Hashimoto thyroiditis;Graves disease	thyroid Visium spots	spatial_tissue	C1QA	True	surface_uptake_fc_complement
gse248205_thyroid_spatial	data/raw_v3/gse248205/processed/*/*_matrix.mtx.gz	Hashimoto thyroiditis;Graves disease	thyroid Visium spots	spatial_tissue	C1QB	True	surface_uptake_fc_complement
gse248205_thyroid_spatial	data/raw_v3/gse248205/processed/*/*_matrix.mtx.gz	Hashimoto thyroiditis;Graves disease	thyroid Visium spots	spatial_tissue	C1QC	True	surface_uptake_fc_complement
gse248205_thyroid_spatial	data/raw_v3/gse248205/processed/*/*_matrix.mtx.gz	Hashimoto thyroiditis;Graves disease	thyroid Visium spots	spatial_tissue	CD36	True	surface_phagocytic_lipid_receptor
gse248205_thyroid_spatial	data/raw_v3/gse248205/processed/*/*_matrix.mtx.gz	Hashimoto thyroiditis;Graves disease	thyroid Visium spots	spatial_tissue	CD63	True	lysosome_membrane_or_lipid
gse248205_thyroid_spatial	data/raw_v3/gse248205/processed/*/*_matrix.mtx.gz	Hashimoto thyroiditis;Graves disease	thyroid Visium spots	spatial_tissue	CD68	True	surface_phagocytic_lipid_receptor
gse248205_thyroid_spatial	data/raw_v3/gse248205/processed/*/*_matrix.mtx.gz	Hashimoto thyroiditis;Graves disease	thyroid Visium spots	spatial_tissue	CD74	True	state_positive_control
gse248205_thyroid_spatial	data/raw_v3/gse248205/processed/*/*_matrix.mtx.gz	Hashimoto thyroiditis;Graves disease	thyroid Visium spots	spatial_tissue	CIITA	True	state_positive_control
gse248205_thyroid_spatial	data/raw_v3/gse248205/processed/*/*_matrix.mtx.gz	Hashimoto thyroiditis;Graves disease	thyroid Visium spots	spatial_tissue	CLEC7A	True	surface_phagocytic_lipid_receptor
gse248205_thyroid_spatial	data/raw_v3/gse248205/processed/*/*_matrix.mtx.gz	Hashimoto thyroiditis;Graves disease	thyroid Visium spots	spatial_tissue	CLTC	True	vesicle_sorting_trafficking
gse248205_thyroid_spatial	data/raw_v3/gse248205/processed/*/*_matrix.mtx.gz	Hashimoto thyroiditis;Graves disease	thyroid Visium spots	spatial_tissue	CST3	True	myeloid_marker_control
gse248205_thyroid_spatial	data/raw_v3/gse248205/processed/*/*_matrix.mtx.gz	Hashimoto thyroiditis;Graves disease	thyroid Visium spots	spatial_tissue	CTSB	True	cathepsin_protease
gse248205_thyroid_spatial	data/raw_v3/gse248205/processed/*/*_matrix.mtx.gz	Hashimoto thyroiditis;Graves disease	thyroid Visium spots	spatial_tissue	CTSD	True	cathepsin_protease
gse248205_thyroid_spatial	data/raw_v3/gse248205/processed/*/*_matrix.mtx.gz	Hashimoto thyroiditis;Graves disease	thyroid Visium spots	spatial_tissue	CTSH	True	cathepsin_protease
gse248205_thyroid_spatial	data/raw_v3/gse248205/processed/*/*_matrix.mtx.gz	Hashimoto thyroiditis;Graves disease	thyroid Visium spots	spatial_tissue	CTSK	True	cathepsin_protease
gse248205_thyroid_spatial	data/raw_v3/gse248205/processed/*/*_matrix.mtx.gz	Hashimoto thyroiditis;Graves disease	thyroid Visium spots	spatial_tissue	CTSL	True	cathepsin_protease
gse248205_thyroid_spatial	data/raw_v3/gse248205/processed/*/*_matrix.mtx.gz	Hashimoto thyroiditis;Graves disease	thyroid Visium spots	spatial_tissue	CTSS	True	cathepsin_protease
gse248205_thyroid_spatial	data/raw_v3/gse248205/processed/*/*_matrix.mtx.gz	Hashimoto thyroiditis;Graves disease	thyroid Visium spots	spatial_tissue	CTSZ	True	cathepsin_protease
gse248205_thyroid_spatial	data/raw_v3/gse248205/processed/*/*_matrix.mtx.gz	Hashimoto thyroiditis;Graves disease	thyroid Visium spots	spatial_tissue	FCER1G	True	surface_uptake_fc_complement
gse248205_thyroid_spatial	data/raw_v3/gse248205/processed/*/*_matrix.mtx.gz	Hashimoto thyroiditis;Graves disease	thyroid Visium spots	spatial_tissue	FCGR2A	True	surface_uptake_fc_complement
gse248205_thyroid_spatial	data/raw_v3/gse248205/processed/*/*_matrix.mtx.gz	Hashimoto thyroiditis;Graves disease	thyroid Visium spots	spatial_tissue	FCGR3A	True	surface_uptake_fc_complement
gse248205_thyroid_spatial	data/raw_v3/gse248205/processed/*/*_matrix.mtx.gz	Hashimoto thyroiditis;Graves disease	thyroid Visium spots	spatial_tissue	GNPTAB	True	glycosylation_mannose6p
gse248205_thyroid_spatial	data/raw_v3/gse248205/processed/*/*_matrix.mtx.gz	Hashimoto thyroiditis;Graves disease	thyroid Visium spots	spatial_tissue	GNPTG	True	glycosylation_mannose6p
gse248205_thyroid_spatial	data/raw_v3/gse248205/processed/*/*_matrix.mtx.gz	Hashimoto thyroiditis;Graves disease	thyroid Visium spots	spatial_tissue	GPNMB	True	myeloid_marker_control
gse248205_thyroid_spatial	data/raw_v3/gse248205/processed/*/*_matrix.mtx.gz	Hashimoto thyroiditis;Graves disease	thyroid Visium spots	spatial_tissue	HLA-DMA	True	hla_chaperone_loading
gse248205_thyroid_spatial	data/raw_v3/gse248205/processed/*/*_matrix.mtx.gz	Hashimoto thyroiditis;Graves disease	thyroid Visium spots	spatial_tissue	HLA-DMB	True	hla_chaperone_loading
gse248205_thyroid_spatial	data/raw_v3/gse248205/processed/*/*_matrix.mtx.gz	Hashimoto thyroiditis;Graves disease	thyroid Visium spots	spatial_tissue	HLA-DOA	True	hla_chaperone_loading
gse248205_thyroid_spatial	data/raw_v3/gse248205/processed/*/*_matrix.mtx.gz	Hashimoto thyroiditis;Graves disease	thyroid Visium spots	spatial_tissue	HLA-DOB	True	hla_chaperone_loading
gse248205_thyroid_spatial	data/raw_v3/gse248205/processed/*/*_matrix.mtx.gz	Hashimoto thyroiditis;Graves disease	thyroid Visium spots	spatial_tissue	HLA-DPA1	True	state_positive_control
gse248205_thyroid_spatial	data/raw_v3/gse248205/processed/*/*_matrix.mtx.gz	Hashimoto thyroiditis;Graves disease	thyroid Visium spots	spatial_tissue	HLA-DPB1	True	state_positive_control
gse248205_thyroid_spatial	data/raw_v3/gse248205/processed/*/*_matrix.mtx.gz	Hashimoto thyroiditis;Graves disease	thyroid Visium spots	spatial_tissue	HLA-DRA	True	state_positive_control
gse248205_thyroid_spatial	data/raw_v3/gse248205/processed/*/*_matrix.mtx.gz	Hashimoto thyroiditis;Graves disease	thyroid Visium spots	spatial_tissue	HLA-DRB1	True	state_positive_control
gse248205_thyroid_spatial	data/raw_v3/gse248205/processed/*/*_matrix.mtx.gz	Hashimoto thyroiditis;Graves disease	thyroid Visium spots	spatial_tissue	IFI30	True	lysosomal_thiol_reductase
gse248205_thyroid_spatial	data/raw_v3/gse248205/processed/*/*_matrix.mtx.gz	Hashimoto thyroiditis;Graves disease	thyroid Visium spots	spatial_tissue	IGF2R	True	glycosylation_mannose6p
gse248205_thyroid_spatial	data/raw_v3/gse248205/processed/*/*_matrix.mtx.gz	Hashimoto thyroiditis;Graves disease	thyroid Visium spots	spatial_tissue	ITGAM	True	surface_phagocytic_lipid_receptor
gse248205_thyroid_spatial	data/raw_v3/gse248205/processed/*/*_matrix.mtx.gz	Hashimoto thyroiditis;Graves disease	thyroid Visium spots	spatial_tissue	ITGAX	True	surface_phagocytic_lipid_receptor
gse248205_thyroid_spatial	data/raw_v3/gse248205/processed/*/*_matrix.mtx.gz	Hashimoto thyroiditis;Graves disease	thyroid Visium spots	spatial_tissue	LAMP1	True	lysosome_membrane_or_lipid
gse248205_thyroid_spatial	data/raw_v3/gse248205/processed/*/*_matrix.mtx.gz	Hashimoto thyroiditis;Graves disease	thyroid Visium spots	spatial_tissue	LAMP2	True	lysosome_membrane_or_lipid
gse248205_thyroid_spatial	data/raw_v3/gse248205/processed/*/*_matrix.mtx.gz	Hashimoto thyroiditis;Graves disease	thyroid Visium spots	spatial_tissue	LAMP3	True	lysosome_membrane_or_lipid
gse248205_thyroid_spatial	data/raw_v3/gse248205/processed/*/*_matrix.mtx.gz	Hashimoto thyroiditis;Graves disease	thyroid Visium spots	spatial_tissue	LAPTM5	True	lysosome_membrane_or_lipid
gse248205_thyroid_spatial	data/raw_v3/gse248205/processed/*/*_matrix.mtx.gz	Hashimoto thyroiditis;Graves disease	thyroid Visium spots	spatial_tissue	LGALS3	True	galectin_glycan_checkpoint
gse248205_thyroid_spatial	data/raw_v3/gse248205/processed/*/*_matrix.mtx.gz	Hashimoto thyroiditis;Graves disease	thyroid Visium spots	spatial_tissue	LGALS9	True	galectin_glycan_checkpoint
gse248205_thyroid_spatial	data/raw_v3/gse248205/processed/*/*_matrix.mtx.gz	Hashimoto thyroiditis;Graves disease	thyroid Visium spots	spatial_tissue	LIPA	True	lysosome_membrane_or_lipid
gse248205_thyroid_spatial	data/raw_v3/gse248205/processed/*/*_matrix.mtx.gz	Hashimoto thyroiditis;Graves disease	thyroid Visium spots	spatial_tissue	LRP1	True	surface_phagocytic_lipid_receptor
gse248205_thyroid_spatial	data/raw_v3/gse248205/processed/*/*_matrix.mtx.gz	Hashimoto thyroiditis;Graves disease	thyroid Visium spots	spatial_tissue	LST1	True	myeloid_marker_control
gse248205_thyroid_spatial	data/raw_v3/gse248205/processed/*/*_matrix.mtx.gz	Hashimoto thyroiditis;Graves disease	thyroid Visium spots	spatial_tissue	LYZ	True	myeloid_marker_control
gse248205_thyroid_spatial	data/raw_v3/gse248205/processed/*/*_matrix.mtx.gz	Hashimoto thyroiditis;Graves disease	thyroid Visium spots	spatial_tissue	M6PR	True	glycosylation_mannose6p
gse248205_thyroid_spatial	data/raw_v3/gse248205/processed/*/*_matrix.mtx.gz	Hashimoto thyroiditis;Graves disease	thyroid Visium spots	spatial_tissue	MERTK	True	surface_phagocytic_lipid_receptor
gse248205_thyroid_spatial	data/raw_v3/gse248205/processed/*/*_matrix.mtx.gz	Hashimoto thyroiditis;Graves disease	thyroid Visium spots	spatial_tissue	MRC1	True	surface_phagocytic_lipid_receptor
gse248205_thyroid_spatial	data/raw_v3/gse248205/processed/*/*_matrix.mtx.gz	Hashimoto thyroiditis;Graves disease	thyroid Visium spots	spatial_tissue	MSR1	True	surface_phagocytic_lipid_receptor
gse248205_thyroid_spatial	data/raw_v3/gse248205/processed/*/*_matrix.mtx.gz	Hashimoto thyroiditis;Graves disease	thyroid Visium spots	spatial_tissue	NPC1	True	lysosome_membrane_or_lipid
gse248205_thyroid_spatial	data/raw_v3/gse248205/processed/*/*_matrix.mtx.gz	Hashimoto thyroiditis;Graves disease	thyroid Visium spots	spatial_tissue	NPC2	True	lysosome_membrane_or_lipid
gse248205_thyroid_spatial	data/raw_v3/gse248205/processed/*/*_matrix.mtx.gz	Hashimoto thyroiditis;Graves disease	thyroid Visium spots	spatial_tissue	RAB11A	True	vesicle_sorting_trafficking
gse248205_thyroid_spatial	data/raw_v3/gse248205/processed/*/*_matrix.mtx.gz	Hashimoto thyroiditis;Graves disease	thyroid Visium spots	spatial_tissue	RAB27A	True	vesicle_sorting_trafficking
gse248205_thyroid_spatial	data/raw_v3/gse248205/processed/*/*_matrix.mtx.gz	Hashimoto thyroiditis;Graves disease	thyroid Visium spots	spatial_tissue	RAB32	True	vesicle_sorting_trafficking
gse248205_thyroid_spatial	data/raw_v3/gse248205/processed/*/*_matrix.mtx.gz	Hashimoto thyroiditis;Graves disease	thyroid Visium spots	spatial_tissue	RAB5A	True	vesicle_sorting_trafficking
gse248205_thyroid_spatial	data/raw_v3/gse248205/processed/*/*_matrix.mtx.gz	Hashimoto thyroiditis;Graves disease	thyroid Visium spots	spatial_tissue	RAB7A	True	vesicle_sorting_trafficking
gse248205_thyroid_spatial	data/raw_v3/gse248205/processed/*/*_matrix.mtx.gz	Hashimoto thyroiditis;Graves disease	thyroid Visium spots	spatial_tissue	RAB7B	True	vesicle_sorting_trafficking
gse248205_thyroid_spatial	data/raw_v3/gse248205/processed/*/*_matrix.mtx.gz	Hashimoto thyroiditis;Graves disease	thyroid Visium spots	spatial_tissue	RAB9A	True	vesicle_sorting_trafficking
gse248205_thyroid_spatial	data/raw_v3/gse248205/processed/*/*_matrix.mtx.gz	Hashimoto thyroiditis;Graves disease	thyroid Visium spots	spatial_tissue	RFX5	True	state_positive_control
gse248205_thyroid_spatial	data/raw_v3/gse248205/processed/*/*_matrix.mtx.gz	Hashimoto thyroiditis;Graves disease	thyroid Visium spots	spatial_tissue	SCARB1	True	surface_phagocytic_lipid_receptor
gse248205_thyroid_spatial	data/raw_v3/gse248205/processed/*/*_matrix.mtx.gz	Hashimoto thyroiditis;Graves disease	thyroid Visium spots	spatial_tissue	SNX10	True	vesicle_sorting_trafficking
gse248205_thyroid_spatial	data/raw_v3/gse248205/processed/*/*_matrix.mtx.gz	Hashimoto thyroiditis;Graves disease	thyroid Visium spots	spatial_tissue	SNX2	True	vesicle_sorting_trafficking
gse248205_thyroid_spatial	data/raw_v3/gse248205/processed/*/*_matrix.mtx.gz	Hashimoto thyroiditis;Graves disease	thyroid Visium spots	spatial_tissue	SNX3	True	vesicle_sorting_trafficking
gse248205_thyroid_spatial	data/raw_v3/gse248205/processed/*/*_matrix.mtx.gz	Hashimoto thyroiditis;Graves disease	thyroid Visium spots	spatial_tissue	SNX5	True	vesicle_sorting_trafficking
gse248205_thyroid_spatial	data/raw_v3/gse248205/processed/*/*_matrix.mtx.gz	Hashimoto thyroiditis;Graves disease	thyroid Visium spots	spatial_tissue	SNX6	True	vesicle_sorting_trafficking
gse248205_thyroid_spatial	data/raw_v3/gse248205/processed/*/*_matrix.mtx.gz	Hashimoto thyroiditis;Graves disease	thyroid Visium spots	spatial_tissue	SORT1	True	vesicle_sorting_trafficking
gse248205_thyroid_spatial	data/raw_v3/gse248205/processed/*/*_matrix.mtx.gz	Hashimoto thyroiditis;Graves disease	thyroid Visium spots	spatial_tissue	SPP1	True	myeloid_marker_control
gse248205_thyroid_spatial	data/raw_v3/gse248205/processed/*/*_matrix.mtx.gz	Hashimoto thyroiditis;Graves disease	thyroid Visium spots	spatial_tissue	TPP1	True	lysosome_membrane_or_lipid
gse248205_thyroid_spatial	data/raw_v3/gse248205/processed/*/*_matrix.mtx.gz	Hashimoto thyroiditis;Graves disease	thyroid Visium spots	spatial_tissue	TREM2	True	surface_phagocytic_lipid_receptor
gse248205_thyroid_spatial	data/raw_v3/gse248205/processed/*/*_matrix.mtx.gz	Hashimoto thyroiditis;Graves disease	thyroid Visium spots	spatial_tissue	TYROBP	True	surface_phagocytic_lipid_receptor
gse248205_thyroid_spatial	data/raw_v3/gse248205/processed/*/*_matrix.mtx.gz	Hashimoto thyroiditis;Graves disease	thyroid Visium spots	spatial_tissue	VAMP3	True	vesicle_sorting_trafficking
gse248205_thyroid_spatial	data/raw_v3/gse248205/processed/*/*_matrix.mtx.gz	Hashimoto thyroiditis;Graves disease	thyroid Visium spots	spatial_tissue	VAMP7	True	vesicle_sorting_trafficking
gse248205_thyroid_spatial	data/raw_v3/gse248205/processed/*/*_matrix.mtx.gz	Hashimoto thyroiditis;Graves disease	thyroid Visium spots	spatial_tissue	VAMP8	True	vesicle_sorting_trafficking
