	S000_baseline	S000_treated	S001_baseline	S001_treated	S002_baseline	S002_treated	S003_baseline	S003_treated	S004_baseline	S004_treated	S005_baseline	S005_treated	S006_baseline	S006_treated	S007_baseline	S007_treated	S008_baseline	S008_treated	S009_baseline	S009_treated	S010_baseline	S010_treated	S011_baseline	S011_treated	S012_baseline	S012_treated	S013_baseline	S013_treated	S014_baseline	S014_treated	S015_baseline	S015_treated	S016_baseline	S016_treated	S017_baseline	S017_treated	S018_baseline	S018_treated	S019_baseline	S019_treated	S020_baseline	S020_treated	S021_baseline	S021_treated	S022_baseline	S022_treated	S023_baseline	S023_treated	S024_baseline	S024_treated	S025_baseline	S025_treated	S026_baseline	S026_treated	S027_baseline	S027_treated	S028_baseline	S028_treated	S029_baseline	S029_treated	S030_baseline	S030_treated	S031_baseline	S031_treated	S032_baseline	S032_treated	S033_baseline	S033_treated	S034_baseline	S034_treated	S035_baseline	S035_treated	S036_baseline	S036_treated	S037_baseline	S037_treated	S038_baseline	S038_treated	S039_baseline	S039_treated	S040_baseline	S040_treated	S041_baseline	S041_treated	S042_baseline	S042_treated	S043_baseline	S043_treated	S044_baseline	S044_treated	S045_baseline	S045_treated	S046_baseline	S046_treated	S047_baseline	S047_treated	S048_baseline	S048_treated	S049_baseline	S049_treated	S050_baseline	S050_treated	S051_baseline	S051_treated	S052_baseline	S052_treated	S053_baseline	S053_treated	S054_baseline	S054_treated	S055_baseline	S055_treated	S056_baseline	S056_treated	S057_baseline	S057_treated	S058_baseline	S058_treated	S059_baseline	S059_treated
ALDOA	7.95669240171619	7.307232897064909	8.373210223315695	7.398483996660644	7.34124491625439	7.72993628414226	7.82452176858566	7.944591882140745	7.03779567420457	7.687673398924618	7.5534529937763635	7.576558098298412	7.9654364075537165	7.043150110180898	8.378608205234409	7.392855457608691	7.960587738266801	7.938932444128927	7.356581982511207	7.342305809187379	7.6547270262985005	7.8774352287953455	7.772468528411192	7.535442873650705	7.586442516678831	7.601982455004177	8.215588578169982	8.706299025099785	7.909880738295239	6.814469681270137	7.795516267189912	7.497221828146654	8.43122712441993	7.671330953146757	7.694980690535406	7.322597767560312	8.263489033755764	7.575640856078623	7.787575615207358	7.328517070365066	7.512887747252809	7.692614624341019	7.682762782870998	7.388797117123145	7.4571721833767075	7.726879230782138	7.531571959006944	8.441169505757518	7.952986195959234	7.718071523330503	8.069920492297186	7.46194976268267	7.332872489520114	7.3531731321999	7.300553524381963	7.858420701606764	7.797479902492178	7.689320253497728	7.615839962563823	7.467722787159659	7.81491415257888	7.365765484275658	7.466070211585062	8.10897975000326	7.4872246634005375	7.175590874481885	7.619851911061219	7.4723205248567615	7.593730553075572	7.240528207985337	7.666141362801149	7.707699576712917	7.5048160235287416	7.733759448273314	7.883270725830823	7.248709170803918	7.928186856771242	7.6172550675130575	7.580303764760458	8.13838016482913	7.68160524095387	8.205627044172557	7.6526026207745375	8.108826250598149	7.411349756679876	8.014694229583522	7.222342471221322	7.607927379681659	7.468842830956235	7.186071689119087	7.14203152822733	7.846235904751295	7.883291143900171	7.230081141205006	7.611192585647862	7.529955090530878	8.096319199275097	7.041341469728652	7.446366222338356	7.389382103826872	7.3022927272235725	7.620868946136035	7.532294232812918	7.784690311893381	7.541200460321684	7.9610887535272825	7.822324558013756	8.135936859853471	7.3911657016448915	7.77236871212313	6.968836760400117	7.650790711434877	7.291391506867445	7.650615903499563	7.2419466001257335	7.522857194319789	7.893611017369292	8.821325754214675	7.600855939390226	7.654590313678658
ATP5F1A	7.424434448813441	7.244789579182588	6.9852483588382555	7.471694187629595	7.125360917622022	7.301403409498063	7.178542585299656	8.318735452564141	7.994848735064224	7.002313175041781	6.90584152714706	7.674402768456684	7.4638159912922175	7.605062833704288	7.32924011934244	7.074164091167429	7.788554839357073	6.977914602161414	6.856013498427796	7.332036646528531	7.62281670776349	7.570632002155626	7.809346436398276	7.867732999447496	7.200214475501592	7.4429524453857265	8.059594195279976	7.0597377304066375	7.161648271815232	8.130704560584281	7.685761133130884	7.559472239066324	7.401250013549324	8.164102001528962	7.9660007618611965	7.560323329302208	7.119019911061713	7.529615639055702	7.45262997109104	7.334557120201094	6.771441397573266	7.575853243622067	8.024469700004564	8.010080029767957	7.091943967846067	7.471235967625979	7.5067624112923195	7.915374405707461	7.464042249883561	7.4148357379699545	7.6740953191393695	7.626141928735337	7.053447568390464	7.4237735971621985	7.646338732916409	7.357121242909216	7.820357632116587	7.312886452033397	8.11795215748627	7.433603756304965	7.238415073127413	7.5303315988643975	7.3109998093818405	7.594296393002208	7.577765550028497	7.597169926556977	6.9353692751277976	7.237831858618683	7.225870582554985	7.286775915435278	7.554610051882621	7.252008512121652	7.169860988339401	7.584160832060518	7.303094812539501	7.257905770092555	7.436842551847089	7.850333384076998	7.591463187056736	7.396506124210016	7.7231561986170645	7.419465181770681	7.573858531489358	7.377254868908351	7.360404566263236	7.955489696607009	7.531311204640257	7.187907757828334	7.850921900776645	7.300104656776886	7.466038970840861	7.732652783577641	7.122345637794254	6.8732049975326746	7.793591416644895	8.01746284082043	7.792231509416891	6.998609391266738	7.25751192956161	8.114866437421691	7.884510163741579	7.641114757026939	7.166253308073533	7.082633759836169	7.581865668123915	7.93789910002208	7.6771871262415265	7.549533775191662	7.732483610351365	7.383338658273524	7.481330514264312	7.671436446745291	7.605382798599702	7.854053415832451	7.967867997448247	7.9858907995228146	7.14371767077708	7.866499090245334	7.120647608722271	7.778470588223074
ATP5F1B	7.822795677510648	7.751819225346968	7.206851521435209	7.223825637958383	7.62610375511143	7.318735867403215	8.08038774221233	7.307928181273901	7.372729419597113	7.985777929052764	7.489964566173944	7.53542671981103	7.306573363889538	7.366979063819982	7.577625380766435	7.436407146681927	7.2025049298717	7.412121634806939	6.701479236004412	7.156663163102648	7.289454740596556	7.36116660010132	7.848184890518691	7.144133623959986	7.382670571512228	7.707367912357263	7.690794608911279	7.297420865608873	7.177430350932823	6.89438884590415	7.00838695624786	7.58786493938649	7.567012742036731	7.933780076254272	7.965766844136304	6.9879765562497616	7.136739466717864	7.49323165761187	7.424632829467213	7.062966740717604	7.4013519662956995	7.2299815441562805	8.196525880550572	7.7000882239467385	7.768315549581839	7.596872547503453	7.687337795411309	6.948855831435799	7.953988799771762	7.596145821754085	7.710327839058979	7.323385117246379	7.4213701199491675	8.10521585969947	7.101045954207415	7.656955622413639	7.651371321581248	6.691203645755781	7.179741340748141	7.541276957743191	7.966273144256377	7.198041164116844	6.992866529875222	6.829631015617513	7.63852567482665	7.3758775247365165	8.033591946255434	7.638054939610956	7.961683854746362	7.45759347734727	7.4084474152507696	7.429623843461484	7.513100025483533	7.04792526699548	8.194837649135968	7.720374397789362	7.610597371349703	7.578803646487272	7.349226699617291	7.688368113867734	7.792056370159087	7.3314185239714895	7.137233346218161	7.444288533039534	7.484775249642462	7.104056816142614	7.752627343586039	7.464842298963425	7.605744221255176	7.4922463890389945	7.252673972003652	7.319121115778654	7.455340479751429	7.859065663928515	6.7573000469777975	7.242253838440729	7.5863875302083015	7.846383630365718	7.823814205969777	7.5494977647090975	7.639238804363846	7.371892476474508	7.8241219944195635	8.192075738741243	7.567445900619618	8.051266115459168	7.569585979557394	7.694152764116869	7.95320239640232	7.569266143096496	7.107957743419652	7.816566229927853	7.338058666887534	7.728167332251981	7.71352239869603	8.189885867596482	7.167776569435938	7.992301021416669	7.465666274028224	7.324599390784755
ATP5MC1	8.288409605201206	8.007612642977529	8.176671333983004	8.595131915208436	7.77438980349783	8.179239703493657	7.78215052767482	8.599693016230674	7.753664440196755	8.29217235875229	8.214551490956783	8.238800412439694	8.781608258048347	8.19369443666966	8.194197527726905	7.502776890542393	7.868426756062118	8.223066599690037	8.195296385300141	7.9772491279627715	7.773290166368084	7.8928195445597815	7.383140879697707	7.705004611538946	8.074219131589507	7.9427480795081165	7.707806299233835	8.46486230878238	8.162062726154309	8.104963275668565	8.12722027116968	7.735580707955907	7.777529594042167	7.9768279082123446	7.958964203975484	7.723298449397612	8.025623885438133	7.924686501835098	8.711780497107409	7.4631330075201845	8.575648973917563	8.067331323751091	8.047066262197024	8.441932455721865	8.002422724057572	7.892996566687621	9.128678387090238	7.819595719597135	7.814101676387997	8.495810886466495	8.109697054332779	8.106728934355695	8.192984063797583	8.360318533670904	7.90782482231935	8.152008270908144	8.46268081500093	9.017874764573644	8.162214199723207	8.371814545213338	8.460957775611648	7.960272183992993	8.411914981832261	8.201628056907724	8.61380193945749	8.001588893048934	8.21818042541903	8.114633998826214	8.103485815263852	7.696744474518752	7.943187257201375	7.746199552173299	8.299300570398207	8.320413684629292	7.691609207735548	7.680249781903958	8.868858225342843	8.210107939604484	8.373115933976463	7.524615138853947	7.920471611413449	8.61160559309012	8.157115394772518	8.181494718998394	8.209369570848738	8.046687655343943	7.73323279574483	8.407695316114635	8.505706680575488	8.301384157927098	8.497069059265955	7.603670966416517	7.650176499793387	8.286122190926358	8.827260410156414	7.89170773907428	7.9007009266584225	7.834279819825511	7.852139795749954	8.600797511873202	8.250207085980207	8.378379931824496	8.241056940777373	8.509613995010772	8.084395465245178	8.340068866784895	8.222931938211856	8.124584213111296	7.718226062144551	7.424490316509958	7.636942536010006	8.166408106996025	8.358193445802247	7.609073301881195	7.8138301517903574	7.795931969104313	8.30115540588863	8.172762138813797	8.312083454856326	8.399556935466828
BANK1	7.236957043578251	6.587819414571639	7.334410643735965	7.053875190574835	7.6035380708426885	6.600006166047318	7.272907933192264	6.936311417312435	7.182335743492398	7.711505760971564	7.61642274464223	6.832143512375636	7.055561480387245	6.706053371402405	7.1745636715892065	7.0068312150618075	6.55021201519663	6.891977308035731	6.524145234419836	7.113395808110063	7.867100915979646	7.169149828012671	7.028399170064392	6.974178774376387	7.340548346612728	7.046656054391645	7.775140457178696	6.9128794445543855	6.751242277548406	7.607043231309074	6.787266479791492	7.082119120166439	6.6568942993008235	7.150951121342995	7.228014177026998	7.574359980449729	6.926029700842648	6.555265423981822	6.755052072398934	6.467738709836941	7.109731443121514	6.973188954345968	6.482202244972094	7.270655782256453	7.702822362527074	7.486405815673137	7.250777056170466	6.665617781319502	6.980063405855599	6.866639550087318	6.783699305363892	7.426646635825537	7.585202201327913	7.391385620767496	7.218162756119617	7.104717005091009	7.366313474346734	7.337498993629275	6.921716947141655	7.238784483669327	7.23616657348853	6.988260294156952	7.597835607627955	7.736091413714946	6.7028565801639655	7.849854737530084	6.921625443112942	7.182659834348744	7.434868470603264	7.024329816149706	6.715412486456769	7.125332262250976	7.051468773587764	6.7428166626204025	6.6333432086727875	6.659943779032482	7.122716535220221	7.703341580778672	7.102700026757383	7.704796753134687	6.686214718051842	7.409697733593423	7.181723204602822	7.228718187506274	7.7190837536715025	7.465684494753625	6.500921933142765	7.243884569279199	7.426909464034731	7.6153945985656115	7.158803838914842	7.443900394214513	6.638154484115489	7.401227995134519	7.635236339085637	6.995574701368774	7.3743513366986555	6.465487613117452	7.737291477361866	6.870824478279521	7.4237028198838315	7.199121210484692	6.698776351775892	7.5814577994360715	7.676611790654801	7.220034053751329	6.540661070742143	6.933966637445615	7.278729430462274	6.5776538188186935	7.26076620492633	7.009574588694398	6.827280764774619	7.054041778854813	6.912524763476474	7.373205179516535	7.513391987688629	6.558669911816452	7.524859029679455	7.5127830582076705
BIRC5	7.5425424429154875	7.851484094794519	7.838521327908204	6.816218045190606	7.70814917297169	7.443103468263941	7.976222769111111	7.2742195471753375	6.911303526095984	7.419444559071559	7.105374757604883	6.975325633258858	7.164216385935105	7.565478025821392	7.446868108978967	6.950092174109944	7.198792072710315	6.91337326457616	7.459465289515137	7.581448195794586	7.443819321019409	7.621337396266496	7.42497774581126	7.732903738623263	7.353696842886929	7.65120413913465	7.422981460097252	7.481416148314172	7.178141437053818	7.403060959577281	6.973249498055462	7.81516784549945	7.541629294442893	7.520477071036444	7.658929833641868	7.39806197904122	7.3778288006518675	6.743833707335344	7.344017692877723	7.66567137148376	7.297809452052597	7.2026071673077885	7.688477280781898	7.643099933864311	7.322027243424129	7.176534740279924	7.245602332650451	7.6611894564555545	7.589863584363167	7.225454354460377	7.266160954568192	7.697351966669223	7.8903221503266385	7.799003596766213	7.726746849372954	7.049903322010471	7.444748950979076	7.208492366376568	7.278189798590068	7.488515108915152	7.345319368014608	6.839565010214914	7.436590315484437	6.876807340312862	7.450092828513273	7.475510448601156	7.299344909118367	7.079153192115876	7.312120873203874	7.933940110157089	7.678489737662887	7.164275927658594	7.996674885482459	7.421378179498302	7.986131262526122	7.7254390914671385	7.419227923940605	7.737523594839599	7.384150615781946	7.874167400815778	7.627469415182349	7.517481829693177	7.325239056464583	7.092436288564757	7.482797340998797	7.83527836060232	6.761997512017147	7.341607454584741	7.300016607235096	6.746595364520899	6.4722391482499635	6.930938654553635	7.958176895356443	7.834265376195475	6.79671562786637	7.266896866423569	6.931702951122804	8.04665802486346	7.66923910554586	6.895413971062485	7.874750912611383	7.490809484006804	7.531447163220382	6.927300039018267	6.746311827543117	7.390365304268238	7.473069230704932	7.250457678870037	7.23643417711391	7.63855172413302	7.201466114358325	7.350174385469423	7.5865642468034045	7.823703092835354	7.011894059122732	7.783806266530816	7.193801977924663	7.0539219266114435	7.406748826219428	7.073908334947616
BNIP3	8.687499919073987	8.546516556223374	9.012122671690697	8.3982005682371	8.585483370668982	8.61769213210207	8.349527614311226	8.536018939233813	9.269511686345039	8.605345138344411	8.762957511329924	8.944472689442165	8.782006918038636	8.123723493815483	8.94631439979601	8.450641180584052	8.681536630477575	9.242093520790142	7.758966589220775	8.64596511635755	8.214192751640732	8.339742784974202	8.82774325905273	8.725120414649467	8.362533112849782	8.56844055317804	8.434837844530666	8.361635375553146	8.732072600294327	8.670730092477093	8.469219683406891	8.722201839106752	8.795228319835864	8.422887316865522	8.491537570757172	8.419160986042867	8.844299152177499	8.15103488638314	8.863418104008353	8.140303960792949	9.156353566056959	8.409251495312596	8.598273368462188	7.87263905523904	8.868732370511655	8.41358496916273	8.390780033138485	8.184272966485834	9.282362453083646	8.2073231331061	8.814827783016868	8.558769740545996	8.807592973886345	7.898482023913435	8.106460767629255	8.626200759193619	8.391073096155305	8.595139476215852	8.507816912681811	9.432928497108014	8.647670193482956	7.742337590662897	8.530867603126424	8.329300685445064	8.630941552630581	8.227675048692	8.522018159116659	8.543631285322652	8.715904599849742	8.621156723183041	8.368606820713014	8.526068466838035	8.415759410210129	7.845553739596246	8.31908295784227	8.301080996229397	8.771137948965468	8.93595401057015	8.778207951690856	8.843767574386346	8.036086043640356	9.389276845016443	8.362077215146034	9.168190008431079	8.74600852776285	8.741660122843886	8.428668047117693	8.617350517683839	8.98415287172813	8.23162831133466	9.06296814642143	8.372541077791556	8.830965506068129	8.676630004760032	8.763644579599397	8.230551735456336	8.608668264369232	8.520717452613212	9.082973167171811	8.30491568669863	8.745795048489041	8.084498524380294	8.424783502419324	8.884938339009166	8.345508365174116	8.632717795753797	9.105571571093863	8.956086861707556	8.998905232258629	8.442603026327536	8.87016305154658	8.40988733308372	8.741091175366908	8.377571129253397	8.306001574356037	8.316048691279487	8.922251234686696	8.00184297205768	8.62621588401143	8.274539309820678
CCL2	8.08677079447402	8.082361151048614	8.061754033080918	8.2403927225449	8.2577655237955	7.708270296618156	8.062909134979506	7.885357898313653	8.680565701192302	7.416656013289535	7.817109170383992	7.975992204396228	7.948067324528487	8.009268992484712	7.493253680711494	7.829393140180303	8.63789490435438	8.285239115512868	7.96193269481316	8.139525813252746	7.699509470371191	8.249810119804216	7.795100896688629	7.5545162637914	7.629975699441431	8.209325925147457	8.410454606914875	7.416500862506943	8.336331827207266	8.670769076946346	8.02023720625635	8.348469111760801	8.321928359174382	7.618028921962707	8.234187476345218	8.0223128703501	7.596777483431909	7.8522529074087135	8.29940176083222	8.493359201158963	8.33975265849784	8.004596810114728	8.465911331418571	7.917245116197294	8.04787163690016	7.846077212600083	8.094597303621729	7.97093769663883	8.112310529790141	7.787271393474323	8.02249713526369	8.068155843466606	7.672609584323485	7.838750327563242	7.694588144262515	7.899444161883212	8.674958056330516	7.8128675057053805	8.268261189732305	7.807176513306168	7.947039550887011	7.921940064954091	8.020928716633653	8.353535796972178	8.077669637435397	7.7066824661281	7.876214369794554	8.475513991666565	8.324863486277176	8.300645299766467	7.516690045795315	7.96310344559201	7.996052149959384	8.49423565275914	7.997432437875956	8.246095554549939	7.762874482408019	7.834374319929539	7.728470992596129	7.8621874363205375	7.93657795923746	7.949385371173191	8.166985400579176	7.96248447555382	7.961111597822201	9.045636521345875	7.609260392865145	7.550106399253953	8.342720487286492	8.120438428666098	8.233744448862051	7.934747999648341	7.407240459183991	7.93434099667627	8.252538783990076	7.692601628904353	7.39472678952958	8.329388848437384	7.665202819919029	7.680259444159924	8.328619570923333	7.866341005901481	8.340187712696062	8.009211939500336	7.807144656209207	7.987689107173927	7.756359722972719	7.592538080126826	8.075273066503417	7.609099458817759	8.064526447356187	7.763460405792333	8.149238168717138	8.301395222814884	8.306726544019108	7.953538886464155	7.900928474062579	7.71541731608971	8.312505683882272	8.297150915935461
CCNB1	8.785671010032033	8.450492394419951	8.410846098695488	8.195194963597366	8.962754528787299	8.80094182529844	8.490702675575456	8.841554794586102	8.290366399210765	8.798631095442705	9.1880432856855	9.027519839254776	7.956547712532726	8.384821379320428	8.316500367950622	7.713946360354073	8.51116382733067	7.9080673000201775	8.592093691253071	8.73146810588784	8.53770663964654	8.814581085818578	7.877370502733451	8.64546575476639	8.14549935614267	8.238048919233457	8.537242742015225	9.026012086525364	8.70423175373151	8.245384336693009	8.60299434031825	8.981752699126394	9.192782354793094	7.953028508519443	9.249170001132152	8.908980714089482	8.74923672371786	9.222746214721589	8.540315211905472	8.541815504712906	8.23817053553958	8.43474151222346	8.189034949260593	8.465261664667738	9.06864891168913	8.653919205341023	8.709660113532758	8.893726403715242	8.842304622021864	8.406972197767589	8.489584643832623	8.158817101617867	8.500235326851687	7.75499528045719	8.726008776946294	8.681441140985866	8.75460169825576	8.676862232594615	8.946486999686416	8.230872380118349	8.590608580673404	7.930179365225433	8.741707460568081	8.799962785799423	8.783320633756183	8.312085333840002	8.382354245294557	8.714201105076102	8.487149232310093	8.076295472410548	8.77498468183327	8.387989988234837	7.830561868966436	8.587383340213282	8.520904976009732	7.858742290427875	8.569924235126678	8.610823178728069	8.022630600647805	8.738295557531119	9.060509718266724	8.665606429168992	8.658622996992275	8.202639625062886	8.966474390341352	8.39762065902991	8.868047421286777	8.377849526636515	8.527525838053267	8.567861998288956	8.743913889868157	8.554803096083177	8.666306124812671	8.279121606294852	7.952428894761723	8.886842306506228	8.670005570443495	7.8418611734234185	8.761222871008295	8.389721361424145	8.875998415818188	8.942974914207248	8.665901216374756	8.401147690097655	8.496914790350315	8.566735354647518	8.542059876603858	8.65355811154764	9.247754933156449	8.458323006811845	8.708381700223269	8.891335286728411	8.62710051481512	8.32692809180014	8.17683727956338	8.332733551798114	8.718895682819111	8.142218183391961	8.33045108239931	8.856768807129098
CCR7	7.364807989659596	7.777535997570537	7.8236550657123844	7.550463191448182	7.079619191572155	7.668047925837244	8.00844451024265	8.143388230996013	7.687242144071579	8.44843627030475	7.93948756461121	7.932219835563023	8.033736177820991	8.576885268237598	7.787918162475384	8.385589794266828	8.251276825079838	8.082120067481474	7.782502819640386	7.837476061450256	7.988599699502052	7.2559145448971165	8.1665192839877	8.090799640785255	7.629401923426863	8.01363316466048	8.78202434691512	7.933138535812591	8.110804373574823	7.574487918765618	7.989102258005094	8.111638813151039	8.075222601560457	8.076185823997523	7.7412853152568495	7.652409546129818	7.491657171060346	7.423345175282645	8.258799712801316	7.9016002040652955	8.031219590933569	7.505388321912386	7.434248238418679	7.631185369724068	7.532245186042544	8.800870434534186	8.321865103446514	7.435769488202373	7.5792183987071295	8.715629875124725	7.79774569602599	7.966824401087437	7.8927463033851195	7.984040599101163	7.515691605882157	8.144071387134238	8.077464391570237	7.5620480312764204	8.26195315458713	8.030693036145742	8.074144280373812	8.070897363457409	7.527613379995016	8.004311338133304	7.894944922022063	9.1760132867177	7.35313105172324	7.921368673113806	8.431202563068089	8.01895794262096	7.858305838549272	7.985761054723039	8.618393732055443	7.600084876360055	7.579870958649198	7.901041723740334	7.9967546956683035	8.853143778605874	7.964669832563992	7.534556237005314	8.241392068403467	7.945123981615082	8.009410599231622	8.011829674652136	7.795333589607594	8.007645355988798	8.004871483135442	7.86903798146081	7.30941932337396	7.015653745093077	8.540076867341908	7.688559952887734	8.173159811213488	7.985535569795515	8.00689928172304	8.10704916467875	8.347536982200243	7.343675584819407	7.903725721864271	8.189967522697843	8.34636677434328	8.320114951609336	7.924495296351694	7.806067292504818	7.807562691163021	7.976908939885388	7.974174168063131	8.073976810410178	9.114588154985437	7.954139694577519	8.472737108726744	8.376822047554196	8.465920980484036	8.09463330305168	7.809309324334126	7.9206388208288505	7.5895624131235095	8.743763000293498	8.128554065958946	7.5108309847147705
CD14	8.394801780057778	8.279922997075895	8.671419475398997	8.984499500002954	8.542662332688915	8.255283922116782	9.042241904107996	8.320734301049269	8.5605636315685	8.500949867467083	8.099765621576456	8.899213959783753	8.53831860620146	8.98134356786745	8.766112941435077	7.5819534589884094	8.337700596033963	8.768390208785124	8.182367211797072	8.8282448272146	9.314270328161253	7.951049819325167	8.371239676047603	8.06625681759686	8.909318884435486	8.711168603339049	8.94519916108827	8.718978304410212	9.000796499191667	8.268975492225042	7.899284686729842	8.922042237497953	8.193823132424324	8.56920855930211	9.313140633303131	8.791518003144962	8.478668956715898	8.128137651162524	8.098854337203047	8.126999937890348	8.8914719098211	9.103985393576592	8.284158791882398	8.246477249087249	8.751416860308355	8.431476872521316	8.478548312903463	8.45749860510793	8.470488240435184	8.61356724254647	8.786383691863987	8.34530210644991	8.819756583983736	8.872413817454461	8.582254966969149	8.49035829443541	7.901556386960081	7.976967068786428	8.032063018736508	8.637557023125614	8.465752020575396	8.840884376869486	8.466760212767062	8.775719112988567	8.699741034606047	8.45209224992404	8.348661046754312	8.181427256732514	8.475606666807423	8.517540025801145	8.158755911883517	8.469320564457451	8.988358556875438	8.476386983403588	9.020603422235373	8.499509138175462	8.327525870693835	8.394840932149565	8.669903777933158	8.64395843777203	8.893498272872975	8.055646090746519	9.266671787065718	8.510096208860388	8.064647480689809	8.447745975159782	8.468541782013183	8.30044162327729	8.621629078178058	8.16625801555599	8.191902193423754	8.937457754777574	8.636597580390594	7.945644113544734	8.854513675817042	8.17819653185318	7.769425300664297	8.538129283104663	8.434392937854538	8.14424252215014	8.635757612551819	8.371847671194342	8.94977885924303	8.01507454414049	8.57160248728943	8.38676571038105	8.333986552578907	8.487596741673585	8.086950047492063	8.015584012825855	8.489787894609636	8.480545117201503	8.661879807506145	8.582487386584793	8.241383128022447	8.727253990110524	7.687539914617272	8.33065745420856	8.672294436769501	8.517631509183541
CD19	8.285134937131044	8.87018078220765	8.883105449289017	8.597415771976754	8.344110377767203	8.778099313464024	8.89943742880808	8.37076655560888	8.40010767931184	8.10896874719753	9.09921465838437	8.69837955788626	7.939870912909024	9.044356863803023	8.239767603319628	8.875309936846895	8.657763052502052	8.325322911714228	8.70173192933773	7.923993924687967	8.400732750898472	8.28975072195013	8.280341246687506	9.002182477900881	8.985399017064896	8.804298962765383	8.61246304431117	8.660473755696255	9.137439789476623	8.51060115501526	8.656368829310635	8.30448788386362	8.628837638473913	8.739942182564983	8.28441131960746	8.124372048597168	8.759598199676995	8.917462502194581	8.71012177517654	8.327960286844384	8.833961449202894	8.303537199071648	8.107364913820778	8.720816429661202	8.73374101239544	8.580255738908685	8.070485011152156	8.16132554186476	8.921980275640985	8.061041075761667	8.737660640379344	8.296394322211466	8.65422949996667	8.641605848287082	8.12586626160866	8.710870994087614	8.841520300423165	8.044100220937525	8.31354538729037	8.626125636378623	8.547795972623877	8.404363390578064	8.131394544643085	8.280621416890991	8.340631493464237	8.213968261244052	8.23509042761135	8.505848147907232	8.87441323602404	8.404228625008223	8.034093676291937	8.22490134103441	8.417483631810367	8.62731128761533	8.315243278836263	8.3104292852714	7.980586920483741	8.110079011441957	8.581036568692507	8.311085581201228	8.345629907958314	8.693546136873616	7.946345755289032	8.214034371967891	8.60380613164642	8.338470218411086	8.444469611572929	7.913604168414993	8.67213942145058	8.578102654126338	8.585530183274875	8.626271087279488	9.116358993661933	8.639027169765034	8.22265201751346	8.784921640865752	7.931321713562198	8.400270661259835	8.52549126410266	8.546083141596199	8.035795051746275	8.312158809907416	8.583722869860186	7.892458081032465	8.137848385861169	8.603999519907047	8.371191644681844	8.321095053308314	8.697197319637635	8.421825645124706	8.242400236065395	8.172285134518997	8.744467518021143	7.938423414718812	8.110801084669008	8.871446446758528	8.653772529865863	8.548651336570632	8.483916130632723	8.507461484231134
CD3D	7.1429697686964895	6.730557034212154	7.353711254575586	6.601639504719672	7.638498921829649	7.012397755955491	6.843813541147056	7.310796794735445	7.251208500877876	6.895248133645296	6.853359737645683	7.3892562164417654	6.7646811462313154	7.246061807001316	7.109378300196886	6.8944690165618425	7.447209011982215	7.285469195134467	7.223597757337227	7.103167810522407	7.795965732433595	6.542367755993762	7.411590274400387	6.987841029273722	6.97201284279618	7.226273571207825	7.1437532270689	7.949560482083062	7.5093003940967975	7.308264331583483	7.064728102788662	7.922735391248205	7.279405259380399	7.152122535850145	6.979923796452587	7.097514873815905	7.028590572010644	6.937839907868306	7.222484963490252	6.608434296020951	8.24080784461857	7.268978208685148	6.9120468991514805	7.00961177970405	7.11977648187846	7.2629044519650625	6.840688052126906	7.095472034007865	6.829873719480177	6.667353324415915	6.834646655036158	7.089717574093003	6.595519375882005	7.357212474417373	7.1442097094656125	7.250323317174006	6.522788328672227	6.4978990389249836	6.890961767218589	7.181716830566872	6.943589408565709	6.8674794139281845	7.518448167311431	7.284323562995729	7.778469853873962	6.692726425759838	6.33583811780292	7.29348641967114	7.688203404031959	6.58458799480044	6.960534555138056	7.36860023788895	7.752464082595596	7.362494767732899	7.1823568389882775	6.813864507465834	7.380261305603802	6.732666348969619	6.67051665387399	7.587801442376395	7.110317642654129	7.194807987863343	6.874963543034508	6.350010007547258	7.9053280251324765	7.254450057183183	6.638861173270287	7.299512158407377	7.338256163873169	7.628831253131875	7.097924707801806	7.190285767281962	7.5999088955687375	7.0901390308908905	6.561234866110254	7.001940578715053	7.7550463524124345	6.734050030877069	6.697594468987187	7.880306100376028	6.874535928090433	6.976390922934782	7.857756172681813	6.677255570801156	7.26844404122272	7.335997860303573	6.894565520340487	7.407788851331704	7.301778090585745	7.467802283073443	7.133689779654799	7.485436517062702	7.699037820379109	7.044483475270257	7.163262462977446	6.783668170300824	7.4738224244405185	7.30887270150023	7.22639288768993	7.371652580287016
CD3E	7.949830489549721	8.149833588361235	7.921424814936532	7.981274790436742	7.580417705559138	7.959180751575527	8.386544585882595	8.005704967046286	8.131487883547722	8.602176351390879	7.5615505571993715	8.200315755162189	8.908576560861041	8.209162403955972	8.062520695919536	8.188607431977493	8.451584908869172	7.620927879037682	7.966403984969994	7.717277599298072	7.987918826575222	8.925329025160384	7.9366544070693426	7.7954605630154665	8.323021637416264	8.370328730052062	8.714275919087205	7.9935246828840185	8.095060516082608	8.285979657280393	7.766733116386258	7.414733176850193	8.194902728397977	8.373925535909857	7.774315798305804	7.9329515274979405	8.30619253473924	8.411386717757349	8.516156224652866	8.042622743782603	8.605230263901175	8.16032206115977	8.224971805407417	7.706434763635866	7.940828424879574	8.442148988934905	8.850075195082844	8.060156155425503	8.308279095682309	8.282249619143188	8.101978525906594	7.7942558863709275	7.839495547231785	7.85804469225233	8.114893490252818	8.178121374899408	8.456367893193525	7.935942699007368	7.946202045871071	7.824230158235114	8.298793381069567	7.511107489585704	7.568197510848388	8.33933894799049	7.636348604003313	8.790404022515784	7.854167729700808	8.473150456030687	8.479052702061294	8.619076046155675	7.434873293380868	7.797589444932697	8.056973053507631	7.885535903681985	8.817147146986596	8.18225380250229	8.154225342389688	8.081079982524015	7.704674374779893	8.04776146885315	8.246985270360133	8.159777260803754	7.882965122288386	8.29645052719605	8.219536903248	8.53478183617264	7.822173835318328	8.511872638231313	7.6723579646799305	8.436814799022645	8.382037867764152	7.677683981901506	7.899296791474658	7.890241346777642	8.397208975686949	7.997423517127311	8.583011855057848	7.722961949361624	8.621591280342821	7.8216505367121725	7.931088674203003	8.30859927627397	7.803873996111695	8.164131910539078	8.500453207474559	8.418443853209572	8.358427712374942	8.935613934857887	7.7000721477701	8.537696392514842	8.49858251919451	7.371375547229362	7.64049419889806	8.29947650648395	8.094329042412042	8.229099264579904	8.361180964722136	8.210887016671474	8.372395382414428	7.951324229259638
CD4	6.892544611240208	6.849791400669719	6.779762795355277	6.321281314275883	6.152907673222549	6.366980417325804	7.079298309342303	6.3714285272224265	6.560189247537076	6.865288338718787	6.571152907500255	6.5191653238226746	6.748617443212277	6.458435865837345	6.797404563593386	6.597571451822481	6.687911715884697	6.607672491785452	6.961591911228549	6.792978150773033	6.669349197813886	7.095561817294165	6.649800807312752	6.321010879267404	6.8363410307532355	7.285690737668071	7.046880157208227	7.047537360594105	6.539597789741093	6.155968191709147	6.489844962856662	6.49756096501192	6.325168852252174	6.668468311423077	6.833369938280372	6.671824188481371	6.928135685333117	6.762012676386588	6.631266598629862	6.105941483530143	6.593206503976524	6.730356395553997	6.594201887493387	7.036278183418078	6.971789983436598	6.84396835567932	7.336333611598314	6.876890041112608	6.362062644462295	6.74539770758836	6.678152498764526	7.123876312078325	6.595666668264689	6.912551858755341	6.589174434956952	6.976389724286706	6.55243430218015	6.746316037412214	6.614427380250774	5.7670865521129775	6.411771856472838	6.495963498933689	6.5037202641288445	6.581685835525125	7.119292010237402	5.973926796364811	6.678364275084035	7.031584624613116	6.6137130673018065	7.259906734848849	7.348036889114207	6.529343059709739	6.650368214504686	6.2103210953052	6.634945621706491	6.532583422983132	7.211844910090666	6.904452029358778	6.295086417285552	6.483299442794978	6.616076646862036	6.905559587731919	7.023014232240538	7.047402937362975	6.699798280769299	7.412481899151597	6.324227046611227	6.433264988607383	6.680330623537265	7.012862008409643	6.752897993087895	6.601074452970466	6.906509381961479	6.326950081694172	6.586810595683271	6.711812739118005	6.9222032701969365	7.043284871005292	7.117060880499241	6.571913677818347	7.018947113105854	7.193545314413748	7.024066472147748	6.372220990530726	6.364363558699026	6.29200428781589	6.602496209055573	6.875639715596625	6.764649590222327	6.408500107894957	6.689663218646779	6.461883922001216	6.640983772558284	6.421401581772213	7.176369251251846	6.6798326846419105	6.966053568766327	6.598267820786693	6.667338228580247	6.173457537014741
CD44	7.894179830568615	7.893668741400787	7.393807835592565	8.670592950823309	7.944808598090422	8.290688463856783	8.219045124480305	8.630133959615263	7.654228153024241	7.720846463734747	7.726728769267025	8.355069443866295	8.196023861255004	8.715859326667218	7.76074961230541	7.952071815475079	8.500984936440528	8.147331970196172	7.46734068277753	7.4933217892339945	8.081062654673541	8.56633547177453	8.376100343678273	8.214449009892036	7.362812690459088	8.096887631406114	8.535852580251383	7.942159350319047	7.8015952476167	8.29372704441544	8.167854457600452	7.949244678959274	8.596841525076062	7.925408467567025	8.449743002819485	7.817407406638483	8.149330237989075	8.289802456549806	8.460625959265052	8.586481696152006	7.353470769836772	7.810128493903055	7.874862982877724	8.26701899454707	7.592771846395552	8.309012670182405	7.366686763779073	8.462630937626958	8.089627061067398	7.467548066736044	7.644568580180537	7.633141256308814	7.522389583305852	7.6640306709231805	8.2856212293538	7.707395492676826	7.5796708034878755	7.999882216135517	7.737077327605407	7.497435316013986	7.897273791276742	8.015185204772676	7.7418659966269345	7.848447240803679	7.529935196140854	8.182614102698928	7.858460121162882	7.810300994719516	7.116860799964954	8.084460177041915	7.8818260344186974	8.239540174927788	7.969987401897394	7.875160754684745	7.687976400681368	8.319450076083923	7.79779971121882	8.621027944846585	7.761570410240677	8.525682772289596	7.633384866912287	8.172221827260755	8.131104707293877	8.015458372419845	7.501152345219461	7.6513545807318595	7.87399449536751	7.855082106409073	7.784264005689894	7.974860347714612	8.45001006383201	8.15959806747568	8.233661451865215	8.270648281393852	8.323907049419626	7.8166722168015745	8.340276433677186	7.665291159579389	7.87790316113728	8.659546465171402	7.424123376106105	7.966023312148357	7.8162822865450226	7.131991814737666	7.835187520743445	7.974810434735076	8.02316336097243	8.44495808861159	7.5313611571970585	7.899611730412089	7.7107318249267385	7.877219817719131	7.963473770113738	7.806232107117199	8.008619050377202	7.334811308570192	8.150785869590043	7.702548317070446	7.097119446452165	7.987679862784885
CD74	7.5492203326604495	8.354695243846649	7.155779658860123	6.434617620172754	7.206333460063044	7.528044934615426	7.621511938809037	7.378383008764611	7.390912909509373	6.694539726649565	7.061911411943582	7.927047699585163	7.191337493616858	7.176561496532335	7.551643255449889	6.876269171491708	7.269157095886964	7.629795854986957	7.371646815095705	6.936542903360744	6.610932778955725	6.664181138344456	6.30717463135822	7.35912580421612	7.3007295668736685	6.401729569479529	6.973248750034659	8.214318353749	7.46370438062979	7.501183590125016	7.296760950075247	8.179766080887015	7.366324852875133	7.142652125149908	7.30944965240966	6.931611173416562	6.8676571115872616	7.356786488148823	7.056965164597126	6.9743076150547685	7.39703076899011	7.041573857431739	7.0739916579205575	7.04626560348035	7.19922748604994	7.439384856979606	7.295183628237469	7.4223761666369095	6.980659157649562	7.005978974383742	7.712057469891878	7.326751107035313	6.715641898932567	7.00547842893006	7.043149499004438	7.090275202996722	7.100019999454034	6.608214185420904	7.1464567580394975	7.504840976246099	7.382383949593856	7.320344747726276	6.757438123963025	8.037221762530164	7.1282135691103115	7.5687354051746745	6.942636480903736	7.451016251128351	6.894386238120279	7.502028742929505	7.0650563286833385	7.198748089196199	7.486357452798654	6.872981202674366	7.623085899112239	6.60277564136411	7.624846776213055	6.703681243926188	7.061764810451923	6.470371194056919	7.153186573732173	6.645461046176838	7.063421319959277	7.207986717606527	6.5007873532816856	6.995615618227258	6.960946830279359	7.088835008784574	7.041773735653	7.762488089352028	7.336489146491342	7.401762989620964	7.219000902816931	5.908699364337158	7.257882645819159	6.891607557714325	6.911019194335214	7.479389077278222	7.456110942429471	7.129439097604866	7.056583873634855	8.080002058506413	7.516300693401719	7.597079312002827	6.50325824970786	7.157862986048664	7.1713474854784405	6.886894999639696	7.560595047627061	7.225893528359189	7.807076050474439	7.416757561063597	7.032100742137172	6.577058605513349	7.145161349398922	7.495580803425845	6.796611271073033	7.1426149890515465	7.0604346217083735	6.972702072986145
CD79A	8.321092979008467	8.132097557390361	7.9921614792378906	8.344722841011919	7.80241023283569	8.384171547170858	7.848732537254241	7.682605254142016	7.383052817263346	8.101896736016837	7.831280412078092	8.701955740527266	8.428913108476573	8.313742042655681	8.089511021174994	8.120603437569255	8.41564508523177	7.766160474172608	7.90840578249655	7.6879039211538345	7.949000191757542	8.605152591674676	8.237304408552273	8.28511207344438	7.515025151504618	7.863548187625579	8.528171311682119	8.932508320624521	7.782786935048313	7.93951810976969	8.208936436354247	8.185716585406375	7.9433699316116835	7.985859510787873	8.523780227725828	8.491263225315043	8.543217276487015	8.046993975737328	8.643885674474037	8.481686123766682	7.984936597592988	8.518306172692974	8.246697733972136	7.39849391685447	7.625335345670322	8.627471165848858	8.379767530641693	7.397352833171677	8.244541711554017	7.565352526674029	8.503136451421366	7.883904111169806	7.843907779341422	8.489057160490596	8.23228052104842	8.66140490948272	7.1374266591341335	8.743952465857323	8.466500920515829	8.619474529375209	8.269322691628371	8.274659357959793	9.014894232606554	8.059361475038182	8.245034652180246	8.526381292340112	8.418637186915031	8.25891960551921	8.493413337349077	8.247461791724659	8.176203885443082	8.116736708532658	8.356623473091032	7.9404951734775855	7.5953413874119775	8.372238066209075	7.925876162692294	7.865947720963504	7.952127389193235	8.423590624889117	7.7896308968349395	7.771835541400583	8.209835235712656	8.062640328651261	8.20545727414567	8.507639001742525	8.353020361518624	8.003276297300374	8.634758350743958	7.961311638575784	7.655090146180626	8.146717308059303	8.304706747668147	8.602220305325284	8.346520970943656	7.64471633563342	8.60696140772894	8.087394672613483	8.237303037871962	8.421111568178373	8.362877956714696	8.669072644711909	7.926775996912518	8.022206729467873	9.005171005446257	7.807398892398744	8.3841905612748	8.151252522589104	7.940066110587987	8.035236617826406	8.005632830269539	7.831607275847745	8.710732021285352	7.890627264139333	8.40010082703659	8.2350708299045	8.404109306746216	7.86293181961693	7.70704546334768	7.655934630281793
CD79B	7.507926598321841	7.838850509093166	7.498076756506426	7.574786595880138	7.000739589942102	7.13792597695862	7.760181104100346	7.625333104646445	7.88346087347344	7.756015669353481	8.096621188569818	7.5241442695849985	7.4329725565847795	7.483969802106395	7.674894628428583	7.54442217633195	8.060881940496069	7.2212966793122995	7.722815758844474	7.7111785714034475	7.549833156391217	7.839149024230566	7.188423344383134	8.102351258575066	7.57771477093665	7.026982167759944	7.525810360376838	7.4476810252879195	7.438981810322111	7.892658553339187	7.770917507811561	7.611963123720698	8.00649091268931	7.7816157980467375	8.099856057041485	7.508999200385176	8.594434990168704	8.091844940236346	7.259459187582953	8.047708036727519	7.456424108003047	8.142928907302009	7.1701899327938	7.449105975761965	7.893777175061119	7.459637541088286	7.472341741803635	7.363623708362941	7.771049273072839	7.8667620420081485	7.757657860202628	8.007942651850255	7.619825864217264	7.525398191193276	7.800498094137999	7.362217531387733	7.657229110854414	7.692295395357938	7.67496597173231	7.399445317063995	8.379836337656952	7.560050635700139	8.14918000485337	8.238755790636512	7.518220035632699	7.4199927873675495	7.05642478210064	7.653970762309039	7.57486643582699	7.68119157180742	7.326555755059838	7.708196456111452	8.08448294827019	7.716251890039979	7.668428760172191	8.138935696900504	7.772975662468513	8.017221987036777	6.8481611171375025	7.6723182618279155	8.21968458236164	7.226077907357631	7.729312595934908	7.779478218589813	7.164953802879449	7.241957460000437	7.852913832634752	6.934714937888985	7.776127521089552	7.09579527018351	7.166323490984138	7.205198102839118	7.18295347292308	7.217573277568946	8.035745667757128	7.29244537960968	7.892569324356172	8.197112368802394	7.518415230793462	7.4855879317478635	7.725640876300635	7.625693549887298	8.075757137875447	7.652803609965139	7.637371942348877	7.3804880919979645	7.335159101445881	7.261745651969088	7.203969838054935	7.4634141250781285	7.4374964380302915	7.65496289705003	7.660361686230971	7.924874531480434	7.897977936612247	7.689245720546849	7.635553492474153	7.180516584678331	7.352900092918942	7.803495734569479
CD8A	8.054827105647693	7.8844270859070935	8.325729963470284	7.898064741067178	8.649062401067967	8.462956773242892	7.378207373713687	7.684916417516396	8.11206792059967	7.956851074582758	7.252074275411617	8.706099887752535	8.13537494842856	7.930241952391214	8.23968370232031	8.169390944991221	8.092625081922673	8.096736812566542	8.224238085433015	8.428743057152026	7.791822054962498	8.42779500831438	8.070068594004445	8.180356155110537	7.369463635300235	7.6515976964682055	7.9346772869593085	8.285729070981986	8.073350852997827	8.034230449632963	8.158771308047214	8.009420911186682	8.113531150420457	8.173474650751931	7.562467309957493	8.043823325958254	8.124709446958612	7.753789949706753	8.949960248818181	7.724212290750959	8.251905324177928	8.465530494720117	8.11136180253576	7.909933643195368	8.008036768837258	6.946923315987298	8.628620895170524	7.92576969001581	7.678415993906353	7.40720632127769	8.014958199121676	8.174507799814629	8.373935001482359	8.188409547230817	7.943618771002372	7.989461808425694	7.807334509910276	8.180446885306342	8.62629346315279	7.739219099079239	7.545143593879573	8.07648348667245	7.877807604695164	7.890341281348244	8.037616201719192	8.723710533767932	8.65580872440868	8.136057627643659	8.061994506883462	8.066431953527704	7.474666393429388	7.751203947667121	7.765919028770613	8.45689350861353	7.279460274303261	7.932315850609623	7.690492509375708	8.009088671604678	8.345710582369179	8.016224880628267	7.915751638329895	8.219846739911484	7.864352254141455	7.925296215797058	7.884028126080828	8.163566909247546	7.85541046670328	7.932867152367778	8.85533502198755	8.163093773942975	7.820675965598338	7.6237520758181105	7.5955817719774235	6.860109308252462	7.9040393950050385	7.988898979275076	8.024344010142924	8.199935796974236	8.08530707717887	7.57991799957635	7.761882482098947	7.234480177710368	8.445275068445481	8.20992495879779	8.12909113577475	7.6295610099911295	8.285689826080217	7.197585123795786	7.978466498237835	8.027024276927413	8.126970580972932	7.436127643712331	8.092084149585604	8.263475269815768	7.690186539727321	7.821848183047632	8.417097141574692	7.870920747855168	7.630393178394962	8.527705275417738
CDK1	7.2604925499501105	6.7846593204814445	7.601681610422421	7.337333844207073	7.474711456627697	6.848721653288113	7.681594845367857	6.7992313672871125	8.172372291499261	7.496397784449271	6.953537967924813	7.635980359504529	7.262311902426031	6.853042781365265	7.247838073418559	7.108843947499277	7.528448731511813	7.080028658606452	6.971956648190686	7.278356986632244	7.431021194254427	7.680459325124949	7.628543444548653	6.859180359945141	7.665644645097327	7.119242845130923	7.283415947556344	7.522897707603393	7.281343474700293	7.055917979234088	7.155483333541746	6.908974739418551	7.32965038526954	7.238924366936736	6.727564813643519	6.64192510103966	6.858632689802253	7.476939905860456	7.102874429085965	7.110434075067547	7.271152096672748	7.523752785596193	7.226707779188456	7.376644800558623	6.837852928585417	7.722773841966642	6.98338046762424	7.109399184504844	7.4008940325513235	6.815727867021331	7.394167177422923	7.117627326461124	6.679574800334186	7.665152299187679	7.310130403790046	7.02738234348145	7.65120423384711	6.530758939041159	7.058740374729699	6.9519746384595935	7.061013433631162	7.5497014846173665	7.446628907395141	7.228346649521928	6.976795217156634	6.848816085703449	7.366768698077307	7.399939334605655	7.213915614191905	7.023675818287619	7.121519382971107	6.9236118409651155	7.395929243684846	7.430404065897148	7.813639554602274	6.684564664884066	7.071032108892823	7.458477108038007	7.335385346390219	7.250670653919714	6.776205570715407	6.703373491438957	6.929915332861269	7.187754854004959	6.985477164864866	7.069905608870387	7.19473452126072	7.024546483529876	6.742937174813602	7.4330396177257025	7.176835771566802	7.627835808776685	7.51103838012891	7.072717340201376	7.55488322799005	7.369714756803593	7.3541468484019346	7.889555637128536	7.980406244043871	6.960340973012181	7.76072750093752	7.339674094722238	7.165430439871885	7.877794321990325	7.567156180389218	7.253534605205932	7.254243325744959	7.032122727867426	6.957325342069937	6.749824564014865	6.759244945440405	7.375050208454964	6.4720559381981495	7.151621097859274	8.17211727022663	7.349221936737403	7.1944358291030515	6.3683201674465115	7.027878104977051	6.777733042810883
CONTROL1	8.630047616026063	8.687095902784156	8.790242097394964	9.495158916656951	8.80240975199468	8.633992847071818	8.775820385144739	8.652506919168461	8.794208056956085	8.862821631299411	8.904714217681853	8.396435613901513	9.308635806793502	8.931083205727836	9.15218144560609	9.176357641900044	8.654864635866568	8.32594744173219	8.480666439181848	9.17821413636324	9.14322740600408	8.885310251846827	8.980332563188695	8.297839194973543	8.923496859660114	8.690806265425813	9.012782937560422	8.348459778784559	8.779085627115212	8.916380599331104	8.18780423931214	8.98721791831568	8.425081891382252	8.878874707958401	8.838265282419144	9.071650225925634	8.370388348587454	9.42569762907308	9.144139437723961	8.340275045661116	8.672363197234786	9.131761777411151	8.44442061082951	8.915724691823087	9.206433795098757	8.734192429322668	8.711601677119267	8.429786555158792	8.559320123074137	8.895098400309395	8.989332491017292	8.72959459840128	9.311641303024173	8.153496070294166	9.00199171398711	9.36259821793576	9.610450818129898	8.732867626752771	8.917463917487082	8.950191303309255	9.076692319924328	8.64487176081937	8.672773630220378	8.57908854156546	8.965003220219824	8.585353229767845	8.636071237797085	8.178498244145805	8.92027992367993	8.840017983185797	8.919438100410607	9.335350937724186	8.821149349580976	9.326952281201297	8.843647910543021	9.365436885699483	8.767995309311267	8.810711692404587	8.628320833950905	9.024685984235726	8.645395173533148	9.285879930812547	8.256876939747325	8.506418025294579	9.482437056587617	8.73654562955772	8.783324862433346	9.92889147691827	8.639716829421225	8.485890199775792	8.340943723558357	8.844143811444674	8.972511283504646	9.302567005263716	9.06669189397357	8.56055793636547	8.258981141291105	9.560279288893753	8.702314280133354	8.510265178829309	8.732014134555827	8.730659073271363	8.950767427143846	8.303354944245578	8.9363323771241	9.1618932205597	8.537912565785945	8.489288908229046	9.058344301553866	8.675806900737943	8.619258972033483	8.576817910939972	8.552690711478162	8.705805012675647	8.776661793695741	8.755241620250734	7.7702787534076405	8.298374779797925	8.945975775784875	8.937176552305916
CONTROL10	8.633997539429107	8.25723416226759	8.41045174426782	7.444437394141044	8.512873143853657	8.054936416893032	8.600374533231484	8.488944193062052	7.891191415703075	7.822588020444945	8.285259346055	7.801001116074847	8.73805689822638	8.469513125934386	8.173465900816787	7.804154824966372	8.596376340672675	8.701970377894083	8.311110985803138	8.126498800188278	8.589921405982427	8.470901173663293	8.529301846348517	7.874269168029436	8.509691587194071	7.715973102170004	8.09429494097108	8.374411736424456	8.145596295997262	8.635597719663945	8.757916853188641	8.459526939316913	8.569524154383874	8.460514078641246	8.88619331895296	8.230579570127425	7.927736073936787	8.248321941444903	8.285288626505725	7.957075024960404	7.930592433330701	8.542353306892949	8.581968717314272	8.439720501710315	8.066921205048178	8.568143915979581	8.399511199779635	8.277504666188072	8.207833623934766	8.48283522494502	7.757826517369637	8.777570941893016	7.94946688759564	7.890778152829685	8.210368581030124	8.262711488447778	8.436190697749145	8.647647403129337	7.626106577186475	7.957697807946734	7.844510280494433	7.907666598465592	8.886369837415906	8.344537363407811	7.942636612674958	8.300657718447098	7.98859752867988	8.416242568718506	7.839313810792277	8.344019825852367	8.123248570052061	8.132838135864736	8.519744184377892	8.38113098543292	8.33904926623708	8.023442291699688	8.487917787147826	8.418203348421123	7.63955105431206	8.576697756507324	8.302063150629532	8.471768191516064	8.321465283965061	8.831765225551349	8.164950248693328	8.391060494397488	8.343057502585463	8.34005210276264	8.628697557795018	8.462413712259774	8.338895102559555	8.177290039292364	8.80761495472809	8.646282012795938	7.911249630995836	7.975934289384721	8.12779951850456	7.9114757966304445	7.432130524874787	8.404856919304914	7.827232755073259	8.301938086478561	8.407888603856831	8.236803906547406	8.435550575996364	7.952592492677651	9.113353273378678	8.191769986373382	8.23842123315051	8.306005202590251	8.490084283735687	8.443873620604318	8.506095181723156	8.043665892069777	8.777174561181857	8.682817785035594	8.189663210723209	8.68984370005713	7.900104135521383	8.886260761469515
CONTROL11	8.0194259946833	8.40497861855366	9.356384253503247	8.691664561137653	8.48405044812037	7.886775801982646	9.192091045131749	8.374593926951524	8.67358904250827	8.438872658458077	8.478836685208583	9.064434551442778	8.754521337682304	8.866311647405414	8.72865359134695	7.707209403737971	8.58564112515737	8.617263902818788	8.394164339918998	8.48128972806137	8.555333463192747	8.420052777035545	8.190333683705957	8.147641930566689	8.781361260181377	8.495234788258031	8.467694753427741	8.19970309786921	9.132308950785335	8.614327471188718	8.775852396482604	8.262128781344353	8.93914043680898	8.689957708148382	8.851887026560902	8.403698253534719	8.299670085058874	8.452683173039576	7.998876734998336	8.701585464352688	8.76247926046895	8.61844561918579	8.787514214673966	8.693026347047343	9.130867442399403	8.176412093984267	9.234075214835	8.232713091430965	8.481354922349158	8.85413984658662	8.440112255650314	8.314996381688992	8.31704843084766	8.863578405586683	8.68197094119597	8.78551412640765	8.999459737294348	8.50324510429614	8.425950877558083	9.389305249971025	9.16568495358303	8.04092187392306	8.558179707328732	8.7470683708471	9.222594753618909	8.492051775570346	8.783155651062565	9.228754212520238	8.720881697614793	8.495814477825538	8.61180437731575	8.46636035792667	8.948356520177704	8.316904558761827	8.720058791513194	9.40600726262722	8.510889950025147	8.649548949936063	8.59779178230007	8.789879611846782	8.939145657942895	9.027882033987806	8.67149144925925	8.813999497099404	8.289084450666993	8.631320291197804	8.93888578606157	8.684774349623236	9.140315173214292	8.515877996708452	8.474382172353485	8.491793344119795	8.973561473015348	9.432156151744636	8.573481511392048	8.650868620051126	8.476841333984924	8.723246536009425	8.97590355806022	9.006901956646221	8.651201276633893	8.304817311090039	8.711372828064805	8.70867555881072	8.505038191017201	8.147760937526051	8.49282005947417	7.982857049623687	8.58791097530607	8.824110510570137	8.401345313311646	8.95108264132522	8.233539200588604	8.479848835538538	8.789576218104983	8.71181470155767	8.847331283015144	9.011629903223367	8.467004354418103	8.812017049785903
CONTROL12	7.103975690099173	7.721698311279841	7.270955717138324	7.395370426159158	7.606867852608184	7.049647537555585	7.367662806937845	7.2743860288825735	7.407528380235272	7.353644385929664	7.640440158571323	7.304980273212447	8.289121122250721	7.582809557603249	7.355691234759975	7.613478626980716	8.105726578758313	7.810178184836555	7.34099607051152	7.53824665090193	7.234060092128956	7.112669618081013	6.531939775547371	7.339874600738425	7.186651160080792	7.111263910034859	7.568023915133759	7.446153073877769	6.716031379014093	7.069095865989638	7.649076057147931	7.736922980603746	7.0764871327043615	7.636294708077411	7.008861569949647	6.601963712088373	7.464748424370838	7.344015379919984	7.046301128151185	6.884924364268882	7.374364095306635	7.273377458883791	7.199034720831716	6.9296075509655335	7.171374790083492	7.214785187261779	6.835773816916711	7.308839468666792	7.089423889137219	7.179468646629081	6.865017895306568	7.157781988966966	7.051243351653184	7.121182157054176	7.198373626999068	7.5460238662919785	7.474326092718685	6.822453689979523	7.247814406481039	7.7152034942662855	6.952600983064313	6.697063666987934	6.747411049326716	7.507112618095852	7.148726202794228	7.214039996386665	7.636372587505187	6.916143700336873	7.213688451099016	7.4891791142846555	7.779288909497816	7.4101602552423325	7.315922993657005	8.31490720019369	7.854700545137468	7.408635918886096	7.315937673760309	7.989311026137437	6.983830233822607	7.857940711745575	7.713525057633064	7.788931586545086	7.37086818766076	7.50953681924347	7.493319097409271	7.596691834473584	7.463403694938936	7.685938447087033	7.840097451663131	6.686129855162442	7.321514307423782	7.083043608950752	7.251151016803651	6.860478998840607	6.847594897337625	7.253739221856919	7.58106710250838	6.8198398003792695	7.454304588747666	7.508258045503862	7.1338227107138215	8.010658331560395	7.653085025056155	7.790053060126294	7.684853273091116	7.344051343368415	7.581296546813437	7.017106471254785	7.0333602549293195	7.645585965012755	7.010072566347515	7.004993186039542	7.0039682209076615	7.774334158760407	7.589794247393524	6.633175111620941	6.791613001911951	7.186095315442546	7.003659966130637	6.864742325654227
CONTROL13	7.8318108167444995	8.917171797987274	8.394670422485829	7.717962998313428	8.511397040576423	8.279317652630848	8.410239968792634	8.109934428929941	8.102786634137669	8.06883285179837	8.26401329590529	8.302363309015007	8.426936339391366	8.224935559027694	7.591492268839353	9.035974639842596	8.517490275300885	8.55417529814688	8.8692636220742	8.638436948203616	8.132884237819376	8.686611553559274	8.098160144210556	8.11958111816431	8.596816195060079	8.08262092527327	8.414498056406261	8.52032313118126	7.894158457439494	7.970851200941153	8.57642257623985	7.925752811267342	7.912012860465618	8.5302315076284	8.059451370451733	8.493252137446845	8.081418041767483	8.507512949261335	8.611494680353701	8.677566335311884	7.7750663615691895	8.649192569868237	8.298463794064144	8.106889955215985	7.241393163421689	8.02461266028243	8.23193404597774	8.273840076837121	8.69036390965274	7.882757150066355	8.340393368551338	8.47538909097258	8.614611631250092	8.231367357839492	8.157694190002776	8.190281055077353	8.25582535213569	8.926139130767934	8.119504101671764	7.900706286144217	8.172856696050449	8.115485025261394	8.847581005005718	8.589280633625034	8.432533695421597	7.855928377570448	8.60980217560885	8.512837837434361	8.085338902554033	8.71139539726372	8.72474740946948	7.8307662965705775	9.25637440465464	8.645391565207415	8.111249357034993	8.237777909189683	7.947326502679121	8.519276741464125	8.23742711375913	8.535031713302208	7.848623868472431	8.386106663017257	8.806078594378201	8.210321175502468	8.093839906243993	8.426864267136661	8.06859743279363	8.247221078361616	8.017049967398446	8.014591418237613	8.554391890819813	8.447946010001605	8.802496322373257	8.732443297882805	8.045548666838622	8.343997155735247	8.643061422954382	8.81798397909325	8.30169333038897	7.919443386547827	8.084472011739962	8.679233431766843	8.289114779880753	8.197639360972516	8.206071958852013	8.593407553395005	8.483171312806197	8.160844787644166	8.096342780175858	8.592785703767225	8.831087423398039	7.6707436642725195	8.517716388984253	8.155353518934403	8.468295695551284	8.986889952259189	8.683077545168915	8.435003090795217	8.58321503543681	8.23413708179424
CONTROL14	8.433538628694498	8.417040303662414	8.208916390838416	9.181555866941732	9.199901869291166	8.66342366961586	8.385532589456343	9.042348477903507	9.50490154067897	8.41773869649572	9.21201926338125	8.006854220740623	8.157422920573541	9.031718817739296	9.211469664359829	8.756403581410574	8.987391767942064	8.79515417267188	8.90933159545933	9.130740316506145	9.143916298344541	9.482002138890874	9.107623999825275	8.520008165403468	9.22895884674434	8.526687245939641	8.002320324995896	9.137354625109834	8.09454042857495	9.115590103818779	9.43861897703306	9.290956485144992	9.200468479721613	9.068333723998027	8.914619222738867	9.324983908326443	9.115456550534658	8.88169979007829	8.372445076295723	9.302811791066974	8.98790645971664	8.724700882791613	8.986302463396463	9.179651110608098	8.545707024489541	8.51758611546828	8.757046426694734	8.420683602589731	9.129677189816524	9.005891366817329	9.260881979059288	8.973135879517063	9.19816653007446	9.096569938902704	8.670898463637023	9.024177912753895	9.657530221412673	9.049462784520014	8.711690195808435	9.046333499744371	8.75150715426645	9.302682255525669	8.498524887378371	8.723384256792492	8.26513349593326	9.25678797095292	8.346058478462934	8.76128629697948	9.271674279489769	9.198465045910975	8.73770446952421	8.86290546469308	8.225081912685152	8.712470714690722	8.820391494481013	8.723112111683141	9.082666677448437	9.034416354033258	9.268221282336516	8.438864938174556	8.708122160048651	9.001486438897347	8.744036451939037	8.398398532814262	9.446601988055264	9.178928715754783	8.633724917875028	9.12197736635062	9.278422937810328	8.521290675069368	8.902553863181623	8.936420212667365	9.061671235913357	9.532721804452867	9.13892749489994	8.368340002945411	8.869050709056898	9.160043739526177	9.034913354425099	8.805438863157224	8.266112532298958	8.982178142471154	8.691503405728328	8.939930026139884	8.922478873620559	9.20302127468464	8.364960421031487	8.801576813347253	8.310222361985623	8.618038993190329	9.350554666943749	8.940682926911181	8.481104527759413	8.862142025226168	9.27097346841923	8.723592978304339	8.78322581584722	8.547666940242564	8.620468376744448	8.283804083299545
CONTROL15	7.916904800844757	7.584818374463009	8.087912317749986	7.6132994664532125	8.151986338592641	7.755244588201829	7.668004403898726	8.162063548092412	7.360206990133015	7.303544552306868	7.885443877933928	7.480584297455174	7.554484302754884	7.569090062403406	7.860627216653811	8.030594233076924	7.726350534217249	7.927422990008566	7.793529524425628	7.228332368709934	7.324101815227628	7.533042114837861	7.345468844463586	7.97218947611646	7.309731629633464	8.22475441293339	8.0381424008522	6.964941886825082	8.411335884766364	7.660512807560387	7.529577140042884	7.838879744707327	7.922834669508813	7.95328471035578	7.704015669881166	8.537354083781498	7.851860440343531	7.684179699753088	7.676258457596661	8.47807557181645	7.7028471455880885	8.111498407322973	7.957656785134594	7.220689569971846	7.785371671357156	6.814317319574635	8.073244896329301	7.56988083847501	7.714216224048934	7.637668496414652	8.028844025249994	7.646328395910677	7.4406503622382	7.5248721030938395	7.484273659253742	7.008782645201079	7.335739875726263	7.773032092863896	7.591947539139352	8.004096693766275	7.279270134507003	7.690466622006389	7.7996456738986195	7.654407360831866	7.607764611051578	8.087906574741005	7.888577942879051	7.604597241787866	7.693016151506662	8.090790714499986	7.0968151431031865	7.6948199430960225	7.581425867367726	7.679964073768496	8.085083682429943	7.574476750091555	7.489029448989276	7.801988042741725	8.553578902585116	7.148389123699191	7.813172914127498	7.5956527001351235	7.630525926132647	7.215526561883456	8.196332019104693	7.213859326455292	8.30211851143466	7.712549994383666	8.042495295367853	7.169042534212276	7.8232959071045585	7.856941492639958	7.523875224756398	7.809942476389652	7.7596972255463585	7.798949381879169	7.587501761364223	7.464241738794976	7.2982264715402145	7.047191812505869	8.175935159744155	7.565075419069256	7.919415645482434	7.437199492653188	7.679340025775723	7.781122580516345	8.472227066600857	7.159090042626113	7.480029022438136	7.85590621792948	7.972196449603305	8.03659380341761	7.579508730057984	7.93309297625246	8.066677615491857	7.5186482180115775	7.815977007894234	7.286602909187763	7.7261303824511005	7.969263884890222
CONTROL16	8.936774860236676	8.454180684641514	7.690235079802935	8.659590875499001	7.663087930302402	8.631328801863898	8.112507323678658	7.524428059407296	8.523234015674486	8.007450226892026	8.399784598786615	7.980504742761638	8.582307370059711	8.58800851691051	8.460505353761056	8.2232999721559	7.877706043101079	8.300992088238111	8.446207282204083	8.459491624390992	8.59279902219496	8.404465304212643	8.200344215868462	8.260266636787556	8.112122808339295	8.980055426158527	7.6775875595279395	8.321598306775611	8.236041775691293	7.850960166326644	8.210043920201302	7.821361761414497	7.555799283915313	7.897910641322222	8.049717435760854	8.491647052673422	8.696206568932272	8.356496964895536	8.577585158733607	9.206800454226089	8.46302354947458	8.146005228298895	6.963704050902527	8.735832335205004	9.020638997487762	8.333638615008274	8.323476680393183	8.095567279785186	7.4941730896672345	8.012165957217823	8.935153804264793	8.487857320704377	7.785967733199001	7.306047670220947	8.110554855461176	8.51161665276633	8.97352672565771	8.951532951033743	8.448888950979109	8.013333088926638	8.479545228695303	7.847170706967907	8.488553868554435	8.214260755522512	8.296056731998535	7.946208521805661	7.791773789541169	7.689149002182665	7.951518199469557	8.494264549826063	8.776163351893388	8.551706868725958	7.86686688145916	8.313181980808912	8.088937042696067	8.225736921594066	8.34513941667926	8.04911216682211	8.508898704547157	7.886007315496821	7.646572898214228	8.501507405507544	8.313893873585394	8.423218114252572	8.773227905564099	8.605362089168763	8.441999465030124	8.141504417780865	8.201302450385493	8.267839242105671	8.55680874364918	7.327853190010196	7.598592290329135	8.34747326520304	7.81433549570988	8.404858068667767	8.102217312730504	8.51979879308438	8.27859152830928	8.749639005057753	8.084509074617952	8.511336006345726	8.341616510431773	8.577890603575973	7.648283738395843	8.055093723333403	7.654937252600852	8.661239871195608	8.14618342807988	8.214777442460209	8.170199403369715	8.347849580236185	8.167353128604526	8.11082599067764	8.555139237615112	8.15346461324972	8.166154202205043	8.392172433445456	8.61755375063556	8.560311196375114
CONTROL17	8.718715958001914	8.304130471531014	7.523127062843366	8.326168855938377	7.82329995816827	7.5225653642925785	7.768812944519464	7.816216433872389	8.126799127146207	8.290823165237262	8.08595516738689	8.275893553304163	8.12688491764034	8.656277282478861	8.3583522041759	8.093043431423274	7.924491694278297	7.518058331116761	8.11819951156654	8.06778139500169	8.17246738669797	7.6430705029352	7.8318924824051095	7.834471526327297	8.367039146907556	8.255058685813166	7.8124910252288	8.629644423574735	7.584641850084806	7.567752690017155	8.089188622424244	8.673656444533663	8.164966200204804	8.200412635648481	8.262880677861682	8.134494053832684	8.410789820006153	8.250154516640631	7.926948390897069	8.576151590670746	8.220766948818294	7.594660114712112	8.27988067247472	7.996963688063774	8.35956444498384	7.891872923524824	8.212371285697454	8.553535550588098	7.792713854095747	8.334810783121235	8.350529682443963	7.927785195303679	8.07756028225368	8.370941403882721	7.65684958144964	7.761672495470358	8.330384883324685	7.69114328340352	8.568875783100594	8.139755745098638	7.858467743565152	8.298797499300445	7.932871385670931	8.080194811383846	7.737203531147572	8.46228810438375	8.282654250651078	8.333833870904828	8.038250186452093	8.000196459794724	7.74317535846709	8.297596086031675	8.32524911761692	8.054586828379271	8.143311848021824	8.544201698317398	8.06145196012032	8.03877327309297	7.781089878895226	7.6405133807529	8.56053298778063	7.7496974877051	8.060115083667393	7.7500378366943075	7.763064772223072	8.010096210686674	7.764894145117088	7.987157579538917	8.222317079148022	8.274106434758393	7.917493010591803	8.2057772915594	8.354536598763467	7.713789691984941	8.316633036173574	8.54051510813303	8.213709206358526	8.011489190817576	7.998399663791207	8.136764897946323	7.9847262222140625	7.749167694775921	8.36138289786709	7.7823782216469395	7.695793759018985	8.011618023107385	8.354766808173556	7.455018503553423	8.563982036918116	7.750425617008838	7.074766789544648	8.533986738557992	8.252128919208072	7.296048785114197	8.736299188249426	8.436611692730844	7.674610528025065	7.916766446033014	8.425268758512944	7.925078998113103
CONTROL18	8.597416208789292	8.211405928657914	8.147488452562584	8.47548848607732	8.675867434619539	9.19363510701448	8.902900087318002	8.667598930209989	8.507883579555855	8.627808793997787	8.681856970988255	8.13391310363947	8.023960508750301	8.684093284136106	8.715542328594722	8.623528899994772	8.333493612022616	8.343438688190382	8.7970487064011	8.32415733162522	8.718469962393739	8.229861655891794	8.464421198411895	8.821749248973099	8.808665414119254	9.614420327184432	8.831444108927286	8.278141377429714	8.728119705260449	8.299483499959443	8.680379774307612	8.447273524129647	8.492777762658365	9.038801623333175	8.695812261975181	8.92460124632049	8.919971956996573	8.008377655200372	8.402644927814743	8.67680404204087	7.84532845342553	8.503308851634902	8.130398134227432	8.302245742605871	7.5701121136921214	8.315954812326014	8.488210058446557	8.829969592666739	8.692003809579347	9.160914076854326	8.745144158081555	8.354604889619058	8.516430038320555	8.783826683575656	8.15952296633388	8.626016400243696	8.922626694166398	8.68473560649336	8.39103413669903	8.677489629546962	7.542427011337351	8.220732452147997	8.11686968054172	8.482098427885912	8.294285470666681	8.445129568999063	8.632995161571891	8.427125003911161	9.299683279057474	8.603141281580495	8.396870366312138	8.211168188538737	9.18303014701733	8.201658136524003	8.31273880790271	8.428507865949584	8.363843257655292	8.558474140820078	8.71371863885357	8.55517920084136	9.168934376286455	8.224000693184669	8.283838621737162	8.523648513424979	8.71052423137192	8.314812800139194	8.279281263789564	8.57851436225979	8.897535575458036	8.81150184457816	8.754918124272914	8.73521065471528	8.937617784599707	8.252858869637976	8.532588520369645	7.737876064407125	7.56098324037104	8.558434446042567	8.228445418331424	7.9354930125559395	8.25966081344253	8.697381807220776	8.504871236571683	8.691547362765684	8.412181440335461	8.146385688624889	8.137947498001033	8.402164562986986	7.970617727255052	8.68336803049884	8.751021370246555	7.890932097239032	8.751593261712424	8.802833972185624	8.695297010113286	8.353508959998273	8.120027455461095	8.054455192174448	8.529793053324676	8.747230575731386
CONTROL19	8.244134962988335	7.986417773621005	8.676400306413592	9.199766805025119	8.93716600916515	7.799983634295497	7.970782899947008	8.402623709140006	8.11960689266325	8.815032648993943	8.091308397554117	7.871514593279269	8.272177589791719	8.728369887316028	8.052508604472713	8.324059002894089	7.97876663252811	8.329743715922705	8.135929481176989	8.488625227905057	8.746699489490386	8.41312863073279	8.008383979820033	8.687451077285468	7.928659936931643	8.622796153553507	8.056671606258744	8.480349334302334	8.258970606708305	8.475144266687527	8.053166525110074	8.550561178779725	8.331620790213721	8.077386288314212	8.994342371083246	8.931374893140731	8.297389294905805	8.556967072279635	8.885660640160538	9.05673223185872	8.142026464105527	7.916989672078433	8.69455770745976	8.421070028169794	8.824331495303486	8.175724945289765	8.594176366894018	8.196382231031048	8.38565432010481	8.574165507221048	8.62573807163078	8.044703467545833	7.743088818450133	8.359062277103407	7.8168037353769195	8.273864669126812	8.270396248877796	7.708721892140387	8.830254083328045	8.42275438037003	8.535359347986049	8.774875726110682	8.390684612899893	7.9384846863869996	8.84376581838232	8.568505696809906	8.30000220744679	8.589444590199705	8.473170456820588	8.688530596428171	8.380098272688752	8.90403140318559	8.522100702605208	8.068643560354763	8.735713561367762	8.531937642547145	8.067215854697775	8.6388761548137	9.082415973136131	7.860015467131624	7.952339478767648	8.4026100109948	8.180418842679549	8.29708957336812	8.56975293758375	8.240665584409747	9.06266965101649	7.829041066892457	8.183792596382744	8.500570683673196	8.318368783460722	8.032936113046386	7.859789107578193	8.12316805029723	8.030761090053405	7.958855747589052	8.524053846940943	8.17730388470254	8.494167450659429	9.02521188229549	8.687852673561801	8.513370388197076	8.649716969087546	8.044367379710357	7.539993708011588	8.18940156829637	9.009152808483522	8.545343731956557	8.680705373012579	8.876733682639413	8.373872670072613	8.269955937043639	8.052642678706333	7.834636778131363	7.948681748121489	7.952268293493044	8.241940600446508	8.823193744890546	8.6000944632665	7.871883736413276
CONTROL2	8.144286997888589	7.443867966825813	8.572068177877208	8.297081159580092	7.354200543697851	7.429429842792426	7.67344273799287	7.8655578326668065	7.1873547868261864	7.672499306797723	8.266581212768902	7.639989033048408	8.29507193390512	7.420582379065588	7.979052438498945	8.070597162500881	8.180462393697177	7.90730681741501	8.190827916485201	8.045980898476017	7.30826831910599	7.4683362606252155	8.404298863895981	7.7621014309866405	7.751344242419265	7.9364075548366415	7.128572850912296	7.519096872411139	7.572788547411852	6.72591087306868	7.7469331489219835	7.16502913431618	7.552863664810278	7.659177878970207	7.951011514022449	7.721540495191944	7.250464115699776	8.252428464759143	7.846080864663642	8.132722975391964	7.549196867342658	7.815883617878723	8.269115105251297	7.7098751309479185	7.933966874738709	8.841010270377915	7.955402135411763	7.830821451083368	7.310927841408701	7.900225810718406	8.058920947652881	7.99169952289706	7.708215959523538	7.806577097410258	8.39272665788975	7.088729989787634	7.721189120344062	7.774450625766362	7.354041348553453	7.646976701685158	7.950722080433269	7.9518575701432255	7.767970179067678	7.493962418243076	7.3955072627595495	7.478003662114075	7.949284573719454	7.8760657448426175	7.548440277222487	7.504075000532052	7.745120068647674	7.872468857828063	7.82138528825401	8.769618206755235	8.196723233361348	8.368596137957635	8.732812157029727	8.503038663225906	7.983795681530101	7.4831262327611245	7.6873712096711735	7.648105535737638	7.494040600417363	7.5018906420741205	8.536332200669214	8.05872971574028	7.403791006588754	7.309604167255786	7.992646289045515	7.730749360556279	7.433162032346231	7.99513611681773	7.434208365467169	8.677431275088779	7.687542709276303	7.920931298086333	7.655145553985262	8.032204728465478	7.687320111336571	7.547861767809784	7.887234990345323	7.1268694484040775	8.202942569420971	7.010816314374018	7.417223676800678	7.498244371153835	8.108264183810151	8.283693352944523	7.397055212033261	8.065330492511725	7.664900317806856	7.489063759400384	7.68852739110812	7.534477381405056	8.121333850853995	7.9797425191208475	7.956567915091842	8.550581044857381	7.6588515413933305	7.574245290814379
CONTROL20	7.033010545322293	8.206447152674171	7.7451155981907	7.97934475445422	8.318724354194515	7.775453439314882	7.600067769654402	7.442154877983573	7.393333183348108	7.739345976646744	7.4034900717264644	7.976178043237056	8.036993763954628	7.76632833806186	7.908340239363298	7.825513281055783	7.728521420308706	7.686186838303264	7.967973731746032	7.676547633116249	7.730995871846927	7.692231313829817	7.754593043260149	7.1558765467017835	7.8304864610630025	7.656976799089333	7.633341013675047	7.9748708328593025	8.173604958667175	7.340738631213937	8.101193667470717	7.274325909181446	8.0703040725272	8.239653930847718	7.331074843125934	7.495627781925657	7.0199236941579475	7.43174371624642	7.608482408182798	7.768303102210722	7.283741266258296	7.871545797116188	8.44819236367006	7.422613455578762	7.873991021741745	7.648169409138982	7.385171638939196	7.633616684002117	6.983307464535693	8.064897183513915	8.263760863969926	7.4375892146111084	8.225984498777745	7.622118957722312	7.5204718176794305	8.321076670509802	7.837175510636154	7.478331690305428	7.852543881661877	8.6291375233772	7.66712971124244	7.948957578221116	8.1221829626478	8.054466753475353	7.476509381869462	7.235272871113892	7.884841852573696	7.960107861428383	7.720624491215531	7.616783388861046	7.397745591110023	8.107626439443568	7.873857674272825	7.983466032642336	7.792661168090868	7.664678754408996	8.41292765175288	7.753161964702313	7.786668790798448	8.157713211958004	7.9820075062117	7.537598491643813	8.101671210081248	7.745859456487932	8.048133915055265	7.962577161653574	7.643896287828768	7.567134947725392	7.971511278393491	7.963896308394029	8.038428563481052	7.197429267570033	7.730030578089804	7.794607889757183	7.933994759067404	7.896547528111847	7.790750401699477	8.429518118069108	7.754570486835449	8.096134259651802	8.240868666954007	8.017797176940938	7.86898222483254	7.405319478521499	7.807697679473543	8.20696853010423	7.471398941634169	7.723503019524315	8.013369014506948	7.914019216684868	7.996327675009043	7.637579882691414	7.277790582276966	7.858768679265363	8.013221064937397	7.798610482425625	7.647783651690796	7.6772222566433355	7.328458071571833	7.731003337848071
CONTROL21	7.713829894093228	7.734378105070576	7.614002759626363	7.513982324264057	8.28213459901976	7.564592707626853	8.050815691338784	7.575996893778278	8.044896494059008	7.987451752117817	7.9389534241776225	8.328216170496319	7.906092742687477	7.683284695793824	8.54818333657058	8.112022864546514	8.1052702133392	7.773298359019105	8.011681630606938	8.367696709386955	8.255651429373092	7.482574732690078	7.606751953293102	7.652688279364998	8.077413430235568	7.433452753124446	8.20201152488648	7.917063546219228	8.169311739865075	8.08592780107563	7.834742159701007	8.270174015261055	7.166969865823792	8.111737064297147	7.711481882762719	7.851395827773851	7.729640834178557	8.45971606725716	7.564051187863471	7.8033713640082345	7.928988265408611	8.07535862295043	7.8287801329792615	7.479373489653773	8.37262625582226	8.538741569698018	7.473564888335195	7.7187059115462775	7.983786796867968	7.490015706185068	8.248278470248012	7.516854175542139	8.58512328343797	7.71226935873664	7.747230520285894	7.871210199020414	7.899069773937432	8.324412440465096	8.342517354570212	7.693680036455471	8.098219867392782	7.851611760192718	7.8740981454104935	8.043409382339174	7.479400077022397	8.036021579346993	7.89624528086737	7.91269212699217	7.822485447038188	7.808154181163044	8.094863343351372	8.016001357655417	7.528297978463121	8.055484048193925	7.944415496167996	7.119714542458894	7.76905634839569	8.215208734120031	7.621936064694725	7.676054660139853	7.418256690032829	7.536015799070913	7.950436861387043	8.162140480885068	7.7933626613338225	8.444093630831976	7.9138521700844455	7.9645297255367415	8.53706217802182	7.812247129993963	7.62623123509337	7.893096234382884	8.04850027034126	7.779354935124737	8.087973794946874	8.0797591928682	8.575980067086942	7.588139364021064	7.816275400611796	7.838396214862714	8.409689714363024	7.989968689527062	7.737786204985229	7.812871919178811	7.641167269904174	8.058982828485883	8.458194134219307	7.582341548925296	7.794886934552236	7.328213458946177	7.62216625840613	7.572707779414131	7.899784202320191	7.5589958730833775	8.216181393328531	7.49955919976079	7.686011006300307	8.383418519294402	7.7996618754399725	7.719529890510434
CONTROL22	8.15235823675708	8.215159756843622	7.745713974054524	7.371068790042428	7.834603174461136	8.153669763775076	8.28959443161805	8.18894452786211	7.726439696336024	7.931770276693362	7.885199320111596	7.8873934588773595	7.743013966130508	7.881096132989365	8.015743328396127	7.463392981886089	7.944915156556282	8.420532467527192	8.251450370993032	7.428046700779534	8.044720525116885	7.756930977749156	7.997797629455121	7.836974308612862	8.227320928271594	7.8808821626059995	7.604886600319953	7.6705117674930605	7.823563808649365	7.249527700508574	7.595489944806172	8.166394341391614	8.36206169299662	8.673581017733866	7.323686240747284	7.442532640934707	8.107989507178722	7.555550699454593	7.747566173495514	7.211450069973246	8.11158446443535	7.309682128264629	8.70413217959346	8.004170387373707	7.932581350950523	8.271588158257387	8.08138605856263	7.993434043047095	8.020541862053097	8.013973501352663	8.164513397846283	8.45571455682275	7.348865340055125	7.953548237416832	7.510781960328434	8.13489914179752	7.874413549450553	7.616850524705487	8.068197997397071	7.4035271998408865	7.640875099927432	7.4126384356967545	7.955065825040583	8.576970511791469	8.197698131777253	7.750090454418792	7.894920727576627	7.8783879936299535	8.422246042218228	8.532007424297259	7.827227758604794	8.168364171891954	8.434278960729419	8.219040063145975	7.866604214083515	7.783040702157618	7.820055554708797	7.70659505824481	7.761714211600564	8.374137023288265	7.943344908660214	7.4540161729619285	7.737826379885461	7.992005983819789	7.743624865076201	8.233266000798118	7.947287533653192	6.921251483523577	8.100865356063245	7.972373748451836	8.183740687517256	7.811190532985692	7.9911633234004515	7.745209471927829	7.213725115507516	8.115369862269263	7.718033020765195	8.321743301899158	8.18108223595898	7.715742739169786	8.373564694372336	7.643842532851833	7.564636956648563	8.066139269608835	8.153190217262383	7.426357773257342	7.847199454871727	7.479821367482528	7.943878765459025	8.336948922193162	7.7304660251349295	7.996436919031798	8.24662259881396	7.934175991397604	7.726565724384311	7.946034935033821	7.935727930525353	8.231300887686075	8.397830187497673	8.008196110099423
CONTROL23	8.986488134137945	8.345317493253127	8.600452626796702	8.28560621740871	8.149227034964824	8.745191655998402	8.539910044126163	7.714298389098079	8.391360059391985	8.486915623414314	8.324541537043325	7.627914707194673	9.158066761604447	8.73921418753014	8.442740373441241	8.355790270311324	8.672100862849224	7.712721144657599	7.593412418367441	8.29352728802078	7.703992030198394	8.041298311104802	8.156374144939326	8.64667198769103	8.73724700771643	8.552070266274939	7.834732838284991	7.980482967643108	8.499795878237789	8.90471828848947	8.654926404127545	8.410628718870209	8.023426471959581	8.442728683806171	8.206171595270161	8.469824955810648	8.37988485837434	8.080028182791304	8.601422220196252	8.182243263051694	8.389006780586499	7.846950254343235	8.501282874102717	8.44047905967948	8.381022487636711	7.680048925332934	8.18105252098429	8.193533261255277	8.567001298379637	8.20113875207979	8.060144891412882	8.334903847857595	8.599603929015812	8.236337452136052	8.300098047705472	8.084953889200674	8.681462134512905	7.8725409467112915	7.842158268874547	7.928859053210911	7.758848176853364	9.02964800675782	7.897659423504926	8.835225023922224	8.49694204613565	8.538895670685843	8.614053567082172	8.533000095007326	8.035735834061704	8.994276441358437	7.9980874528125225	9.161638577779298	8.307922030438371	7.953303881841157	8.475070427821684	8.524816439809486	8.393877175193017	8.488200102875131	8.905425044432214	8.384176697514588	8.273489935222312	8.517295272563445	8.200526459880829	8.724785088393123	8.574201710300265	8.778705279898983	8.152994575156793	8.287821647925085	8.018470695888425	8.127007090339099	8.405629785727118	8.908618008436314	8.08100840156759	8.16383460968313	7.960954916251947	8.270931019420884	8.738502749964152	7.982193208813401	7.823989478066261	8.374232513788481	7.7391277957778435	7.8008553849210145	8.625554120707333	8.226271025859544	8.939816216134659	8.093755602540707	8.458351226916564	8.276589560609349	8.5540304507698	7.80609348888452	7.981624431070532	7.805923157586479	8.380979135935858	8.262127649290353	8.767090062257784	7.835655038710785	8.465612020165615	8.643349343588524	8.8999313610731	8.267754485445774
CONTROL24	7.967293843761314	8.95509745692715	7.828951572433384	8.05609360693845	8.247190464774459	8.877457400847103	8.10025500352736	7.7640755984522745	8.65910085952604	7.8336821279673865	8.312272879124922	8.206287574675274	8.112180979962753	7.9498123942481085	8.014689629622119	8.643605600527396	8.024461814764596	8.132447223026325	8.356021088415597	8.222940982848257	7.718944477306837	8.248611522767732	8.468289527882735	8.451726914392696	7.8836192972574874	7.784354590857199	8.376391611853414	8.146051754567333	7.6619938749250185	8.352803298793257	8.636474976505419	7.816973134175479	7.691596654469849	8.356882352528723	8.273606206531017	8.458888583291508	8.1853859419825	8.054756427958822	8.5660964471185	8.186088890393487	8.204948976955306	7.250842756594794	8.782699464125699	8.961397851463326	8.313549188321408	8.622303968822626	7.858091482865833	8.282437450192973	8.501094357878618	7.853511781895653	8.760039644523983	8.313565249454383	8.264912895460311	8.323084085336621	8.563418595921357	7.725133444271358	8.593077539806897	7.700515844352759	8.097001116776381	8.223494647902491	8.12179650475918	8.350424695677594	8.401788138373831	8.526300107881374	7.730772242784669	8.299817426880042	7.677753333380232	7.594342468981949	7.829203346651216	7.831421638407386	8.633269634467775	7.740243325371512	8.221239597919796	8.171286621330085	7.780929647349121	7.700736774273412	7.831704039206047	7.676489047949876	7.39754076785889	8.298867702276326	8.704067372712139	7.71167925002398	8.264682307445925	8.16501654512998	7.8181349971309215	7.796235692831223	8.480399795776263	7.881922481323866	7.948244530989569	7.667474547296369	7.86276513873273	8.155613315215598	7.593019078847549	7.414907818884279	8.244961022642107	8.054700991546603	8.056551338760043	8.330528418952447	8.161132266216944	7.782629311346783	8.01705921527359	7.925249950980989	8.519323668831998	7.588871637580444	7.998289648442653	7.761542117697283	8.33765891645548	7.644399626514715	8.203317804573823	7.992677339686469	8.733896202655608	8.899200053947304	8.000311766656251	8.77076207667289	8.126131381507648	7.523009128746427	8.216180693437963	8.0982389132987	8.176290529909487	8.281642201252877
CONTROL25	8.077881025920833	7.643868296564945	8.080232141731194	7.445706457553249	7.876867850164299	7.5042125658132885	7.900646372944764	7.511758666984755	7.501448210320163	8.027045403125436	8.206299656973178	7.27874349549696	7.816259387903584	7.818424798078724	8.261103279669886	7.637380972220788	7.915423724706687	7.3518589496018745	8.660424639285791	7.864475559366082	7.800309849224615	8.544858390379108	7.7720757094282185	8.306537358258284	7.8376523122007535	8.599353142817984	7.494784510998431	8.019390359986172	8.088173638241033	7.541281865043855	8.144665469330738	8.047604545927495	8.03051680807364	8.095490415274192	7.444554296161632	8.178989695201128	7.648313707506593	7.703690580428593	7.965307326781186	7.687738916916487	8.152768795424906	8.184626800913076	8.005029985160903	7.658145197345849	8.11916407580953	7.6258449269876385	7.879166466755189	8.26793347502225	8.46765092371381	7.892959715438967	7.8345978286130435	7.9861058771837445	7.6106715956135345	8.77897454231724	7.309305273966004	7.71048731025176	7.338198659454084	7.335234870085226	7.353386749587545	8.130580515653325	7.793292887689896	8.71196767195056	8.115355580091585	8.230912576532711	7.731499829596347	7.762620361287392	7.60820725051789	7.99649295347146	7.590010158985169	8.101953210830642	7.284758264486751	7.667276301437223	7.959255105624786	7.754371195415584	8.158243918522322	7.799256004185765	7.362949657419441	7.555697105149266	8.15394658929072	7.7095351448785205	8.115046875061958	8.200993253180556	8.03076218082351	8.424856110585583	7.856362310904986	8.180016949384257	8.033926936929257	7.919867113913641	8.117314402269017	8.328699297256339	7.804539992373779	7.860465698902612	7.594712900640604	7.429628589113445	8.340824052522185	7.765318186687305	8.480526987364446	8.501167591961812	7.5660494107478815	8.508718085000417	7.96415665520168	7.89667484920739	7.42430528892859	7.326999725588946	7.728514942578203	8.058532837584414	8.21107254980145	8.480882278757637	8.104045189313661	7.7669478823341365	8.53634321298908	7.112331454839412	7.744804189471205	7.3994291160171795	7.931655687740766	7.8266730619224285	7.944191650958026	7.807232013173056	7.841724819069915	7.827480228412227
CONTROL26	8.334321510599676	8.39354021872164	8.300526546435348	8.890695555637976	8.829432715700012	7.81400355353536	8.425353127018422	8.453037143813365	8.41141587756879	8.73156709039622	8.274152038833078	8.371250670831554	7.71737890880121	8.20180592442706	8.614239962131803	9.22457780286012	8.45822604167915	8.753201998232806	8.851777554069105	8.471871894144638	8.421451217926002	8.449929945711148	8.221970007468189	8.467584222111226	8.237563888010646	8.162968336392877	8.726229446216234	8.186193150734923	8.030358548441432	8.752873156790708	8.160643826837335	8.095484097555657	8.028711146242893	8.435841137237075	8.049862743932694	7.9324419073409205	8.238768557866992	8.556848128039887	8.466294690759211	8.147897322155861	8.022830206241402	8.183274799693498	7.970971027243989	8.548359162660502	8.610339255570214	8.4327434093423	8.481406150069045	7.845778854330655	8.450285667054514	8.902721581773076	8.10388642578769	8.192482972413178	7.7207700609151395	8.51156137680583	8.538128202399736	8.598945212718142	8.205076332458084	8.303746935396443	7.985198550766454	7.955772838742103	8.48095698089638	8.040193079306693	8.438881447047324	7.919427425667246	8.330202394275862	7.987874311701665	7.891998825549577	7.988434490911645	8.843413804507746	8.043297008330939	8.686252495970832	8.305003580346034	7.456193395849028	8.09241669574144	8.965728889785616	8.398616550056452	8.490741246341715	8.453790512043424	8.253175027470652	8.29666737817447	8.706404734154379	7.936109681636147	7.967961160435844	7.317602975006053	8.705760044677133	8.158428197484984	8.715208403917327	8.450433193130777	8.251268460715606	8.54468154247692	8.190829043557612	8.35952745533245	8.453039328096835	8.393481475743808	7.991494987850766	8.011184386668456	8.627624696299565	8.47175174797494	8.415803126126937	8.387262725579447	8.463295181848851	8.393028179924192	8.40982069328704	8.635840669104983	7.700166986914357	8.629826679176654	8.33093769489749	8.249355269367149	8.358576658836238	8.203657567733675	7.85680589720721	7.623956921790803	8.103532559067531	8.991294027376302	8.297467316015211	7.720181080864164	8.141543882018023	8.716039003702171	8.441329621812237	8.190329190428308
CONTROL27	8.270799800865133	7.49857386009741	7.864501969277449	7.734980797065254	8.058531081608873	7.546793155497844	7.6149897227945855	7.835113900197844	8.123827445125832	8.172350449961954	7.52342497168804	7.9343328003665645	8.027971688422525	7.492502352435965	7.547179257055213	8.119538034605137	8.214698566089016	8.080465932716406	7.673938718084621	7.547366874839747	7.872117055244707	7.817890493004183	7.345143991822774	8.16693199238343	6.918294200777766	7.560779528624889	7.371316015366156	7.661451181669579	8.186008265622217	7.728173457316754	7.770274027061309	8.182227621867428	8.1222049711595	8.003464690144845	8.080608012608414	7.6482260095507115	8.016293866786222	7.906815365270062	8.354799031723681	7.71874487567771	8.08897206409646	7.7596766585664865	8.54984563357086	7.84167392365731	7.852399735046717	7.816637802048104	8.25368966483423	7.771343617431161	7.484003232881953	7.853315641384011	7.7315263488697	7.636974128908319	8.10895554170826	7.684110068742728	8.193744924368772	7.581666007386934	8.194425152717757	7.218872787291615	7.898358958684897	8.010955761178902	8.585576267459807	7.551829481687819	7.485755589118796	7.0905024537687655	7.2189436793524555	8.461707213447697	7.900135488555396	7.918225141330384	7.83410431094182	7.205302766995348	7.761771874567689	7.759594572619285	7.422996399685525	7.992705342366094	7.556099174633727	7.2328532248006585	7.8208973449584	7.629248547007066	8.286432389893049	7.787244901375488	7.533359991298789	8.105880663771527	7.420221224666977	7.566444754868342	6.923197048222225	8.169090028009403	7.146125255897393	8.126463007603853	7.9188581890051415	7.880360835379806	7.829065682328023	7.895404013585759	7.525653261075026	8.49959081543686	7.709391741263542	7.679644593138864	8.209139785004833	7.96010515843439	8.371796888663676	7.846922255866556	8.025752461883037	8.24921296958792	7.61408308964355	7.606471658770078	7.691296189012539	8.019520909984724	7.852310258576813	6.9798770519191455	8.152463765171351	8.163424967927396	7.769045836013182	7.8342930374177255	7.963456422006544	7.876563420573465	8.601019243597289	7.488408605125811	7.299803335872274	8.116740967279934	8.048104219567463	7.419659907510528
CONTROL28	8.903152137401902	8.562114578510078	8.928560002588195	8.20174724154601	8.658024284728123	8.484984312654666	9.070853513428117	9.049786009843872	8.68115259994456	9.110605587431333	9.319003445894104	8.590291343144685	8.638581234391198	8.97301195752755	9.346901938645408	8.532479305436139	8.473899385184264	8.783605902864654	8.900846474263027	8.572303322927997	8.713082195365505	8.961068646021946	8.81579455531288	9.287705920072167	8.818622603196287	8.364776928738634	8.296499193886117	8.533579963877946	8.649435439682577	9.162056046087644	8.692328968774255	8.368096150903122	8.563012753286856	8.990340463515816	9.285964074072387	8.752057620949921	8.772364539864816	8.447758297382945	8.541353070691388	8.386992713776491	9.336689918195324	8.881643832030862	8.841503936176293	8.60299481482328	9.659012387910398	8.705626290603004	8.62695333005064	8.837406206302376	8.529550934780868	8.78104808813963	9.340132123404652	8.893681639363828	8.117636742157785	8.895851954925943	9.09430912465433	8.512607875975984	8.647430029076626	8.738044826638067	8.195020564329372	8.431477600053862	8.563815314645282	8.26993496823455	8.6289649333471	8.614631991119706	8.185209019588338	8.474780428836524	8.446351753505814	8.710275343058283	8.172155430301485	8.827162916055725	9.289404941943335	7.957692187453649	9.216070429068216	8.682372376804725	8.80602840924462	8.495899274949961	8.481270426586523	8.314007413285005	8.360367262862287	8.473276800238342	9.143828628044918	8.056605248058531	9.137277766470174	8.999959050219433	8.79718506956019	8.760089866743574	8.569780349260617	8.752713510386856	8.496408810870982	8.638429442296115	8.029539318962621	8.717065160220349	8.321728450344054	9.029775197628506	9.01270717131713	8.36163672303314	8.77160994699105	9.113998343378281	8.707352585509412	9.577407392438547	8.14595000238881	9.06304970952182	8.369522275268192	8.319847319821509	9.215159681455876	8.711605658821746	8.360392149198812	8.399481223051353	8.821659009781557	8.141423379296077	8.559144322356918	8.397305912869328	8.89978657881875	8.452860060675745	8.93795049030226	8.178405795938307	8.604794071619486	8.536373206994355	9.3192574846505	8.323589383663881
CONTROL29	7.191864792236887	7.403852106653115	6.617274378618408	6.911379014295765	7.387067180836555	7.165444830658471	7.2734397447185115	7.096393380821028	7.2846939368691785	7.0701387360869425	7.281139834882671	7.431864140721084	6.805034173245245	7.092383061413546	6.916971953325973	7.089570647445058	7.409796190168641	7.19058152787975	7.969337840133942	6.901166758462081	7.69252800627727	7.26242401464995	7.170364623919489	7.161506824573806	7.217252006791618	7.304861065612486	7.384720008101945	6.872095522059691	7.439415694861986	7.30089581422384	6.850500584167824	7.208632828122662	7.775046083033009	6.885110908315109	7.0223864563026055	7.139916211562225	7.656538099228106	7.047845655322011	7.154413466842553	7.229396976003193	7.462796013680294	7.438539932130238	7.341841053744559	6.886680265501315	6.9187782771737085	7.281862443428625	7.751387604212237	6.61734368011914	7.3136628716192424	7.35196560230749	6.576671200324187	6.915290984521611	6.775696847248504	7.245413919779916	7.6827479006777	7.373030339623065	6.997123862397126	7.003694923528183	7.011197081095555	6.9715122455990475	7.620091359032425	6.951091377185288	6.448852651754378	7.072090621997211	7.394316693821843	7.6538277135838975	7.032757070310107	7.203343322048459	7.097654583480139	6.492065800929928	7.12366433798565	7.1448473221431845	6.876452438273502	6.994661429066153	7.330279304130444	7.285297593547243	6.860602007495312	6.654903093604734	7.483779134612457	7.223015774843219	7.522513647131862	6.800462735013629	7.15198521106629	7.241146203439326	7.022077203355628	7.232538423452384	7.0413976172150505	7.531168111415901	6.905626216523034	7.069229459508097	7.703245745677508	7.610687358579206	7.885451342672747	7.76634652991066	7.78860049771144	7.002162814355983	7.301546071497716	7.749164583744151	7.679082909898982	7.796055804462175	6.909266393642367	6.938934856736952	7.238469187791606	7.725528035624397	7.323179343286456	7.210362918546953	7.170991150365986	6.853682797681498	7.085093595877078	7.864903070749693	7.451340949502659	7.6225686228869485	7.0372790059123504	7.120022480919573	7.167570477042878	6.4347023066912605	6.2824216204128245	7.575702680816251	7.323534317710249	7.079550046398392
CONTROL3	7.736989315469007	7.498180180488582	7.191621585476724	8.063520590536731	7.509845582586719	7.582497488770892	7.647939460127448	8.272294201861467	6.861627788156947	7.0785285705906	7.418794244782887	7.457368081311679	8.181088547909505	7.61461611123244	6.76206770231392	7.504708851650734	7.03519711383157	7.095376582677399	7.932879540653022	7.596251582451774	7.569954542090296	7.7542921297540355	7.565997656460092	7.0635849406296485	7.47411082181335	8.204119443871267	7.649663639331403	7.55230698164657	7.683193813133881	7.4594449514169545	7.165073443435764	7.327874947466993	7.1654570259259796	7.647228747344133	7.457910599187381	8.188480397880653	7.643172993964122	7.633595855398813	8.26816290797264	7.767226050039348	7.684793243613573	7.77272414070151	8.140535075736878	7.721690804048258	7.614549529821131	7.592887383980651	7.581411884560918	7.91158480721522	7.882029934649036	7.557995321307838	7.383203017655634	7.373648819013083	8.014886946773935	7.966442337126219	7.703879903156269	7.961553789819826	7.814870142093156	8.17279258863435	7.068830749689219	7.41422557432873	7.936672369623477	7.634318776708708	6.992793917244125	7.848726616634376	7.416883479461594	7.549328372090917	7.612461310914938	7.704662271819057	8.063856077486237	6.890802972556763	7.4879350709984545	7.476278088306325	7.418759192257649	7.300586301554626	7.850036615686548	7.783758745208132	7.804270327513924	7.498795408662414	7.291687285641034	7.753843781143651	6.954945696058608	7.13129993352375	8.110407030016516	7.593596772633666	7.908089008090705	7.374437631573861	6.986850353567577	7.415790028434154	7.709042466653125	7.83863598928612	7.54890678545052	8.290664373640974	7.76018815166391	7.477042140922726	7.218016398445403	7.258851035816544	7.5291449626093865	8.399861390297138	7.851073387446008	7.38265898232682	7.270781265159916	8.268118520295502	7.128068829005758	7.511469645228642	7.752396988789218	7.497286673208692	7.4672284171425245	7.548090650570624	7.169559616553301	7.389364102036256	6.753865180524952	7.341683711071472	7.318975748022428	7.555629497370344	7.821009123700738	7.190143202495567	8.410506787494008	7.903050068269536	7.690913226758696	7.600674686504746
CONTROL30	8.3449280422287	8.071756720957842	8.366028531436738	7.6700912630173885	7.89878947202098	8.431806223034357	7.556757706387345	7.6275960227501045	7.619701813373599	7.901158777651233	8.1525582314734	8.832592184121372	7.331802598505654	8.038607644964946	8.163410264320605	8.104345091302523	8.549821494057767	7.8227666632122475	7.8245231172954925	7.879338689865798	8.069661117282722	8.04929395944226	8.309140942965639	8.210479103947256	7.60829178550063	7.6449309606908695	8.494577071337226	8.267408379077768	7.547735618533527	8.245531206418047	8.265250189734521	8.36683851865373	8.052267074253052	7.738053660888648	7.894952417609669	8.058724949232355	7.922682634019614	8.466021388925563	7.972207517054234	7.846672514770202	8.37294996389974	7.522472357172579	8.557386632331353	8.099405325547739	7.860393869552744	8.463833649857685	7.929009156751086	8.355926819922356	8.381450196544534	8.664914768185891	7.952640565972836	7.661145138337283	8.35890503158014	8.152304989365032	8.046663100943125	8.947882941371141	8.089814964775037	8.726944793440227	8.389402533068829	8.295637725253483	7.997624372362979	8.59979969752091	7.918748393934149	8.743606866083262	7.7410511886360975	8.56901196447782	8.508516257596717	8.558090623237781	8.145132724827757	7.919545675474309	7.502750833906585	8.332045051535253	8.192599019385664	8.3415065645557	8.805302727546788	8.183063168388916	7.852883137640378	8.255790220031763	8.3676121372414	7.69628409896465	7.761502114291319	8.089450881878594	8.365349677601097	7.584047793479014	8.029048600734475	7.983789889885918	8.471701759948129	7.5119789207402405	8.65260249283453	7.896448668419902	7.831556032275071	8.633155309443689	8.453322210552134	8.010444600113207	7.926069409472192	8.916321080710318	8.121600479328873	8.111117870842886	7.598396003601924	8.312388542982449	8.709986876426196	8.312426833214614	7.756246753930753	8.518386962340832	8.27949730855524	8.598860611134745	7.7664346517207	8.059568457804744	7.975691413387962	8.591825142026158	8.382714180729192	8.383109450717585	8.082738732646916	7.91647503502111	8.466930141306387	8.574023571546883	8.9719047379682	8.242500758093431	7.386276402113426	7.840007287242954
CONTROL4	8.53744178673862	8.547604210667117	8.504208721354567	8.829609135504699	8.124755947692915	8.695791809229245	8.856084493429737	8.514338590026584	8.512747519808322	8.747390998665349	9.253617355454335	8.310935921660162	8.549293497337679	9.173536584460978	8.66096068217341	8.55586701260851	8.144232332069466	9.288923797963424	8.583958925037185	8.738506639507932	8.613892873890578	8.42582207584434	8.031136558901041	8.085282742488573	8.848346241863943	8.940711199645303	9.143178413730961	8.557813332380688	8.417094792143603	8.510655839919266	8.858773196520467	8.109125512880889	8.31260934596935	9.06673886516937	8.546383986820679	8.933067582710612	8.20608377389863	8.3900977145229	8.350699663098471	9.167435350487338	7.9463146489516765	7.977338052594475	8.77934267907975	8.19393380922233	8.434317733617476	8.396950890642167	8.9592624466089	8.888352240792537	8.118151492685909	8.533084370353821	8.270254208785369	8.281210196181359	8.070039298132816	8.501755277903822	8.924226947149403	8.276088904388754	8.635283330188408	8.615119302030612	8.08645051880492	8.154692030595662	8.513010136022094	8.516475727683934	8.735682718767436	8.391144161630143	8.814996473237693	8.308972539969554	8.099797127762336	8.867967035860723	8.142616778229849	8.729477596296709	8.762147895388477	8.435321031954958	8.465821989732966	8.705957527712359	8.110280897262154	8.436634997072604	8.227851970612607	8.380037735917568	8.814581587337479	8.234541697300905	7.983315780868726	8.472366062040978	8.541978892648467	8.185013777058053	8.889408878734121	8.868209777559697	8.414381241330664	8.411602400884004	8.185655738131047	8.055587995659549	8.742147013650252	8.88081256327774	8.453135543681238	8.6166820253958	9.051679149525107	8.52692595189204	8.465703173788595	8.479992664239353	8.087356444236834	8.602769903655428	8.760963971420058	8.30335303335159	8.777900292173442	8.444404706924242	8.746609982073261	8.747275827951032	7.997521603989355	8.175321798785422	8.069908978065534	8.346678471507307	8.521064396965997	8.616507810412914	7.820471931824051	8.716036736053665	8.040651022385743	9.136225395506191	8.096980287393318	8.986033221534855	8.836875577634704	8.962490166689596
CONTROL5	7.14882408874281	7.29145102183037	7.885224107484415	7.498572082862925	7.911728053352401	6.611474052756407	7.682721082113287	7.489189237999145	7.520365818372694	7.079979966804552	8.135281449801804	6.943955113178585	7.381034759763227	7.527787196889857	6.8637344478633935	6.77302738056617	7.0729416156762035	7.836938063556391	7.59419009693637	7.400724290065565	6.844858883480763	7.318774567802219	6.912070822343758	7.178644438858725	7.294675372309046	7.277427522077057	7.101824441801708	6.722476709159557	7.311217403437141	6.975709568742711	7.3985307394918705	7.557076483481802	7.3762143086570635	6.946280311453944	7.793677195883019	6.896110035313978	7.024683981376381	7.381708080003204	7.412651485163566	7.067154528648531	6.732688253019966	7.46178301620063	7.36725294669176	6.932646650105364	7.24398161475951	7.46737993660068	7.734826572066757	6.84073460099796	7.710988191087876	7.49293534733482	7.822781857606495	7.134478245858732	7.135854097819862	7.005151819601029	7.317579877779394	7.3119224561719856	6.909885280931573	7.841302321884688	7.878902141975379	7.949944877967852	7.110285848472059	6.859244014351365	7.126096031969362	7.367815460701945	7.08500265080552	7.27249133425584	7.802398035759156	7.679518508308169	7.824393098219292	7.899291410046936	7.791220138351389	7.2338377419796505	7.617239968452466	6.536364402303238	6.943511537700417	6.408483884463161	7.559614646969598	6.456449373966021	6.652676401906038	6.953084317260129	7.467057422645349	7.936260141847853	7.526084073865531	7.031726275869977	6.994000102970876	7.346153985731983	7.49580953526412	6.948980974413713	7.1469563727748815	6.810732819663815	7.27800695668261	7.433254605909207	7.648997609732714	7.083203690769224	7.7816786700994385	6.906399053115063	6.929304916887691	6.974395853841081	6.9734051997238025	7.789572036070501	6.785686191829694	7.013443850272095	6.893182906972415	7.042010844658054	6.790709661852606	6.631650805922864	7.646906487750067	6.460794616305825	6.98784203280917	6.822521390379885	6.789668802342332	7.490471781756393	6.893174713206301	7.322236258673231	7.421934447260681	7.122334059455049	7.191819633899444	6.809737458053441	7.352831426358404	7.479274502254608
CONTROL6	6.887238211789708	6.393617418331303	6.188148914561426	6.987228839213739	6.6330482460801745	6.607769327453675	6.559125472125117	6.634117380203775	6.7484530213629785	6.704180564523832	6.782518360559176	6.830831828971079	6.888072221704658	6.377011603238618	6.911253303838932	7.231659021431954	7.122273868399947	7.089256887133876	6.620442140675469	6.560313993697297	7.05887259961383	7.081231650120644	7.045862222152724	7.127374212670884	7.2549456950984395	6.99359271934415	6.887728239868287	7.3882572113846905	6.55527810626572	7.328284681343804	6.925225641363737	7.1815066697567165	7.210958269215691	7.388838501328679	7.051889407376534	6.66552961876617	6.464070287833601	6.8696483440724965	6.531737072933547	6.992627438664456	7.129119611973917	7.167777247702977	7.1937220120741	6.732972541551782	6.66168430603594	7.505689376835653	6.935260303337161	7.065177199934709	7.080243659140385	7.86356883711215	7.909762914574068	7.251526168879718	6.919791057019992	7.2418011678850425	7.336027133623544	7.509081171775219	7.092867098831296	7.555953851930119	6.539627782485913	6.21001675932089	6.791189178360134	7.575323781461758	6.81042199057817	6.9853366402439265	7.4560224497522505	6.754987768496109	7.603488937769042	6.255712998423084	6.849106812830077	7.205445793941546	6.570911899546823	6.556038618741174	6.912385786997957	7.524734687886336	6.681837801680533	6.923895692739893	6.625749808785011	7.03076308598988	6.664174409339134	6.344909752699706	7.120379954362838	6.4087831669788935	6.718800226039112	7.0997320244934405	6.921877332695764	6.681656401625357	6.923891195667226	6.606858410033938	6.558255451424513	7.206867228093258	6.822065914585985	7.044205829987748	6.474837119060195	7.187262889120649	6.931629580190337	6.765856730045409	6.970399202185945	6.783965033921465	6.701140654105387	7.174085838641307	6.919807262329322	6.900631778538966	6.853331222541367	6.788521931044896	6.734405855472872	6.987873743846755	6.601566762238759	7.592501729284042	6.945674827073215	6.879161503866922	7.151545366669763	6.937018738350723	6.840044996580868	7.457829059504814	6.3075197594129335	6.800489845518776	6.822317691411985	6.825372676329322	6.501193992647652	6.9037802742992005
CONTROL7	7.836032828158593	7.820263233001757	7.590249109024625	8.156303236237166	7.7472715230218725	7.897510369372051	8.021214337965791	7.30119540757994	7.824849081696507	7.51893404020119	7.1742949383918635	7.986154174775679	7.574043588696438	7.899335581690542	8.151093840226295	7.814822744279986	7.024304428372955	7.5197289528889035	7.980415366601385	7.31377372411118	7.5887758832405465	7.034682301918214	7.894811988043366	8.03308565824531	7.541347926280775	7.39139710871543	7.724617301212902	7.846685709449106	6.925471487445429	7.292827101168247	8.07294155902478	7.686137506134656	7.828920657497209	7.482147586462094	7.837471038724406	8.139680025499437	7.124365228813074	7.888195041205599	8.378869564009362	8.152000567306185	7.195267825841568	7.9900484459031365	8.426784671509829	7.753082649694901	7.45413629968084	6.916506145658166	7.637485906745084	7.525658684428213	7.431235149568057	7.49918547012237	8.249063491520658	7.526343908139811	7.58060732354547	6.994803527060952	7.805904103112024	7.647510689324122	7.720378029638952	8.035624271807	7.074482854632834	7.310643653241907	7.614031252619687	7.4120271201617145	7.558911302297721	6.87340004482367	7.485539607936872	7.546291003976575	7.656355661224158	7.884474192493482	7.439480773536637	7.171884847189659	7.752381061595823	8.023295191620013	7.933938479463552	7.464269692980762	7.430753862958076	7.722688591879254	8.257697533378916	8.263279697677541	7.641289194192785	7.6635753709176955	7.613933825059446	7.5843827655501945	7.351606722525437	7.865497015334075	7.436193937061442	8.231147945046047	7.568613521871458	7.945288650410166	7.474310438186487	7.933585476222238	7.256819563964249	7.524680203705333	7.5932721509763486	8.228584676937665	8.55957136328704	7.718233892361147	7.924744416402177	7.805777899170064	7.357802943945379	7.194242037530127	7.8624722974179395	7.641284750675672	8.066300169998868	7.580690749495736	7.216411916463256	7.3368890148936545	7.612730275753156	7.299261673216258	7.4143121512449115	7.772906027074253	8.229746533371431	7.009628307671353	7.824949091561552	8.052497570941577	7.736511459021604	8.787969257272923	7.6609174286206025	7.246906571979793	7.655261728967198	7.481728027466655
CONTROL8	7.942924181926467	7.823497729048999	7.355302071510306	7.682282193155171	7.482123699719608	7.712273669103484	7.506349432668158	7.901886695872225	7.867199500107628	8.169252628119372	8.068531618276454	7.803348262545866	7.633731729579718	8.087054230335921	7.59803023035472	8.171287523404274	7.802676172998507	7.458872648205493	7.795911032458072	7.9578376652001	8.162551330868236	7.667525816999672	7.8112904120118225	8.155868853617507	7.962566983434829	7.678837184241172	7.628453366129023	7.847288627424912	7.644442886844836	8.079533016524994	7.9153649382880396	7.572049609399688	7.591483288273244	7.880488553566388	7.875577655760084	8.054089781192147	7.7170006037654595	8.182092529927	7.879469904444133	7.633668501206005	8.143620878186585	7.2832617001978655	7.781929021188658	7.595880211569036	7.8988194865558174	7.7894974101059455	8.079305600315937	7.624633563537444	7.520594907956557	7.668306160903694	7.8584464875204345	8.065684246655676	7.797699294983614	8.057425401695435	7.926492788852071	7.6574844297077	8.084573525804968	7.627521002979567	8.213052811156183	7.936708047046564	8.156313200133432	7.765325235350712	7.930359003148747	7.338900178051517	7.8716026349667505	7.525785243730306	7.8298229004769855	8.193221601353743	7.200633651447176	7.448121212336715	7.651069150139055	8.195091465914825	8.042807198851063	7.392542612025851	7.588120297325055	8.111288870545986	8.177648600772072	7.546499841428197	7.786144130536134	8.059169691717852	8.473476826368756	7.370492878396173	7.857320244360238	8.142722301521282	8.237890483660049	8.339395533333112	8.479220251595104	8.294314324681979	7.784846817568321	7.6964096592855515	8.009184941641351	7.369905012471434	7.486828606256641	7.586258493591119	7.946271921968854	7.870953683068791	7.820362765639821	7.574399026185457	8.05563045646193	7.847498339420897	8.372272419244062	6.962983195613463	7.822277545116851	7.785737610862122	7.667637977315463	8.065132983042776	8.176813024373812	8.15421337350406	8.114889433664812	7.40334891380808	8.808030782678689	7.967657912030267	7.6388549962593295	8.015593592216623	7.5280543702446625	7.8843421883026545	8.026232583597668	7.5342788754587415	7.714066077022328	8.300497479328742
CONTROL9	8.259401610460952	7.481209374237666	7.522613290848305	7.629599997251288	7.80401713100748	8.033665005498618	7.591642818878563	7.852141600248982	7.976354154293318	8.149123363071725	7.356855146588964	7.985352679936113	7.731990632737258	8.216283546036967	8.081764168753182	7.172782987669273	7.835763207015757	7.976936478365522	7.463708822915578	7.898572305524967	7.92468801089254	8.430567943456973	7.800411494011365	7.795538131329762	7.728450192172256	7.397518279852157	7.83554338614431	8.204924568870897	8.104955301321871	8.044118866470232	7.77171743090059	7.731758509951883	7.705109224388319	7.9838464458741445	7.958581504611599	7.463925649447946	7.911352148219497	7.763003490525806	7.9184278028153035	8.088830056305051	7.2671830444949705	7.5175379846162445	7.411972040772039	7.61671170353952	7.37272596155881	7.627506717989623	8.25616513670446	8.256175808212237	7.523763644690004	6.687197724582759	7.875005128092994	7.949715809456308	7.541461947620372	7.557126892699975	8.39154198933931	6.963979780851316	7.917040566760623	7.555622633594359	7.620114160769585	7.379488685876529	7.40857182988603	7.596604004579298	8.015717794346152	7.56332930082299	7.343582384847394	7.247535793295432	8.232145949376077	7.820471456679995	7.328127616341154	8.405011241206488	8.064000766387242	7.7165627244477255	7.874921364102979	7.659679348568887	7.932218967299341	8.133143296963823	7.985943681945267	8.281122048402212	7.78598703268907	7.794036217904136	7.860439137758043	8.02975429567043	7.453098023812204	7.190046524499622	7.132074303290835	7.67066434618089	7.713379757839159	7.707002447455205	7.468433707752495	7.797171550670656	7.607633470889648	8.14163779097738	8.09017959633337	7.2712731186176205	8.00802667017224	8.02706875663031	8.427401694764736	8.251130497996291	7.459063056500962	8.056058343766859	7.974653138844342	8.243882451211022	8.046975264985734	8.077169636494975	8.058446095721177	7.85493461517085	6.982057393795301	7.557825060570288	8.01323109052351	8.537640840843807	7.643693558847733	7.886428087753437	7.7592810860695725	7.611595277402218	7.862668153867502	6.972834587357147	7.847979047420064	8.38722680497066	7.552551163361673	7.588882747222991
COX4I1	7.089342177154673	7.790081869673921	7.0375179465194515	7.408878835432365	7.401029022557465	7.853746780393137	7.082344095836021	6.990658004061563	7.651065568341311	7.01531401119783	7.194652781338907	7.714598512359999	7.533634472460711	7.7970623878066165	7.160866812741263	8.084985470339687	7.7875044891969125	7.733237116781257	8.111156284295808	7.356360885851462	7.327486063109379	7.4072357896156245	7.162320447028593	7.3156646682829525	7.9861232862104155	7.678136613138444	7.520320586139857	7.012208522894521	7.31631302695671	7.431251367126766	7.498408198544673	7.883099839505429	7.671078488640065	7.211925383214817	7.516640711436035	7.187126264383524	7.52358988460323	7.315066005770939	7.7510506255464335	7.3763657434083205	8.335702157841462	6.956432634391037	7.188121760856499	8.030954978812515	7.581269073602465	7.211759045877897	7.259776338908538	7.774896126814872	7.892321795148019	8.029292038152487	8.009216701996383	7.331204623975952	7.274042589130843	7.502173043634385	7.852210605931153	7.387105994015486	7.448314112222392	7.487088947984956	7.957933108219762	8.07774383837109	7.702836999668815	7.579891956094283	7.912964727860951	7.614431705422845	7.862155261070937	7.056499956496293	7.468817509925985	7.393352231004572	7.307077370497238	7.786173502016299	7.1567396902261375	7.610759310141537	7.920235142140401	7.881103796087241	8.340826024389413	7.156984464425378	7.3534925437552365	7.6550501277101946	6.932029562626996	7.873335274378293	7.703613255023431	7.785693674439905	7.693088556779417	7.788860489129092	7.026072101496475	7.266380166681323	7.3505335899008255	7.9087615346921325	7.38138524911996	7.368661052740633	8.073264370540707	7.364846281261163	7.844925914144233	7.646452668572928	7.210956774390313	7.6940221115402	7.198352349950741	7.331385401812887	7.8874598572621775	7.4038224252025655	7.1396094353989525	7.786219418849474	7.756896346430296	7.443880810935667	7.777714559769507	7.313217727172401	7.577312807950046	7.728264117426794	7.5921716240526065	6.8055977027409655	7.9408173165104	7.177188429697973	7.069158090392404	7.639774195358245	8.05111915059447	6.868909185274249	7.2515288017111175	7.745055678468315	7.312372648648948	7.54588901335298
COX5A	7.8070597196674765	7.976904637626835	7.809728790792068	6.99696259556072	7.53390166172267	8.270517864491831	8.266147773303686	7.323758207901932	7.804680640618759	8.343833062466983	7.995959053272626	7.925838025159771	7.1999797447410945	7.584437052306437	7.78959142025518	7.985601541268041	7.951369525440009	8.082538753143252	8.023596942062673	7.553069882315272	7.7784702009369155	7.78873056288449	8.414795542078165	7.833947520125012	7.162396751432286	7.712818345840948	7.487083287882799	7.624078015119145	7.1610087783285135	7.463036475432835	8.157907066501648	7.63673975590584	7.930908590982614	7.978844559459476	7.671775460675094	8.325012349670933	7.094761006781619	7.995930069481632	8.200724876461553	7.904226815338905	8.505805620011383	7.71493442743393	7.2452294219299915	7.555366893857083	7.935351507552675	8.009236382635294	8.035633456534399	6.832354393932288	8.08078990207091	8.192249563712217	7.903597487041716	7.9055521208316	8.339381574059692	7.5846368801124475	7.67480131756818	7.6409963989944325	7.649765306851796	7.767290312133813	8.65462394348516	7.998365738023423	7.994135235394106	7.1320369177608205	7.041933523189907	8.003216279403693	7.1993359253609075	7.241037914767448	7.416853532554985	7.372206245002944	7.9169323361772275	7.573555159614673	7.494645044825468	7.685904386740545	7.5741074010185985	7.106605616650356	7.933456418550093	7.173748735305517	7.936141342665423	7.803682901880628	7.588240017996421	7.524656005505212	7.83435821505906	8.128691975883902	8.26336099608207	8.3751101938868	7.644019305338326	7.989172058131618	7.26397287480099	8.470007969613594	7.472338421829305	6.5865885857784825	7.57698111826229	7.453890726548089	7.788842924881646	7.626567164690226	7.417383433671286	7.672732425520786	8.012164634769928	7.564128733083346	8.171177359985641	7.28345064038455	7.000639385147023	7.898409764049633	7.875924242717757	7.521047288215113	7.969213536580236	8.11514433210941	7.06420934213859	8.012979992307766	7.327681822320607	8.128395939936523	7.720228002725734	7.387653098259185	7.417812051949677	7.536607553808891	7.737888580865847	8.000297143185032	8.370758043535927	7.591895968575795	8.000116794972246	7.928229308232324
CST3	7.771797285132322	8.661959442834952	8.382057927596023	8.25426552452912	7.873513578070008	8.63654920261167	9.218115230865022	8.494785947759052	7.8198722526884685	7.906040578655393	8.302461373765409	8.15354132692662	8.307618965512088	8.137401393193352	8.344147562634575	8.409421009135933	8.612819331356116	8.663103926191216	7.93400368889113	8.015871163400048	8.687471294795898	8.43573776006487	8.259108490395604	8.137348749103078	7.967075262195296	7.8834536595529805	8.21762569624194	7.729191460759923	8.890886598411345	7.718038213562397	8.36639327537731	8.174076193274423	8.86960363928346	8.634981009386282	8.112986017548304	8.002363458426508	8.233552576264705	8.061094809332655	8.534837091732337	8.123916250524028	8.745119758794967	8.822157625571663	8.075319886127932	7.954538383652825	8.133398466102163	8.496433332200052	8.401330605432976	8.035790056347665	8.905275652297387	8.335181145973184	7.834866354349471	8.808434970123223	8.163261945707694	8.338591555613117	8.255920089341306	8.479765123094335	8.383947836770787	8.695954167652479	8.364054016598828	8.11337334776483	8.61289774683526	8.573494776971994	8.05667377322436	8.413715046713492	8.581042528722136	8.647835671091288	8.645762910674986	8.086940741915953	8.196126806201546	8.341073649725834	7.952060283540119	8.554464223097865	8.758353311643276	8.279501194715623	8.330047767823517	8.572344695887582	8.452009881265147	8.505512553339438	8.455198858727481	8.715213744019351	8.519836503782242	7.764169718739241	8.258476049611037	8.454843005586426	7.656121707066532	8.638447518402453	7.969830463401399	8.426249636199787	8.26582214408124	7.598113999848881	7.992896298502203	8.227961606041541	8.41181407068794	8.227835138805355	7.919174690766535	7.755327484573664	8.37455003173239	8.517201928768758	8.049635860748449	7.765196267490874	8.1377227551971	8.411716174554348	8.838799268744323	8.515745641484221	8.488038851419903	8.903801772142165	8.174383433675747	7.997030975462557	8.232094084896703	7.822406204426832	8.509889960766706	8.049189261746111	8.05994363974732	8.015185857239864	8.705838980225426	7.819654357296342	7.632145992950848	8.184654999270467	8.601696668754073	8.835382884699017
CTSS	8.333558131656826	8.088497791228765	8.740147238440306	8.406236057974063	8.15452636379614	7.991291052116072	7.602560679769515	8.585016251198626	7.639082416045394	8.505253265917343	8.057790799304017	8.508745792176097	8.25219846140797	7.703830857057202	8.1860179917401	8.27336070232189	7.442723874459091	9.08763731574123	8.791959870571608	8.083331710528793	8.423378211465154	8.270357883980463	7.985847362062306	7.791831143003316	7.541359883658616	7.735480712515501	8.406107004949991	7.730002397048208	8.589545671912079	8.597564754443985	8.355574677773731	7.96474703522065	8.302895168398075	8.823750306563932	8.021921691336638	8.411543746412306	7.557998926197721	8.28187458212897	7.972586802571635	8.153305257384098	8.255947177719001	7.87451473477359	8.536658331956813	7.795992733030199	7.807199753388653	8.206882407964605	8.02663241802784	8.583278315382424	8.18062534296191	8.44845187869334	8.547765183073183	8.080038019846661	8.08098571020188	8.62284977257345	8.026388324145083	7.982979437688142	7.6352009996005386	8.376595922781233	8.353664922261688	8.324845543631486	7.896085482964709	8.564129478596092	8.377542931919342	8.166171458176125	8.389313028394778	7.83813747330306	7.787482002642751	8.228105418505152	8.119251204831606	8.451339611990544	8.168749177732355	8.220183857221839	7.598072023893742	8.088124310431349	8.167756089258091	7.928363921339939	8.11953854759635	8.644109968777693	8.156763023824782	7.939567746085458	8.19311014663307	8.167500986157073	8.039648462256661	8.432098166899104	8.950497213190866	8.517616423228592	7.753710730006266	7.516122604622781	8.127533723657388	8.029610683979708	7.628097751361437	8.523501426413354	7.961481701506202	8.099054704385024	8.306558248088281	8.22611689491411	8.457222354251087	8.088965767460078	7.99554626671562	8.573249305522786	8.496640720800212	8.152767752367264	8.025100554601368	8.179112431122448	8.22193326628848	8.384421717455021	8.125399512331896	7.979803308100815	8.38072372331167	7.920886110943965	7.7977506484834125	8.494592733034462	8.163038231633495	7.861887909294004	8.287461270992301	8.988821214756038	8.118920863778389	8.357039766786077	8.407972324631741	8.044176594405311
CXCL10	7.5268640736362675	8.379832828408333	7.969602455089593	7.089340955144244	7.4495487859586165	7.97850355305921	7.908498792585993	7.90324532854515	8.0137565340124	6.615054828070473	7.146645835060072	7.9140917179971	7.865226490385217	7.167925383495407	7.896112353398384	7.597086993660565	7.933808315475208	8.189426002320957	7.959205373124737	7.3608165076620535	7.4233348226721	7.2644395278546074	7.522000919097215	7.867733230442581	7.40975505342526	6.908809773614823	7.927583874498798	8.03520543695698	7.359178327386506	8.290824055755648	7.561527773586476	6.917586926266178	8.001484717968877	7.365298531814712	8.249028566717168	7.1028752941886015	7.850191240902553	7.762089998517245	7.549683631401782	8.244906024609826	8.358209511648624	8.201517915348738	7.946959652331416	8.070992449088983	7.976922330596883	8.156300491042238	7.676653158598123	7.842961197383774	8.145417870962476	6.940473445675504	8.536845725087677	8.021179925130657	8.033085461722846	7.974999083113646	7.787949620910578	7.905477874618327	7.4351814729796475	7.768443657095386	8.071015189554327	7.753928380168778	7.5688055526686675	8.31447377882029	7.306734889111174	7.97356310527632	8.138926669982483	8.316602506603923	7.488173492000702	8.718455366217801	8.277520848798018	7.566124316081673	7.837598913575279	7.56046265293131	7.671976399173469	7.864129948364173	8.092646066342732	6.84882287805135	8.333212996487365	6.902374658111244	7.553196697751702	7.46415749791126	7.7699782159134125	7.063401136713228	7.869421801461569	8.011356899980864	8.183555314913093	7.392989560657095	8.145213169544812	7.508516490992459	7.469094706660614	8.116251650559537	7.379622572902648	7.770997228404883	7.852289312387074	7.577912386931998	7.147701346037034	7.087249540017961	7.840616744942146	6.78104740736314	8.292607889842518	6.572027750230313	8.51915025608575	8.039091836026383	7.9652920796005	7.40654105938623	7.300220836807491	7.038445188504384	8.029083640792914	7.560913658695259	7.271718040178513	7.739327334612843	8.022438900611176	7.644322907252994	7.814582511058858	8.063645354211262	7.64957757986461	8.35260585459258	8.229043756543064	6.970580730707639	8.141021779555068	7.725097744691441
CXCL8	8.8620905795831	8.036999171833068	7.692497331986873	8.241606108900298	8.95129142810821	8.289313484949863	8.719034822328897	9.006956917504333	8.343423880303577	8.303504599325548	8.152955153463662	8.917660236766656	7.843729195713569	8.57120308056565	8.528831222483516	8.298903250667271	7.870115058281082	9.023729940299582	8.645772865615	8.599286239323547	8.37893297678565	8.145243935760902	9.011513715200355	8.338830124329094	8.19845845873719	8.641888884736098	8.442759733093503	8.447814358933629	8.575486216474214	8.534022441983018	8.784627479295288	8.696869010134835	8.096041009882908	8.015839049226905	8.36867426419462	8.30174125203168	7.921424444442643	8.898352412818108	8.069132272576638	8.03287039911669	8.082270378583324	8.301513741481468	9.263777979294174	8.413773732990004	8.684813240718428	8.169580829940182	9.426242817541397	8.875488772250252	8.59853526705112	8.27345071859361	8.480319332936933	8.769463156061185	8.310761932512529	8.66639794410301	8.523274288494227	8.134193261754064	8.678685445237512	8.784500230631394	8.58974686533191	8.613736223734985	8.381378278933191	8.529493487307	8.360623782928277	8.276218838943525	8.258000782078778	8.31843816604269	8.064932105986337	8.443917666666916	8.150378713531715	8.304269009030078	8.941149105817875	8.739359250063302	8.461232953500462	8.654843605282073	8.373556095142696	8.42915734693128	8.231727163118236	7.819192042108789	8.248156104522122	7.680530996588796	8.71869095353538	8.573409953924918	7.934105499435839	8.348537223918143	8.59368364698305	7.864740217983363	8.516260009698088	8.446106007952531	8.206311400766392	8.659208220985972	8.223783795778912	8.74702672833193	7.895570022221186	8.571064238305304	8.322227198244267	8.852156276434899	8.333888915641056	8.37314683112609	8.699121416803534	8.413683694668041	8.133665729823726	8.696914470771848	8.508225559755411	8.56727227378129	8.288660175847227	8.920222817605387	8.220587192136566	8.210908996660745	8.342517386975905	8.826774023465468	7.948615801846066	8.805116342839545	8.464344534083622	8.521438164138145	8.474811949873954	7.97203279751622	8.415809259015226	9.043315503448584	8.47801272194191	8.226432431693961
CXCR4	8.134897816063319	8.40467025044946	8.716018736560926	9.003385218551339	8.137096613959018	8.565558193461522	8.99717106125083	8.97466773671011	8.801034252080168	8.76810046686013	8.459254803148335	8.320041044643524	8.325805217903815	8.120938640317075	8.266706583409578	8.355228074255184	8.66717036025953	8.551727590649696	8.280011246474055	7.831651465781184	8.442975560714618	8.401937792412813	8.414762706687814	8.529677699788543	8.780799724718833	7.9713953424118955	8.511476907926912	8.113672721527877	8.402641904858436	7.836336110563819	7.957328268296864	8.208434797465888	8.939336426288538	8.299395395972926	8.190002256528162	7.8910684770580275	8.328903730596481	8.219557322417751	8.684295926121521	7.948235859178374	8.725260065142114	8.323350906869761	8.42081316670886	8.098440767336355	8.362713380597388	7.964398005167119	8.766485796703682	7.990941347324611	8.597263962158413	7.967251563223137	8.290520875061308	8.611849719852746	8.459862801582025	9.257894460620598	8.595374463500432	8.589866561558155	8.33788208033739	8.361355280420575	8.686301541696515	8.320512337716211	8.589626846538485	7.899207956590394	8.842883393434239	8.152545131976403	8.28732346926147	8.493298036022628	7.895077569946012	8.664200042415002	8.46356607039039	7.72829712790615	8.738668993664202	9.036603668350292	8.578811729942924	8.253758872404704	8.03892843605171	8.479079099265617	9.008707068419323	9.248326701148207	8.567207394840798	8.11433904616185	8.520011302375048	8.655076059113581	8.516660290192476	8.147397428712761	8.952493952384788	8.172155699359429	8.328249954058398	8.98955169805551	8.58855511988994	8.36515237689295	8.00733042544437	8.694758543881893	8.427594576802825	7.801181229074249	8.647321767087249	8.903684296997609	8.813950963150116	7.893817334995056	8.53316130986218	8.816552260202567	8.388900141534378	8.264143601416164	8.193351637951496	8.649926653160806	7.8538020495924	8.38851362205052	7.922601449632188	8.445563856275653	8.433473878288229	8.884478132943114	8.01543792825065	8.462882724335515	8.176432832145561	8.361712719698875	8.360998369244957	8.89975254520072	8.729271535914371	8.1564432570791	8.515455948164618	8.904277892397463
DUSP1	6.857696413028896	7.483724427942097	7.109192233356173	7.686551166837188	6.794817523996479	6.774938101707334	6.949438415672909	6.400171967826779	7.230025057266277	7.1076542977960955	7.045965691175305	6.885968325180174	6.377741216747921	6.592237119889086	7.016330344507558	6.2729863413917935	7.390317334629581	7.7901861863828215	7.072531672619074	7.223731341102056	6.393285996677224	6.512399314795368	6.850113335669052	7.330862867925742	6.734331916729542	7.268254403472604	7.033380321349017	6.700556761987167	6.893364883994934	6.652772844504378	7.298663974819095	7.386808240680171	6.8013357066811215	7.279156095675411	7.568638614042275	6.462587025928659	7.030340884033723	7.730150163039807	7.8288582240766695	7.203184634763405	7.000107204889632	7.010792095881767	7.328175912925351	6.636252417794571	7.5052909251741005	7.2697989114471895	6.604961627500122	7.638954519125215	7.112270688840728	7.121918160911994	7.193770041137622	6.424169758177592	6.933446172376647	6.874047440701549	6.893571089739867	7.772773873977825	7.571672632949474	7.102178152354422	7.090989140801172	7.275174807841388	7.257624217250864	6.906499541845352	6.738006462832625	7.428524108437905	7.569532765338652	7.189172995647236	7.277341942966246	6.490170415268083	6.368577715271088	7.03914693399542	6.77982999248295	7.155865859031564	6.883734351246178	6.800162256345525	7.349617621112332	6.835395625045108	6.735779097708539	7.620671900451898	7.6702823481786355	7.473813793799248	7.037913807798951	7.0771085135934255	7.296060548831654	7.394498299762542	7.314260829284999	6.5802319474072934	6.931367842882945	6.858516648227082	7.762078109284875	6.7652962796190135	7.35147938335832	7.2959689736356745	7.460320035805664	7.228384722721164	7.081813569859627	6.879961436504047	6.34534165753244	7.838275048000391	7.109564392067479	7.222076512817016	6.973088688282044	6.709632889422055	6.915429636153697	7.059558540277489	6.871598429323498	7.753856568823166	6.99010468346262	7.063436745947635	7.22007812999954	7.846277100464821	7.374452715876101	7.355157489376267	6.641007938043153	7.24936919971355	7.021065715329946	7.44870127910232	7.165755058398449	7.2394586322037995	6.979743169369859	7.480941772358503
ENO1	7.520128183266053	8.39711228854179	8.415800574683086	8.41181321352457	8.685133801792775	8.818737180257557	8.33724475771462	8.826720820630864	8.533596781765079	8.327667841346745	9.093736506429991	8.528264136236093	7.922694398777815	8.546721453108916	7.834364425792826	8.317762381756323	7.539884230270347	8.908857057212682	8.302738183586177	8.815264019270792	8.181411205880629	8.338548529640526	8.539037267072173	8.592022831036214	7.753168330304056	7.96861684783955	8.323779904808939	8.307531100467749	8.037418538518258	8.742415840239973	8.576722901556222	8.702917636377608	8.980055854679167	7.73304141978617	8.343938539520368	7.851885174188955	8.292371611648912	8.408543932705657	8.688300565793087	8.337981677521224	8.786451078748378	9.160959166348345	8.240474772946484	8.343262480597298	7.832296360697242	8.307264920824323	8.425519740366969	8.294297662003663	8.158000110072832	7.251341154473003	8.29284106569465	8.575680819658077	8.487425837046665	8.046311631288283	8.517146029099766	8.675705953884076	8.485335840887812	8.371418898294946	8.664487539487805	8.127948853284133	8.166652509661965	8.89169361978623	7.963081264363133	8.645168181225747	8.37871362092347	8.877144686067624	8.117947480652276	8.688636345834258	7.740779657138538	7.96310863496718	7.684627430395052	8.92783104272607	8.27144076931259	7.947812302044325	8.001582675190317	8.362623237256253	7.822066227578712	8.068845231236333	9.128799377934966	8.80807308112145	7.942240274218064	8.867837369250664	8.200716258995072	8.205835713901635	8.511037922056111	8.190863532319717	8.089161206632168	8.349096872742166	9.261708645501642	8.734776853580291	8.109351067579889	8.314986865148633	8.554878444420039	7.810672582804931	8.52210457447648	8.22387208568227	8.228993998168358	9.356659947207202	8.302412985181542	8.903317743612924	7.869995372118712	9.02459509187886	8.508082277034903	8.016988792008556	8.745654239868413	8.373118630897139	8.358043654031883	8.11138699929919	8.29838994314084	7.983488812303811	8.435642676859143	8.226099848644864	8.777239573718326	8.650528265240874	8.647592513264206	8.287689764928125	8.60953417654743	8.30167827073786	8.687882206276692	8.798258305667995
FCGR3A	7.704955099904006	7.872856108089283	8.32548465103612	7.532691433374338	7.4795356092121	7.479632740790859	7.915861566503886	7.5565135931171055	7.431182747582689	8.290042818904134	7.820776045029806	7.797406751780073	7.908996600117145	8.079890586692082	7.950011612576325	7.779112196406475	8.526948816667165	7.680966126572318	8.12982433349354	8.034851741605664	8.314564839380898	7.7578032651411695	8.392208759025307	7.35546380909175	7.481308806126815	8.650601111069815	7.656000052638356	8.205170029598431	8.026907736846496	8.027462864323565	7.88404609506947	8.45473758795663	7.690869636320994	7.4884368134442925	8.113892878478818	7.694153339856086	7.75674166113518	7.263706766409871	8.531913135376678	7.60428305634226	7.4959736211622925	7.829902629110091	7.336617769565299	8.064532301505631	7.805371240707012	7.578971399549116	8.001609861488566	7.898982882955992	7.215870718463629	8.125135598446736	7.853389787357077	7.92493624196377	7.837472788157754	7.503964631305587	7.230224007128528	7.5161790119510155	7.885602777369357	8.025563012291261	7.760053090891419	7.6286765179171026	6.924043999938439	7.651544148894063	7.165217975780246	7.592073294844633	7.819706599089666	8.025477115804984	7.856413125953344	8.657795530709842	7.708034938860793	7.552342327415318	8.274830941062893	8.081364676262865	7.905032637903532	7.644844952258612	7.904208992922961	8.368241338735812	7.505911292325671	8.037099500830509	8.274847604750668	7.606618354655839	8.017389994844912	7.836423900327549	8.153740635973614	7.535831391171774	7.825090373175928	7.424297238253875	7.657687218564966	8.161593793555921	7.532726558484257	7.931332133500311	7.564071856797003	7.771548133015324	7.881447099357838	7.888611356434014	7.154763186202565	8.09645492981591	7.5225208850722245	8.140108328453897	8.147638220931869	7.942623991413392	7.983959241529299	7.757864986563808	8.348234162873245	7.605723290923761	7.523722296872742	7.027576782293348	7.513103828613749	7.859267316448009	7.200481229702063	7.606033736786003	7.7519300444309485	7.320516909372849	7.766520762965976	7.818107148019617	8.092304730129996	8.082193818404141	7.303540335796432	7.352142430294045	8.626874528804215	7.690655464599786
FKBP5	8.486949886084927	8.749398984432224	8.299609266813947	7.52045729219737	8.676202529589434	8.723382970377703	8.639806195821567	8.216067304378253	8.674629283100176	8.273990575533649	8.26715279821494	8.420835781405675	8.82985304146394	8.728809293182639	8.681565998811994	8.522150222524566	8.535718797021259	7.255544319117778	8.984627138754483	8.342649017901334	8.039265020578446	8.596604743358656	8.670489695978105	7.999296123510366	8.06821676698621	9.143783264340827	7.9816368133182465	8.582145266555349	7.611363878112676	8.34893121598325	8.878790471139792	8.848226089535114	7.8911976313569	8.380185296527705	8.78906852408042	7.757436791924082	8.135097375244124	7.999450847865662	8.502349477717972	8.772566482183926	8.31658073367105	8.515558914315504	8.262600555524072	8.431494242859916	8.689398434849517	8.29677554026756	8.419917795101265	8.19978743370141	7.9542558877743685	8.082023975623512	8.331284447671665	8.53810001936468	8.092093078423968	8.775780040264952	8.33857842685972	8.695055177811168	8.303586748080921	8.196435228860395	7.781628613682269	8.247481090184696	8.660588663128312	8.798870628426947	8.587886792502585	8.100895526902988	8.246572013559247	8.204388795009919	7.96596853654495	8.157128226773573	7.909634639458459	8.26540093434798	8.614307900980688	8.875212773850528	8.35355990317819	7.952194987505094	8.058905732384146	7.8219248167086235	8.270641211014034	8.133431322428871	8.071347219251008	8.50095630718816	8.620394668144911	8.485282375102896	8.284806127746526	8.977375229705451	8.378137303931927	8.040696773317364	8.421119888374498	8.051279866708168	7.811578664167496	8.00075207920945	8.252952736172096	8.496457995375149	7.926962265899916	7.587979538426939	8.248057146485102	8.346627730601258	8.460688669120417	8.924091316874351	7.900890343004233	8.25742575400389	7.681957159729077	8.032963560910124	8.765773503067226	8.307453904505817	8.757960556132595	8.417195523809692	8.351694983195005	8.331329026376917	7.79908371255275	7.993466470578393	8.29305834880475	6.958984728604277	8.11705816480179	8.615108269336147	8.1689523329656	8.586442082542607	8.773249796612838	8.860843861309792	7.955680313169061	8.649974255921572
FOS	8.948499740397153	8.600247621148787	8.310010999997354	8.479106650568855	8.354222965353369	8.172393492693889	9.150394411360484	8.719424842276032	9.206869281820977	8.800359465845295	8.522188120089874	8.318596807182985	8.511228912004821	9.347045792313237	8.629270339592376	8.568691708844314	8.740440608308267	8.650970240395413	8.936628270371141	9.212763766313891	8.643839312888055	8.892254908091816	8.36290633912737	8.293787229746753	8.872872467885136	8.596924940025396	8.415122339162641	8.554438325781378	8.438641416865753	8.644988127854596	8.877520462616625	9.599346938927889	8.711975667610002	8.878212875189261	8.274756992865541	9.689699558499067	8.53778508963151	8.657603578938996	8.890315533541864	8.970915098470151	8.435855244262697	8.607306233867805	8.99045938619187	8.60871824440602	8.072473481586151	8.763150545775185	8.657235865807293	8.25663191150378	8.262977830198142	8.675311114805051	8.880930383881513	8.603724372598546	8.888893103080518	8.817563104283193	8.509395476773	8.878815074581999	8.83918165835132	8.494111337531013	8.532922879456505	8.1153103276376	8.597987449645466	8.706929426333266	8.614044612976905	9.398894945339189	8.868381251735622	8.697908796591445	8.706206550455395	8.595087650059899	8.7350566450952	8.153244588510274	8.664347080608598	8.398712368446793	8.776016030648004	8.223460962907856	9.099519036056643	8.995882433569701	8.33710809498661	9.148164961264223	8.942894822183003	9.086422326133606	8.591821669401124	8.603443620625061	9.279318568785122	8.688656523376748	8.460891459940305	8.950016434783965	8.448001806311767	8.470962809868935	8.55941470520205	8.841122938805418	8.738795241662	9.25302026524718	8.585585096734802	9.032167852386321	8.821169421501956	8.235108173856622	9.093613974060103	8.91635896599134	8.609978812978575	8.602028987578286	8.95086867767646	8.535370645523166	8.775923506918817	9.267168129546416	8.625559523334122	8.698194127820955	8.533458436739707	8.861137816592448	9.059874595830955	8.984544930842352	8.745251406720273	8.813074401803195	8.570292517927099	8.539819139011843	8.34006636266474	8.763362960954792	8.325766584635048	8.771404492329829	8.892475679910627	8.955858304937024
GAPDH	7.904814946414977	7.497725140894395	8.137769760124552	7.850620108325085	7.885558288446183	8.685023245805622	7.894743074078004	8.10572875432407	8.126508849709523	8.328756551239028	7.777769765368419	7.990867912093767	8.476145636906175	8.259363358764132	8.15846565584744	7.946953093101446	7.746699177959173	8.24922582410491	8.311982741017424	7.4289190432643615	7.906381302993219	7.845346500599391	7.607444707490751	8.304629780760116	7.7989640090447745	8.225588666715321	7.40221496447711	8.191879363473818	7.994699960362671	7.467597522348887	8.305940073351154	8.076157165206453	8.439390873650241	7.929993055587198	8.46396009567683	8.036970843059978	7.45747879910524	8.298817999088051	8.304484510366391	7.815643039102579	8.687654254408349	8.015505711708851	8.554812804779797	7.76576352041016	7.8197297725261645	7.942054190316695	8.257916432156868	7.592768286456052	8.05673076696624	7.837596640500127	7.783754670982773	7.909321081577135	8.383082012051318	8.075936424120268	7.738259809880563	7.94573316049072	8.29276041297149	8.39605728750875	7.589147364370078	7.359009038433291	7.443366032689053	8.297055644676092	7.6783673921281395	7.739400979462027	8.142603826229097	7.976642492573284	7.766618326892441	8.33689514563567	7.8741414920564585	8.15538391487856	8.58448098471394	7.665267792421933	8.245669575656633	7.684540445689557	8.834144080264107	8.017096770631502	8.095002160810646	7.697100437527385	8.04597573262471	8.319486147971094	7.920923377794891	7.092291534055986	7.811620958259987	8.327991104376965	7.710943566023662	7.981950360079702	7.453056638380633	7.893756889651083	8.018998977020534	7.21820706322915	7.826917150306483	8.182111807757419	8.216485501292873	8.14175343681045	8.168321632677054	7.9889207595845475	7.897580683339012	7.743620958634862	8.082999832580304	7.755991289882074	7.554334838695554	7.660017011952038	7.604666741768824	7.853286667313582	7.274945804271736	7.701717044887637	7.897065763240886	7.9694301843679884	8.343533364986488	8.107383455702807	7.784576542674936	8.360377694910742	8.072510070828363	7.567264121301668	8.118489663098165	8.189380309653856	7.687000669593832	7.747702374244608	7.85673158958538	8.06958467836566
GBP1	8.773463345341225	9.036792078693216	8.89884087785955	8.522944665484095	7.813622959219606	9.351172404415253	9.03731680163478	8.589525994360283	8.561131576331018	8.306238062587322	8.932892722505505	8.600228287724141	9.168602278394525	8.749037721359587	9.204415838799415	8.496066238253437	8.408704376261618	8.72811493008666	9.10652748958682	8.669241292184166	9.077210378243763	7.921112683521359	8.942791926201544	8.728955560765284	9.02585585691109	8.287409521105703	8.450932446108464	9.180287287445882	8.944540330754178	9.390472725569879	8.320666634335328	8.394645194283067	8.917960033063027	8.489301635744617	9.343462476565515	8.816398572782917	8.430208584055908	9.145770650672779	9.393088893575104	8.820614199372999	9.342123508624404	9.168186629399111	9.62639879035916	9.333779909846355	8.899707948812631	8.96773065373397	8.90908453837263	9.168599039887683	9.01658394906809	8.425513028188485	9.15707340659848	8.914168365891994	8.672482848794012	8.982021858454011	8.613815797579432	8.381449067844498	9.158406040590984	8.806372075730122	8.572210648332018	8.289178792492672	8.64168057230945	9.27488394010921	8.741600185756765	9.144221506498429	9.157228840905429	9.292667174194165	9.629960783423385	9.742870455657389	8.996711633391174	8.988533994788922	9.005759130619625	8.877771491819638	8.914195203185564	8.767376843484138	8.390978959976584	8.049093806712902	9.507993915867843	8.965475160684392	8.608760452685235	7.8146666061263215	9.052896754156324	8.857895268674286	8.651629893185136	9.662425577823983	9.02870661694384	8.10299942393644	8.85393685099602	9.159933690465772	8.786970558737227	9.184187510696267	9.266402251010163	9.632525596390124	8.520243981788138	8.601129892607656	9.052024951692903	8.430789147873051	9.049532582005522	8.796770235108058	8.71758786359919	8.570631362684868	8.355129556634147	8.036126731353802	9.154810398150552	8.68581127780173	8.819320622888645	9.138870025464978	9.131565489215168	8.924704537792609	7.844786548623638	8.890122010624625	8.43730352805692	8.565407750567463	8.955912691536158	7.788665843265635	8.598897569796787	9.08536916374957	9.116810625585822	8.853331336975364	8.689097412237057	8.237537451653667
GBP2	7.585468258930577	7.412617262264431	7.908423608355934	7.9960256006795545	7.529976749072335	7.529621085931199	7.163981597789788	7.3716384448511905	8.005278658173044	7.878277502079444	7.335029187508255	8.079871723780888	7.456697301477301	7.975905335615166	7.876555966141396	7.367943730740462	7.641274372268279	7.737393094602643	7.3206388086717356	8.02369268748091	8.356486498306355	7.875209861052767	7.463070538852607	7.428350190605088	7.765345435175602	7.325674032294648	8.02536490431423	8.342652338848948	7.884138384792309	8.04444674597144	7.882074664011292	7.47797953768752	7.2627185800323595	7.024160512812292	7.631702170121634	8.235107471545039	8.135055527853808	7.253463024451951	7.383381073142396	7.473381452922353	7.312305948565714	7.934509601430772	7.252199153646005	7.5414677910772205	8.115367429248149	8.164970455298592	7.76740240677575	6.848371913051924	7.281748923466081	7.307582942151863	7.861347262544083	7.8604442561799885	7.556056329307741	7.696905416221796	7.526779481586757	7.773467618383653	8.3098337651068	8.253935119873011	7.229661561388661	8.40724006050072	7.729850767435946	7.47922990503599	8.217533887266166	7.589789845706233	7.7668091455929815	6.883956311563762	7.500372052571534	7.269013929651618	7.614188425609801	7.547737769594376	7.7292099866405435	7.859789289548105	7.357508660403149	7.683277843171405	7.574980433769302	7.626583770936262	7.652997358149686	7.509816718480899	7.349459037653892	7.397693409608215	7.455019027018789	7.686459490728138	8.016982441445728	7.2584168484769025	7.921533808653063	7.267448697940173	7.6012751389537145	7.965671291543132	8.09369835487356	7.289391260643587	8.581130127260609	7.5231896494843395	7.7386429312563765	7.405103868307342	7.837739170770309	7.193955654951202	8.042746822582089	7.942318026262324	7.875660935224067	7.926617067292769	7.670784404262113	7.573710029737983	8.165969645531632	7.6722149765743275	7.809720921219688	8.175618940718065	7.783670774390183	7.755444462835766	7.599508120567145	6.993774072388783	7.878481262769763	8.023963678413882	7.958412526188052	7.353629238450349	7.177528095531555	7.712344772224892	7.901382651077217	7.982553609100969	7.270312854927972	7.94348245864874
GILZ	8.086086328704155	8.470643723553474	7.840863900404431	8.110463614969033	7.9756020558901515	8.154214580237705	8.216289052253448	7.490813505156552	8.055290533522706	7.75517627337249	8.753876546378542	8.158563336436295	8.074261760540283	7.654188869673823	8.222445408540667	8.105708867338455	8.234067428169507	8.927202498588054	7.354113721423896	7.551735205577453	8.485396791462307	7.746979157845482	8.00701358588679	8.680304274376713	8.540367073196446	8.606094065259093	8.473195541202154	8.270263042266905	7.929924952130952	7.965639105478461	8.785973163441101	7.153756375301911	8.23969178268199	8.851624162856476	8.018161940909305	8.023662697424031	8.399227598243924	7.621906973760949	7.921100984637965	8.16179762606967	7.5939125263371166	7.90348605295768	8.118375942220023	8.370724004776623	7.872333039967245	7.768137380811008	7.506917652383037	8.049161725435582	7.851122824825473	7.6108528428733315	7.735872685947382	7.923836349212495	7.7868883044251955	8.647977809511973	8.584095638483696	8.440581451289415	8.074095733804894	7.356005198885866	7.871167318908513	7.52130506991189	8.305522703202453	8.066346422950256	8.092953917672062	8.06961684725155	8.397397228106653	7.5946275397578455	8.20748948183598	7.843224876598755	7.453061278422991	8.779154816908669	8.57807995044048	7.907361942450775	7.645018347875956	7.590147084910683	7.656531537119153	8.028316841656295	7.411100796934246	8.727815470702913	7.640441038491725	7.933194451020041	8.189541499362647	7.961368787961835	8.283571806926949	7.732195469338639	7.889171493693387	8.107884327260082	7.75743115218743	8.145790360100484	7.598245471081201	8.290780818565294	8.215169000240456	8.433166954907422	8.338187731902138	7.674519553497579	8.406661222969925	8.07454478574699	7.893701884558888	7.939629674397703	7.682967011987335	7.333167148272819	7.354152340629797	8.00138938923021	7.6747659997212185	8.529986867409928	8.19352269765439	7.542094345336073	7.594654296717273	7.423666802808881	7.691925729042574	8.241371922418093	7.731602100038302	8.071783544133515	8.39793320625321	8.568076567362946	8.266171757952538	8.615575356244111	8.280850459478005	8.291006701670563	8.102525141144561	7.6898882725761215
GPI	7.485020317795721	7.4221042769817505	7.923231838857337	7.195267997278263	8.389080059605467	7.85284386117281	7.536418307791869	8.165442053933923	7.614089083961111	8.009015178679155	7.605055490099567	8.404410063401517	7.955340170819267	8.010322167804059	7.4983914802203	7.546544059239346	7.714246939546037	7.503610773351754	7.888627904909625	7.613713520156701	8.070950935953796	7.034622669559338	7.321078574173125	7.206494592605391	7.684697020373662	7.953785597546669	7.821226816081545	7.897796470418775	8.031176799291433	8.04706074302136	7.759394475697932	8.407376778799891	7.594601422952244	7.845899820381817	8.005090579717265	8.241812970252541	7.4595266676685625	7.960244487471752	8.224854033654575	8.565109639281408	7.938307810922761	8.17094860267511	8.149407298874424	7.395727631408047	7.580645878257192	7.792867927051362	7.793661233805468	8.166859988636414	8.038209483458083	7.993179971490991	7.556247584887215	7.284740286044302	8.039385522923208	8.741981062109991	7.94729612379191	7.0291331814111535	8.76931936851441	7.741639003576416	7.463452097652812	6.952861318435919	7.418012400042739	7.596799540485473	7.795477589244086	7.969036310641635	8.523419173532218	7.733052041145961	6.933263184665109	7.737893548099011	7.664669690000219	7.9490011041258795	7.404237452080607	7.305949109448089	7.619899206180191	8.313295490146883	7.435035843999941	8.257556418356305	7.3991449269261915	7.868739141457805	7.44784225275499	7.373005393115079	8.095094541915525	7.687283501181492	8.199158015460531	7.715721441105128	7.43326581343008	7.788553873544759	7.997427185222999	7.636298414352506	8.051750174317723	7.586288187384319	7.983901655015533	8.327667485653802	7.599752783295215	7.633191637525197	7.4921947627537175	8.463982443159729	8.212814410219865	7.846924225830248	7.652354476885962	7.9869603041144455	8.05191130645462	7.80106480060037	7.102088745482035	7.1295335028606095	7.6454920767569075	7.432018830051345	7.735570203640782	7.8545309408611965	8.039434625207063	7.527088813064915	7.799473476814371	7.80066428737215	7.2801000106554135	8.072358474644542	8.039111707903453	7.371163630829597	7.677271949727879	7.88903155177139	7.380904418274409	7.537809411503376
HIF1A	8.060686474087467	7.9775930098682	8.74610159500416	8.484010845678633	8.290835670467843	8.144983546956693	8.063037499154857	8.87325159204576	7.977718105792926	7.878844301410947	8.46607003704742	8.496353116973834	8.134158548943445	8.491688879455113	8.771068433773829	8.324451869533256	8.206426147023876	8.680759125980899	8.395106165498593	8.698680648141005	8.7756872390749	8.396274273298541	9.154561787233858	8.165382708343678	8.288148242306393	7.942856108826318	8.32717270500232	8.933980513606231	8.254703081050236	8.206883132598803	9.009981397664273	8.145659202055576	7.886468244339335	8.098522320075183	9.131480010248053	8.38539146303073	8.216755719359867	8.675473876643524	8.41554350571844	8.349394104117154	8.557831614083005	8.472745797575966	8.464330111457208	8.115052782564595	8.79299766216626	7.7482675231598455	7.761043251217188	7.911012531863986	8.67158272009148	8.348637926876357	7.998848264058602	7.880621704149874	9.211056750743312	8.274497196998926	8.803254976264402	8.421964633649923	8.465140129240892	8.045368091048989	7.444198243375157	7.815567642210254	8.904607029146291	8.588834350308773	7.838549090056753	8.248813432540084	8.450293024852213	7.853996548039263	8.43106903558348	8.527842578489205	8.456898107796453	8.160143162522601	8.907130990935173	7.6762125465899755	8.549932625912751	8.71748098658746	8.16172683236118	7.971974512213945	8.647451682418035	8.166282035242503	7.853473420274445	8.027608560361166	8.793038751491137	8.124989282422353	7.884444617585915	8.005415353039634	8.234424991727481	8.575110521621161	8.636384871624943	7.923375685825143	8.405494743773605	7.736383610035979	8.359159878384636	8.55349809997503	8.242087323341133	8.679100876477305	8.370407386296343	8.06641805181311	7.792661714467769	8.240148788325492	8.369058626857687	7.979367685506002	8.422385569218237	8.353718462168116	8.503080511499414	8.935493056785326	9.042449262490512	8.660323578708063	8.659735905613088	8.28749337190534	8.498135182223628	8.5548779922648	8.463470144795428	8.120598591809728	8.117870836896042	8.486846874777623	8.477757007445195	8.729744472997721	8.413231547764978	8.412764526934197	7.9629798688840925	8.714815848117317
HK1	7.882481155007408	9.337208341416359	8.77170316735575	9.268571831343804	8.161567339166776	8.481163670304344	8.514843427153583	9.341731683029073	8.588199151223277	8.608029957958978	8.294771889089056	8.679467235961337	8.564901627154855	8.471076874593301	8.780728431603906	8.644866112705746	8.29599862246097	8.783599625567124	8.408556798738962	7.876153072355774	8.429423705849201	9.085590618278879	9.098772629601909	9.31423532743463	9.017425843258955	8.450457789370416	8.72507699062372	8.269162734441684	8.541373480990044	8.13705382323754	8.605500714090422	8.157899418231402	8.713492643287866	8.779812131514866	8.886314563487055	8.64581702612847	8.497366054011517	8.479011691809342	8.951073308076797	8.606505186975383	8.791492058957935	8.382491110056495	8.709625009709685	9.266068226636882	8.537681186627132	8.817290542277254	9.894287117021564	8.211232056731786	9.229807846934415	8.888688898051582	8.592151338125685	8.774296065748741	8.472912524599975	8.138373963300474	8.570672177116851	8.213753160651407	8.775396143842416	8.814414813720624	7.912910952527115	8.093412380973083	8.883380688977239	8.721954014640415	8.053517704916375	8.548390432495752	8.431941842834389	8.852101723220688	8.89761503657346	8.897708805948445	8.77814024676373	7.802447772780658	8.401675120114097	8.926535511433705	8.52092914270992	8.8235284196595	8.534238475512629	8.173577404313548	8.184683537484089	8.351073229249572	9.025991204349198	8.635119267061617	8.897765612349454	9.015324190955887	8.892258786475677	9.31237702027162	9.516739813053741	9.1083032887179	8.677344996740246	8.416559320134736	8.653678321306343	8.716089044859528	8.258638467977775	8.324705139688044	8.913387524028622	8.525643326198475	8.585389575621583	9.004268739587992	8.250777779536941	8.391037952468501	8.55019632418412	8.059859687573205	8.404310665925626	9.415786995231779	8.279990355910778	8.73778031979212	9.146854133034928	8.876187339038355	8.333651702912391	9.058480151667275	8.669904071221822	8.792932126120979	8.645250523860952	8.539249282523695	8.527690163402568	7.970515177442222	8.69776595564786	8.119491013174441	8.485372257514166	9.007777246487702	8.973117330553798	9.051697802459108
HK2	7.019912793904686	7.212898314945682	7.49296443759344	7.755477654769889	7.366964452592401	7.8506251074489	7.602549250069237	7.5167440108158425	7.927325246065797	7.171435160091831	7.498986849904507	6.974833088640274	7.3307105104103805	7.918312677469201	6.541414539984808	7.45598713802627	8.008507379962067	7.294672942293754	7.81152531971663	7.632079176168692	7.10153215886277	7.1916306330756115	7.332065850994652	7.183104991625904	7.418399638763972	7.166890393941814	7.26893458789948	6.94430807729887	7.378117174913427	7.166008268583029	7.9584354060384435	7.149250467321255	7.165152909359667	7.63992144410487	7.584426926239799	7.410545563629716	7.848818488164338	7.251472298383723	7.0334905883539935	7.733279607756683	7.46667428190801	7.400338321674439	6.825792581739018	6.875760120547603	6.922906358771432	7.5943945963604085	7.103558087902307	7.30618315736667	7.527497385915554	6.997553835461637	7.199211977897665	7.9258916677000855	7.139439173416619	8.01605091707929	8.06329091556953	7.249561468082694	7.726570781935295	7.601622902473296	7.049307306187907	7.757924225963812	7.579377668938906	7.609743400359453	7.670117813653177	7.27934230984484	7.648210677308307	7.245180526853834	7.125884991875887	7.274103237757487	7.574272007405603	7.586277126467305	7.155520710712959	7.060957142217146	7.274290518719958	7.411591893926763	7.552977858881594	7.609245302482324	7.435300241667433	8.289388485757618	7.240687933198424	7.431904316595226	7.586486242207371	8.198348506975051	7.584418871736735	7.766487424623296	6.998342411765536	7.221519882919805	7.295578238980446	7.575477410339561	6.81885430737135	6.828922625101216	7.131173427097095	8.06327478559961	7.988483591599631	7.940640632616666	6.7782742197495605	7.749352472008375	7.587221093922755	6.909505831210002	7.047553180590242	7.08888025634736	6.95057826078893	7.2343427890195615	6.910276843312914	7.266019733028788	6.959393203131851	7.112476044652347	7.198312478678038	7.22221203705572	7.094355986103008	7.3977795311084105	7.186953840982288	7.1775558623175275	7.2872374902889625	7.774933916512909	7.286628314491976	7.145342330045546	7.279577515070135	7.326389333566225	7.622270695140841	7.516492818858634
HLA-DPA1	8.287365113349106	9.199096130189318	7.943962823795184	10.372947868319617	8.196995674290912	8.34583286698878	7.895880511941737	8.15459814671392	8.467653942245587	10.064698575091574	8.277221452505765	8.477586641376906	9.338594169620977	9.880835091075445	8.434450468196328	9.915534032282808	8.039437764959853	8.151372898166224	8.894248537571928	9.734445310973975	8.022999599555098	9.468510909341552	8.304763982401038	8.490668529252105	7.93889064195977	9.84353175168592	8.87449339982401	8.941605161487914	7.848034287657339	8.794808147067732	8.624467674743606	9.715251992305145	8.756103776370528	9.68137647587874	8.190565921582966	10.053083545164524	8.724372268595648	8.441630977738956	8.233757379959409	9.277769423340716	8.781418035568107	8.827896100608744	8.061079199427159	8.633544846292052	8.177910663294822	7.669898333658588	8.758720563786191	9.203331303255768	8.803699099338658	10.483940394776178	8.483520832754206	8.688423403305038	8.321535028490716	8.98781115855631	8.735286607920226	9.434259109964449	8.321714940069267	9.788702743581416	8.835506422789594	9.021334525216236	8.370231690211593	8.302794943292932	8.211757881684822	8.28743640752613	8.946381966704273	8.160874239150187	7.901325292969453	8.69114348992929	8.716826776681877	8.449652178803674	9.016270423290072	9.550246009103118	8.266066430470199	9.450708377884377	8.536695101016203	9.512923576022999	8.491563624062247	9.066055956984087	8.261094690884118	9.240219051544027	8.66690986208756	10.180253603535093	8.243054878190222	8.2872685765767	8.607995574429864	10.283268312584466	8.673538713891249	8.219386243733897	8.663286890609559	8.125213016452099	8.220504450175975	8.425245966989088	8.624856720386823	10.330926193650773	8.792619236337554	9.907242361963968	7.765523248077114	10.205484485198102	8.435609367467784	9.919375776884404	8.286356680600159	8.748423301875707	8.097083048208859	8.489563943365551	8.533870368960779	10.204666959370043	8.771892736182506	9.662812899318793	8.544711483769026	9.151640895570635	8.447102777342598	7.831172786806831	8.876801608693697	9.700557258946192	8.261877851558452	8.474576086188527	8.424906475907726	10.308232249221403	8.844274184240994	9.666350303851264
HLA-DPB1	8.281520163004313	8.936122845489667	8.397667762128512	9.809918416382642	7.882627750119662	8.043446490511439	7.921673402472168	8.361722914502415	8.083457360819892	9.809054058881207	8.314675290977268	8.42384322830532	8.23954886672436	9.930619254022536	8.170189120094133	10.032670575613269	8.017466897876915	8.708763755484776	8.394666165334396	9.330046928373612	8.034141526106259	9.006364224518908	8.293453962301568	7.898407846710117	8.22648422809241	10.226121941851785	7.857534697689905	8.029517714034126	8.599705759233572	8.146500805726983	8.453307056913594	10.300474435987455	8.237255648418383	10.047840849832372	8.14082268286406	9.489996751475218	7.674623005593873	7.278412942181005	8.36881390947058	8.800434047249762	8.425783321322571	8.329116021929613	8.052286855062993	7.838621015699826	8.712614368907898	8.201916734933253	7.8538380972580075	8.774275291056192	8.290634387165868	9.577562128798391	7.892422029390697	8.058337946728402	7.874980840328341	7.962438382254074	7.956571475296137	9.164471477889315	8.460360240566557	9.66481055116838	8.286586065765976	9.643863280610523	7.749840170778942	8.703526474490685	8.061260809451506	8.256584480866161	8.337854058775122	8.075275154079565	7.56894761439495	8.908432941309602	8.03307493438588	8.747988146372686	7.8381730042833135	9.95447439726818	8.09208142487724	10.08075333686054	8.217745805932866	9.339504797558641	8.071537556863438	9.2854817153914	7.372509160554819	9.369961346554707	7.979403553070152	9.531040710954779	8.80415008359207	8.812258483832604	7.932865600279086	9.323246922641154	8.368591140044666	8.346405912122814	8.483321129219286	7.95090780176728	8.112124027754923	8.286194937281955	8.481787683683667	9.352448848696657	8.136685817889457	9.319518072729567	8.017792524786952	9.615588903378256	7.893300939898283	9.356329927382564	8.095687139045321	9.04642258438772	7.611154900470144	7.87832960881559	8.270858679813692	9.242119937633586	7.896430838139169	9.632509661614973	7.692883136038242	8.155457821750865	8.381233773511694	8.184178017522491	8.46127882607415	9.563520162125412	8.207919706229893	8.21309991918716	7.792415988770453	9.173496055297283	7.583896026852072	8.926120182063112
HLA-DQA1	7.881398950306773	8.07521990741675	8.263998151997432	8.651588978238198	7.666906142930092	8.268626328775154	7.88475454864196	7.5937536327524535	7.740732132394514	9.580518118741074	7.155078837964436	7.568955977771908	7.97688612406246	9.034509666141187	7.383938032898821	8.784581271599034	7.073868441975669	8.105886787083566	7.741618079680271	9.07858713926754	7.479525044527869	9.186963713910272	8.010527857171143	7.77820836935445	7.740458876333841	8.646168441715762	7.530034311844803	7.617151917744042	7.439348458391846	7.599736691840611	8.04468327848886	9.40099865984396	6.974492018662497	8.706527387722724	7.846860745663198	8.700261505624262	7.586271983444796	7.664870147294086	8.01561962101636	7.635816732556244	7.59297559535518	7.891186538083774	7.847805252138534	7.269746001746571	7.324043511881565	8.396692134975984	8.090262684433986	7.694287855553296	7.603248555933004	9.437805030102583	8.027090256781557	7.774667470036485	6.970762444777144	7.592260882300554	6.944284168510074	8.517193915064727	7.631022593088254	8.747968915096196	8.057531177269738	9.07687897328384	7.076304720677539	7.179520600599616	7.861452718354317	7.367058331928314	8.356546958757685	7.51704330288974	7.415138658730587	7.403363961537323	7.521436598374321	6.817206797840914	7.429806985227516	9.623308236983002	7.854292565298025	8.762788928991972	7.932463927651615	8.682015027058739	7.87728665330722	9.238459293333314	7.56379102826665	8.496885537451004	8.055236617840366	8.68862070618364	7.335474167739391	7.758127975582489	7.138803362022298	9.304384917044132	7.729713497524781	7.517484472691437	6.766825927563812	7.6770932807493635	8.382877255918256	7.974452764355951	8.030286034070064	8.623802936152023	8.035204576205603	9.434600522259315	7.699151046596756	9.34464680617517	7.823223620762453	8.949579016885467	8.286144971502537	7.518411036573188	7.52670481211944	8.1250017788027	7.824258130314346	8.868119133821985	7.721284000190978	9.056775684475607	7.928605215279424	7.27720499844521	7.4275569748776125	8.271744847223319	7.451638457005886	9.142197756458515	7.253063077715424	7.993163576089595	7.369294716187586	8.917767733160757	7.212193636369809	9.284145507067466
HLA-DQB1	7.3902563117265325	8.028813033563981	7.5686610568281765	9.84769681145798	7.142881433059664	7.961514891843249	7.593256724984903	7.430934711394422	7.84814333967776	9.218701904187668	7.814604886445883	6.896224824239201	7.993548131198844	9.204829674798932	7.57661509051199	8.876850079726275	7.816138652636132	8.216260124348107	8.14154984410544	9.457776612643004	8.243349378518973	9.158667282613575	7.512979232896294	7.760549887411064	7.67369733145003	9.655840751691763	7.797843641904653	8.06279538987606	8.0175390443752	7.824313530343969	7.89484310649305	9.691127415578208	7.854007272488601	9.124172880641723	7.789026056100956	9.466474652594382	7.7218564186608925	8.147011298772691	7.147577275175466	7.6733078516582305	7.99969617934599	7.845073703264732	7.686500187697581	8.033950728538436	7.871775369310792	8.034835507821603	8.023142113310811	8.806035666352562	7.480887525004673	8.702395635322837	7.458134385070636	7.974085696610346	8.060387750058752	8.230539678539307	7.818138340284365	8.723506004416981	7.8551474125858896	8.77997226600256	7.379049022959222	9.061978415433469	7.665202396142981	8.196987472305459	7.479189300405498	8.214910701297882	7.888290526639575	7.707963622063726	7.402637148875867	8.114557445475986	8.096557171508426	8.19739337140635	7.518230666997743	9.115663338759223	7.094603346956856	9.033494517003025	7.513858302124374	9.038528412466551	8.251998845509176	8.88315624152243	6.715222288411082	8.85089764091013	7.659701249866698	9.63461871202438	7.716268575920516	7.655097462667785	7.926692474919774	9.444924373793718	7.249411330617905	7.917251400899002	8.354895015002565	7.835400761239342	7.565971848305954	7.6922467854973196	7.75524699640505	9.405679151446856	7.548116033995463	9.09694765762583	7.728935407535104	9.366190158275622	8.068671877186212	8.879797231608787	7.330434326508809	7.558775254070625	8.244736085364314	7.717882951301224	7.6226776558931	8.762707179950073	8.004517585663338	9.098385747303123	7.665373690847567	7.333034326935464	8.15034163609576	7.391643565775951	7.1553028358504305	8.52353884537741	7.457921871663583	8.332140740795495	8.104133465600604	9.406035639189112	7.226085370908495	9.006005123380062
HLA-DRA	8.472180505850075	8.165393729507226	8.175395128429853	9.534866685100978	8.688102035394849	8.331740767409968	7.557194715129342	7.635282648288118	8.422505859904879	9.629784621716285	8.410730545393974	9.121382165995406	8.549980497961409	10.431614653024264	7.707313023083577	9.993512824221254	8.114537099075253	8.123265411710271	8.412111058043445	10.029185556275657	8.528763045720773	9.58126664275282	8.213551129034705	8.796865501615072	7.6656439995742796	9.391633363291952	8.212209654408326	8.648978691150026	8.023385184041269	8.432518655758795	8.53430947950974	9.567379724284148	8.859004417712274	10.26366874688892	7.933896301385783	9.83788468008625	7.925195548221897	7.728239496145329	8.602308388350458	8.146166199960282	8.49767263968528	8.517818313959085	8.54147949841466	7.891055936447012	8.644203741973309	8.172637200893611	9.15776047290856	7.659297565318151	7.703358752656509	9.77272367424546	8.254338036685036	9.186807404604535	8.541156403240956	8.338166287023911	9.125122311633936	9.80725236222765	8.0894942252561	9.183532576958967	8.487577098723186	10.082174216848934	8.958594162042166	8.550005007494834	8.32461749923501	8.58323768197656	8.935293123116127	8.684380185588445	9.174992743065722	8.590212144931328	9.502464440053899	7.692396716292996	7.977317934500071	9.09678069767559	8.09738522228234	9.932661247586376	8.0237187269511	9.169301758625192	8.886348818318195	9.891895424327311	8.119606406917075	9.353982786529867	8.845944692299948	9.567331597535746	8.654198770101083	8.239163501619222	8.712358867674663	9.629977368887324	8.753519714584261	8.676931456454513	8.345287872318211	8.035520993817233	8.58426586598268	7.998749590367755	8.439815362826478	9.923340889480679	8.00849358955015	9.18108149108365	8.459933068838458	9.905925304163565	7.730069963289279	9.395004618548501	8.293851282018958	8.43426574527481	8.423305045206455	8.31963412143317	8.46669717765722	10.177623255978943	8.719367757760477	9.529770444217709	8.396029296176888	8.561805540886631	8.635813116177399	8.391635047520866	8.298340003001114	9.54138731470225	8.452175769693898	8.49877210870647	7.950606691241184	9.902465571423688	8.440942627452742	9.544306988960196
HLA-DRB1	7.54417414523921	7.821624714054061	7.18278083924426	9.23759520610097	7.5108034363764435	7.044058185659529	7.9095159594044935	7.73175124469381	7.642484571369491	8.926791194801256	7.48949806741176	7.6205716109365875	7.1135929011767125	9.07278368182947	7.30770376286343	9.075311770226923	8.065724657230838	7.186037947821732	7.4267287719292305	8.877505037998576	8.084428538394585	8.728843165736413	7.651581189252922	7.511443296882925	7.513889397428684	8.457639518085434	7.560556362394566	8.122437155717767	7.625799000027432	8.133746048270563	7.578768842344254	8.956017795558562	8.032907825937718	8.638441751334371	7.424184605067333	8.555541398233544	7.594063201014089	7.92902337798805	7.355559788317694	7.763294474500475	7.450541881772037	7.230655780064053	7.619114946632803	7.418690034477197	7.622340306565211	7.4969679251215675	7.291700535949251	7.748524193338436	7.595606169998758	9.308442218983561	7.5028412172049475	7.554930635816145	7.155704853501487	7.213427472119242	6.865487750662407	9.411106023394831	7.261362042516029	9.495131911006453	6.89673747960761	9.058744772061994	7.835661581988433	7.591363290553249	7.533310159671627	7.403542417541887	7.275313507643749	7.28523895673981	7.823657760632444	7.85688427715485	7.08824121034416	7.828514923589991	7.234374689957228	8.749129085155717	7.469924163777185	9.099864687940382	7.801932253756922	9.193911618986071	7.535132607610398	8.777376507606217	7.287801082818726	8.529857832777695	6.719881681254416	8.498645465678687	7.2028715080179495	7.499492661059698	7.991939086819476	8.71864668091911	7.330091558208579	7.031776337001108	7.853843845963511	7.301895175912508	7.635086625044256	7.400652934670674	7.3388207817594635	8.695112003625079	6.987435557923662	8.97672699341575	8.236251671357296	9.46600618546418	7.465063679907891	8.926362498639525	7.472125140319651	7.730154762507579	7.427170621140441	7.184873763322555	7.630191216847838	8.39422615985326	7.427386829444807	8.964923035914925	8.132072235060662	7.8414446985654305	7.395586425046612	7.141405487110364	7.621221523611539	8.961911064106632	6.950508536705424	7.0507313577056605	7.374933246894973	8.389581072472401	7.418303594870949	9.034437227109247
ICAM1	8.751308814028684	8.616876790606492	8.376511789068546	8.321412355278618	8.585757760253472	8.983208946611342	8.760883794307274	8.757096723087693	8.835431138636794	9.261415054830977	8.253159897651784	8.379512031013975	8.160562186788674	8.959848288918446	8.512236479647763	9.324427514939497	8.901924226367987	8.193212684722152	8.086355028503995	9.125236656753197	8.087249287229266	8.409689523330181	8.94672685584248	8.743236375730202	9.467781612895914	9.155985598283879	8.564376533152915	9.126698479402013	9.13018029209871	7.839701411748211	8.690467725968354	7.828187956702315	8.40392006126332	9.247867371804052	9.065762654050141	8.9383103082139	8.366794160663522	8.503524365690193	8.800221473803067	8.22139857313637	8.46009364806584	8.725028587889014	8.204904898842546	8.730105987812097	8.739504519930863	8.484277542566577	8.604218976936707	8.605088849483579	8.222440425064482	8.288717024689946	8.69091472543863	9.144051047117767	8.828039116690743	8.405511561552048	8.763336620343175	8.918208348809033	8.636194690685151	8.179752221265016	8.7000149535043	8.174820679733495	8.727088342396916	9.364880376672563	8.718798723915542	8.335075709159272	8.415168230356734	8.766773786047846	8.662167362209267	8.664528186591797	8.103372713261669	8.300423203837015	8.404431532534872	8.734178078574445	8.02199356246215	8.545224852711057	8.976588187520418	8.315839055344895	9.332778430148675	8.564515450952955	8.072339424114864	8.887393979432193	8.595303394890694	8.475188804076453	8.84960700402503	9.053427031823468	8.475702506956253	8.678851342774937	9.256670179170722	7.875007367617708	8.725129044036146	8.875284496737526	8.952294245966373	8.427453560962862	8.782655080504732	8.828062270021702	8.306025824676908	8.772115218606785	8.52431339432111	8.3610839705448	8.29382755920627	8.241748897724811	8.614597283797012	8.629920274067668	8.534754597581758	9.562267749331642	8.508334182041532	8.618989833087914	8.401678892408679	8.918975060671434	8.326532245567439	8.520434133518018	8.901266676086607	8.565695843031223	8.5881025142029	8.908901932773729	7.928676031587678	9.527882891937729	8.200672581684309	8.002696652424628	8.753343693600506	9.013717579199144
IDO1	7.753502974246046	7.551620356234921	7.897318449746825	7.618379830997437	6.932103865685746	7.893120123194421	7.052485519220685	7.8768770865937965	7.70746681061534	7.584796672478153	7.033378604568327	7.389024921105761	7.583680636593198	6.833651442701545	7.32375475810744	7.721356189901843	7.92480080975547	8.140835719275762	7.426462253849886	7.564135010712921	6.980522002050268	7.4530942933418105	7.304528870762179	7.886723797729031	7.619034320838481	7.597786545272441	7.34202650469487	7.661849427771703	7.730936314140403	7.073590352961807	7.649342992371904	7.294627735244874	7.71347836587823	7.914187598447582	7.577791335114337	7.498419664788027	7.862007601546756	7.832385933886351	7.586664463186114	7.887766760426879	7.9653444817685175	7.067551393905745	7.225019092172885	8.148154791699236	7.701494400633619	7.782746126468684	7.885707108702672	6.8428836889813835	7.31883975741256	8.1351960294318	7.65080754406885	7.975387958531324	8.163015200358549	8.094184178643593	8.045750347488509	7.090996360093475	8.234625825223326	7.519939886818747	7.761266393041826	7.530441360356421	6.769128996040463	7.281912398527904	7.150247594498555	7.145014953137441	7.315204147698165	7.957284872709949	7.626789378150824	7.86775400872672	7.234330533120371	7.2916404208617545	7.987050303872442	7.535364746362009	7.693773627811258	7.3926239224034385	7.511779006238774	7.785265594486724	7.249872389076804	7.4022145166741975	7.838905053206013	7.649061578304453	6.88678882938425	7.047594734394991	7.477151829023422	8.038902537010319	7.966213945976153	7.486243834102712	7.985422312343802	7.369422733870759	7.575771648404767	7.073560590193377	7.027548447764792	7.8102255075179565	7.740600312677826	7.69015937344175	7.695974484080215	7.268582310995512	7.247383538328976	7.322920535142334	7.910818229675923	7.352237879798497	7.752194938221805	7.793697825841874	7.505721608576223	7.505527797031371	8.013257257082406	7.826859903890135	7.334862521368157	7.295946546962478	7.260664096356172	7.076074628020181	7.847061232995202	6.736690130178132	7.387429776567817	7.413510608616377	8.229341430771687	7.736729422331866	7.641865315108791	7.2648980093407705	7.49316669304832	8.217149648078937
IFI44L	8.162796737157674	8.129136908532852	8.60023129056931	8.61667067852096	8.53132472740047	9.043369430746619	8.531364259465454	8.175379984726352	8.790674933215705	8.508895939426926	8.378525844985315	7.9792673647083925	7.736802466115196	8.130182259741728	8.062035304105756	8.575197795023387	8.278958408230826	8.166373770310454	8.131833335354665	8.360322035185678	8.191183015175897	8.73028437674995	8.694555965071872	7.424852539587173	8.388299770461966	8.296606076053951	8.801856615685274	8.13064144234875	8.666383780342091	8.756069658366933	8.508095009690223	8.21634203150029	8.73381310547715	8.51097932130866	7.908405011177718	8.502571883866949	8.239036905794308	8.430786468276844	8.166630599528373	8.768960344549617	8.508144181699398	8.778670001617959	7.946808379237124	8.350159711929605	9.009798521424617	8.406899298871632	8.416103732213742	7.947143175603869	8.80791873354971	8.147326608195117	8.621786397599939	8.672445539696291	7.814306924044315	8.013792637693735	8.805702231431097	8.509998973712223	8.736201154125716	8.444082903210154	8.47965578339292	8.360505200250707	7.824039008473437	8.599767390756304	8.172879298782716	8.211369976168772	8.412314376612363	7.987155848516815	8.5115562370746	8.913804339084576	7.7131267536902515	8.160368106174614	8.373015860943115	8.31225480898677	8.490669604904829	7.906334632860414	8.821121145978276	8.493558711864383	8.69553598057309	8.249248460944456	7.8244276075038535	8.770688067921933	8.062178130666155	8.035060816360238	8.985407964785672	8.142550182710346	7.802836774517351	8.428710962204784	8.787073497969711	8.87998943975144	8.53105507230084	7.848239698390805	8.230592013549057	8.763021172684322	8.808775127861736	8.260203594267546	8.088141049886508	8.564510828595479	8.9200247730744	8.183434685822567	8.498609685347782	8.01657735196974	8.644374111685867	7.632666859890609	7.799536958919816	8.67787039033837	7.958720965855836	8.917579162157924	8.883630983917206	8.530173057734006	8.712484448259099	8.315652206236656	8.129435382404074	8.548972795187822	8.27835104071067	8.59308841082404	8.55288999840476	8.288174887312373	8.303874801080717	8.052571273618568	8.267717095357721	8.543327017470665
IFI6	7.274794566333611	6.758404098087733	7.204061157207828	6.970513707932011	7.399606242528597	6.671252286401053	7.614093433445366	7.559465056618	7.457660569610509	7.849866849657525	7.110647586472946	6.960630880049312	7.119397106669543	7.143418074652007	7.324536918067502	7.536165958373468	7.855890262972749	6.940078128254344	7.594951324991323	7.135546761164916	7.298691267593609	7.268841397230465	7.039333332288389	6.89869935154524	7.197955137804593	7.415176249019164	7.513887450856787	7.61147696795555	7.612127981948327	7.056940647297321	6.595220024474169	6.944215338275285	7.340516809038122	7.613230895085305	7.456344268505238	7.100576804037576	7.312086785420223	6.368797831008539	6.960548035814731	7.514314358628142	7.599589471609916	7.785401198002948	7.652325536187032	7.237714109751872	6.7501587722839	7.079109454542636	7.13286075787289	7.5830868047117885	6.886317187234027	6.573054360754828	7.3356513138037425	7.793792934315405	6.469109802618927	7.004308045372285	7.108456496973553	7.584001705500483	7.600373079366878	7.120506599400356	7.0623475369436965	7.511394437311676	6.799382697176536	7.093465760679059	6.732493567357373	7.419000719863164	7.602765457842465	7.401139600238135	7.119086041885117	7.419906939470846	6.987365971172643	7.123137350724872	7.642196766261219	6.8613226822282884	6.6008566551755905	7.640339949301428	7.1225013393220316	7.3239188219296345	7.704262722715747	7.134893157901853	7.424924646121289	7.572784995107998	7.7897985795877	7.599367777982782	7.326378818582933	7.265367263397169	7.452924840337005	7.752823385301644	7.024163872095288	7.240409074365855	7.560732746370221	7.456235552564421	6.815136455969881	7.2708413223064285	7.905561833166249	7.039675270014812	6.689996419039893	7.469955926352091	7.792829087245601	7.364713725250544	7.063529012135229	6.84590825794068	6.771600931290729	7.0542093178858325	8.21628454907804	6.880970259158669	6.711325811493275	7.581811283537556	7.653619327319503	7.5890290292204	7.015222525003089	7.595190355732043	6.616789267843094	7.42213600827562	8.17389105919908	6.969879276028876	7.408234709422411	7.591225736412352	6.530363188142045	7.521978276248065	7.404703401883287	7.568249724386187
IFIT1	7.915566196112786	8.008411443316389	7.636421929644456	8.089385559860592	7.778890511596225	8.16909041077583	8.156828188827152	7.6821969670041	7.120506116618676	7.9168087552299715	7.936154271399193	7.5769891429586655	7.5554912490971	8.051954307666414	7.396875759832665	8.199231277459274	7.701562233354511	7.637290747586667	8.486887438380194	7.932697853164869	7.167427351929062	7.5362552325768695	7.727104258128706	7.946559261618554	7.296151619981766	7.496775114115238	7.126233436619493	7.23855739432951	7.359080049919038	8.17168625610032	7.108870206717523	7.464223866846934	7.714968068531832	7.324931801947126	7.730736015178818	8.275717196519102	7.676175286568274	8.290112669147952	8.106430133060694	8.558584420214814	7.837011215331861	7.319694882704481	8.290440436627001	7.907437999261296	7.445354279280718	7.451031672325381	6.849293888606683	7.596566348518946	7.394238871798254	7.733909491274274	7.740575071732054	8.69199336592881	7.133136320239285	7.393526650591517	7.891791183854846	7.171944289377861	7.7560058691977325	7.5781290819679015	7.683400620000402	7.396144164448993	7.3963916153199545	7.601018573958914	7.569482155364391	7.317148872058926	7.732564988411383	7.188482686054919	8.428347086499546	8.065754123638586	7.2852111086982125	7.4482268361248005	7.410521428967906	7.331721873193389	7.795638868446846	7.551907368300826	7.384637892221962	7.737719875358664	7.878658234596295	7.74243245597292	8.039669378315569	7.628063705759416	7.882051007033681	7.789733038382919	7.993096483269545	8.20301358759035	7.579975828035939	8.021210836550882	7.791094248016433	7.750358559746293	7.513967050395528	8.208026185387604	8.293911651467143	7.570151787445563	7.712047623508708	7.884393085105074	8.179868710185596	7.830651540260263	7.681702211843541	8.096999247524618	7.226890177004499	7.4269742960462874	8.103162335621626	7.312350614846649	7.273465509783804	8.270142572973198	7.278281229585246	7.379389502642633	7.843549039676522	7.433598202537539	7.988585585966063	7.658921340388266	7.277140517232376	8.043630000625635	7.336346897384947	7.2000440985496414	8.150745698816294	7.1176951810525715	7.624880132883641	8.596027854636224	7.220409809049123	8.377830485632199
IFIT3	8.779968781277235	8.406960846132971	8.064977150613403	8.467138544783	7.660624563124602	8.435377846932571	8.92649520151711	8.242448865360307	8.229557170287485	8.431342925843019	8.910093201225678	8.261280819528018	8.297504314244824	8.135721915799248	8.571893000322717	8.67171083424073	8.556082705038898	8.114714386922085	8.82024177124356	8.252140741293418	8.629721943469736	8.864847696738762	8.605562571480752	7.599860821405176	8.642993465441794	8.499173935446224	8.531766316454389	8.390679299429062	8.541038132668621	8.628783416806812	9.13772547076601	8.59082178800009	8.297441271277744	9.037281514417764	8.458731484235098	8.761977582147413	8.487042331053702	8.101806953421942	8.672619012413671	8.620903613144867	8.382182155902644	8.724149487299655	8.388158969992492	8.698216028272977	9.114084304843669	8.142960916592903	7.7391526566107105	8.248581968017568	8.152968694376037	8.14856155778648	7.642467744743728	8.277082548777997	8.787319020513841	8.460970744271934	7.968824224011561	9.190872780737454	8.300745658679547	8.954811914296824	7.9010177197911995	8.42540669641457	8.330710050251403	7.636580956013896	8.560845395315816	8.193611423588077	8.491921286604068	8.67862073735025	8.784086671326635	8.219580986426008	8.348681651220025	8.744312559688208	7.7807846116893264	8.433643878831862	8.153248424470108	8.95251624479331	8.523506328489587	8.596795139962872	8.241913271456601	8.76013408258206	7.552143324085396	8.317741958438019	7.803241988372603	8.718010057424111	8.623464969076801	8.552183525095177	8.084400396146371	8.346488218388156	8.201963721598739	8.710051365400762	8.220039919444053	8.758588356306504	8.953064799877676	8.300092189123024	8.767338529110214	8.912705904051757	8.94162612711176	9.14057555302934	8.272999395845646	9.301409302925775	8.422386803580022	8.148237094333082	7.780069245191604	8.131072768165563	8.80660489419199	8.7027350154749	8.145847671756082	8.70868200261076	8.73336636211797	8.773324923288335	8.262080838054937	8.888904513554111	9.033738399129726	8.859553400753791	8.025865281390939	8.275505097555873	8.65761717047534	8.398724904857874	8.495216526981181	8.689533696343636	8.716900656916367	8.268175702824344
IL1B	6.188634688775399	7.7913334210965886	6.339771575871805	6.663661156769793	6.598391918626301	6.946088415060426	6.510610568501757	6.432068012941754	6.4230641182114665	6.114194198195507	6.9482410521925635	6.9341458410674415	7.059001984153482	6.96103907257537	6.425751876850753	6.248125014092105	6.54429646872021	7.231902474512722	6.3961659409850835	7.07220793585091	6.5540853339463965	6.820898308706192	6.343635097787331	6.891219245681414	6.825843750880094	6.925254433614759	6.992718952410958	6.6079240349139745	6.995680485077989	6.637027523816405	6.992416838452737	7.278480082294788	6.667486113523609	6.106820653634778	7.338562762037734	6.916628891996485	6.908736410400421	7.174786804753606	6.64730021042092	6.887897668123372	6.610120391448471	7.42639143131937	6.188792670005959	6.815604568445962	6.6593413872751865	6.954667214876988	6.401761118797599	7.133113159856234	6.801967294947583	6.517844870633038	6.524711156901456	6.887855434584558	6.846865510098824	6.5661662266934755	6.616676404342464	6.58792589296607	7.233034399124339	6.143637962618209	6.326859496463828	7.090297300557637	6.517580282213536	6.581174195266862	6.190915687118175	6.577571090549501	6.867685526570022	7.205390422785589	6.650389143016469	6.743061468072301	6.682027795336837	6.866457944010887	6.273118849107948	6.17241552688595	6.0488168398715105	6.296077150590061	6.270823847368499	6.965113197039935	6.699882770433036	7.158428762220703	6.217253935258089	6.920676603875923	6.699003520696678	6.662870681725427	6.917926141486126	7.004430092812406	6.355400069421195	7.058190465135226	6.492564179689708	6.737593622873067	6.513090696064519	6.537699617172305	6.837623469596091	6.280635018551384	6.654873767544546	6.9259900517981885	6.592333368979155	7.487720253899424	6.587384014905178	6.354262849261366	6.440983644620002	6.279053924899537	6.709571623154346	6.4498366999761245	6.786267185254689	7.313505154410235	6.877471251155933	7.379847152412515	6.443259780391093	6.5445785007720145	6.396467485358963	6.7436412076962755	6.727685516736504	7.161775470375958	6.734616981000629	7.04120162615738	6.459539057289933	6.603091201012946	6.452166302431294	6.58413746203876	6.104752777899739	6.287557393401368
IL6	7.499627878053402	7.8372030970966975	8.01685907283849	7.843617249164643	7.496187588543293	8.344221297126655	7.66319680480552	8.89211546836306	7.2721847359406	8.17505669312985	7.274913334242018	7.460116774079796	8.145611896932216	8.273615644740696	8.697657848100844	7.956051611425709	8.651939606184925	8.336222060600774	8.59448023082763	8.273855925042447	8.72537505839097	8.129351162550384	7.892951144108256	8.743165502840997	8.745187140346006	7.951019786009617	8.455640667199908	8.151617992898966	8.296831409808698	8.105677960654882	8.731860615399393	8.086468949536965	8.645411499819742	8.328212833670698	8.824912707385716	8.539279648726485	7.902179874590863	8.178522774357985	7.909409274535148	8.421090318075743	7.907040691540638	8.279257508769433	8.174405485152633	8.373538275202057	7.854469365837328	8.58960222887079	8.339415271762112	8.35885216734171	8.29110090310414	8.70660386973338	8.428693763884986	8.514452922611529	7.65206623949923	8.17741199710927	7.405015037619581	7.943408066497507	7.803242943518626	8.581746114669544	8.360293212992534	7.7548721517304635	8.17912963092778	8.564767736887056	8.109655851050295	8.372225324447998	7.872951240828555	7.725441935672523	8.325275829267751	8.603975034349228	8.116121484279134	8.719975915263916	8.266815611322915	7.763555336825343	8.217256144409387	8.001089800228554	7.610592630529032	8.412619878465915	8.53872089444907	8.168414435199686	8.5451849857371	8.706054271281786	8.036258114290382	8.901438371058171	7.571750605024427	8.49143474730641	8.080769956394517	8.526152063366482	7.836276341102571	8.868538154779042	8.253259236132077	8.329048733831623	8.200449720543574	8.305332838308217	8.823454933380056	7.1710934198854765	8.47314158170852	8.067799652035339	8.526670962763832	8.450467026193984	7.686103998843459	7.890227614185298	7.867822544308009	7.967407071806993	8.389659755077549	8.549860213258938	7.840090381676169	8.314473299462925	7.9550225166933775	8.05571860215999	7.968534366460779	7.7273049946452055	8.258544611055889	7.799257183614684	7.95279816343767	8.394204031325186	8.838180149118198	8.090768419706837	8.075348507626641	7.365689357270365	7.476839239487545	8.233766369545824
IL7R	7.823348429684163	6.924914497426732	7.249051025756918	7.475403379726378	7.491186983069131	7.67380413242636	6.856152914312734	6.710596099559579	7.0293578473485105	7.500802837840323	7.259262781378938	7.969009541402746	6.874437009549983	7.216609385004058	7.3300388851263	7.381881152924159	6.972920008628832	7.23039876307444	7.307316551294704	6.938354724153984	7.024026509159894	7.063004753173486	7.3079823954691125	7.012125109685906	7.439051144601098	7.732906338554807	7.3022618008979	7.695647503752209	7.354369930955151	6.902511118683491	7.160574675042994	7.543858705845332	7.31433346787639	6.753329751977548	7.428888032048018	7.010457504894987	7.763462008989427	7.0247703844554055	7.1944778449027185	6.705977133544297	7.005706330581127	7.63183791839592	7.27366712347176	7.967694144237092	7.322685717703437	7.1849799503957215	7.128394827963597	7.412282818020325	7.624698537976709	7.816403826349312	7.315995556174725	7.5131722825603156	7.174556863018593	6.73089640223369	7.275344551015918	7.529355528238063	7.511257414932104	7.7305092977687435	7.534051466025087	6.951678399224178	7.429965577472883	7.037577272621099	7.6503041292083545	7.626996788283924	7.246440203859335	7.2395676718520505	6.860144644937236	7.498132211050818	6.9510655980156875	6.942952194745409	7.153125267675072	7.24211057902128	7.550165274943538	7.528122448360667	7.456678223298143	6.971599041185823	7.871413352586568	7.122817086740592	7.859618886136278	7.138471949041096	7.463991569562185	7.848247688374341	7.137841752049042	7.671417519421209	7.510976686736849	7.631696834511097	7.899893543281346	7.067074412007129	7.240195956787319	7.430621301718484	7.290703211034021	6.949242041685923	7.784265533921163	7.073512988475982	7.160588524606136	7.067664768252184	7.584626061915722	7.9138605713721795	7.298437140629679	7.501326063800419	7.1308266239805445	7.251320236956315	7.387775533007176	7.047391120633056	7.05154577517916	7.331767331789504	7.227474088281882	7.87027622602447	7.408454860822944	7.191358140482533	7.275832726931681	7.3563702045638015	7.152337044643068	7.5115439605855725	7.011707191971394	7.215088057105849	7.5368124171998545	7.245351529968709	6.766035970022337	7.105087572685725
IRF1	7.108118811635183	8.173705239244892	7.248212683822711	6.954178393416934	6.95544047597319	8.21266277641747	7.745075731671232	7.606317875206593	7.264546844966216	6.931928121467132	7.5030665871940005	7.815663554584623	6.775530404942197	7.876044893226915	7.940709648015343	6.953158077867046	7.190661286037516	7.050002907725067	7.6748330744016275	7.316521508801602	6.517049031403226	7.0103169810785655	8.035004866802339	7.644441466338463	7.501667874357033	6.9655639563881415	7.624107067008246	7.881046908101048	7.654415094393344	8.026652634045712	6.871403185181825	7.13627431943931	7.548643026852629	7.187610492523471	7.293621483944672	7.841313071860197	7.347781786959094	7.872486078918218	7.520255846120618	7.585221236537363	7.076559043554441	7.29669262376763	7.742795336833552	7.509520286074293	7.6698905263676656	7.801976716780746	7.5938570389547335	7.488116041403924	7.329169564759473	7.49308159105708	7.689865110148233	7.974174257988969	7.610737987639585	7.5616880053986	7.447168082016315	6.887282841786696	7.2464220777622605	7.305625176811363	7.0305244941425435	7.096595427185058	7.389995322788087	8.267528670669462	7.1597131101977105	7.5735304473792295	7.189093866837732	7.93157754538255	8.128157145092098	7.735335064872088	6.91493446334637	8.11478360591288	7.669342196557061	7.3603492314244034	7.453838997603693	6.923771711574979	8.041921403315467	7.614572955085171	7.535940842735007	6.8957474946859545	7.179522231512304	6.921055550610511	7.24765864803128	7.258533652637023	7.58009404784379	7.269379402613219	8.00522370395289	6.682273557034756	7.596199255732507	8.473613289256562	7.324842990239327	8.258669839466325	7.588955137441032	7.621718870425151	7.637278970703335	6.489251430882678	7.862298416619757	7.450835422149986	7.607991382869139	7.399673371695289	6.73274168625228	7.035469100658049	7.084689579389262	7.832435821663968	6.742351498644627	7.737947495544986	7.092971763840019	7.291062549156442	7.775873612478777	7.2391923379118355	7.675811367747289	7.851001791857208	7.741698529671465	7.948869283346693	7.395381730067219	6.891406997461772	7.064598251919581	7.964910876729727	7.704148377666414	7.201200020686793	7.298931292633434	7.113493884802284
ISG15	7.897139279137752	8.690968150722918	7.533193750781112	8.093455597985466	8.191126904432638	8.128568328217902	8.341412553763842	8.431761959893851	7.82657607812829	7.777554746561137	8.501862432666789	8.28577118884376	8.26824905992401	8.076001034343424	7.966953418446959	7.904801021243442	8.71277909469654	7.907609917277698	7.64142125796061	7.4959995904571555	8.421226593589738	7.90672274699793	8.090272394667542	7.894096006919569	7.858496168558362	8.205211346921997	7.992691599746083	8.593704573190452	7.980349398762137	7.897240981382389	7.8894356261242935	7.328976066110305	8.001685988556389	7.11560914826948	7.90806693362742	7.396481127335326	7.5397719738086595	8.802655649842862	8.048941755646094	8.010308800745708	8.571608484301414	8.810861983795363	7.766901247311384	8.3286910720759	7.937960598237639	8.41176917465893	7.733001577324201	8.346382904760285	8.183004204572613	7.966333025802408	7.124762501910515	8.958028108403003	7.972358942645709	8.30320245370288	8.363928885658543	7.914038182342477	7.5997873868294885	7.343921767336914	7.441477820049335	7.47798866581407	8.522095299062942	8.551055215678682	7.800004588766091	8.148196983484944	8.397406938032926	8.789861656707371	7.740217202619106	8.320988478450692	7.840331987692947	7.74856975345338	8.299513777649228	7.565668487995773	7.971370381877417	7.9950547049523575	7.331905042129434	7.8604817273137435	8.060084714584416	8.258715192484376	7.775039553776012	7.625253948167476	8.189850485937086	7.994848232321152	8.054950298651661	8.384321542121144	7.552636729376219	7.7178294959557725	8.238282029702184	8.642836997615984	8.21936055122925	8.283008650352022	7.664458986766288	8.642284319471466	8.005670915871338	7.842983330590876	7.98551393876148	8.207181867401637	8.51143941641968	7.469873856830566	7.885323082056329	7.361696038669174	7.997763203489557	8.112777612584576	8.198276083168048	8.455384704351633	8.162754709812567	7.796405456427896	8.147098593369009	7.801095229116331	8.399848187977488	7.9641818002991345	7.87008820745934	8.481223328423344	8.233178035331814	7.861318232294671	8.268556985587104	8.028254886524834	7.922990604668453	7.560041825929925	7.7415042908108465	7.66833220090572
JUN	7.659444647381408	7.198341339570422	7.09225828290448	7.749575596892621	7.668796854375506	7.88481601211186	7.680722963334747	6.864592510431857	8.289264391475047	7.806701181683169	7.8013294528583454	7.542261704626563	7.736320605618313	6.916733693214887	8.146088044674933	7.830447598723143	7.734523994311471	7.683260140839677	7.311038038369646	7.135713071043488	7.460873116446503	7.761912250475115	7.467211729529534	7.945747551856913	7.876769375653217	7.16709212557028	7.6727601089231205	7.810377945369485	7.200697885896592	8.195813882889917	7.400971304034055	7.336858573579057	7.964933585507069	7.540218804488642	7.5996315013886875	7.557347766958252	8.179455877180217	7.986853075810232	7.547692826112587	7.097587128010489	8.263853649930702	7.995016956608431	7.367301553875225	7.072483810687486	7.740835710491198	7.553438256281227	7.320101374402718	7.529326481151513	7.9911908770545494	7.676115510444647	7.5386535169674875	7.702790140333969	7.242329096169271	7.389629672532044	7.374480870675371	7.303377860945365	7.593034026679348	8.14076989179868	7.703158309096185	7.265213386790667	7.664489296828817	7.510327453057178	7.320845593402486	7.446605462684778	8.307587919551317	7.0201813413100105	7.7762715521463655	7.477405740262144	6.9216117666088275	7.302519686758682	7.802634417163074	6.990577267088779	7.819435404817368	7.415667019264102	7.823382476431828	7.2721718398719215	7.291867790881422	7.42223935170003	7.6441316543626066	7.364077064711724	7.27872222663994	7.425098986790153	7.888271591973825	7.514985676687071	7.913574153458426	7.967761390549134	6.826258898753696	7.570663244351987	7.614775967787262	7.631984099390709	7.2756424996362785	7.635544667476776	7.114602662409865	7.357789498878921	8.168252287627347	7.197931771020653	7.014802586628434	7.123969562765953	7.363383532095204	7.459483629586978	8.321104068185429	7.236331104925074	7.238284721626329	7.991593229395907	7.972553361210711	8.28775596659413	7.7538756440135295	7.157546633283807	7.806913242156485	7.643325449562253	7.349334575318247	7.638432383192129	7.547496474375247	7.429996537716172	8.120395592970032	7.876173566821617	7.500413673712438	7.7965048794986345	8.071769803429515	7.1236543028909605
KLF9	8.658454374015406	8.220667601133396	7.95911359955419	8.368241858006831	8.516198585581678	8.773590735148279	8.507375035003946	8.162217424876108	8.993055614963632	8.819636504508399	8.32640520827946	7.94717019106621	8.477723748572874	9.008141749474259	8.377685390297957	8.220409490567059	8.99515961941789	8.319435737806359	8.098277836388576	9.288295398742017	8.411617825645688	8.775955517727851	7.853733502388814	8.661697570779173	8.447492981800645	8.767244922290551	8.70556930163164	8.388644736043775	8.328596782253168	9.10448032989849	7.507214874780097	8.568345784956815	8.25770745312887	7.64503337136483	8.705010502490932	8.620719629699853	8.31397216054891	9.021604522121335	8.747283507409737	8.575482589136158	8.04380548584369	9.177955333536971	8.472477643679737	8.348407592584167	8.279039007600494	9.29597278146414	8.186431867102872	8.918540159587248	8.149073335587731	9.06547821970914	9.043504103899357	9.263971771882678	8.658435203986826	8.938140676629464	9.019138627903803	8.75664813211141	8.228512421624865	8.994627624165533	8.032975720152924	8.949674657178662	8.35493688070351	8.477386634033213	8.354869275406077	8.864488731656985	8.378266034916566	8.473723206399692	7.813489458863794	8.077665013127046	7.936849061799536	9.006177165864019	8.87378375260804	8.418340863895896	8.699675050840865	8.778127506989884	8.020126505997625	8.068073065259075	8.527253466122835	8.681985327162884	8.383215502941203	8.966662871966488	8.788464576222756	7.946447155384231	8.600141382067989	8.663962357597603	8.356938242826354	8.375370543084868	8.623334722628206	8.436239603898912	8.16966527249885	8.338340419532862	8.434859969495724	8.479123754438573	8.188510440001325	8.8411597367068	8.429780260592342	8.55180099721463	8.048154826641891	8.546919324602225	8.902611090927685	8.785408286658605	8.569972142358226	9.003344090281942	8.829598659165475	8.925560576436762	8.321708968164076	9.550294540823318	8.85556320842892	8.67796626792573	7.933238168610988	8.723379599179712	7.739519741209631	9.215878574258058	9.070803904821748	7.956415750900047	8.705115818648876	8.464827927348582	7.968946697801619	9.050358802406134	7.8149264685606985	8.32903456961853
LDHA	8.613172401680963	8.458326133150164	8.794101860373576	8.642566837530683	8.50172788976275	8.775641930664243	8.955006609326272	8.62600744780223	8.734136317917581	8.126254645974692	8.435355942481603	9.436669952907087	8.934699860771511	9.489843568121266	8.176650170438043	7.751651799556054	8.90769486399143	8.445755677565291	8.5125761152512	8.913242299821059	8.479763449989766	9.796747420325296	9.101673764269695	9.063252318185532	8.637981252761946	8.192411533417921	8.947709541240796	8.267549331345629	8.80970744548933	8.895566143198574	9.111597177842917	8.787740051799213	8.551115825999153	8.522585013777377	8.902619843949525	9.137709661200853	8.187549610332054	8.230318875241796	8.592892151030046	8.993905362536442	8.645524739477862	9.26133720901456	9.024093018284624	9.352410444748621	8.82442981335297	8.67141888197418	8.602687535835077	8.82745810193722	9.201776280866865	8.24049800587332	8.94438267928685	7.861409027620654	8.82601410079447	8.8305957254127	9.225476013538431	8.63060738787883	8.940945746314107	9.015069212035952	8.883740148816129	9.035378292415322	8.495874997415248	9.303256509277826	8.645491808830633	9.121123062338148	8.440345953639314	9.045405624006984	8.815814547364917	9.008058084261389	9.291751200927989	9.278351382975622	8.077670905586087	8.895818000123782	8.558260019112566	8.31576218147891	9.050344218559337	8.775030702437354	8.450269433910599	9.343549744606044	8.131461045633367	8.478721354207758	8.778248813978314	8.686965660926752	8.397120158524753	8.864637460085262	8.61072436748746	8.536356775105606	8.076853335770112	8.413400995533966	9.073089847557346	9.001193987615654	8.631721737540019	9.251009839510225	8.634192476383518	8.728802355600115	8.348976286273588	9.107252493827412	8.460590064978655	9.119520117955759	8.266884507096197	9.196080377011667	8.979149351853135	8.443189234528102	9.589019631919149	8.331315583800848	8.804644776260266	8.804280518415215	8.267415362231755	8.942471499231592	8.50673400001185	8.723870377607662	8.948859809881919	8.686831004319412	8.950988949456338	8.878527172521782	7.88433669340937	8.577803895949168	9.210840548942743	8.287047624357623	8.844675677202359	8.349301420032157
LST1	8.737795049007067	8.172274791478705	8.3096437626332	8.023237638165376	8.159570440073601	7.485920411993812	8.35403953370168	7.765509223040673	8.34151864182482	8.263769829313897	8.237618349760217	8.325787508538657	8.145578688958816	8.365561177536579	8.008250583851732	8.496702629647496	8.526042185782536	8.600849106383407	7.89617170276193	7.991129463533797	7.9123601200792475	8.189017551610691	8.057618272658525	7.783285667710941	8.897693592375825	8.382787093371636	8.046193279416794	8.187037183022284	7.849933697061975	8.375692584117308	8.346716962578075	8.279466196188487	7.916886018357674	8.367103886427932	7.6721296239971455	7.931673785359599	7.825765131176767	8.379092752340663	8.092258607350745	7.454840948944778	8.49515904197682	8.529408850368046	7.615335916397396	8.202740600928468	7.861769274591561	8.573633513445639	8.83319053013585	8.7452811274222	8.165795648672834	8.316714355858496	8.138643965410985	8.55462997064027	7.929064562936091	8.110766088930268	8.238979242435597	8.053343779909081	7.7471945255812855	8.335961806559727	8.745237237042872	7.988491895150758	7.9393490931827815	8.317776888132796	8.34986413299345	8.820160968117706	8.053622923244642	8.895585128844688	8.228416591200874	8.157661781364972	8.183773597755952	8.017802058589535	8.270407158226329	7.9994511075944725	8.841290539351965	8.252693543521573	7.458752239180378	8.151640973718322	7.979918780866598	8.46403930487343	8.037556666619983	8.602767877925896	8.622089918186564	8.141828606057905	8.177239615569185	8.042614354499186	8.644805706343021	8.17585641455385	8.241307118521183	7.822897078229238	8.324308235482341	7.880050295112172	7.653367489354812	8.2822936198571	7.654219866999996	7.671212726301437	7.763801978942685	8.098245299087772	8.333558798919396	8.180371826337355	8.408906658803957	8.418117751381772	8.546826129369768	8.251669083464726	8.279775884047945	8.803290727310321	8.69544314078542	8.161945549374718	8.144593874652424	8.779433779283863	8.207684433906584	8.893014944993283	8.280696166279137	8.589438171259632	7.354599816751064	8.063183159639395	8.73037189275374	7.701123924886117	8.533939789767137	8.227931668250335	8.415552314287858	9.042148260787096
LYZ	8.132814695405937	8.656631366383662	8.634031255611214	8.536392192809275	8.9298104812499	8.539178479195376	8.111570367092856	8.553946347930992	8.003950016637466	8.539299641169544	9.096131909659107	8.83135077572556	9.213442643883926	8.362104326458578	8.330802392399555	8.97393761566772	8.960534293286145	8.244919299189359	8.843380952874234	8.428098465445368	8.095410294002663	8.76142901624637	8.594223657613693	8.62228500478044	8.130741259309	9.18415545814151	8.240390999736489	8.766448344969024	8.708825715484018	8.832354584466245	8.40413229299811	9.624943260010488	9.095521383453324	8.77240660723219	7.981720874678315	8.079509542311644	9.058699928432222	8.962575017497954	8.0047933466893	8.133938621867706	8.608287400288706	8.919626104697418	8.90162594528674	8.333508599725699	8.91349252711691	8.474857027727422	8.087580245480401	8.82384014655087	8.340239678643597	8.436386503010311	8.356457292869681	8.616078946912381	8.440056825689432	8.712103639591703	8.64280463132551	8.843555573161796	9.448503519262477	8.693911555283684	8.447400614480475	8.195972346356795	8.71564002905006	8.291785524181853	8.58701067839481	8.626555253848077	8.444636920425664	8.926048886881631	8.518548374350294	8.577210232577725	8.868022195050866	8.718042744745656	9.031708110779471	8.518259434301182	8.794814870054287	8.704444247682586	9.354729131126383	8.373038379996302	8.442958855923504	8.235657004887528	9.144113376202073	8.391516190885925	8.378660959799845	7.468762458235449	8.187293600647761	8.702455050214132	8.207849475013937	9.073651137554673	8.728501410088894	8.43882006002759	8.485320486027762	8.38427894933604	8.980681460754694	8.97261101562527	8.753483532591826	8.116802823240615	8.798010220956463	9.00546628158576	8.54140973116904	8.784218237186801	8.909143587129698	8.550921792007333	8.257625642727632	8.174602628462237	8.78848692388883	8.925285975858229	8.569572418877705	8.491489968714319	8.897390036042145	8.453741046896777	8.59367792071035	8.81387996747664	8.536483165660968	8.52357264609227	7.780172773330211	8.15122883485351	9.007471656242071	8.740250760576705	9.558996137385156	8.466849661489148	8.754835394262825	8.605992473525683
MCM2	8.945703654329431	8.704439205622894	9.024096534512633	8.457228492315263	8.051149132150126	7.939831341310325	8.806828526923333	8.631517212676053	8.988496931741267	9.42951485883645	8.996926830529217	9.104038847069777	8.527362555139252	8.881957752788992	8.855923703940784	9.115837556206216	8.738287716220148	8.541712196536425	9.447590091254769	8.708705752035673	8.067316966076135	7.9046513366569355	8.48173876052786	8.830836790475255	8.768783384692714	8.71429747386602	8.598390566278182	8.746051676112812	8.560982206520043	8.777259629948386	7.871872847921402	8.709325633543255	8.871942312505235	9.166907414760923	8.863288959677206	8.322601352597037	9.226588557159804	8.900310671268844	9.0397544404045	9.708011979775694	8.742162192742205	9.520790761812588	8.260125970458594	9.26733028050712	8.634815800203292	9.220298798773499	8.6093379637901	8.454111619272556	8.602032739648518	8.745086464384807	8.690012860190485	8.921156374475371	8.307446069865504	9.173963052635724	8.998418087380543	8.401522840800181	8.598517324162222	8.463071134767013	9.145639786622477	8.52959681415026	8.536582785690744	9.081499204453968	8.413784939155166	9.329061638097889	9.09455548337479	8.563460558218535	8.800904112328803	8.665083113948777	9.1304047442492	8.677855228614145	8.826217427131553	8.770309331178721	8.695254372000626	8.41778452505351	9.076044022711082	8.779173842564298	8.736837031051516	8.805998713820212	8.664080663917565	9.044461606818563	8.798973454148411	8.32291753508815	9.053123558933475	8.42579002125532	8.895751223013157	9.072038037406111	8.987432242798567	8.898553933171351	8.678736235547492	8.850617531287153	8.501933636007236	8.678644207297173	8.67657592570449	9.313904130923426	9.117255438263282	8.845550181800563	8.585058293889116	8.959330038473462	8.68228342094375	8.889748382669497	8.415495977082589	8.848860477603358	8.645019580192873	8.787326648847058	8.686917060110838	9.358250943631464	8.81219555405619	8.461836217739998	8.599021337601766	9.076111107001632	8.839093816235849	8.091740662535232	8.905063979513244	9.222470716974286	8.972082418397868	8.35431070312288	8.910027221386931	9.085638291822187	8.04650416578644	8.747323008933233
MCM5	8.999051049015375	9.210611609909815	8.61241306039246	9.019980478799196	8.682784588727289	8.518528122540756	9.03410343591493	8.502393033039127	8.69261008646012	9.3815568238953	8.949923573158797	9.010047894038735	9.29481597883938	9.034723648021128	8.800051109619405	8.86245004132693	8.637484064065804	9.09753275076838	9.386066463714648	8.731470945069209	8.904518921506698	8.634620115653156	8.061006975782176	8.787047065828382	8.22236219252967	8.305608034867873	8.146996999995832	8.146534814021246	8.365630248891243	8.179723610375568	8.984083748101483	9.218406857492617	8.013225917162998	8.523213582621034	8.916502670154825	8.681093860305994	9.153456275584325	8.287039675033457	8.390937109981442	8.964663170712157	9.397862186792938	8.539376311471422	8.851115613405074	8.418532681623974	9.063833558597153	8.305494133366185	9.138905954208804	8.77375013128247	8.929336503103306	8.5505016923143	8.883745024563234	9.007228715880604	8.62572814907152	9.504460546431082	8.649971097817728	8.616042593170837	8.532099264916944	8.499564273443672	8.972418392373395	8.306453989164009	8.59681149972505	8.596045686071406	8.866445906779182	8.762916193471215	8.885784922030021	9.110478534815268	8.536301972053462	9.199942826896866	8.23905049146715	8.782499884819059	8.579310289255426	8.359061738840584	8.778355518154568	9.381399651907083	9.32638529304838	8.797427025278223	8.572665476390418	8.923660977953524	8.300253448258228	8.6963733147926	8.811864214887047	9.086434936686102	8.868409467250865	8.785895845130858	8.439061298173081	9.239450875509304	8.447358298198377	8.998892139272742	8.85599600015075	8.440863178678729	8.93479262208296	8.697722787977744	9.201595017744907	8.38586743176911	8.910806570113696	9.341459250705123	8.784077206012197	9.06576239303384	9.132394232277644	8.81030091543216	9.12280987249391	8.317861016646676	8.872132082587154	8.948748979554296	9.0261842654195	9.134647230274435	8.341824116499675	8.624418929227891	8.83166264057094	8.565990715797653	8.54435628029351	8.802015658456206	8.712705199562132	8.560588760119455	8.394760973345734	9.069690017960529	9.293510285996003	8.871590184327777	8.760109510405362	9.373346719391643
MKI67	8.823404624177828	8.572396864311974	9.2746308103854	8.621753961130729	7.934182067312427	9.12881398704259	8.94615479446499	9.120098368786412	8.9067792985035	8.635176252029925	9.047943845936187	8.92806568045664	8.39554238186302	9.04674496980291	9.146300693977466	8.505460413114102	9.058362457601488	8.693314504934692	8.579733064025199	8.662916311199377	8.773805383384808	9.187261457568473	9.430718299370266	9.342373155544994	8.840325881224638	9.144782374753682	8.430519030856612	8.200560099985204	8.5317030686677	9.075739034234719	8.341900154779633	8.983658951570737	9.311261442041339	9.169771435805124	9.311038061844396	9.040433029435482	8.916695617396716	9.662761664583496	9.40100905492293	9.091668199345994	8.518779910367495	9.164314013208859	9.633748580272295	8.740162586623905	8.573664254903374	8.840418024408713	9.024914229663818	9.552516976750715	8.123101541676352	8.90759799895314	9.554270026055242	8.627458410045614	8.272743602652278	8.767785112142601	8.562437261377015	8.684693725355002	8.826291629607287	9.239132651109731	8.567752241651704	8.819816391340797	8.337620410428356	9.196997876743898	9.093442179451836	8.879171991041085	8.398634403262514	8.13503898272215	8.629269284044325	8.614554547218306	8.965229572274119	8.83619406880104	9.33052458989374	8.66572633392283	9.076223295375287	8.352296823817262	9.010545513329735	8.486010298662906	8.67497599335458	9.23877103158465	8.290694781542998	8.632301974619802	8.564779803114712	8.321966915887867	8.121777970507807	9.104390785608244	8.845272994576508	9.337173390401468	9.183416790865833	8.63753206145478	8.755956128791638	9.230583108980923	8.591122664910575	9.126856316142272	8.568806890637303	8.983868096738469	8.566971171171614	8.328224366120608	8.166846144286614	8.917968508039225	9.158786071998767	9.321767655346392	8.802886116512783	8.643673254519868	9.294548603963412	9.193838454558596	8.591297941283408	8.658224020651078	8.599282901892026	9.518095222592022	9.233733586776884	8.857846519228843	9.329728291219507	8.801966456717587	9.118991488089696	8.952169883553196	8.580863271875828	8.803844013696976	8.595308570442146	9.145125128049632	8.61923486459715	9.207054171386549
MS4A1	8.626986200998168	7.848665286049113	8.808959354907163	7.712565864941947	8.686930007631055	8.412246004468113	8.63169294701345	8.28387076404757	8.30069526986308	8.139340718768635	8.339525810683895	8.557746317668338	8.634973716030744	8.446524281375467	8.081506011198245	8.838928335993078	7.956038426480377	8.465720022321864	7.466396570978794	8.10515590708085	8.51330133933401	8.309822763926707	8.73423430515763	8.02635109462976	8.28209992229908	8.074781553107348	8.505599208987464	8.486502893554182	8.878438334636796	8.417415986685517	8.00958549256593	8.874068562084126	8.292752356540802	8.18320782263513	8.102284486716892	8.224145403774713	8.746917787237273	8.482374480296142	8.458908515065707	8.564193998519096	8.14404702307605	8.623656580654584	8.338753625101283	8.256552211545197	8.380317016560499	7.986906425573043	8.127883390634269	8.43334648103186	8.525004881167202	8.319400687931703	8.748640126804267	8.45270850638079	8.212646360251446	8.549813675555196	8.227237707821283	8.697818653660475	8.358387854332207	8.762391681979224	8.168956268336867	8.293838064663401	8.327543952923595	8.441257236643345	8.41218888377024	8.613376213117215	8.045699678941743	8.86253734127035	8.072560334905901	8.091612238740883	8.488603058254531	8.1801235907675	8.3739324246359	8.084696188462562	8.741966282327686	8.054034057778505	8.40259025112562	8.268920930876854	8.557624537293085	8.900184070180696	7.8426436304767435	8.619757936265128	8.415543789342689	8.267342456097381	7.956975081255945	7.564769858584035	8.511429310395096	7.8579931913965355	8.593271207915437	8.918848802893935	8.220022576572294	8.218643618982034	9.18089980849843	8.584570621747178	8.304182436733807	8.153515272295136	8.267839817012577	7.548665933253229	7.754211457199489	8.292810695891223	8.596516334868534	8.114711231525428	8.140772853050459	8.416135286112233	9.086153814871544	8.775733945968959	8.21314299543813	8.690172548443147	8.781801186905447	8.257376201695674	8.090151556129111	7.810173531976587	8.435322420928427	8.606046703034552	8.585814990548792	8.018543425839846	8.586190072488138	8.189584868217016	8.393546443268784	8.259279881594434	7.803351526117736	9.139309747886104
MS4A7	8.441009187378151	8.349461925903729	8.698970816292956	7.606759081707169	7.57588293049581	7.856146910273137	8.145292585071148	8.458292803073107	7.524025489521372	8.413847368508263	9.036735936921279	8.19098147965384	8.549522608759558	8.560781128304212	8.2632896851422	8.784960772384087	7.923643112264024	8.411989662463426	7.906328891541983	7.912186158444469	8.318524023856794	8.034685132975145	8.025920298117335	8.41657388560872	7.939786590979748	8.54949091454605	8.060161061034043	8.445264968565239	8.576957234456472	8.198514569498402	8.5409573666617	8.133143689235856	8.37646908135634	7.8955768567114015	8.281555663955555	8.111489807639584	7.688328930054693	7.797905594348453	8.190619770730267	7.779015369286139	8.132688518406068	8.156322855227966	8.001475317623896	8.416631759227695	8.032580277595116	7.997056043381232	8.010582151072894	8.242404810052154	7.547337400345546	8.263699018596258	8.30260749195426	8.929231795866556	7.550766201171254	8.378162358143486	8.428502954980633	7.760954778130461	8.10413131514903	8.092907024785324	8.218915764415296	7.961096178024216	8.314238527985076	7.868380029159783	8.392358311659834	8.552442596904857	8.46994568468417	8.799594962769076	8.040214131545039	7.869501651498061	8.43995451893348	7.972557398130501	8.364145068023504	7.662798564557515	8.153789293925247	8.63279385981357	8.634314896699214	8.069330110491414	8.161006474486426	8.252995457810005	8.797679487975792	8.100036206674973	7.968223417092886	8.544994959303573	8.590941479746377	8.455308637616985	8.094613980251253	8.653970031829239	8.89717480838407	8.686005000481384	8.159165603500611	7.755925167362194	8.565227537777153	8.431809609202075	7.856689051529778	8.271047318169831	8.180209469419012	8.563868758832673	7.74839351221192	8.058043364893363	7.784912512560446	7.880788679345975	8.195591504967583	7.795432012352851	8.361865789019102	8.750123062110655	7.844093269541951	8.4591579656561	8.542578734058129	8.065028002441737	8.348059880350757	7.971020313783467	7.519651813405838	7.940349710606195	8.452969930348171	8.62836201739813	8.075587540188227	7.910555280765012	8.568754858188242	8.394554180719512	7.995312290077449	8.554554669079565
MX1	8.084923789827611	8.450158191743295	8.321470878655129	8.15241812238486	8.151055072623342	7.918885213515519	7.631006669560333	8.091787532960788	8.449677303133942	7.997861225555115	8.844338854753987	8.465038315503442	8.134545202041659	8.069037812278248	8.176610270579697	8.42907969989152	8.14741531637168	7.85050201245939	8.466207572593682	8.281691494623434	8.484159916519925	8.11262034574104	8.153251474135821	7.747437100165858	7.4965446639739985	8.62306530871746	7.507720740121362	8.897145196457647	7.778539257576872	7.935505081014832	8.300272548401026	8.619126633619516	7.743785077999243	7.6678461385238545	7.669151095661724	8.083768533507385	7.9761719719483	8.322921344912736	8.130564373414549	8.071980816304782	8.301180352219154	8.389131219918786	8.405125114075643	8.769338966886957	8.161548462955581	8.48083484166416	8.45405414052782	9.017840314542536	8.177631620343469	8.226137996238453	8.759205695848825	7.685066981810359	8.326288001075953	8.157987676089359	7.992683149506026	8.423044693785629	8.158848041333849	8.086881356135782	7.684196806751483	8.362370878768592	7.959094934284366	8.173445345536752	9.042443850706771	7.998755105287927	8.453200732843426	7.654556263860973	8.597088236016226	8.239986326158101	8.144857160026152	8.531671963349888	8.454931353249517	8.288739140650392	8.119470473588194	8.966837197960544	8.09455638130331	8.303032456194716	8.392966676984942	8.94192621916879	8.26131876179007	8.678829486430471	8.188520544399543	8.276754784835756	8.375824611975212	8.39573246179005	8.438634630820413	7.5867869568608945	7.995598487129823	8.670022214377067	8.08028563365169	8.348010829736612	8.677943375833772	8.718214591523212	8.901637244459959	7.975138226341067	8.156344083623226	8.184231827722474	7.631100714761995	7.95951969494935	8.387152078360106	7.822839494606851	8.475008266458824	9.034852854382093	7.901739867895649	7.312869781134615	8.117868963439072	8.047525874274324	8.261979084504587	7.985114541197814	8.29322182186533	8.865634355728282	8.164071198496972	8.335563177903753	8.513248498964842	8.28046267439674	8.23106381218374	8.226252593258934	8.372158005941637	7.827037714439888	8.15154382829626	8.444994589040888
NAMPT	7.498399255928325	8.083069483923916	7.608424296866814	8.40419406265272	7.866890107033506	7.877746072212286	7.929111611020905	7.390747183323333	7.942078870170947	8.323249213502745	8.042414453162346	7.988720128178891	7.551996252345364	7.750558129032641	7.393375448023816	8.040448812348409	7.699908130200442	8.524567808434913	8.494375121234137	8.46137031668376	7.971997952105317	8.469788570935437	7.9400846343453315	7.705690577028442	8.447401313135924	7.9677908073921255	7.904382114588381	7.9227516113102645	7.885125890119418	7.9624117186764485	8.332489710843191	8.390995651356215	7.951912780112594	7.390044698059135	8.020419241503165	7.6930807942251125	7.981071254893829	7.987302778014528	8.208054716329645	7.733431622219528	8.621071231099805	8.175872935633098	7.958968839759434	7.190753905007699	8.028002284310604	8.057170362022655	8.327407107624182	7.848690420248702	8.131426502939243	8.053331362788184	7.704233328865967	8.253284440970612	8.174808560323054	8.346515826174832	7.129503101950447	8.518367002826713	7.950250450233766	7.830156728295017	8.112813787672867	7.392429101925334	8.588264979916065	8.174894642501044	7.755479237371534	8.554856244390368	7.836823287556376	7.816829341818435	7.9508791707319775	8.029492666921223	7.967106615016089	8.080549607262556	7.832497202759525	8.404635775631432	7.738291234603887	7.819237948980707	8.117552463264833	8.074919481448644	7.962281422913325	8.127777156676347	8.324568857491224	7.458805766043593	7.778677272876022	8.098550221137144	7.795099267093481	8.525565814782437	8.087154800192303	7.94494698357616	7.687669340627519	7.825290681535732	8.333951488209259	7.973611261387166	7.968376070538898	8.628435195497609	8.18689223445922	8.158338086845811	8.193817726682372	8.379453745425758	8.34558351178662	8.374602681884582	7.542352678236526	8.135386377549015	8.055616520453414	7.973048694796272	8.02766986138479	7.991649930072667	7.8255278248253966	8.360979253034566	8.119793533241609	7.663044539465765	7.872188381557966	8.28114179696294	7.761610199746231	8.022427511471946	8.208726783576179	7.09645898392189	8.17951472278875	8.10308689782517	8.594125236956828	8.192297457705433	7.930267331085952	8.610497348695196
NDRG1	7.307140802675563	7.521700327696838	7.631532410929307	8.097142815232113	7.387470750471009	7.3544887306802185	7.973773151389314	7.725785585427123	8.503526238664668	7.915110955569845	7.63498669669252	7.936096691345698	7.888777601229191	7.834218129476953	7.801081433846044	7.31566676524749	7.5741059057142435	8.158960843964831	7.797492087074659	8.071307707231492	7.715541148116217	7.560967946678201	7.2081439554768885	7.650818705446851	7.550280130083908	7.834635446174596	8.185196327523707	7.81389846710581	7.267228909570942	7.484331759175047	7.239106849489223	8.036546345731484	7.644369513372667	7.5902809855091355	7.673445878525597	8.088016532176573	7.621931934853686	7.632531738123605	8.059505416762079	7.772489164950239	7.882958372199217	7.926752099416227	7.771516471132628	7.423269131477218	7.699578156294254	7.693590980685614	7.399170094740789	8.061902843803145	7.456961845417673	7.444928490645966	7.837559197887193	8.19657642126056	8.181664794641295	7.738815986042478	7.699981874073813	7.430872976300017	7.359002917223122	7.744748230417655	7.954960340157959	8.001427041873136	7.429780690559472	7.797683584046501	7.46567495445208	7.891009741572465	8.418901853251812	8.169213007578437	7.759656188996029	7.3488836921044705	7.561263429481446	7.534724185723348	7.265543086307135	7.794904888698097	7.356321875778213	7.408807898769729	7.360518949330173	7.731562872678864	7.078719177091876	7.5157761788607775	7.601270115671844	8.264480918755755	7.681283742229125	7.301008893749746	7.8547315471313945	7.998333523522897	7.1284396239946055	7.673959573736419	7.819983978408052	7.510217122523544	7.871171419871005	7.4569098875040405	7.4130838205425995	7.664395032336361	7.291140471482666	7.8582852098842055	8.435391967739436	7.757968964620479	7.2427852475662045	7.787903495213629	8.3147441383538	7.808081559869348	8.749231287619738	7.724359489054437	7.749973741983279	8.050643005510109	7.83769941876132	8.223362001115294	8.07117497501775	8.026448322351515	8.46385008352963	7.665826192095922	7.954980331918133	7.649643470521998	7.424116715783881	7.721332189613891	7.790006632437507	7.39487751569154	8.142751226217293	7.992654187168101	7.822224667775275	8.141898553554297
NDUFA1	7.7390056121523125	8.088049698843367	7.703386695681277	7.167229685590028	7.998586455644284	7.568630282564341	7.805894651190307	7.569924858393588	7.252666786397829	7.743119318454072	7.572968411490585	7.298990979419862	7.415173156472831	7.4327855999264925	7.899555639788762	7.372587010834132	7.12914340594773	7.9396697293216265	7.786080385517472	7.436559097123743	7.119620613284671	7.086083481009724	7.756932455932716	7.843402658187316	7.009209467759395	7.556852613528576	7.985748383356744	7.598950359758027	7.790532242182923	7.59057883156526	7.194836776407964	8.428318682443606	7.080887518795824	7.8761044243738745	7.368385757478806	6.898921565654408	7.7457229930462494	7.06888145708421	7.991489892687489	7.340040270443867	6.864739234383368	8.015349118707064	7.5110774895037675	7.746600119053664	7.892117335418403	7.814879666064711	7.478428315094731	7.628792490826731	8.10690558968381	7.122658341522657	7.603953510216128	7.63061196075601	7.561903276880921	7.83086380601496	7.695899103160633	8.354825371667303	8.013338080428419	7.937595504702263	7.481320284471785	7.599992748841469	7.88658928946016	7.019568337752344	8.3242353529717	7.318155114944678	7.7491749007577075	7.718067268617584	7.282883147555656	8.267418767067703	7.955890586327703	7.8287460625452105	7.8726213541615175	6.938714356341363	7.293488102251027	7.705309390604698	7.591128566248238	7.446826407608653	7.419357394756506	7.537952480437088	7.360345232657543	7.75764378070524	7.208456413029664	7.9762862194447	7.545153828389333	7.320125150241153	7.800892461913427	8.094768164300431	7.285613459190329	7.52452406066017	7.388008054097716	7.695103139157892	6.975590775175875	8.22780177799913	7.798326366527486	7.818117464267321	7.374870860566765	7.4633887920619415	7.379755290724472	8.026753687830002	7.6389443661036776	8.30728439372011	7.498220619408465	6.7214327113192285	8.248116730137092	7.953891729181828	8.202614884212906	7.688962620436941	7.530043027882054	7.879426162070412	7.392498012834252	7.772353108088114	8.368196586350848	7.4492800916606	7.3580485143574705	8.438377329267013	7.678120604403545	7.559933725850883	7.283671415448896	6.971271832694094	7.816713445732938	8.064175877966058
NDUFA2	7.7450834738035885	7.514828903912874	7.7699801372266135	7.374689265052005	7.9720714679072175	7.37167448658	7.8071839092388435	7.840434773721315	7.355350132801923	7.293467553915871	6.960383577694247	6.9926808576024815	7.596436615780392	7.8503294920917766	7.754971151472077	7.10988820909169	7.056392598942902	7.131038706121398	7.59606966514869	7.999005005829149	6.7298029706879765	7.648677226205841	8.05997232350808	7.732476183034605	7.617122177851385	7.451813764051834	7.595837586292785	6.975211936530803	7.537714573955584	7.565255331587333	7.2221261408897295	7.402031725107556	7.3320672180374125	7.109655720706728	7.756313418047369	7.651229069270854	7.20158980794866	6.8837724462318715	7.879442375986393	7.713014805476737	7.385144729141329	6.686894457339814	7.786594218845639	7.698007627847564	8.072098018442933	7.820820934692827	7.4604406779062415	7.517191693690162	7.606933219466931	7.446736770050585	7.979205596360466	7.826475604093955	7.663472857013997	7.427880754906247	7.5215821280845825	7.3097648817275545	7.530830173568964	7.232703117744728	7.6484318829961175	7.560272937104534	7.672201648496028	7.898430725882405	7.441747121277127	7.496475958847701	8.240953841849041	7.105272584673869	7.05065299301628	6.942494888624138	6.588996282026787	7.68660601554932	7.86565841993203	7.383627824798659	7.936562950143527	7.85916793561753	7.869300391615596	7.358252333029162	7.6128762636935905	7.802782577226214	7.856462085573806	7.331030404881102	7.372837230147128	7.664616820425126	7.662412181411462	7.657207289095557	7.8216707957977105	8.149555146101592	6.803844010962678	7.23083061460015	8.036519201794336	7.740393357642273	7.332571845977463	7.876083424054168	7.689451798427482	7.324004521985137	7.378165960438466	7.6856972548822	7.356691271159205	7.4843935486594475	7.390451988028014	7.276103485566635	8.026817206825992	7.400866008612144	6.975145783726445	7.534688660811237	7.361014247717387	7.097938232658235	7.478004340181288	7.648511815633521	7.41029882106478	7.515547335429097	7.646580521403763	7.113239730217329	6.812139245561318	8.064511913852	8.004936031708006	7.667122390221429	7.825402967170492	7.507683621516663	7.441529834540252	7.147441114729622
NDUFA9	8.411682018094094	8.739491897819722	8.821451866811545	8.414921290547449	7.994084451815277	8.015862078155408	8.924330396724514	8.940368235381511	8.903847891569239	9.435541893696511	8.839912053993979	8.98745207052876	8.31284234169951	8.941573383991171	8.91597852399218	9.236259367041162	8.650626609981895	8.742324768858527	8.7201641323644	9.336088542948163	8.560823024501335	9.001279245914679	8.541092078978664	8.386921994131454	7.981990839104144	8.406233080328438	9.111631699369305	8.557202745630107	9.050684516135231	8.856566214531133	9.095423340026754	8.323124421938628	8.849938548245406	8.840351713453712	8.883585401878795	8.670929436542908	8.6621803363073	8.8048753630013	8.1366134302795	8.32938776247702	8.606519220328805	8.843740294771546	8.920780616681704	8.705656963564984	8.415120239866916	8.201530636615832	7.87460928261295	9.01057115447497	8.662466199191217	8.938061548108816	8.967477578819802	8.305420453769548	9.301710860169074	8.492743354011594	8.498175602222606	8.827133025799085	8.66752103421199	9.076269578282249	8.988461068487556	8.931562208000287	8.54247945441708	9.040418184671939	9.130052533644614	8.4580809204625	8.782292407964217	8.758002166122981	8.841286474427273	8.907265125705788	9.406756815892257	8.62416441038448	8.988592804951995	9.033658164668006	8.724769178381836	8.717889903096955	9.056814485876249	9.172987116921393	9.024410395601182	8.618081535390628	8.736643047994516	8.781902666601871	8.55972964874705	9.2127765647319	8.542559641492485	8.896872747575989	8.888363209432974	9.006210786050202	9.000001003546576	8.78420308322175	8.805519268226584	8.800544976477651	8.710517707030643	8.469073917874782	9.450112974810295	8.33981749433516	8.803093606423202	8.909209726734545	8.463006871297337	8.611003156582234	9.125283122368298	9.007748907601261	9.210152791712364	8.66652217317497	9.389134049250435	9.136162632417058	8.506098373971252	8.749455509129804	8.848323477232947	8.76654385098068	8.526689570311232	8.289939434529945	8.700123422904033	8.95981924122536	8.991557107794977	8.642135064179488	9.29366418783519	8.489581591617966	8.406451049961257	8.93331139363769	8.557094401638846	9.091874214378787
NDUFB8	7.399846664558704	7.808029888796698	8.011285671819685	7.606584613607759	8.310639850593446	7.643982296054977	7.717922388197906	8.22066394581453	8.201098633227533	7.971540743447527	7.5957934939982525	8.28569069578844	7.7518039865384685	8.354590079709281	7.5133807337354535	7.701811868204669	7.75580382704831	7.79699156790705	7.830032308592832	7.287939530191288	7.780176666316657	7.857297706184289	7.6921842045458	8.249792597158667	7.36783055687484	7.9451714851769095	7.649440411465294	7.9441822126991175	7.593991097222763	8.746328513878575	8.261905608138138	7.6726005241783	7.45228398619113	7.911024758174843	7.365914797342506	7.880666564272829	7.695092461033106	7.845052700181737	8.066944755700582	8.272716031344254	8.411782565979442	7.949734242148407	7.900111563687622	7.361936366583742	7.902822918433658	8.118686795346317	8.139634948705691	7.924915355467268	8.234416954701196	7.7376949347381565	8.08173629636523	7.509258618297413	7.5640775784637695	7.9138205036465825	8.512460308236493	7.28269021465111	8.02868251248622	7.883330019971635	7.656105489006177	7.59505113838933	7.148255081751032	8.085649676739962	7.914939028538166	8.491628098799776	7.788257144584794	7.1768267538239	7.983968675274627	7.966984622363874	7.898183147666538	7.948983644156575	7.765804703188927	7.325851257146642	7.694627765646964	8.154729142054931	7.956771387070357	8.034484638203342	7.582466534284452	7.386766025919545	7.639171930315428	7.68821345997553	7.688227819500955	7.687262573795316	7.3925685767187606	7.928016977516197	8.375833595375399	8.129903152245543	8.646117038315287	7.7172411203947	7.806315564076054	8.20184681035173	8.096761230616389	7.572173892140918	8.065720571815527	7.848343773544717	7.77529554712671	7.619229499969534	7.998736516989751	8.598824192412525	8.123866966347329	8.126677213320804	7.8293143706280395	7.334946253082991	8.426499317263703	8.737023863123989	8.007167103974092	8.461477095283097	8.156613707965402	7.476987358800581	8.141469364322209	8.219847321938547	7.612178591842701	8.319192564833747	7.208864352189108	7.1648122269760695	8.134693405917124	7.659025258155594	8.08288923924705	7.576046474744167	7.817995936063921	7.745306307007781
NFKB1	7.092888812687936	7.4116856142515655	6.783124127291469	7.138406307821207	7.093763094964544	7.259554709558659	7.243764054603454	6.724996189053353	7.323776002673325	7.480424789270805	7.3256695000716805	6.564421871489416	6.5592901951784714	7.065817873297277	7.343690573273884	7.188853605383106	6.795378720257513	6.666286471006397	6.750731531340692	7.186820650733362	6.612666482097445	6.960380224090498	6.923216679738655	7.694260629825849	7.499474971176911	7.17798727361682	6.899963557110814	6.897851599650843	6.924008183274603	6.653313718636427	6.53042435821859	6.869369223449268	7.039028637165415	6.804134520945483	7.047615779519422	6.539615880507157	6.922633858819568	7.101172927849064	7.028690386451225	7.035859877998306	7.027850573121622	7.210918307582923	6.863844825880044	6.552770083021619	6.950612655794745	6.907970488932879	7.588649675950057	7.446075345505575	6.650197666374469	6.7974764483601104	7.2889680802807195	6.538633772005414	7.032909096041982	7.752682718489929	6.7938868985331045	7.665689429587572	6.356902693849499	7.816859846751602	6.960756610493166	6.893112565499785	6.882160703906517	7.134429402572327	6.6689800838209825	7.198237480180184	6.758004254563956	6.334766412350547	6.801371929486188	7.202540724757202	6.90897451982386	6.845729540192546	7.1843074637023125	7.240266591797574	6.839595015006006	6.926405345487637	7.013402758269864	6.803139235761516	7.317746926071763	6.913492333500033	7.050977555711887	6.820014839905404	7.422175479800769	6.745572753811837	7.249084278083391	7.232651410483761	7.304212796345888	6.804286940741312	7.580486446446486	6.527969773938918	6.501034103007806	7.4138855976097116	6.955466628761174	7.504457284292053	6.802731368587013	7.357642398359601	6.681268196195692	7.252537548474686	6.744980180190002	6.974942686931176	7.220537278753097	6.408631671633592	7.095330797758986	7.650265010362314	6.720291341324316	7.7006066452568644	6.947480740665116	7.124310728161566	7.456075659795652	6.150461921102645	6.945972242170013	6.842125299465925	6.660368692389031	7.244129194987344	7.069353332723843	6.9577515498907045	7.565307399334601	7.2248448368751745	7.536380436503804	6.776753840756549	7.492720993786222	7.2782334454680555
NFKBIA	8.148962644209591	8.179282877297249	7.362333832525539	7.667320501636943	8.02962997180029	8.745612277799557	8.537098321879501	8.84840012083452	8.583071866147561	8.287140453225229	8.091067860671124	8.230837264634944	8.27742771658405	8.424726095136814	7.962724825409505	8.357075432117645	7.881684525443481	8.485939782318061	8.159947580439901	8.339249832895714	7.793809039413933	8.43657823946417	8.23042238242683	7.76581912460188	7.926634496494623	7.500817602014982	7.606684812880988	8.268886139395546	8.588811999590716	7.600402740810579	8.563208708313915	8.465841361830556	7.848845393854346	8.363271968119037	8.15979708462199	8.337370186095928	8.373574077667097	8.061432195558611	8.098274707809825	8.304492334579416	7.979477982398845	7.687063715764061	8.100545737111746	8.376115817891781	8.275917540882155	8.683857711675333	7.715800891341242	8.48659281609773	7.93268729468781	8.286896202651338	7.811940005210714	7.367168538601397	8.218750354965833	8.324684163500603	7.9957072912761005	8.120962520551089	7.5734661501385165	8.171819648327917	7.743522046144092	7.9583512959782565	8.453818683455067	8.160830134119239	7.9510758726410335	8.327742287086275	7.507005786956799	8.047300154423933	7.645251354452079	8.121261464397124	8.22652345830344	8.631232814525967	8.0099222671698	7.8211862294348835	7.437684665205479	7.946374117386724	8.414311496895362	8.217198851649231	8.285836477830097	8.516356172353905	7.987576255982467	7.8766515818576455	8.328819671153058	8.018716044908954	7.987716235866945	7.929146984150031	8.675225487709891	7.71636960237093	7.478676824483382	8.817783765873608	7.822506346367243	7.9244639241923425	7.024974394281658	8.31796035601587	7.589599872068544	7.608586211168595	8.01053746147094	8.8341838419207	7.615322915832389	8.037389793230998	8.142527497598186	7.665084531721001	8.23355563445401	8.136481536799447	8.580921646859224	8.010371584177074	7.855539384268983	7.802753040389399	7.346702222544425	8.145287560052305	8.093827227318323	8.431949931757487	8.108743509052278	8.190625778610315	8.297497687429667	8.192041088100854	7.97865853363918	8.468340317279544	8.39867979942485	8.151854777487761	7.963579924870673	7.579233866838653
NKG7	8.191975087885973	7.619161380966395	7.914141177711179	8.654177171998347	8.523894534433495	8.302285791581827	7.772488466508353	8.055553296328435	8.378586321275376	7.883576369981818	8.328296231655084	8.26572547823619	8.34526796815902	8.194695078577313	8.092415275882924	7.64282533184889	9.028876865102344	8.083488720467175	7.891589066264474	8.517427915104374	8.987899103305946	8.408946965255698	8.185781387353448	8.541959700177971	7.892811698178319	8.074496990769942	8.13741586601698	8.070635808680631	7.457238228769249	7.969063795132674	7.8555888405117145	8.158855426606749	8.059127875029697	8.221960617221276	8.188309121651839	8.036362086621988	8.031937181637097	8.368838484519818	8.153784128761668	8.259460100594062	7.9147976682762335	8.024194070616321	8.526339226263758	7.854340032327633	7.816532131220068	8.406614951683034	7.559153858559371	8.281260708879543	8.346377343211348	8.401869506556787	8.414229101776023	7.7615850174432035	8.380182490821706	8.4152666749539	8.05863461744362	8.08683459870403	8.069340948157425	8.266788604220693	8.138345292156448	7.669036063000539	7.791982001372115	8.244019292018493	8.468346189243645	7.799787541779828	8.115788545582056	8.045698772841005	8.064663428486314	7.79592215666366	8.74238917416331	8.415407579991218	7.664809645283343	8.377929315655663	8.80114715342936	7.942299374240695	7.883570136146097	8.310491702855673	7.769373157560312	8.480807692403305	7.80545251034799	8.841829901837865	8.91171748699757	8.27383706285467	8.005176104456952	8.143518364645782	7.8613125305842635	7.866134834853506	8.083958770611947	7.997707341630877	8.058448346423678	8.324371664216114	8.141235800837855	8.36120265718936	8.99560626102805	8.70189531686678	7.968733951217234	8.336225730343633	8.524064001851936	8.218823502967556	8.586974959523785	8.1703036789569	7.9894270862976695	8.149828883246927	8.3081798767934	8.196806582048444	7.984563076947068	8.531225477786203	8.013481335495733	8.307867423241788	8.181554820727381	7.7762961235454275	8.406100556975604	8.830093894303205	8.87093811011099	7.555808979467033	7.690403387944177	8.46582779915203	8.798560318972632	8.759631177108224	8.554182591886004	8.205594449865504
OAS1	6.916076003392197	7.61135740986521	7.669191086504442	7.754382274630266	7.964250833274853	7.773201018834864	7.658950688413002	7.194956105519937	7.608676052554867	7.606929799649084	7.5488176115788646	7.665486308425333	7.767755408853214	7.323596430699779	7.727192068429721	8.290746878643917	7.691629531924917	7.568904667177	7.712738861752952	7.764191324118108	8.107482344831304	7.710368813236121	7.511367704137282	7.241851299668434	8.459108118230912	7.701439718011417	7.500313633891617	8.290265815860602	8.047174691214218	8.228978948248887	8.67881449642714	7.246119425770548	7.7355172700332	7.9279513276656095	7.14771054390358	7.195295198719588	8.545074894930533	7.418601128630356	8.011057387033176	7.612152564686233	7.695726311268563	8.463378155366101	7.640357064261523	7.022871442649177	8.172411691800125	7.491623117978586	7.8049304476273385	7.936806290802243	7.917182339685498	7.918968346546687	7.854365739509732	7.784908452774941	7.907650269910354	8.137211822903025	7.472637470229612	7.878032195186326	7.401621309151118	7.0837264997016725	7.797404204144478	7.891668087548823	7.234238216294535	7.929774428094161	7.677664597821775	7.171610970700895	7.554838633811415	7.74556259019121	7.787746819864262	7.881503044885456	7.967335938844698	7.915897367000901	7.939817436104492	7.89966311101957	7.514782999104961	7.5996522147378425	8.119849478059473	7.657187942802493	7.710063681688959	7.886923704406068	7.866511865181557	7.9016584848828115	7.745803541115384	6.832610927677697	8.296161251457944	7.942810348638305	7.903023276686169	7.986335141341042	7.8579321989440585	8.481868844372707	7.711309539843363	6.670155083414183	7.802370058014201	7.898808079495612	7.76240936097188	8.275401998701758	7.991879037822908	8.14458087420598	7.883803237716726	7.28249310088228	7.894527115147374	8.161794171583065	7.142204175686804	7.883211133788434	7.321977761119726	8.008601382919647	8.165619350676405	7.7460996095564	7.65287960465437	7.460047577628319	7.555320354024553	7.672986314565728	7.226203448148154	8.344379297144165	7.69047350929453	7.34771132461194	7.9770405231663055	7.947153876514911	7.744705854999383	7.241580914016654	7.777550432376003	8.211752958721164
OAS2	8.439574506539683	8.548252838285995	8.36205620039399	8.633151328403075	8.860734258086397	8.915046197156313	8.321548927133476	8.651342636333547	8.792261258276007	8.362904848932912	8.479993119052645	8.635242893431428	8.047323019989943	8.126508207948687	8.401835507344316	7.987686521746718	8.737990729984274	8.409795654222869	8.31029732562625	8.437537053636644	9.246782790910961	8.898127884490247	8.77076230254246	8.476661213604347	8.894454023676433	8.71732240445936	8.443032061257213	8.716836471455935	8.996959577429827	8.678224173439105	8.711202261348891	9.198288761954677	8.291776619249903	8.658517759100935	8.582408348338971	8.271128071487764	8.670360589526753	8.179172924657882	8.581972647450266	8.701687487335484	8.143862044005688	8.841653298536542	8.43642820405101	8.866030287123975	8.140726555400615	8.564202594146412	9.071130635701373	8.326700173073577	8.32266461628865	8.780561239335155	8.84487049161528	8.49716050618869	8.583260069471805	8.624276641385487	8.61211596129075	8.438985274373923	8.940734103812932	8.122858641770243	8.47473806372184	8.064077837140394	8.581712854739253	8.093245492217676	8.645169811592284	8.99847015519047	8.756801497114552	8.609895770029384	8.366348088021931	8.08553439822018	8.078768926269039	8.215019211592393	8.380672689612027	8.855329147400113	8.41730531917425	8.683538369035917	8.952562160359772	7.910076258407999	9.055327839687322	9.095872093308097	9.06148423479195	8.654593151041796	8.581405795550934	9.305976694543267	8.514208020858172	8.59381638082492	8.785207511507554	8.20211915214993	8.69095348158937	8.345584481283938	8.687872359757366	9.720145676727983	7.816841850115397	8.371634597690864	8.625270476506326	8.219755439036929	8.533022260020283	8.539205428773533	8.433879500987839	8.706418027820753	8.546288935527889	8.527726599443522	8.194073843796888	8.30781828233976	9.256371320672965	8.370626184222276	8.544954088435748	8.38233329993854	8.693209970705272	8.466071956658201	8.866408289630545	8.279252043280303	8.379902818374315	8.894164385858472	9.194602880507674	8.460509764848222	8.927169635129838	8.982328731726987	9.191690861831118	8.200844661424936	8.953499665008511	9.196019941433768
PCNA	8.587241732769838	8.527547549174463	8.756313048609282	8.764923662232084	8.536767493263028	9.134820334041457	8.224298388360378	8.333160007698707	8.601532625561463	8.691189732216195	8.418963375462907	9.233628730195672	8.829191461101878	8.567804745186649	9.090801188260658	8.57912450343812	8.019294286794677	8.624662859890556	8.89442410608497	8.828293696098326	8.547251900246676	7.894340434814766	8.439057216055934	9.038310891709731	8.15896734495932	8.92267739299379	8.533464651854752	8.107455900985022	8.195963661040864	8.614137416297577	8.738330637026694	8.401509088943229	8.266717336872203	8.56200782775093	8.955003045698666	9.140822310231123	9.10448335435729	8.707739867305266	9.36697168997411	7.786825652449662	8.73474280438455	8.421431161309233	9.556049177183668	8.298879038924527	8.462411934945607	8.626790927970568	8.835732633361054	9.373507602421041	8.573027615579935	8.262552767950828	8.860967892748887	8.729099417495915	8.885790856064927	8.436311228964696	8.86530592990253	9.33595760212267	8.225512946003715	8.310933961631068	8.598522544644283	8.075803396716445	8.754191892108457	9.032391347179322	8.106221372171639	8.352989624562138	8.676089890520664	9.153190821691854	9.400152525685828	8.654093894263013	9.12035480069315	8.366800271695809	8.423476157650875	8.442875252358533	9.096339089916366	8.648603430592248	8.714310656516846	8.58649317131012	8.710557163699693	9.209046663801095	8.571724980348723	8.460117953508131	8.393367206479091	8.543054683823838	8.153674780078795	8.671556075408537	8.509357512986062	8.619987204454782	8.361499807759053	8.536073743687588	8.195529266811867	8.79900137384977	8.52341734160308	9.047078614949946	8.199580412455322	8.155778366156321	8.319551581247394	8.826834144464959	7.860753495789051	7.766755843948899	8.41314446968104	8.387653892002769	8.467483126543028	8.40451604888314	8.77832782737284	7.892028414121626	8.193592541455553	8.04996092923077	8.352300847678318	8.62912564157485	8.978620047972651	8.647988211994573	8.47372278380141	8.454640468135723	9.172397295063158	8.276283648836618	8.114547103677909	8.685816851760462	8.307182965087831	8.5894072486381	8.366399909822716	8.434256702946
PER1	8.179280616882341	8.964108851100603	9.139608669509883	9.906571460731179	8.714127913780345	9.13565403493771	9.140471232537209	8.903764641845592	9.048250836159898	8.344870471250978	9.130394954985485	9.35049874678797	9.135236804817795	9.549155056873456	9.003151609651773	9.622252626714609	8.793946764341147	9.606475391394548	8.67018559835187	8.752311191898295	8.489413373527473	9.382863484252251	8.819775025322388	8.581897251976674	8.600143810312677	9.097014908830737	9.202886638798415	9.219293553956879	8.922213168719402	8.75215756873485	8.457026404138315	9.021158277912894	9.059794948673858	8.7304420786798	8.89918368420017	9.006260878704877	8.985423972147434	9.859364869478902	8.899331384788766	8.554151688722134	8.082680038219753	8.208433203099004	8.623133738242222	9.297360094072621	8.521859683253403	9.111785676863171	8.880277350559407	8.159261375058556	8.504234390894519	8.257061269493025	9.520758802121783	8.81065667961766	8.778316373602525	9.094984373788794	8.791951203040638	8.668275721497045	9.414617352182955	8.52738282152641	8.691868529150685	9.137169042467487	8.686432878796309	8.977424048899103	9.394403256628486	9.344981948884023	8.9964869701392	8.95442976819819	9.167616139930104	8.91609789727363	8.848009079140915	9.62156654009976	8.540025819704079	8.134336740613673	8.42351610390509	9.054860909782763	8.840003055872577	9.17995947544663	9.319758848748956	9.428322601916074	8.675345392838635	8.387037721934188	8.500891834684754	8.913276916524776	9.054230177806758	9.138784793829773	8.83180819722525	9.725075190838883	8.880608278999592	8.87202619238764	8.300884090566274	8.949202838611093	8.85771873433247	9.370008321117174	8.813996594759594	8.998221365574587	8.857023032110554	9.04215044697953	9.033364545806263	8.296083515675445	8.833765859458438	8.941696982821242	9.556257822291673	7.720821761855043	9.007798993444553	9.302163131643752	8.995158802795887	9.346704463847301	8.832044211030555	9.30908026293298	9.059293608570114	9.530223728913427	8.819148378597218	9.030608640664662	9.02530707828282	9.011835292072405	8.697932710329317	8.93466403230291	9.422445608543523	8.222337044525363	8.774738479736646	8.064791022520106
PFKFB3	7.547121763633999	7.1072916091607174	7.354940672843019	7.815978325760171	6.875119869484232	7.802628827747737	6.800803498185353	7.442306454679816	6.631343240156079	6.929483676679902	7.243859463449028	8.313725845565692	6.903769625276339	8.00535803221756	7.729476057284789	7.517684983427082	7.250232343574451	7.595626432364568	7.476368842106851	6.8712676510802435	7.309972953766317	7.9250807494078455	7.7619319530376165	7.117816163208973	7.265328493660197	7.580496351219177	6.9909389231318935	7.769952153857582	7.427568360617241	7.648518497881196	7.568819455541573	6.925209919463154	7.395478171042301	7.251183357357107	7.216582287808373	6.8825449376540115	7.6323025951099535	8.340412999449867	7.31063303943781	7.001176469483799	6.874286076996795	7.12116011512186	7.40508011292243	7.231654986905342	7.789801990948807	7.1959543698786925	7.621579515546742	7.740193936678919	7.251273960341948	7.6123307024173785	6.920287482703721	7.037479627532576	7.171951051330678	7.762107540695474	7.589318432147898	7.703476380738402	7.5196591685141225	7.216696371661364	7.278208311630717	7.371702229678816	7.890039001208127	8.409072549153597	7.176857514252504	7.652986134289127	6.78799144300274	7.159806758583276	7.65747844917804	7.33991580222573	7.465871195592932	7.267720515398141	7.519606473880402	6.705236713113393	7.004325649259898	7.915005598823277	7.756661232286258	7.123910615399292	6.986707607640538	6.774569030954191	7.302828330695016	7.328543455688982	7.62738305024273	6.963788749888143	7.163587030432007	7.6406055578200665	6.9246392850684595	7.131450901377163	6.937192164622882	7.958855194733635	7.18068534766908	7.52564432397301	7.581191671623732	7.204863021479097	7.338781970247121	7.263538242861577	7.361837694411992	7.9410264206582735	7.673872205828369	7.378919741371791	7.420120726915153	6.742141520665907	7.299262748339313	7.847681127776921	7.861059801452541	7.57592417179005	7.4188925587981105	7.047284838976413	7.28894386513999	7.188957223029591	7.74600632007554	7.695390434346799	7.458418699347483	7.677288323134853	7.792429891252127	6.706195226535497	7.284555594221291	7.44574797964247	7.310625855283721	7.464203045661234	7.567925110177918	7.693845366534007
PFKM	7.9175557166716315	7.729457440229773	7.991701065065426	7.816994044655158	8.25917368623668	8.636264014380561	7.55525841075906	8.265395830854825	7.946171667923306	7.9956666202361575	7.685606142577932	7.969785637416619	7.976165973418864	8.237953469683374	7.438943452488048	7.8362623731628265	7.414382976386073	8.178542390173483	7.623136984377486	7.649969930545709	8.245238358818336	7.559452585767653	7.906315134377032	7.494802531850618	7.587196957936314	7.904627163256714	8.026394817252783	7.669188558721429	7.6543990881109245	8.667179788893502	8.140534940035392	7.6912927261754405	7.345175031572354	8.358370821150531	8.430818434707984	7.734562932260208	8.179779108876089	7.2646192394046665	7.8499973959141975	7.981882310175113	7.602409999003813	7.736707198560899	8.79707717800116	7.757013443942442	7.986241174396153	7.91932823886206	7.470669714219554	8.409134539954303	8.294755544465886	8.033326041991227	7.878431890255865	7.778845991027029	8.108119121940746	7.468653645442517	8.15259599020273	7.906770314356527	8.095603302877972	8.076225766627596	7.3455932302355	8.03602334489321	8.062385126089797	7.812295984403898	7.941791934515097	8.536723148479794	7.700122354949455	7.65795238297661	8.099573147437205	8.345222729325084	7.855227139117256	8.266558011576326	7.438093155241663	7.753559921689449	8.478120730356027	8.137405401962988	8.2594552316525	7.637455337029229	8.018093827244494	8.453479600349704	8.2123197689862	8.090950134269702	7.579296128707284	7.822744644036438	8.708099067605936	8.40214662748881	7.897838420727515	8.046650205545596	8.099462566751361	7.643486047259897	7.6470472958756135	7.905795295350401	8.081246927074988	8.280507925804788	6.940119813554071	7.531698640769422	7.8146385707898265	7.576098692666119	8.382928164359917	7.573885096198626	8.068232939999906	7.754704534866544	8.333993526032106	8.345941337384513	8.293639390641816	7.6727051350404025	7.687885421767457	8.308742879787161	8.06784465551486	8.313340489028505	8.262630726022005	7.842075514383848	7.976900716108339	7.5408770280540995	6.942879329866269	8.327638582234842	7.96645947383962	7.41025108539135	7.512913774553077	7.660957700145072	7.787394618783222	7.873258488165724
PFKP	6.796521884090168	6.966128285545088	6.7593091163701	7.113501840494875	6.856729956449861	7.547368032875775	7.302055678658361	7.802185990710455	7.609971373020802	7.553583865446249	7.532637586161963	7.411910855139262	6.6729523088518805	6.800938375516407	7.453053203315376	7.1950659098146	7.337264294852436	8.187055252104532	6.543172397818372	7.355153375348145	6.882086206481348	7.8993646951529195	7.233931370932883	7.148076374624717	7.134962496255441	6.7233363687168	7.66132700356441	7.449523790963669	7.323671050082452	7.916320320963274	6.698507513168789	7.258888087746043	6.701123359477359	7.205493951680329	7.171312841507968	6.855150456241366	6.554747762253348	6.787297361818175	6.801906602813383	7.450943586022896	7.826927680629194	6.216110829192004	6.579604598247115	6.842927398685394	6.994800440769783	6.721249674104988	6.485329184906515	7.80048057127232	7.080990924877808	6.705113726699763	6.775267648373595	7.475229933056538	7.313300790816057	6.755985278368654	7.3184449185606795	6.998124049557199	6.959766739366667	6.573866166531782	6.606510292812678	7.540005132362445	7.308641950497298	7.631044873930203	7.368519762565129	7.1310172340074445	6.894625072641015	6.4049192440758755	6.858556493452645	6.985109673436176	7.134020183595271	7.249041288295892	7.099539281873294	6.983166233954865	7.261243551107981	6.782452630780868	7.087539047436577	6.93671540553278	7.068018815049717	7.1338925345436355	6.573388376182644	7.2523331296144455	7.852738898738676	7.661706152803686	7.15897217105806	7.190278488663311	7.051194273026061	7.491585944907936	7.206223578624781	7.308402835463916	7.02447368267861	6.408114697023035	7.128144768103447	7.110922508088455	7.578601428948447	7.227672271458239	7.134613849070357	7.140347841715374	7.346639691349278	6.633682468416494	7.034728032070659	7.52929319013665	7.255091682447504	6.928452615161285	7.021434158158529	7.008830748427094	6.866842616049511	7.459838068525472	6.794004254155729	7.3213076788485	7.411551011365311	7.206758963696143	7.15029909921905	6.8985055504876955	6.656996865455226	6.297608277077803	7.212853400127504	7.120981452222249	6.803762926927711	7.3138094683780155	6.874400240007953	7.66154825441547
PGAM1	8.522213712426513	8.503987385393664	9.076392228555	8.913074213283023	8.284301807771087	8.759476193594034	8.918735632758228	8.22714639251228	8.487690318201512	9.16814687535197	8.626002715732605	8.696394300388214	8.637642588356451	8.832343498426026	8.388009558297549	8.411516204253926	8.782440981549781	8.511917464038014	8.624742502298387	8.526921865589552	8.721148249038537	9.206773260183535	9.053160161383758	8.293399179519918	9.4814710903886	8.110209226154563	9.064758899714397	8.923531581194798	8.208516366952953	8.60250788792535	8.238714140205326	8.375242259793403	8.472318476220721	8.11460744838734	8.416248912504278	8.543374715822983	8.586298064221102	9.070183825701315	8.400073800449476	9.721889966383737	8.49332557045924	8.937296230459143	8.553372381302864	9.256190869556397	9.119521784919485	8.968238997177227	9.22400910016728	9.094721669857305	8.601090825048491	8.544051788026511	8.710404931890011	8.850579536780256	8.10269782490095	8.441755289992688	8.689237287440521	9.11879267499331	8.336043411476329	9.022814393393972	8.416188850166838	8.526629846744875	8.04444239002236	8.44346614024686	8.59300056792928	9.607792226959106	8.77558785414725	8.453358410766814	8.734222887832226	8.194486208645543	8.473943580508175	8.779249732985631	9.001100812546323	8.728190924926661	8.888522758466868	8.659279722921507	8.690973873783715	8.199597862191645	8.406124381513173	8.050765890936901	9.130463167338027	9.25921097319439	9.268273371225126	8.171793854319988	8.47931065752084	8.090198950596436	8.801065805424702	8.047154168113677	8.687815495563987	9.400926912023605	8.603660149290134	8.301226224410772	8.079915892773515	8.747623750825687	8.659853866249371	8.525527835694815	9.53505435633586	8.50299134941976	8.596418220559032	8.450128729620753	8.073986014418852	8.274928797756251	8.238473342694673	9.363892123943442	8.907453412483678	8.03013331946224	8.154583356141133	7.802627851699524	8.54495246778356	8.848273891530333	8.660315509781624	9.245167101942313	9.38163269818994	8.244606329698518	9.030907196739468	8.253286736953838	8.69217083357459	9.09532965591562	9.302644147434712	8.861288516218718	8.400324122190675	8.26884534105996
PGK1	8.257435521256525	8.24036218086361	7.469123411213008	8.204922356572919	7.97880272079722	7.756227276421876	7.842516021086175	8.044309084110175	7.700871882806154	7.988347629696252	8.256344240001598	8.150418076689784	8.5522524027352	8.45923541347296	8.671823364727814	8.062587586347862	7.91566836759181	7.914550066926792	7.739947831853371	7.5614418711863305	7.949397200627536	8.396242326724604	8.005905225564005	7.8821093016136805	8.30605929412304	8.1989866123234	7.778173335337129	8.336959324162333	8.041070560608896	7.79091450015941	7.8143071920877105	7.855725898232817	7.474315453012245	8.005285021486616	8.016834127518518	8.400281454043574	8.29059825584764	8.141759177101225	7.259404432697455	7.625697783317681	7.995336825734311	8.131117679263127	7.845803168283631	7.982447773908645	8.216206478831186	7.565254156693392	8.10782538764784	7.621110905320314	7.565594933423113	8.013238543178401	8.11083626280944	7.530251457731026	8.281296961784845	8.014507718157061	7.975608947984538	7.687803779618196	8.001956763479603	7.803556655391451	8.25652895039011	7.921897325060459	8.27178891966716	7.938940814340858	7.658141613046896	7.426740916685229	8.024243052536765	8.352031895483554	8.186908085950478	7.757852516207169	7.776392858127121	8.81855651804525	7.230844254321574	7.611805025096147	7.55485666095036	7.8298214814123135	7.547313099714204	7.427192492856915	8.410686219730891	8.02014820420141	8.04296485242575	7.521758400475	7.836973069071427	7.564263673923337	7.866988277055764	8.074689504136602	8.257300796351464	8.370181514872478	8.018029539127156	7.618220190235771	8.2878019415326	8.185525038180737	8.137485168272157	7.704845912409373	7.906919091635638	7.724364018275852	8.608059446368312	7.490393786215429	7.821273914195456	7.735051588265037	7.85987674673365	7.590157650178529	8.187761313204726	8.318681225715098	8.172383798721455	8.222963761698322	8.328892676965243	8.152197543375497	7.34667522081658	7.947792383484405	8.445089169343463	7.96546101252411	7.69361897535573	7.940444501072	7.856250199125624	7.454160678921412	7.427395389548119	7.86518916073226	7.885533920881159	7.5556364152654885	8.296979630009819	7.951107542742109
PKM	8.101593404612636	8.120766231573308	7.574537089812297	8.126086318128685	8.344078611503662	7.6573255548998596	7.998933029199702	7.5044071043502	8.253650611156013	7.215352279794055	7.767366961044324	7.742211202210748	8.281354528860387	8.423700698790515	7.719724472562879	7.863099667564215	7.579925012613	7.671694961287799	8.387315534698939	8.047450370485222	8.544391191751494	7.436884708565931	7.717848974484553	8.173459027860169	7.534007275667381	8.078145717357218	8.018829734247445	8.195691781520491	7.817949179970323	7.735136221199703	8.583394629408957	7.452093257748854	8.152516700269612	7.194290393835293	7.573828389275822	7.079984554224169	8.21611259558614	8.632024066778632	8.347464204543304	8.407895274269535	8.185595952328628	8.70596093753192	7.734273963138577	8.170123920044825	7.8605963339264475	7.622215660611535	7.536489919444166	8.218636659227698	7.589953363774491	6.935978477112092	8.191849691726704	8.4886073127737	7.506898807887642	8.361866245581203	7.61582955437437	8.329620097561534	7.740971845026448	8.072730532096196	8.190277503828053	8.24943304048729	7.968880034641091	8.194874121465817	7.743725024840516	7.550634743462643	7.7898705797095555	8.615934755442685	7.726061004761855	7.445718145638363	8.077378099216197	7.439246404092569	8.050595987153875	8.292625948963568	8.262481854248422	6.846589320628504	8.175641174794047	8.36754214124737	7.339435161050753	8.590860115323549	8.153340769897554	8.27966665151579	7.299642652522281	8.059760434295155	8.38725226373839	8.043716179855986	7.790326399335091	7.892962000218328	8.441842617518521	7.922379256394515	7.594877855237567	7.5757290344817	7.895344369648653	8.104987919081573	7.238728239240471	7.9194282457305185	7.906376157281106	8.316080968291386	7.423405327643089	7.756095480421149	8.062282030971788	8.194095959439462	8.175748847680577	7.652901836176042	7.7829558270731365	7.922483913672218	8.063025707018564	8.416227390973678	7.95163305098609	8.057831591561795	8.639179250973735	8.267520394476795	7.0565891899916515	7.76016683300944	7.71841088848817	8.038188119717143	7.886753245268957	7.707110358640748	8.155517391370239	8.113157158050345	7.368902702474335	7.820498604697716
PSMB9	8.225461249853257	7.471169477652603	7.682702968122449	7.983977200504148	7.961790662430575	8.39394118821815	8.06753293196683	8.32536394255135	7.976736213109964	8.277984970983864	8.030612844921961	8.158163433838947	7.970268906860844	8.115418834693292	7.995675581131138	8.608756261137534	8.568831535836434	8.241614326933878	8.423981989640438	7.991144874080787	8.265966903906877	7.239487832654591	9.043319084626376	8.114472455479332	7.938626975099538	8.646375045999816	7.992290749266778	8.509833469286553	8.682696801318583	7.882421218274251	7.80881840282456	8.709983200711159	8.18338028654862	8.241641949710548	7.628503011530452	7.719944567430794	9.0526705513434	7.671281625855041	8.355153891769637	8.388302950801679	8.505950347566975	8.706885241286258	8.206889268486291	7.736968802534439	8.658431105161574	8.033161151380268	7.038312342099251	8.304401269683167	8.364647836811058	7.786313784334068	7.462359289778648	7.97694122229223	7.495298250486882	8.675682224964666	7.703180557289432	8.237674903704747	8.381335593861678	8.173694294168003	7.668112667959883	7.908220027335986	8.782408035957307	8.16599409785597	8.06056165711881	7.809473430689761	8.281178902171042	7.905531264902685	8.518925022420294	8.234421089249762	7.5322641340984084	7.928616192609216	7.318729680304462	7.72692458696298	7.893829641692255	7.88515544876578	7.941791603602048	8.334775613558593	7.981803406902224	8.127992623889131	8.141156872406853	7.432367353325153	8.066854297323342	7.537844708604457	7.780063245278953	8.295645302812973	8.38425335858379	8.382372145580739	7.2903183910435185	8.612803918924353	7.907620608864422	8.39503328328946	7.616702327412479	7.8690075599608145	8.080583400648749	7.9715474288631425	8.305432667208269	7.7952359589440166	7.658894565712981	7.823372284006823	8.631026216872165	8.097612484281013	8.048105988511592	8.158906878600405	8.174405223238278	7.462602705825908	7.642832911549308	7.679686455571977	7.919466297424746	7.628300684435967	8.201791102360147	7.800235075984071	8.774914961872254	7.955510091297219	8.22639824704175	8.518430120302884	8.204464825180752	8.205791390311859	7.356806578267742	8.644753706914045	8.40743310820675	7.972701509625633
PTGS2	8.651103098892483	8.339963262822893	8.295821824237876	8.369367427586859	8.756576484679249	8.646437689408671	8.191593639507166	8.605196239857376	8.472344453975353	7.856909587974417	8.910887553160329	8.331685971245316	9.452608578350908	8.416641347170769	8.559801363052554	8.565422633833567	8.265380589784149	8.603441608532695	8.39331725230962	8.258881122155111	8.670051178711065	8.903954230583677	8.377352907869273	8.098716869490074	8.596658257916252	8.553678287187262	8.581522021385199	9.02770288062842	8.465343660343247	8.648660369757211	8.635911369830964	8.940110143127292	8.651564430461377	8.363914052668548	8.534529242886675	7.853668893808653	8.208969272912556	8.547660656591109	8.22932402270402	8.47998757157036	8.327677783273185	8.008661034575878	8.9885248676304	9.036118421366238	8.599738395598322	9.017203091040749	8.89796059380339	8.849027549722413	8.458331417933325	9.04587796376875	8.320908031546042	8.180202387718227	8.844063499776032	8.394805550624731	8.577623059745234	8.565501032472143	8.641407548236923	8.902670297440302	7.888492942466586	8.48123088025765	8.738098948555164	8.176786240648076	7.950729616797045	8.254544518116841	8.221151639569705	8.044519612261228	8.839146917105419	8.399865503368083	8.789040573227275	8.381908293128621	8.666279544855296	8.35849885136413	8.379320030300342	8.90770144719678	8.118064838209422	8.466353867284267	8.438759617854188	8.376951196439645	8.463739142130192	8.73606602534125	8.357417886538393	8.737596194778211	8.272630078585049	8.769447264074254	8.861974431839009	8.477196487209651	8.690959290206546	8.363575990530355	8.699317909877141	7.9795083036433345	8.18208288828725	8.224122984854564	8.743462475078756	8.830081124778323	8.626017330311997	8.801851500385325	8.076815086475134	8.69299806003054	8.303222641619222	8.956839022227761	8.978772012863622	8.226218988393722	8.501355471025024	8.346917009922636	8.588429608266724	8.62735651243341	9.543630856335767	8.574806878838398	8.14972793822062	8.504389246087564	8.28723180973825	8.499512588362212	8.745318197152137	8.49721775895168	8.909789002077606	7.775961783079347	8.984977487085093	8.426257229598088	8.771733451870016	8.34750686783358
RSAD2	7.3064260011493	7.935996833759279	7.1392074163084205	7.594731199354539	7.404265168138555	6.683280518993838	7.240482296679403	7.5194797428815825	7.732659953252935	7.418983782126259	7.9001923958190305	7.6069091596306	7.892493688163805	7.622242443829832	7.489041812481483	7.723257768307752	7.721565260993606	7.274747233037289	7.744548708783442	7.661630638486864	7.097798583757809	8.658269947057006	8.05818652080106	7.3431279027269865	8.163091215464409	8.001654251651635	7.443582638706572	7.380312845746112	7.680756205377878	7.7325996024570705	7.8960726617082395	7.556612297059724	7.994521441205561	8.337921427997308	7.62003340136323	8.199703873057512	7.364619442977547	7.931251570821235	7.358625645510271	7.531765891449878	8.484564163240655	7.849612358373672	8.134109068525106	7.379062821781175	7.678141788878396	7.387935863505371	8.079992033841538	7.532525692064684	7.94678672833296	7.369272790195717	7.662107613377735	7.410190606859386	7.315406097448565	7.988564693464673	7.9714428887682285	7.552189113299941	7.404465783730371	7.248548399444713	7.710499589024838	7.383043399375233	7.419978364691027	8.303974488444368	7.510336972480838	6.79085289243481	7.509325210852119	7.8966175356365165	7.911846283387959	7.9268473090258205	7.358365727991489	7.802057158723723	7.746827223168263	7.250181586672121	8.324605108959815	7.657866954402071	8.054795229267407	7.740786469702507	7.657469502558315	7.218736122004703	7.343311722767314	7.72117455856558	7.5904099030895535	8.315217934190404	8.04607250385008	7.350632576392969	7.529809293642846	8.262626931489208	7.474324251794817	7.302890668192385	8.074054010870412	7.214760319566588	7.838617441599997	7.722209622917882	7.646366905015208	7.697869218491542	7.6269026928873425	8.038051890555042	7.574647360234286	7.628157674453261	8.14884384916905	7.980450785699304	7.173432035456935	7.798498575137943	8.247714013656097	8.023103136699651	7.485309708210374	7.92858243643325	7.627697701875343	8.025575788260923	8.257191904423165	8.160706223290493	7.053971711912094	7.139167480406261	7.752666774168044	7.8710463117097715	7.587381058810743	8.48627515249175	7.792648746457734	8.2443308968406	8.421753493834157	7.804800637573869
S100A8	8.257720373562785	8.561585767568877	8.63965996480177	8.074163307072038	8.727225300564147	8.179162974449966	8.558917532478164	8.274569400777013	8.339019728744809	8.861821083150744	8.405398427381565	8.971617074993656	8.302311991519385	8.579388016055566	8.434666522612815	7.995769684775845	8.128014252803862	8.589215784957954	9.008091022944113	8.118375122860527	7.983683907959409	8.64450452954695	8.54283867383437	8.379176543959689	8.237808794619246	8.427266966904114	8.860649869240344	8.763691603698234	8.653431156443876	8.426347970007392	8.839206804735934	8.81284725704444	8.904192076055777	8.756654271005322	7.94506577158996	8.816479239485599	8.346987591938369	8.495329961605966	8.061659769814899	8.143009015839931	8.551725236764016	8.192402723594206	8.482252148609547	8.242043000329303	8.25401009250672	8.794686463821384	8.106658638833443	8.878805055510604	8.356537081933663	8.122657603288971	8.026285440522773	8.721046671913587	8.653900353214086	8.383225556332638	8.605902640746574	8.435569920294782	8.734751084277347	7.987103320831022	8.24821566789325	7.87595189640237	8.348686441543888	8.853957144960217	8.685807772657636	8.175508188985255	8.256329373256866	8.040238161731674	7.8517003068866575	7.883370434734935	8.046262780443705	8.302846427587822	8.45637598400752	8.264745344182508	8.918521916413367	8.399672374614152	8.403438053201212	8.43939876568849	8.801100118443573	8.82113083080649	8.88884872647928	8.28775292220926	8.807960527107904	9.199412962365034	7.92628141365607	8.433674277839444	8.955325982995483	8.571352105936118	8.27529269924622	8.536655790526332	8.30584935761172	8.695848422927778	8.179323914890956	8.243542987943083	8.06358164429309	8.283495125643386	8.784833633207983	8.420348676811177	8.197305638462858	7.609026378564903	8.457175227177437	8.315280700632945	8.504692776144923	8.681195737601774	8.10922183277479	8.63756704007508	8.1779281700134	8.016723940282308	8.429749132051784	8.184146953674084	8.946671692626673	8.36260351140332	8.294099740167727	8.640932802196584	8.877928293246615	8.88384583131608	8.004602251118262	8.499189006899517	8.364071089043204	8.807888093642106	8.511953315351157	8.677078257576268
S100A9	9.014697283681938	8.953241659984254	9.06129183743971	8.616718791673089	9.255824398102654	9.368266962241632	8.51095776826891	9.478791932993877	8.778133338087677	8.750101025850148	9.350197716280924	8.918417449273763	8.851904981756782	8.723997080020325	9.243224477123759	9.031647506599775	8.997801717644807	9.68479181060074	8.869333519869656	9.241059293565742	9.084838737644601	9.103043548814288	8.936891249835684	8.901259215563089	8.924877062843134	9.61432981624553	8.778122899310516	8.906153271767852	9.380241764322575	8.094050064050139	9.464687550870448	9.190357561263843	8.918767322217418	9.312429493693292	8.789660498761878	9.17740833852756	9.561962844872061	8.758816839359485	9.364984757145155	8.649523879273758	8.952432492570054	8.65971706345731	9.687439460929795	9.15509843456042	8.625620831998884	8.445230900579348	8.842066092463094	8.565628203757191	8.974092666714444	9.370822730523741	8.933360479484334	8.475025708413705	8.979481128084249	8.725594374799158	8.521357137805694	9.102244246083895	9.149230993191232	8.680526061768141	8.837023272679614	8.97951466569326	9.475424939061478	8.858266803421289	8.898693309004711	9.235296474400503	9.167212454133416	9.462898603286016	8.98562765155479	9.326985096631715	9.093798600245618	8.674108929706538	8.488656568474129	8.201948664202506	8.387679931689703	8.733065483255094	8.578722259505822	8.727967095142063	8.468332455465479	9.364359491445548	8.565879730961623	8.369797626045544	8.996540914785259	8.57143958309029	8.426745888103447	8.936850691413598	9.191333466563156	9.392741544859238	9.566945792622679	9.125443262644188	8.607116113535625	8.917035000586718	8.486654476774506	8.736456310387176	8.293786122424045	8.234334052225401	9.755848736122259	9.21712441880407	9.225904940630816	8.756976151444064	9.576033766584477	8.856006448608358	8.642155834404432	9.012933282217533	8.662618846261095	9.0467579505816	9.35093474342057	8.802552075970285	9.208338234186314	8.319870372253781	8.301114937572194	8.548787744698114	8.482022749262706	8.513171377203374	9.454781691364666	8.752643523334605	9.184339451785124	8.593280498836346	8.556362304474574	8.90448347153335	9.186952203439146	8.76181070074193
SDHA	8.522724743100504	7.975750047249243	8.64609857156781	7.960765528069753	8.591148739321502	8.34037841086873	8.64108766626486	8.451695034555616	7.968853003777991	8.009492695225777	8.247334768679986	7.9765943141128375	8.130755254797318	8.726784449705544	9.208027046218799	8.470973460748255	7.754956616428175	8.720892214881662	8.138594791486058	8.042853031671562	8.550316780952235	8.734362499124783	7.994385187238591	8.588136228430951	7.674003606049421	8.419077238309315	8.271491906792237	8.938550642870284	8.026396897206055	8.813363334461192	8.653461012009195	8.540436912093613	8.155822743237904	8.492922479468948	8.339025051628818	8.692243668962794	8.59617295894405	8.052871439951943	8.482441468427321	8.342734333182248	8.813100456351142	8.590959663865059	8.54114547950103	8.690780501944069	8.09952570973882	8.713845884606464	8.340202559950843	8.3937721832791	7.954765931495695	8.012337362110777	8.214763783121173	8.439709074921259	8.301629293754493	7.587302267954877	9.07517978196868	8.12475235868011	8.800988117905101	8.35159775963843	8.309453094518366	8.732539514917102	7.913813308471913	8.43193338307929	8.227312359878239	8.319695873829755	7.868900002299658	8.137027960924597	8.284036641350903	8.146661090308632	8.171044504615887	8.376380373080705	8.556504191198579	8.35434510506375	8.444133084365031	8.410637591840144	8.176719299966448	8.4109407320052	8.444211283748633	8.973366109398066	8.303278063656922	8.358586366805222	8.150158014463546	8.569123340069439	8.097761976153627	8.213977264586758	8.608240894485132	7.56634023880272	8.78124907114469	8.959892623010028	8.44969732469784	8.563756198411028	8.202077418868326	8.373245070506183	7.794974324777391	8.518031948167788	8.414328263317131	8.127265158315252	8.363311904667603	8.427189467947839	8.123400626624568	9.175993867607225	8.463938371105638	8.549748162441647	8.960121546942936	8.547267144903703	8.24341865320557	8.268822703863734	8.737682473256584	8.3139267782776	8.24686717581614	8.765004875451217	8.463433035886727	8.692503062682334	7.441460716999516	8.76778773059576	8.677743797699643	7.925322588899186	8.104368796117457	8.133878724593494	7.875542348401664	8.254548706752859
SDHB	8.101003145104983	8.847614971001938	8.306258479884594	8.316240753233366	8.398789206223025	9.070382083533946	8.398456415264645	8.521428450183516	8.49154338537587	8.457063421325186	8.675600447565804	9.008318721439515	8.214147758497607	8.975810997471513	8.589170367946767	8.71311868397583	8.13758238838861	8.8230430048278	8.844065503862977	8.836943100248938	8.440420695487623	8.697203107931124	9.030330475658138	8.347192382612446	8.503663926527363	8.369939314650392	8.619978400368623	9.613204233606728	9.068108344335577	8.707942508742287	8.175721894846854	9.153067791885515	8.557700306066769	8.415680070384301	8.330728906975118	8.48916592906737	8.586735337626033	9.328230455400009	8.531320104548499	9.25467590222663	9.13660167742681	8.43198167494342	8.605016703539146	8.787702929620133	9.086618094799421	8.743665145860538	8.732566621292474	8.333091612543576	8.722322073384593	8.464952584718356	8.218500682413845	8.469539418871467	8.753647134545544	9.427662213442115	8.177949810271116	8.358009492492348	8.831550839203228	9.433091892069047	8.821139406777647	8.258760945080429	8.108718827216913	8.329599428898051	9.149854021476157	8.1047223311012	8.16728386213797	8.719250910775218	9.206847938519045	8.674768311844256	8.989691047290362	8.676756670500565	8.967673382335608	7.874777808720644	8.327628018281608	8.772832561049368	8.78537305733518	8.927745039963598	8.7992519045519	8.020922875450939	8.71986323987973	8.448956995121906	8.72408614467058	8.02463963774801	8.463685737119603	8.517711977554706	8.303872916871947	8.627542204575096	8.000259209443499	8.473974369421253	7.990003511118187	8.286385105173185	8.21294637266595	9.086572649106873	8.360884652421138	8.656016294086207	8.521721808203516	8.399841743407286	8.586364615461331	9.176131457236988	8.400377867468524	9.286552964076165	8.798960989942646	8.657451750704018	8.852281259878577	8.694929310750148	8.662980682754233	8.080753991835914	8.651686935542466	8.503879090455886	8.353588901427994	9.129444939020615	9.09281215584285	8.140188570405	8.755398246334057	8.465515243442404	8.709336930465145	8.482328182136177	8.406836453300524	8.715999560265884	8.218941079848026	8.895982507661623
SGK1	6.897857483743623	6.963305328982226	6.960231553580593	7.212927532208514	7.103628586590814	7.626028676993865	7.215245097239753	7.340594085455481	7.290004451755691	7.604776680864584	7.249937865705484	6.59769021813523	6.975819744809085	7.474106247619778	6.526754495291135	7.587878072897499	7.226830907278316	7.852943947660366	7.137027416372148	7.403883463840949	6.815448962155478	8.073345179131467	6.3668855187173214	7.929750465144336	7.351306774119592	7.779365077464815	7.490437436134279	6.8246077185394975	7.412039190489856	7.574524993532067	7.123533160196194	7.206290645697543	7.433361990223264	6.9803048726844406	7.215015913260464	7.365854789927132	7.321762276148869	7.641227479318521	7.324890637463191	6.993180424270398	7.332380589124869	7.468216359989721	7.647386666595427	7.346022247087419	6.963395748426375	7.432412768080563	7.168790003179471	6.587332803840595	6.66224424634693	7.526202177106044	7.365034319769288	7.440475241888891	7.581672877670839	7.6062237474000165	7.877899867586185	7.0788397556394775	7.414574763826628	7.662044460231303	7.356273936313962	7.126805692306091	6.670652193441126	7.575729380852301	7.4372001607221625	6.410327308688723	7.225305327089	7.154223021917199	7.417221248938242	8.324155027432685	6.871430708855299	6.37123810314466	6.6711794458340234	6.619616693830245	7.022361367575886	6.9400339739663615	7.617205334735494	6.879477239898195	7.4250439432445114	7.5704439351240564	7.159008125653978	6.246376275326764	7.181807552542908	7.34947217863615	7.11904183369238	7.659927446526577	6.920484935369741	6.967368531275705	6.734662981143127	7.204108155564937	6.688925986052073	6.855875616821449	7.4762141131434285	6.980732997737756	6.861734975357619	7.468731981611362	7.07021359792453	7.439565445593769	7.2181723801272755	7.6982976585863065	6.7979270622123185	6.820762992145815	7.364437623463798	7.580178132700867	6.823242019952212	7.048387709193313	7.417548785929833	7.62418847578284	7.236286273809337	7.036560308313469	7.070858669400733	7.366000847081529	7.005969156383139	7.078526010895098	6.962097136062226	7.852608534911573	6.9780346567338345	7.2852664371236715	7.150866400226198	6.710779051487503	7.208920255870953	7.025088677479682
SLC2A1	7.873485685057912	7.298804069592078	7.929708522001567	7.568956401697708	7.0928576983909615	6.867372415166804	7.2899157958754275	7.173598954954909	7.235795096935709	7.350634963326623	7.8378051290427875	7.477275838920572	8.013526606640628	7.142107547723329	6.943902772318053	6.7587494836079	7.989427731428159	7.51095585786891	6.441358939214667	8.264893645078454	7.527343134437841	7.664820455091169	7.445666454540185	7.6202491119997635	7.048052799408759	7.861988551057252	7.785617289311689	8.149480092486403	7.569853492904207	7.349438792995763	7.148492188197298	7.596718314345992	7.564556547989077	7.000789586861348	7.456814971601277	7.856596713153712	7.283625776784479	7.195436039341194	7.815884046429566	7.203660947334676	7.507617552319272	7.5195905643187215	7.251219631843955	7.842926986611656	7.7144661839502895	7.792134631599929	7.397433396823442	7.19658466183027	8.006838361739554	7.632309461836703	7.261236204522375	7.257753999836642	7.698755897519358	7.878731611236963	7.507165053019884	7.88191663326372	6.671501845169547	7.402257949093188	7.807137897953222	7.128116686544551	7.259440948693522	7.574068966269514	7.586471054888744	8.110750510227405	7.366835883231263	7.747217655138389	7.304737892826995	7.931550279229686	7.202225165978549	7.6960587818572535	7.169560057025241	8.298257845398012	7.7876861170218525	7.526109567031778	6.929776729969007	7.43137572709624	7.2626062662821464	7.337588788490864	7.412897514224803	7.624552880945597	7.8362792244585	6.966829337578132	7.349988813987056	7.343502966823869	7.202588175662982	6.972007068687099	7.768914953943938	6.9298799326365526	7.517596294763646	7.827278954261989	7.354519659590337	7.456074255483968	7.363389292484555	8.293405339133209	7.203356462360999	7.692570439459942	7.476865479726776	7.786148894864327	7.481454256946121	7.3711257306446605	7.2825891571671395	7.247119319435629	7.012544465931609	7.48611663042606	7.098672602980107	7.242831814066516	7.203099144332185	7.583447754951676	7.430958856316332	8.269017195644206	7.83047179624388	8.025612889094859	7.339277158644929	6.6466972344910555	8.437421457386948	6.680334712534601	7.9885367336830395	7.795173504385383	7.5708908187515895	7.840372279297243
SOCS1	7.921635587667315	8.100671491901158	8.777117227769525	7.753860186700808	8.07041460541909	8.154919686709597	7.755726323065075	8.585255190332655	7.5124085132969824	8.72689895731347	8.838446490461115	8.673049169351335	8.218399005905724	8.540516343592998	7.841913955522742	8.453720795785681	8.023342643509263	8.12021125322624	8.22573565595645	8.650018266205858	8.670885745859133	9.62122747147058	8.162798709857206	7.838968707237868	7.892870040410273	8.909852138579087	8.459228444292128	7.963309096824998	8.009880659458304	8.704666641743307	8.207222180121834	8.71468111860383	8.530479138764479	9.331885521466488	8.597252117422991	7.859802498290804	8.740645057222613	8.647284829936627	8.277534364311657	8.49812849627718	8.581082062108548	7.882151177847514	8.296641469835887	8.229754295458374	8.107630661446727	8.885428328730251	8.333501088870017	8.041768473290901	8.58023531171196	7.6427979274274405	8.028793745646915	8.063541105169213	8.52403822239789	8.553775923537662	8.438315510149215	8.983366189932605	7.974329621169527	8.62412675415411	8.315098243285313	8.607919261940985	8.462135089981523	8.3039520117019	8.07171828115818	8.304418106166867	8.873102188238606	8.072067116287053	8.752321469470555	7.7512576929956145	7.811130483430156	7.778163796249098	8.552867728452277	8.337397374089681	7.862817529407605	9.37391225253242	8.024909181969898	8.679326273668552	8.080830138102483	8.330445395291074	8.590846105892503	9.143817063398432	8.194198548828117	7.871231815848462	8.607034557314039	7.65632476920409	8.125919431057389	8.001226045873269	8.499722742557292	8.60025229091667	7.781167059484847	8.963322783693604	8.347176739321414	8.317275079830443	8.318746662933469	8.060551769174904	8.003009376279381	7.6861742079527	7.966628141343052	8.65451382037453	8.711416223760274	8.548126292381205	8.613472160075245	8.456136321227605	8.140031128646266	7.987871349751927	8.962784212571572	8.049984584529735	8.854345689309449	8.147424338317743	8.479444748559366	8.681654138641575	7.845268108671523	8.706029648987935	7.601429544047795	9.151111685445844	7.8471656041949345	8.11602458626247	8.602831620783581	8.969786493028195	8.594539583526979	8.677261727117465
STAT1	7.0946960100809076	7.97075851581475	7.411871098404826	7.3645126472020594	7.437308793374041	7.3860122558823	7.949050199640721	7.660140169417415	7.448321878955255	7.477827415290404	8.111552683154144	7.884982783669595	7.685722595255655	7.498733208649587	7.6594787510979225	8.157464415757387	6.670949508819241	8.067808300349448	7.9532214598922994	6.8827249150167455	7.302657940473701	7.27457299595578	7.797341398632945	7.88058153362535	7.376727648452034	7.593889844017192	7.773778933971206	7.6156445935915	7.5879924670025005	7.313625317625206	7.689840182166622	7.437296060445142	7.58320336561059	6.564592506389541	7.464153342324224	7.015729137562996	7.8025359170177575	7.841369459259019	7.494000962410436	7.879852539897733	7.187596768199985	7.600842852060583	7.060536481914191	8.087698353148847	7.226766814401304	8.13356699211726	7.531815139592918	8.176462995446656	7.289507465301046	7.390181040299796	7.535557727813246	7.800684854866355	7.255590106199937	7.801109602744357	7.766063166488188	6.905478629952511	7.721235008166053	7.323653630526055	8.38263365390402	7.664607531075772	7.753567729239156	7.847960016737518	7.281383842326245	7.630464197245905	7.28502539142857	6.927844420154823	7.237504288261376	7.631744309928647	7.703116643652201	7.92856324619236	7.474096303764472	7.018082317978741	7.514297822536841	7.147017795689663	7.551461530360321	6.8306381911689735	7.135267572746606	6.958013450239945	7.901388134244856	7.442548679868714	6.804886142811007	7.316692336173699	6.999199002929805	7.646426164299788	8.172788657581604	7.357046519118173	7.209002374587327	7.17331776787484	7.238353245903286	7.282538672361626	7.434733628790719	8.015486050811537	7.274748795304156	8.02608604443571	7.6891616219409915	7.19027470009323	7.056787968345602	7.160447886706455	7.507186933098125	6.658721453025915	7.057806353294236	7.365036528912573	6.985171517316674	7.638893548940472	7.225138650822459	7.752254776497486	7.612760248816494	7.188207560519195	7.899691572764525	7.8259944027533965	7.784782384617052	8.06068561791393	6.9360012469026335	7.6797042215241	7.226788332955453	7.682121230704802	7.309236522356248	7.53065946176906	7.941899238934554	6.678475367376776
TAP1	8.514024228537721	8.25570330207111	8.041925387933327	7.857699017918343	8.527803128156188	8.329634968234698	7.820782982795294	7.867234711627654	7.7255847429459275	8.400963921674665	7.879478910418765	8.068881694687281	8.994190874051199	8.149758405603565	8.480923851593523	8.375264572665248	7.787294477918634	8.434145433952732	8.817029850115176	8.176268593889693	7.476233062047952	8.971344083340266	7.986015270890109	8.139117582850812	8.000358771265574	7.955334933497023	7.748068475858	7.968787167348951	7.781146070123596	8.666698125339595	8.13912314066571	8.514498901268263	8.244607767146123	7.686665497423433	8.388430081624975	8.539510476197702	8.514999498720385	8.393214538433075	8.659456569983249	8.246252869743314	7.5504655794597095	7.9225731633054455	8.119090155823763	8.100179627803376	8.458755159547865	8.016918836743342	8.612448408519098	8.099077012577691	7.715677617122684	7.735974075567272	8.43275674533218	8.135476669590759	7.614474504376408	8.168160756739825	8.758498653225141	8.414190976575684	7.92295131454345	8.517395382753396	8.165413388768107	8.414910188592264	7.7262335969872575	8.576182709959124	8.044696565348133	8.390942935060524	7.967420095769877	7.517498116254668	7.740115702270092	8.220243927929038	8.250078534867242	8.380020184703682	8.544794768672556	7.917458630471023	7.936356021678153	8.179376963692638	8.298636373005868	7.357549547568206	7.871140461916492	8.070233460782433	8.21000218061457	7.745474544420496	7.65495930520665	8.144491155064406	8.005318004782726	8.109793238282718	8.13441842007984	8.971280905629602	7.554320607429131	7.719894042654345	7.7804799712797825	7.6698050858757485	7.619459027566947	8.307374724005	7.870708770817954	8.0438127761133	8.064868887722376	7.927740302580714	7.868182387490867	7.887189944879887	8.460971344192265	8.46924266036621	8.108513675185367	8.306562914717569	7.337594833359598	8.825816634994172	8.038960986867801	7.504390256574442	8.688325191028673	7.3696714205103815	8.395913960517827	8.232614247919845	7.878644013933124	8.156369331377133	8.23245016370647	7.698041565032038	8.434978286689285	7.829569631859129	8.677947297721742	8.124320437033825	7.865605148116565	7.818055664495783
TNF	8.18106449422212	7.5296866787253345	7.323113625698409	8.105659822943993	7.841078751388428	7.759944220973558	8.6805505465848	7.833523311355808	8.183032886701849	8.007604119434706	8.517168422367215	7.8298539036043735	7.50388611163165	8.09905299140484	7.371037947125641	7.960020426871051	8.674802207825534	7.995189583799585	7.853122639435948	7.369641628176756	8.0427739947531	8.079902713803532	8.057724791545317	7.891240347728815	8.097670471496448	8.062046966509717	7.954855842669419	8.05714437351786	7.53951085992605	8.255467994835161	7.783415216083847	7.79631947997589	8.030680823075652	7.858837407703385	8.497772596504268	8.196581186822153	8.974719559911744	7.785457116535655	7.866837401819137	7.6864187977977085	7.987912281298896	7.8866165626488005	7.747109801814397	7.934198900934315	7.629703281285541	7.913907519016922	7.833134841681826	7.92173871622217	7.692695914425598	7.9714193759106085	8.365638594989235	7.993518975399862	7.3931912120097945	7.938985562794269	8.216253132444638	8.016157347702917	8.370692425769153	8.23749813001457	8.191971055382494	8.14266357273916	7.479431667865501	7.749520172041318	7.6368549672174195	8.123800341158002	7.331072099134966	8.133571712611241	8.544555585435932	7.791651970998028	7.95060952792061	8.397367014480672	8.29923674258885	7.802763480206649	7.520869679723587	8.219921307642318	7.73922707583037	8.349349585456919	8.216842742174503	7.701786673835498	7.916474530165328	7.994460440204639	8.800454064831149	7.796179148615235	7.777195035720535	8.174448805654563	7.779476605029984	8.048271300567897	7.941950695515958	7.294029475801073	8.048067287620064	7.517356968034707	7.896120717502607	8.490896607126	8.63059890701937	7.723207263171081	8.842958426553361	7.764694157344049	8.269460502929283	7.3616003629024975	7.857727229424527	7.404706141252236	8.151875753084676	8.730223501097814	7.737210004451398	7.987014619287682	8.671289232603526	8.18227561875814	7.416227492424676	8.151540651442028	7.535711286173997	7.807506779581932	7.87474348938378	7.898138845288187	7.805498923588364	7.439527401553418	7.83115081385025	8.080752894313331	8.58600026600733	7.8597468737184055	7.2970913114919735	7.877593767276401
TOP2A	8.707360812876964	7.862681784537661	8.138926474913442	8.183946028742822	8.384593196298352	8.200688799802222	8.755497798879087	8.754289571765488	8.212593366288242	8.342349533386201	8.57339295164419	7.944277531157797	7.66703100539363	8.192276570069808	8.328798452389302	8.273990166506483	8.991387910029099	8.209312126668571	7.859541634598428	8.525700823006673	8.679044877512087	8.072773525750298	7.82542606382413	8.227901006554719	8.510926419567175	7.949740160820051	7.893849149321397	8.071909730505979	8.63542785002269	7.638562022613856	7.801601728838249	8.504626954722516	8.468166825136144	8.20797406658359	8.73393168201405	8.048021876977813	7.879394355843202	8.423065318424584	8.678908639665156	8.47227117122423	8.816903650575492	8.472003320579983	8.63916454294846	8.340266820536572	8.082764907669443	8.024904959507108	7.868136525857352	8.982523256410392	8.648003862767931	8.024741808779611	9.096117856797733	8.784301088908382	7.8619177768526125	8.26849239860333	8.221117803221594	8.047473371155375	8.21753029050753	8.040020060288908	8.102185864547694	8.299766214815387	7.773892316129411	8.458588491587735	8.691960007243532	8.512072935125582	8.064194340924859	8.025343692222677	8.214906066248743	8.206716177965994	7.629064127114069	8.963930310858405	8.100957717684633	8.599508566445456	7.618583224360815	8.279924710389185	8.13342617482084	8.307231655348993	8.529189260632858	8.417057631210735	7.631080265829533	7.971245466930099	8.238808990335343	8.255875095827738	8.590379873269018	8.368074052884225	8.18457938353339	8.361893719620452	7.932734517059365	8.295200886570173	8.257609527096122	8.155742937898491	8.746722933167227	8.509247484176806	8.187761492147866	7.912307634062374	8.587007081074198	7.9598585933452926	7.781713070168788	8.22060624209204	8.008885194512104	8.530531479637853	8.367113849825824	8.159254859286932	8.477799446238334	9.191636692660628	8.327882639190774	8.706271079298729	8.525366298051226	8.324260218833407	8.668790857067943	8.299272553895326	8.690384566736657	8.10270200831147	7.9098205122183005	8.05212771680854	8.51328117366734	8.02673134178594	7.584195929513268	8.818632293014627	8.359357118069203	8.412687368180283
TRAC	7.089540834452309	7.164611070886209	7.1636220376328925	7.3933203467553	7.380049407414229	8.031040348104849	7.1842863825591	7.041559833899954	7.16261314504456	7.374922785889292	6.984286124002345	6.738813345987767	6.308113475969442	7.551301292979203	6.801894521951615	6.989669223058313	7.80435602586947	7.258275922273612	7.53500201310951	6.862625190842036	6.501379302911888	6.9236048397825485	6.862673866834865	6.8591005416274315	7.181069091786159	6.7898071242929205	8.082459710871126	7.068596332913733	6.977559907582413	7.3604734820926865	7.045568375489775	7.532911869257949	7.100010845943983	7.015151858918036	7.118432997340442	7.211010672333372	6.698065374983148	7.632474686926265	7.407886858148198	7.343727185031907	7.705453671633218	7.208979480685187	7.291082260407907	6.966308118479617	7.295874785448176	7.193240399287996	7.376389863855434	7.1876051143617925	7.14317332352261	7.356750900303798	7.055518899008668	7.38797115601472	6.817908862142917	7.376041497282792	7.332272452735268	7.661278134589654	7.0455964088586915	7.654035368014796	7.7861218876219125	7.650607598205797	7.5949622336462514	7.127748549962953	7.297222800325837	7.494807005194024	7.507653920267768	7.422329054892954	6.598210405524763	7.594226651565879	7.041980974921194	7.420503930768343	7.8073359482710485	7.022185440369188	7.010370411572964	7.330111734086313	7.280297685522356	7.310106343533561	6.899687633725073	7.426631319186279	7.163507904075018	7.424850273312389	6.91680144784417	7.481790998804782	7.382466409295837	7.057029830213957	6.844240591405211	6.54148035028961	7.193421260254604	7.660257599512814	6.790779526336289	6.931816843665613	7.797273778378228	6.878973815967925	7.4221811271192735	6.815256740455378	7.643944336081587	6.766816699142167	7.3532695860032105	7.3493884097215405	6.730416330928264	7.469530078004986	7.048365320461305	6.914506633564949	7.147917181483955	7.42524726503364	7.1569633530354	7.861112248812359	7.0241928002282785	7.4623075493453905	7.5397469874971685	7.300375785544309	7.958983062945527	7.512681127429037	6.755728421388707	7.637515905509523	7.189149083331772	7.146591717065456	7.536927665817224	7.34333895863578	7.111743013348803	6.942987152691494
TSC22D3	7.4341898056106155	7.798236429594896	7.027313660150637	7.325462825942729	7.379465122315321	7.431358826325965	6.515378042419202	8.163021311569192	7.124108941429485	7.696652572876216	7.386952183501095	7.243815036261437	6.966308725154275	7.346482940446555	7.588970960378991	7.601726624983469	7.500682120211303	7.795394678633533	7.740100281018456	7.250704243575893	7.2183017497983455	7.8179872976596325	7.740540205441866	6.728226297702624	7.565754445707606	7.385552598002465	7.034850660043524	7.412098972341235	7.071031507536869	7.709283548248642	7.106344976034737	7.240326311636147	7.417670585886343	7.771166569385971	7.257988900737659	7.23507484406848	7.663752183805935	7.379212901333505	7.347769675010898	7.634969417431623	7.92033989180905	7.7514538808020115	7.467848204867611	7.918250904489216	7.572661294757613	7.7091331216400025	8.108915622439593	7.128204382940466	7.286306343386689	7.2308032925094645	6.740465940490942	7.104912600515225	6.643366431160165	7.117766555923316	7.610312790114155	7.187785044037887	7.173245749884486	7.638951992603892	7.412832591089621	7.107979901427711	7.358099429044384	7.292754551268578	7.300086522255244	8.095423623730179	8.026012706849128	8.081037214505148	6.896983164889748	7.366694353075035	7.353136704182152	7.420427038951696	7.431705631678769	8.033229616418213	7.7410976630851325	7.287163148824462	7.35874308180237	6.92778621744223	8.253084063843167	7.642212032165579	7.772736943780585	7.298274197214177	7.453048660290016	8.228090677188513	7.357422229027772	7.118822037508766	7.073104534557151	6.899289480571457	7.394114696833299	7.682311206487203	7.98810173575111	6.745429790004317	7.31187683944419	8.030391183527529	7.26151475898789	8.235842400053166	7.696535456298991	7.01131737932098	7.512862380004476	7.581173824810276	7.223276661588683	7.98356561238348	7.229540326562164	7.445198703346582	7.497134911428967	7.523222508964742	7.436028845096711	7.462056594419614	7.461039943811019	6.987102154961231	7.029821897452688	7.707306039826174	7.822665159419254	8.149097623530073	7.470706126698459	7.360599406059741	8.043314056676099	7.63474735971493	7.924069220331834	7.53404538559072	6.9046377234416525	7.325323447585793
TYMS	7.586586110015663	7.973741467786924	7.482918824021604	7.730626108599478	7.66313001580915	7.8540545390168335	7.929005141621877	8.35333685029023	7.800033209288738	7.173595614883612	7.705553618325251	7.648055947709157	7.178649562011558	7.440181146747188	7.113870440092501	7.887347652122758	6.967302197156518	7.235483868751149	6.682087857913503	7.264964973183396	7.366943253725076	8.318254795548766	7.704161949923608	7.578319001924111	7.831724318932344	7.643115340786421	7.802129883284444	7.1012593783183044	8.174026436541357	7.979591247916491	7.687391454871685	7.31055849102113	7.474879321222205	7.687550314907457	8.402817104512692	7.82162763940472	7.520759544674164	7.25344177214813	7.3563063186468804	6.76043397545189	7.475947494637119	7.271490244757181	7.946100436677143	7.434907035704377	6.858634641042492	7.797832383640085	6.924110375381375	6.8022955493388935	7.570473904122879	7.098816025743137	7.466881530050281	7.950529741856291	7.399420167343743	6.982613243026167	7.268215911154453	7.488686416083255	7.618499956376126	6.7483147836087864	7.498281024072083	7.479331616816584	7.0088792076578	7.775640716158738	7.187531324947599	7.434085727685591	7.6618774645242365	7.75964609013004	7.489915820465495	7.361998556195726	7.219095525004642	7.487617112175571	7.4587835473864255	7.389394664033625	7.6411729257504675	7.348158307470202	7.542879476429498	8.016732958067719	7.1695714306789995	7.467758218854104	7.397076987117633	7.969283956050562	7.360541708154663	7.927570061699327	6.994766878454042	7.628080233713889	8.242252439155747	7.769360491370593	7.409161218834631	6.890097918230019	8.013282267532981	7.321706388934828	7.092012981678511	6.829055556320415	7.350027594052149	7.892315052481674	7.219597600482922	7.35814524542694	7.483805591487546	7.6857781063837765	7.040788220232977	7.720292381173472	7.530961706605171	7.383758152890354	6.920522050614102	7.705719043158665	7.895903607514299	7.794369337495874	7.760835278923783	7.64324235904188	7.457034485248462	7.3959202948294	7.246282473400575	8.54911842350493	7.432585972945011	7.7697330185294025	7.972183332647493	7.8478426453599806	7.218161235714151	7.03753968918317	7.533509647562854	7.313462081835592
UBE2C	8.698720501112144	7.381022738786417	8.02858545648144	8.121954552530527	7.881074806807806	8.090753527579828	8.132755625077536	7.6558646334306495	7.784631459086114	8.310665177989508	8.09861745725253	7.927277267541656	7.816921315836729	7.573879424986836	8.22988002555856	8.35667887813758	7.885198727952617	8.236993750624032	7.745420634569706	8.63417574394124	8.143896297413356	8.145272601170472	7.9636060901836085	8.370395734972742	7.33038128646134	8.086722374959834	8.229601976121678	8.171972628631838	7.523264568196518	8.427800958757222	8.260878637254272	8.184314031757035	7.931728100022767	7.542419506664527	7.662180077335867	7.758689266586566	7.793249523273276	8.05052224799132	7.9751141186021455	7.872836558042251	7.9044142327907885	8.1893537949206	8.003637517536305	8.376736462186615	8.302981270860453	7.729118057935471	8.276595406868903	7.904682849989755	8.092579018856307	7.87777247758019	8.38420994704478	7.677321940574224	8.17252931506253	8.042701091193624	7.933267245104463	8.206027470373774	8.0180077276963	6.904136801606085	8.10129474166217	8.028168818634489	7.321952143224227	8.000812975108484	8.339240010344039	8.238135719507888	7.589610990118367	8.112923498099772	7.938759667090471	7.93333317188465	8.003468287005768	8.118320037892103	7.9418271178086535	7.569646854952453	8.005992081842237	8.230584524811201	8.26695581874496	8.255013321161266	8.568064743218581	7.813970783377029	7.801882712689781	8.525227215844133	8.097014448168355	7.472238522918525	8.09408031660096	8.156443270446829	7.866374724357946	8.592931675257669	7.7462400843431976	7.691088234560517	8.719174408715133	8.213383691394114	7.591475306038311	8.498277180650845	7.487016343372227	7.603875665432664	8.366303430091097	7.632734117790534	7.889588404755	7.778086664376778	7.773832026687585	7.5681678475441165	7.59102740740317	8.233114548879122	8.294633229054035	7.562384435881546	7.956162684099323	8.083036064529649	8.30209927551616	7.867398900181148	8.26762795468768	8.337548669453223	9.028907366148312	8.416973026709634	7.454512803136022	7.925706772922712	8.261700224898883	8.283210739494507	7.988414591524939	8.228123640793154	8.113577109391795	8.157730540314718
UQCRC1	7.392553485035659	7.662586361761452	6.845030247757388	6.814405240028389	6.942255929513953	7.118957560784348	7.389139840425321	7.2478038041418476	6.898590091980507	7.110234077481917	6.716212183829157	6.618590068463556	6.692598988820708	7.165898457357563	7.5409475651755296	7.672078056535357	7.471003065147567	7.125815715306042	6.84358393867658	7.42359870904912	7.1119098710669375	7.262747264090366	6.8688192225021405	7.396856335228895	7.431070576360796	7.505649914516944	6.9060395856088785	7.619854776125509	7.386771553985752	7.563725739717747	6.860834162967665	7.190843402419579	7.119006545802659	6.833789475715378	7.289985194597284	7.540104612721315	7.791653909346711	6.783519739436656	7.187976215598126	7.44663317752836	6.752486552540203	6.850164067192215	6.600185902328326	7.230195912160043	7.041777084231397	7.379670517361335	7.003851998493972	7.145091069319858	7.895186041647844	7.068251867251196	6.924454330010528	7.612738143613429	7.105693633415309	7.590119420201821	7.482893271001201	7.469193360996697	7.171135720182775	7.43349672015917	7.021346851487669	7.499876365581805	7.215054916061898	6.373022751963725	7.7683632968576335	8.09355089666202	7.718565531210857	7.396778712352795	6.9927613685869785	7.432815006838386	7.211078976316654	7.079182351952099	7.726489370002536	7.263836149016926	7.299399707228111	7.917574619933377	7.8930101722843515	7.533056290034107	6.501610518530859	6.459456004173323	7.045111948439587	7.440438763294094	7.134918656121592	6.460839571327576	7.159664851092488	8.245408149201225	7.081534540693499	7.153380222400009	7.502524933873914	6.734906938395307	7.063908876665938	7.0005834694603015	6.60805141324805	7.273341312630284	7.532211263538577	7.549310084454156	7.295435903987111	7.434959177340607	6.93912640002304	6.864494685084147	7.7197287743086305	7.524833049058161	6.96662861636821	7.1889341369513255	8.124984035314242	6.943460070509134	7.658055726804911	7.064695308673188	7.256611903510887	7.604099284085154	7.491862602571713	6.893798962187816	7.191653474107853	7.114238153433383	6.820646945445214	7.5121819089832265	7.046910366070839	7.694912938635759	7.433642547482327	7.513019492832505	6.726629846172293	7.332265975417441
UQCRC2	7.83958949257982	8.086358041407621	8.230195426588798	7.955976763520528	7.916068321551481	7.4801052176250415	7.348399998447137	7.776144630195907	7.127379880975736	7.549969621514771	8.248996408570846	7.471983882452176	7.315735585322353	7.350594704684942	7.769251860156467	7.128773270919143	7.796249971332402	8.241580765492426	7.247239103508992	7.935623660752603	7.926737587791532	8.650220145740779	7.322140316923752	7.0163658225850325	7.956742460438678	7.99553155946626	7.632292538415992	7.771980555339954	8.011384272489252	7.904990484958463	7.164678482493553	7.365881934517027	7.087224364573872	6.885877139326146	7.793246400418953	7.332418820666663	7.0689782204618075	8.060378518474325	8.139609918231812	7.6552380880436965	7.898283050179354	7.9154536894130345	8.011525671021587	7.608258715583926	7.039535256825484	7.721184489607214	8.272177108576646	8.112658261720973	7.332180596785747	7.745145568224936	7.426895198095631	7.318727203501806	8.334136571894703	7.517864804489203	7.949794519977404	8.355447481575101	7.549354344236021	7.4741208991834815	7.495279479280959	8.017352982958137	7.4209986791267095	8.19753607041631	7.493254674280254	7.739433349802128	7.104537193567161	7.525727117827563	7.559898971506527	7.992404256189258	7.639052313728606	8.166872112940704	7.915917024480327	7.561707360739742	7.82689020996664	7.322961183046184	7.73884715291566	7.2222566003483815	7.604564565353345	7.640283069795578	7.745301366629761	7.7628169813613335	7.722289611691203	8.153359267892402	8.234994351419878	7.278177116995266	8.083139543605382	7.717346253276863	7.251439643227927	7.418711388210068	8.130512884902181	8.018919738734931	7.441027318395404	7.579406196853668	8.095644159609266	7.169170329861194	7.347461223864689	7.3417640477179695	7.836946414952817	7.379340453664399	7.130794018084208	7.436307392604688	7.478387751079314	7.602485671129322	8.126936950074155	7.701925476234234	7.442341959811377	8.299984444316983	7.36044239170506	7.442022031860853	7.494137429637665	7.507215840971228	7.323126411122336	7.369425869076309	7.963795196295312	7.422995384193048	7.502726953620465	7.978170590450843	7.326229428423929	7.954829979217573	7.496254986996384	7.497848461140855
VEGFA	7.231585135270661	7.669883174738908	7.107462284330213	7.130119692485484	7.251050748834728	6.605796508490516	7.197185587761857	7.8424431906115455	6.467763628427759	7.908210819129712	7.538086887075406	8.002298199188774	6.804596602291038	7.314642210997591	7.096614908211142	7.350435376520756	7.921026913971177	7.700794068965781	7.860427862716989	6.900434875850952	7.39866250740922	7.3400994318462605	6.733525868981763	7.297997900558719	6.889488877649306	7.1939899784396975	7.363605164575184	7.3463489753693905	7.035400909786718	6.974146530937546	7.4805734738915195	7.264284206500463	6.8029159988985795	7.650781288308225	7.738502684528188	7.401981205470484	7.878126592919441	7.011958533568083	7.391277314365775	7.253583173415341	7.07314669216074	7.222855190650298	6.840091775746604	6.183031724915025	7.267274180542769	7.480400454751833	7.081841121175383	7.5565594797721385	7.164386684359618	7.237565670946364	7.174466519805398	7.2857230773637225	8.225039659067006	7.447000877941814	6.87618812871366	7.203670457298938	7.793771982697996	7.7828556591611235	7.418294531041181	6.928751409063533	7.077155619317074	6.8784432225602075	7.5251722561028656	6.944335703404095	6.777509991402027	7.333018669625756	7.022435335900022	6.840445160592336	6.954953988634044	6.747213450503154	7.177232427585196	6.882219488905034	6.929359331525619	7.828448922033626	7.635830815364541	7.500959504938114	7.623640857903587	7.113618456837441	7.763576645282303	6.857258988568474	7.083945712569207	6.4933052049407465	6.8246394188449315	6.913290930647248	7.19002485337288	7.196698360243563	7.25869863170901	7.183225009434497	7.422310830746216	7.776250188335629	7.555451642137843	7.061030160829839	7.4931545799704	8.16910079993749	6.889193298582572	7.099308899756838	8.042371464339134	6.979459450687519	7.625966725533892	7.079853701214936	6.786489312986964	7.365994170420781	6.6437475569085445	6.734975573428357	7.744673846460772	7.548626968302683	7.40217224718623	7.4445184820466554	7.335672090763168	7.213144501760122	7.477690160422699	7.921099555862104	7.447799198803284	7.2867783480087045	6.975128889573653	7.196126774638262	6.728434580746526	6.732205787231146	7.886287946062249	7.659530023016662
WARS1	7.233967970646362	7.105315941510902	6.531872865836897	6.9721556705134535	6.593341477073617	6.722054029579952	6.679819081293584	6.287027267581081	6.762406058104118	6.289612787696865	7.075835631004286	6.634648563615732	6.413491607679299	5.766378028613122	6.36654814921554	6.931608016539753	7.107531140320955	6.808019286872848	6.837686570745937	7.040859002717354	6.11946105587953	6.614775982754253	6.661342518436303	6.4773988374408535	6.746239162212068	7.236404969923588	7.0582655628576	6.386254131557774	6.430765040456903	6.547732621339392	7.158265776749367	7.104659350001629	7.161148688602363	6.6038464250761235	6.69232856642709	6.791601668107854	6.553274255989938	6.472752320895771	6.690741238109867	6.135044338062745	6.473234405011406	6.900115650558329	6.908562906886888	6.998703507545496	6.828219113833777	6.6376549339754725	6.337663287404649	6.559334833602145	7.044882096443595	6.852422241536974	6.56733095744929	6.191953308079215	6.866923194375287	6.5541737779698765	6.819595624116274	6.719038036317853	6.648492654710015	6.663572834383321	6.8034348966866895	6.316891928673264	6.5440988093206345	6.733090068653491	7.272913226573502	6.269491946065216	6.4178977105994575	6.780705755754479	6.8953810399948425	6.445630799126287	6.917608051352978	6.928535427161394	6.952732533738476	7.140430921119878	6.960846723607131	6.259523850629765	6.931313453736127	7.279677339343359	7.0176915438713126	6.622552402729801	6.682456901715073	6.133916585908217	6.559195938079148	6.4395911617676695	6.308594489262832	6.7783853449843114	7.275880329751879	6.585447608777794	6.376787702292333	7.000340205339615	6.688129117536936	6.440869882291775	6.666214512122635	6.637256565863535	6.891161837363979	6.223684573991598	7.13074928965666	6.696064576626031	6.320927232767228	6.882442284174278	7.014256682837806	6.2538512848254415	6.5075296610004845	6.834965479057918	7.132711359456764	6.556000864735998	6.85210137999075	6.555939797548141	6.832677092127301	6.656462537685939	6.86407652963563	6.840671064532703	6.629087619598408	6.949954186185153	6.4250679957967005	6.30238407368404	6.69386118922425	7.146907702617495	6.528459194047248	6.287291142836962	7.393953244674755	6.373468889085804
ZBTB16	8.088323604105673	8.463080837677461	8.611324631503821	8.879307970747165	8.73923661648379	8.056934809725186	8.634647926333566	9.560290022445374	8.733082735503784	8.222117696229105	8.779228921815177	8.793418235287927	9.13352556846213	8.415411003802232	8.483522083082848	7.898553961600653	7.8792675440792115	8.355800411856348	8.700214160854124	9.219165502419274	8.03393971552756	9.116570099533917	9.024734157851038	8.107868589962676	8.630776595309431	8.590180017275282	8.539143277440443	8.920030487274532	8.91176768509463	8.401483467083024	8.67323907804332	8.553344618964882	8.692097981822505	8.385325349745514	7.482305458486786	8.150769731186212	8.531140600098993	9.339543815966964	8.01460592581839	7.997751510425673	8.299966381086007	8.169297545502985	7.907433480925107	8.452203782617064	8.946856017491005	8.193964155810024	9.150965584317426	8.944580374102022	8.710350599577271	9.650361760779003	8.063254868574127	9.357705266271063	8.771835337218292	8.646864231848745	9.261584141773591	9.32086244291859	8.693477700001981	8.957653450791858	8.652468739256566	8.553816980952194	8.46898084654524	8.22915802384979	8.637968023822808	9.02053694591954	8.488528365590017	8.56376112449991	8.62213117503979	8.140452245985557	8.26087239239939	8.591208326435611	8.51630034427148	9.403360324321406	7.710254585790009	8.123604017376797	8.217042648970025	8.93446494217311	9.384922225709406	8.732590568047334	8.62471482660287	8.51291810357015	8.138684206624886	8.599518648315282	7.959652197919987	8.20052912268787	8.418543495083604	9.236118675500707	8.573381442000805	9.206776281696001	8.733277931024782	8.284373597094584	8.002448304487986	9.515622264645387	8.255456735890315	8.84386047919953	8.320862143055688	8.232476877600455	8.260839833351309	8.567277749816762	8.217246403400104	9.061861063418753	8.47157079722182	9.298394081787237	8.587093236415564	8.680178119181402	7.881964091870707	7.869256210295417	8.76983706025702	9.055902201542448	8.123662538591011	9.193608048637225	8.884162081673484	8.440683830418532	8.3245718066876	8.138366506418565	8.461548697784137	9.02145261449205	8.551734792936955	8.36510898234256	8.450671748786439	9.109151182220256
