dataset	therapy_class	therapy	disease	tissue_or_compartment	design	analysis_scope	module	n_responder	n_nonresponder	mean_responder	mean_nonresponder	delta_responder_minus_nonresponder	hedges_g	welch_t	p	auc_responder_high	confounders	generic_adjusted_delta	generic_adjusted_p	generic_adjusted_hedges_g	generic_adjustment_covariates	module_generic_max_abs_r	fdr	min_group_n	non_generic_module	generic_independent	effect_claim_allowed	kill_reason
GSE138746	anti-TNF	adalimumab/etanercept	rheumatoid arthritis	sorted PBMC/CD14/CD4	baseline sorted RNA-seq; moderate/good vs none	compartment=CD14_monocyte;drug=adalimumab	ifn_apc	20	18	0.019959678826261772	-0.20410283778312172	0.22406251660938348	0.29254760748106234	0.9023848939265882	0.37407422108602717	0.5972222222222223	drug, compartment, response-class encoding, baseline disease activity; generic inflammation tested by inflammatory_nfkb/ifn_apc residualization	0.22598508836826156	0.35103891049131347	0.30536538185841505	inflammatory_nfkb	0.2538718244359903	0.7002088144592507	18	False	False	False	not_corrected_significant
GSE138746	anti-TNF	adalimumab/etanercept	rheumatoid arthritis	sorted PBMC/CD14/CD4	baseline sorted RNA-seq; moderate/good vs none	compartment=CD14_monocyte;drug=adalimumab	hla_ii_apc	20	18	-0.02096973238171072	-0.25690163027648727	0.23593189789477656	0.2663719907561829	0.8305741181000229	0.41205432445286955	0.5416666666666667	drug, compartment, response-class encoding, baseline disease activity; generic inflammation tested by inflammatory_nfkb/ifn_apc residualization	0.02017200276255179	0.8942492723845615	0.04301800485081904	inflammatory_nfkb,ifn_apc	0.849828954467205	0.7002088144592507	18	True	False	False	not_corrected_significant
GSE138746	anti-TNF	adalimumab/etanercept	rheumatoid arthritis	sorted PBMC/CD14/CD4	baseline sorted RNA-seq; moderate/good vs none	compartment=CD14_monocyte;drug=adalimumab	lysosomal_apc	20	18	-0.007586927479265026	0.06043548261617431	-0.06802241009543934	-0.12060573053074539	-0.3749448653247243	0.7101159484342763	0.45000000000000007	drug, compartment, response-class encoding, baseline disease activity; generic inflammation tested by inflammatory_nfkb/ifn_apc residualization	-0.045461378947393216	0.7806219089352204	-0.09032570224444077	inflammatory_nfkb,ifn_apc	0.43712758116622125	0.7988804419885609	18	True	False	False	not_corrected_significant
GSE138746	anti-TNF	adalimumab/etanercept	rheumatoid arthritis	sorted PBMC/CD14/CD4	baseline sorted RNA-seq; moderate/good vs none	compartment=CD14_monocyte;drug=adalimumab	mif_cd74_receptor_state	20	18	-0.01674650986402635	-0.17392551720209062	0.15717900733806428	0.2487602392932267	0.7732781380345342	0.44490316537694924	0.5527777777777778	drug, compartment, response-class encoding, baseline disease activity; generic inflammation tested by inflammatory_nfkb/ifn_apc residualization	0.028349665455592796	0.8257584793425421	0.0718455316563291	inflammatory_nfkb,ifn_apc	0.7588025951321029	0.7002088144592507	18	True	False	False	not_corrected_significant
GSE138746	anti-TNF	adalimumab/etanercept	rheumatoid arthritis	sorted PBMC/CD14/CD4	baseline sorted RNA-seq; moderate/good vs none	compartment=CD14_monocyte;drug=adalimumab	mixscale_validated_ifng_readout	20	18	0.0002842582429940649	-0.1672034963866736	0.16748775462966764	0.23766480392676873	0.7365652960005366	0.4668058763061671	0.6027777777777777	drug, compartment, response-class encoding, baseline disease activity; generic inflammation tested by inflammatory_nfkb/ifn_apc residualization	-0.01913328105657113	0.7658740897212301	-0.0962899884115015	inflammatory_nfkb,ifn_apc	0.9499230625952823	0.7002088144592507	18	True	False	False	not_corrected_significant
GSE138746	anti-TNF	adalimumab/etanercept	rheumatoid arthritis	sorted PBMC/CD14/CD4	baseline sorted RNA-seq; moderate/good vs none	compartment=CD14_monocyte;drug=adalimumab	lipid_loader_repair	20	18	-0.12184005107390612	0.023109957434198594	-0.14495000850810472	-0.4672843486003826	-1.4978719520214727	0.1434561859705262	0.4	drug, compartment, response-class encoding, baseline disease activity; generic inflammation tested by inflammatory_nfkb/ifn_apc residualization	-0.0952616347122788	0.24127983333828226	-0.3728074421384279	inflammatory_nfkb,ifn_apc	0.4192169729083139	0.7002088144592507	18	True	False	False	not_corrected_significant
GSE138746	anti-TNF	adalimumab/etanercept	rheumatoid arthritis	sorted PBMC/CD14/CD4	baseline sorted RNA-seq; moderate/good vs none	compartment=CD14_monocyte;drug=adalimumab	complement_phagocytosis	20	18	-0.20710417558693192	-0.004168145311133006	-0.20293603027579893	-0.39940118691858234	-1.215333605285307	0.23589499564441246	0.3944444444444444	drug, compartment, response-class encoding, baseline disease activity; generic inflammation tested by inflammatory_nfkb/ifn_apc residualization	-0.24862258818522265	0.07696831903956801	-0.6006323858202213	inflammatory_nfkb,ifn_apc	0.45514723430811854	0.7002088144592507	18	True	False	False	not_corrected_significant
GSE138746	anti-TNF	adalimumab/etanercept	rheumatoid arthritis	sorted PBMC/CD14/CD4	baseline sorted RNA-seq; moderate/good vs none	compartment=CD14_monocyte;drug=adalimumab	hif_nampt_metabolic	20	18	0.1133606571159074	-0.021387951380721304	0.1347486084966287	0.18610363334695942	0.5957728286921198	0.5552538029999347	0.5166666666666667	drug, compartment, response-class encoding, baseline disease activity; generic inflammation tested by inflammatory_nfkb/ifn_apc residualization	0.16228504729323218	0.23840673785495559	0.37861281412080305	inflammatory_nfkb,ifn_apc	0.7932357982746506	0.7138977467142017	18	True	False	False	not_corrected_significant
GSE138746	anti-TNF	adalimumab/etanercept	rheumatoid arthritis	sorted PBMC/CD14/CD4	baseline sorted RNA-seq; moderate/good vs none	compartment=CD14_monocyte;drug=adalimumab	inflammatory_nfkb	20	18	0.023253292152756393	0.03165349900020782	-0.008400206847451429	-0.009773669596553528	-0.030868949099150444	0.9755446506930097	0.49722222222222223	drug, compartment, response-class encoding, baseline disease activity; generic inflammation tested by inflammatory_nfkb/ifn_apc residualization	-0.07149676061077803	0.7862089104636318	-0.08609074728413568	ifn_apc	0.2538718244359904	0.9755446506930097	18	False	False	False	not_corrected_significant
GSE138746	anti-TNF	adalimumab/etanercept	rheumatoid arthritis	sorted PBMC/CD14/CD4	baseline sorted RNA-seq; moderate/good vs none	compartment=CD14_monocyte;drug=etanercept	ifn_apc	17	23	-0.10408278635397741	0.21930716832993372	-0.32338995468391113	-0.4029653392033833	-1.3325264925878202	0.19066366729851408	0.3861892583120205	drug, compartment, response-class encoding, baseline disease activity; generic inflammation tested by inflammatory_nfkb/ifn_apc residualization	-0.32577028169481637	0.18634652476403002	-0.4082924080417144	inflammatory_nfkb	0.10215536453593664	0.4103425440333272	17	False	False	False	not_corrected_significant
GSE138746	anti-TNF	adalimumab/etanercept	rheumatoid arthritis	sorted PBMC/CD14/CD4	baseline sorted RNA-seq; moderate/good vs none	compartment=CD14_monocyte;drug=etanercept	hla_ii_apc	17	23	-0.0587721860776794	0.26272831112745054	-0.32150049720512996	-0.34882103461825487	-1.135130915926815	0.2636606628853267	0.3938618925831202	drug, compartment, response-class encoding, baseline disease activity; generic inflammation tested by inflammatory_nfkb/ifn_apc residualization	0.01473592903168442	0.8989795966266181	0.03931042778917839	inflammatory_nfkb,ifn_apc	0.9157900665269579	0.4103425440333272	17	True	False	False	not_corrected_significant
GSE138746	anti-TNF	adalimumab/etanercept	rheumatoid arthritis	sorted PBMC/CD14/CD4	baseline sorted RNA-seq; moderate/good vs none	compartment=CD14_monocyte;drug=etanercept	lysosomal_apc	17	23	-0.30794800430379976	0.18691373633298192	-0.4948617406367817	-0.7959441893614949	-2.351395280363443	0.027297728616339747	0.30434782608695654	drug, compartment, response-class encoding, baseline disease activity; generic inflammation tested by inflammatory_nfkb/ifn_apc residualization	-0.45874399890900586	0.0342236692225173	-0.7625217392477255	inflammatory_nfkb,ifn_apc	0.2282820075534948	0.24567955754705773	17	True	False	False	not_corrected_significant
GSE138746	anti-TNF	adalimumab/etanercept	rheumatoid arthritis	sorted PBMC/CD14/CD4	baseline sorted RNA-seq; moderate/good vs none	compartment=CD14_monocyte;drug=etanercept	mif_cd74_receptor_state	17	23	-0.0596988676794024	0.19480305467251516	-0.25450192235191754	-0.357582172465654	-1.1144015165476124	0.27356169602221814	0.41943734015345263	drug, compartment, response-class encoding, baseline disease activity; generic inflammation tested by inflammatory_nfkb/ifn_apc residualization	-0.019574273016036092	0.8856377980339747	-0.04780109497455562	inflammatory_nfkb,ifn_apc	0.8244076908440721	0.4103425440333272	17	True	False	False	not_corrected_significant
GSE138746	anti-TNF	adalimumab/etanercept	rheumatoid arthritis	sorted PBMC/CD14/CD4	baseline sorted RNA-seq; moderate/good vs none	compartment=CD14_monocyte;drug=etanercept	mixscale_validated_ifng_readout	17	23	-0.11430478828433681	0.21509387699712762	-0.32939866528146444	-0.43600897993745524	-1.4678253762338143	0.15040470744217557	0.4143222506393862	drug, compartment, response-class encoding, baseline disease activity; generic inflammation tested by inflammatory_nfkb/ifn_apc residualization	-0.047905274433754065	0.5819706635006472	-0.18570146709080537	inflammatory_nfkb,ifn_apc	0.9377178388877602	0.4103425440333272	17	True	False	False	not_corrected_significant
GSE138746	anti-TNF	adalimumab/etanercept	rheumatoid arthritis	sorted PBMC/CD14/CD4	baseline sorted RNA-seq; moderate/good vs none	compartment=CD14_monocyte;drug=etanercept	lipid_loader_repair	17	23	0.055648602408963244	0.046730241161311026	0.008918361247652218	0.020842792259744683	0.06959450573282308	0.9448813683950952	0.5319693094629155	drug, compartment, response-class encoding, baseline disease activity; generic inflammation tested by inflammatory_nfkb/ifn_apc residualization	-0.03454350475202965	0.7761838869124731	-0.08517256165955207	inflammatory_nfkb,ifn_apc	0.2172492482183552	0.9448813683950952	17	True	False	False	not_corrected_significant
GSE138746	anti-TNF	adalimumab/etanercept	rheumatoid arthritis	sorted PBMC/CD14/CD4	baseline sorted RNA-seq; moderate/good vs none	compartment=CD14_monocyte;drug=etanercept	complement_phagocytosis	17	23	-0.08150352029843629	0.24359434662663038	-0.32509786692506665	-0.5673439091925686	-1.9382493006418047	0.06024284824897638	0.2941176470588235	drug, compartment, response-class encoding, baseline disease activity; generic inflammation tested by inflammatory_nfkb/ifn_apc residualization	-0.21965970011648356	0.17408593010493562	-0.4214712752358707	inflammatory_nfkb,ifn_apc	0.4495065487376553	0.27109281712039374	17	True	False	False	not_corrected_significant
GSE138746	anti-TNF	adalimumab/etanercept	rheumatoid arthritis	sorted PBMC/CD14/CD4	baseline sorted RNA-seq; moderate/good vs none	compartment=CD14_monocyte;drug=etanercept	hif_nampt_metabolic	17	23	0.012858974174226996	-0.09134054688813631	0.1041995210623633	0.15508588656892458	0.4831852103174393	0.6323197628489764	0.5294117647058824	drug, compartment, response-class encoding, baseline disease activity; generic inflammation tested by inflammatory_nfkb/ifn_apc residualization	0.033990175794830546	0.763682435182151	0.09406067166633969	inflammatory_nfkb,ifn_apc	0.8190890897052489	0.8129825522343982	17	True	False	False	not_corrected_significant
GSE138746	anti-TNF	adalimumab/etanercept	rheumatoid arthritis	sorted PBMC/CD14/CD4	baseline sorted RNA-seq; moderate/good vs none	compartment=CD14_monocyte;drug=etanercept	inflammatory_nfkb	17	23	-0.01216412193620077	-0.036001684875804504	0.023837562939603735	0.028426365211271138	0.08858443822684965	0.9299747568626974	0.49872122762148335	drug, compartment, response-class encoding, baseline disease activity; generic inflammation tested by inflammatory_nfkb/ifn_apc residualization	0.057634248350058724	0.8312958330879102	0.06912717393355186	ifn_apc	0.10215536453593663	0.9448813683950952	17	False	False	False	not_corrected_significant
GSE138746	anti-TNF	adalimumab/etanercept	rheumatoid arthritis	sorted PBMC/CD14/CD4	baseline sorted RNA-seq; moderate/good vs none	compartment=CD4_T_cell;drug=adalimumab	ifn_apc	19	18	0.2116142838300608	-0.37404736697280205	0.5856616508028629	0.9132196701158987	2.8335813423172813	0.0076281896179902844	0.7514619883040935	drug, compartment, response-class encoding, baseline disease activity; generic inflammation tested by inflammatory_nfkb/ifn_apc residualization	0.43044420562758107	0.024350052665938964	0.7555632274753079	inflammatory_nfkb	0.5073774865152948	0.06865370656191257	18	False	False	False	generic_inflammation_module_not_stratum_specific
GSE138746	anti-TNF	adalimumab/etanercept	rheumatoid arthritis	sorted PBMC/CD14/CD4	baseline sorted RNA-seq; moderate/good vs none	compartment=CD4_T_cell;drug=adalimumab	hla_ii_apc	19	18	0.07518606911570062	-0.4204447570647887	0.4956308261804893	0.5649068526662431	1.7423639159369408	0.0911298870694611	0.6812865497076024	drug, compartment, response-class encoding, baseline disease activity; generic inflammation tested by inflammatory_nfkb/ifn_apc residualization	-0.14469019070078692	0.31653546445384634	-0.3302697571832791	inflammatory_nfkb,ifn_apc	0.8459143675085069	0.1595154402330606	18	True	False	False	not_corrected_significant
GSE138746	anti-TNF	adalimumab/etanercept	rheumatoid arthritis	sorted PBMC/CD14/CD4	baseline sorted RNA-seq; moderate/good vs none	compartment=CD4_T_cell;drug=adalimumab	lysosomal_apc	19	18	0.04835141625802904	-0.19913785710379217	0.2474892733618212	0.4969673084750041	1.5352657930988207	0.1343333860042196	0.6403508771929824	drug, compartment, response-class encoding, baseline disease activity; generic inflammation tested by inflammatory_nfkb/ifn_apc residualization	-0.08891467518457592	0.3223532141836191	-0.32561432702142074	inflammatory_nfkb,ifn_apc	0.7886318849796953	0.17271435343399663	18	True	False	False	not_corrected_significant
GSE138746	anti-TNF	adalimumab/etanercept	rheumatoid arthritis	sorted PBMC/CD14/CD4	baseline sorted RNA-seq; moderate/good vs none	compartment=CD4_T_cell;drug=adalimumab	mif_cd74_receptor_state	19	18	0.06955554168033677	-0.3017422977900319	0.3712978394703687	0.5365913463229124	1.6597005743997095	0.10634362682204039	0.6578947368421053	drug, compartment, response-class encoding, baseline disease activity; generic inflammation tested by inflammatory_nfkb/ifn_apc residualization	-0.08114117273004928	0.500120327613847	-0.22096556213722965	inflammatory_nfkb,ifn_apc	0.7573215367860235	0.1595154402330606	18	True	False	False	not_corrected_significant
GSE138746	anti-TNF	adalimumab/etanercept	rheumatoid arthritis	sorted PBMC/CD14/CD4	baseline sorted RNA-seq; moderate/good vs none	compartment=CD4_T_cell;drug=adalimumab	mixscale_validated_ifng_readout	19	18	0.09786994140282369	-0.24272713008032387	0.34059707148314755	0.702582933399791	2.1825381434562603	0.03589833789398755	0.7280701754385964	drug, compartment, response-class encoding, baseline disease activity; generic inflammation tested by inflammatory_nfkb/ifn_apc residualization	0.020126263296249797	0.8362558311805222	0.06728715718456678	inflammatory_nfkb,ifn_apc	0.7475536513460151	0.1595154402330606	18	True	False	False	not_corrected_significant
GSE138746	anti-TNF	adalimumab/etanercept	rheumatoid arthritis	sorted PBMC/CD14/CD4	baseline sorted RNA-seq; moderate/good vs none	compartment=CD4_T_cell;drug=adalimumab	lipid_loader_repair	19	18	0.07691716464061157	-0.17093256371389243	0.247849728354504	0.5380878164443204	1.6698122730328517	0.10397238618655241	0.6549707602339181	drug, compartment, response-class encoding, baseline disease activity; generic inflammation tested by inflammatory_nfkb/ifn_apc residualization	-0.02239904826417126	0.8018764999776943	-0.08114380722975828	inflammatory_nfkb,ifn_apc	0.7363513853751122	0.1595154402330606	18	True	False	False	not_corrected_significant
GSE138746	anti-TNF	adalimumab/etanercept	rheumatoid arthritis	sorted PBMC/CD14/CD4	baseline sorted RNA-seq; moderate/good vs none	compartment=CD4_T_cell;drug=adalimumab	complement_phagocytosis	19	18	0.07068851835807255	-0.2713661892280875	0.34205470758616	0.38213263320241964	1.1832139519714375	0.24496296576698676	0.6169590643274853	drug, compartment, response-class encoding, baseline disease activity; generic inflammation tested by inflammatory_nfkb/ifn_apc residualization	-0.2641460258733662	0.07886342941320641	-0.582050552510595	inflammatory_nfkb,ifn_apc	0.801246797763335	0.24496296576698676	18	True	False	False	not_corrected_significant
GSE138746	anti-TNF	adalimumab/etanercept	rheumatoid arthritis	sorted PBMC/CD14/CD4	baseline sorted RNA-seq; moderate/good vs none	compartment=CD4_T_cell;drug=adalimumab	hif_nampt_metabolic	19	18	0.1086650145265578	-0.18301255756008242	0.29167757208664025	0.5435425331060393	1.69227605020352	0.09948086806918063	0.6374269005847953	drug, compartment, response-class encoding, baseline disease activity; generic inflammation tested by inflammatory_nfkb/ifn_apc residualization	0.11649531576645437	0.29375411526273015	0.3444232961480471	inflammatory_nfkb,ifn_apc	0.7870291681479561	0.1595154402330606	18	True	False	False	not_corrected_significant
GSE138746	anti-TNF	adalimumab/etanercept	rheumatoid arthritis	sorted PBMC/CD14/CD4	baseline sorted RNA-seq; moderate/good vs none	compartment=CD4_T_cell;drug=adalimumab	inflammatory_nfkb	19	18	0.05315638597062877	-0.2172786940191176	0.27043507998974636	0.44151712080190786	1.3635650158483543	0.18206224126967666	0.6461988304093567	drug, compartment, response-class encoding, baseline disease activity; generic inflammation tested by inflammatory_nfkb/ifn_apc residualization	0.007752261117641096	0.9648863546430287	0.014308117939417272	ifn_apc	0.5073774865152948	0.20482002142838626	18	False	False	False	not_corrected_significant
GSE138746	anti-TNF	adalimumab/etanercept	rheumatoid arthritis	sorted PBMC/CD14/CD4	baseline sorted RNA-seq; moderate/good vs none	compartment=CD4_T_cell;drug=etanercept	ifn_apc	18	23	-0.020834748115832597	0.13422637734017998	-0.15506112545601258	-0.22327040262645842	-0.7493283011664578	0.45816153556012024	0.44685990338164244	drug, compartment, response-class encoding, baseline disease activity; generic inflammation tested by inflammatory_nfkb/ifn_apc residualization	-0.17566186612297735	0.3810457410183367	-0.26604681273313163	inflammatory_nfkb	0.30187103435824497	0.9546990158962646	18	False	False	False	not_corrected_significant
GSE138746	anti-TNF	adalimumab/etanercept	rheumatoid arthritis	sorted PBMC/CD14/CD4	baseline sorted RNA-seq; moderate/good vs none	compartment=CD4_T_cell;drug=etanercept	hla_ii_apc	18	23	0.13921416012006274	0.15798327964376674	-0.018769119523703998	-0.020441045056450405	-0.06875945109184438	0.945533531528008	0.4855072463768116	drug, compartment, response-class encoding, baseline disease activity; generic inflammation tested by inflammatory_nfkb/ifn_apc residualization	0.10281864192456357	0.4529723706731409	0.22041664555512255	inflammatory_nfkb,ifn_apc	0.8132489921171627	0.9546990158962646	18	True	False	False	not_corrected_significant
GSE138746	anti-TNF	adalimumab/etanercept	rheumatoid arthritis	sorted PBMC/CD14/CD4	baseline sorted RNA-seq; moderate/good vs none	compartment=CD4_T_cell;drug=etanercept	lysosomal_apc	18	23	0.02108883790930649	0.09940023637383341	-0.07831139846452692	-0.12782095458656242	-0.41194682377286657	0.6828294794203037	0.4975845410628019	drug, compartment, response-class encoding, baseline disease activity; generic inflammation tested by inflammatory_nfkb/ifn_apc residualization	0.00014874497770321323	0.9992287338016674	0.0003112682754134866	inflammatory_nfkb,ifn_apc	0.6248074019105386	0.9546990158962646	18	True	False	False	not_corrected_significant
GSE138746	anti-TNF	adalimumab/etanercept	rheumatoid arthritis	sorted PBMC/CD14/CD4	baseline sorted RNA-seq; moderate/good vs none	compartment=CD4_T_cell;drug=etanercept	mif_cd74_receptor_state	18	23	0.10740666370910329	0.09462983137088866	0.012776832338214625	0.01727036651513827	0.05717562336930653	0.9546990158962646	0.49033816425120774	drug, compartment, response-class encoding, baseline disease activity; generic inflammation tested by inflammatory_nfkb/ifn_apc residualization	0.07596339461255086	0.5367264252496406	0.1829649680055557	inflammatory_nfkb,ifn_apc	0.711543353122428	0.9546990158962646	18	True	False	False	not_corrected_significant
GSE138746	anti-TNF	adalimumab/etanercept	rheumatoid arthritis	sorted PBMC/CD14/CD4	baseline sorted RNA-seq; moderate/good vs none	compartment=CD4_T_cell;drug=etanercept	mixscale_validated_ifng_readout	18	23	-0.009399312202398943	0.11646726410588673	-0.12586657630828568	-0.2609428354962824	-0.8261133848758688	0.4146999325198434	0.4782608695652174	drug, compartment, response-class encoding, baseline disease activity; generic inflammation tested by inflammatory_nfkb/ifn_apc residualization	-0.07431836478413126	0.4949182894480366	-0.22936930193257374	inflammatory_nfkb,ifn_apc	0.6899857935838989	0.9546990158962646	18	True	False	False	not_corrected_significant
GSE138746	anti-TNF	adalimumab/etanercept	rheumatoid arthritis	sorted PBMC/CD14/CD4	baseline sorted RNA-seq; moderate/good vs none	compartment=CD4_T_cell;drug=etanercept	lipid_loader_repair	18	23	0.052272434929414295	0.029324182171700085	0.02294825275771421	0.056160751998483194	0.18919221349441606	0.8509279492575662	0.5483091787439613	drug, compartment, response-class encoding, baseline disease activity; generic inflammation tested by inflammatory_nfkb/ifn_apc residualization	0.05711745650710938	0.5206988312165481	0.18795835863547788	inflammatory_nfkb,ifn_apc	0.5999754389749253	0.9546990158962646	18	True	False	False	not_corrected_significant
GSE138746	anti-TNF	adalimumab/etanercept	rheumatoid arthritis	sorted PBMC/CD14/CD4	baseline sorted RNA-seq; moderate/good vs none	compartment=CD4_T_cell;drug=etanercept	complement_phagocytosis	18	23	0.018945426022910015	0.13915182125607908	-0.12020639523316906	-0.14011215319252474	-0.48647517633661835	0.6296585992997821	0.5024154589371981	drug, compartment, response-class encoding, baseline disease activity; generic inflammation tested by inflammatory_nfkb/ifn_apc residualization	0.0006763182553625376	0.9964674343222442	0.001364203161810165	inflammatory_nfkb,ifn_apc	0.791602699078152	0.9546990158962646	18	True	False	False	not_corrected_significant
GSE138746	anti-TNF	adalimumab/etanercept	rheumatoid arthritis	sorted PBMC/CD14/CD4	baseline sorted RNA-seq; moderate/good vs none	compartment=CD4_T_cell;drug=etanercept	hif_nampt_metabolic	18	23	0.10634092263513684	-0.029762862928500403	0.13610378556363723	0.2665723352606224	0.8541880607966771	0.398816830390249	0.57487922705314	drug, compartment, response-class encoding, baseline disease activity; generic inflammation tested by inflammatory_nfkb/ifn_apc residualization	0.10469408697887109	0.30965526041023506	0.3162125654718321	inflammatory_nfkb,ifn_apc	0.7575238452086877	0.9546990158962646	18	True	False	False	not_corrected_significant
GSE138746	anti-TNF	adalimumab/etanercept	rheumatoid arthritis	sorted PBMC/CD14/CD4	baseline sorted RNA-seq; moderate/good vs none	compartment=CD4_T_cell;drug=etanercept	inflammatory_nfkb	18	23	0.10667725120381534	0.04264585379276128	0.06403139741105407	0.09773550612692519	0.3157063532594553	0.7540375069981657	0.5410628019323671	drug, compartment, response-class encoding, baseline disease activity; generic inflammation tested by inflammatory_nfkb/ifn_apc residualization	0.10795075331966267	0.5819011489160404	0.1733103429071624	ifn_apc	0.30187103435824497	0.9546990158962646	18	False	False	False	not_corrected_significant
GSE138746	anti-TNF	adalimumab/etanercept	rheumatoid arthritis	sorted PBMC/CD14/CD4	baseline sorted RNA-seq; moderate/good vs none	compartment=PBMC;drug=adalimumab	ifn_apc	19	18	-0.038901417878021746	-0.129749945726089	0.09084852784806725	0.11609847038570051	0.3608102409117506	0.7204154553024782	0.5350877192982456	drug, compartment, response-class encoding, baseline disease activity; generic inflammation tested by inflammatory_nfkb/ifn_apc residualization	0.10754004479562207	0.6653028503500862	0.1403470348229472	inflammatory_nfkb	0.1987715659711304	0.8344269648799686	18	False	False	False	not_corrected_significant
GSE138746	anti-TNF	adalimumab/etanercept	rheumatoid arthritis	sorted PBMC/CD14/CD4	baseline sorted RNA-seq; moderate/good vs none	compartment=PBMC;drug=adalimumab	hla_ii_apc	19	18	-0.17106799154291044	-0.06366447134399264	-0.1074035201989178	-0.12881359567878903	-0.40316149846357435	0.6893847170575328	0.47076023391812855	drug, compartment, response-class encoding, baseline disease activity; generic inflammation tested by inflammatory_nfkb/ifn_apc residualization	-0.1936428737472052	0.21929344949424617	-0.4028929046630258	inflammatory_nfkb,ifn_apc	0.8055573054215533	0.8344269648799686	18	True	False	False	not_corrected_significant
GSE138746	anti-TNF	adalimumab/etanercept	rheumatoid arthritis	sorted PBMC/CD14/CD4	baseline sorted RNA-seq; moderate/good vs none	compartment=PBMC;drug=adalimumab	lysosomal_apc	19	18	-0.24527711907499206	-0.015891663085281078	-0.22938545598971097	-0.3141464764110769	-0.9703111795137448	0.33903253852616094	0.39181286549707606	drug, compartment, response-class encoding, baseline disease activity; generic inflammation tested by inflammatory_nfkb/ifn_apc residualization	-0.2699908174524711	0.19317548392980335	-0.4373395336269287	inflammatory_nfkb,ifn_apc	0.5157997892924546	0.8344269648799686	18	True	False	False	not_corrected_significant
GSE138746	anti-TNF	adalimumab/etanercept	rheumatoid arthritis	sorted PBMC/CD14/CD4	baseline sorted RNA-seq; moderate/good vs none	compartment=PBMC;drug=adalimumab	mif_cd74_receptor_state	19	18	-0.19645544844528184	-0.0734250001931875	-0.12303044825209435	-0.18118959724988207	-0.5700827561781918	0.5728382195144545	0.4649122807017544	drug, compartment, response-class encoding, baseline disease activity; generic inflammation tested by inflammatory_nfkb/ifn_apc residualization	-0.1799215598535288	0.16020755500232262	-0.4592573986384111	inflammatory_nfkb,ifn_apc	0.8034735437721244	0.8344269648799686	18	True	False	False	not_corrected_significant
GSE138746	anti-TNF	adalimumab/etanercept	rheumatoid arthritis	sorted PBMC/CD14/CD4	baseline sorted RNA-seq; moderate/good vs none	compartment=PBMC;drug=adalimumab	mixscale_validated_ifng_readout	19	18	-0.09837444611273004	-0.0636726551945647	-0.03470179091816533	-0.05942282698514638	-0.18463823430460002	0.8545819971247802	0.4678362573099415	drug, compartment, response-class encoding, baseline disease activity; generic inflammation tested by inflammatory_nfkb/ifn_apc residualization	-0.08315871294050242	0.38785660918285486	-0.28387118611669787	inflammatory_nfkb,ifn_apc	0.853549372842727	0.8545819971247802	18	True	False	False	not_corrected_significant
GSE138746	anti-TNF	adalimumab/etanercept	rheumatoid arthritis	sorted PBMC/CD14/CD4	baseline sorted RNA-seq; moderate/good vs none	compartment=PBMC;drug=adalimumab	lipid_loader_repair	19	18	-0.11984729016906293	-0.05857590077212385	-0.061271389396939074	-0.17359747025448624	-0.5360484596246181	0.5955802409907162	0.4883040935672514	drug, compartment, response-class encoding, baseline disease activity; generic inflammation tested by inflammatory_nfkb/ifn_apc residualization	-0.06893677830786277	0.5356459943216076	-0.20382546771619028	inflammatory_nfkb,ifn_apc	0.2710492687491653	0.8344269648799686	18	True	False	False	not_corrected_significant
GSE138746	anti-TNF	adalimumab/etanercept	rheumatoid arthritis	sorted PBMC/CD14/CD4	baseline sorted RNA-seq; moderate/good vs none	compartment=PBMC;drug=adalimumab	complement_phagocytosis	19	18	-0.19980397323614998	-0.028913902699351186	-0.1708900705367988	-0.2740800866009773	-0.8413089169641819	0.4072467311525176	0.42105263157894735	drug, compartment, response-class encoding, baseline disease activity; generic inflammation tested by inflammatory_nfkb/ifn_apc residualization	-0.2058218160239832	0.20601328523736775	-0.42188607946121787	inflammatory_nfkb,ifn_apc	0.5996486957636096	0.8344269648799686	18	True	False	False	not_corrected_significant
GSE138746	anti-TNF	adalimumab/etanercept	rheumatoid arthritis	sorted PBMC/CD14/CD4	baseline sorted RNA-seq; moderate/good vs none	compartment=PBMC;drug=adalimumab	hif_nampt_metabolic	19	18	-0.11233559798980279	-0.00523557316234365	-0.10710002482745914	-0.2155673666452329	-0.6695574025919481	0.5075551918427801	0.45614035087719296	drug, compartment, response-class encoding, baseline disease activity; generic inflammation tested by inflammatory_nfkb/ifn_apc residualization	-0.06782789195226878	0.5048233916075358	-0.22141088767179057	inflammatory_nfkb,ifn_apc	0.7860718012481483	0.8344269648799686	18	True	False	False	not_corrected_significant
GSE138746	anti-TNF	adalimumab/etanercept	rheumatoid arthritis	sorted PBMC/CD14/CD4	baseline sorted RNA-seq; moderate/good vs none	compartment=PBMC;drug=adalimumab	inflammatory_nfkb	19	18	-0.10596064534257585	-0.027548146364066203	-0.07841249897850965	-0.10728341695483926	-0.33228683012532767	0.7417128576710832	0.5087719298245614	drug, compartment, response-class encoding, baseline disease activity; generic inflammation tested by inflammatory_nfkb/ifn_apc residualization	-0.09527476357308548	0.6826009092091333	-0.13312186888966782	ifn_apc	0.1987715659711304	0.8344269648799686	18	False	False	False	not_corrected_significant
GSE138746	anti-TNF	adalimumab/etanercept	rheumatoid arthritis	sorted PBMC/CD14/CD4	baseline sorted RNA-seq; moderate/good vs none	compartment=PBMC;drug=etanercept	ifn_apc	19	23	-0.06834711041816076	0.19014004611726382	-0.2584871565354246	-0.33592757075940755	-1.1397208667974534	0.2613045116779997	0.41418764302059496	drug, compartment, response-class encoding, baseline disease activity; generic inflammation tested by inflammatory_nfkb/ifn_apc residualization	-0.26604846244589225	0.24747928407108746	-0.3464367535758854	inflammatory_nfkb	0.04542746202059153	0.6119539566950586	19	False	False	False	not_corrected_significant
GSE138746	anti-TNF	adalimumab/etanercept	rheumatoid arthritis	sorted PBMC/CD14/CD4	baseline sorted RNA-seq; moderate/good vs none	compartment=PBMC;drug=etanercept	hla_ii_apc	19	23	0.018852419881218926	0.1755676672071347	-0.1567152473259158	-0.17939077313331245	-0.6122755059420527	0.5439590726178298	0.4462242562929062	drug, compartment, response-class encoding, baseline disease activity; generic inflammation tested by inflammatory_nfkb/ifn_apc residualization	0.09207329556607832	0.5400925224525334	0.18421717934109752	inflammatory_nfkb,ifn_apc	0.8181491317848789	0.6119539566950586	19	True	False	False	not_corrected_significant
GSE138746	anti-TNF	adalimumab/etanercept	rheumatoid arthritis	sorted PBMC/CD14/CD4	baseline sorted RNA-seq; moderate/good vs none	compartment=PBMC;drug=etanercept	lysosomal_apc	19	23	0.019743755081339128	0.19874712397455507	-0.17900336889321594	-0.23960599307557764	-0.790146647208059	0.4342279400187705	0.46453089244851264	drug, compartment, response-class encoding, baseline disease activity; generic inflammation tested by inflammatory_nfkb/ifn_apc residualization	-0.09365251419380137	0.6325211003919587	-0.14584986495324584	inflammatory_nfkb,ifn_apc	0.47889242963727824	0.6119539566950586	19	True	False	False	not_corrected_significant
GSE138746	anti-TNF	adalimumab/etanercept	rheumatoid arthritis	sorted PBMC/CD14/CD4	baseline sorted RNA-seq; moderate/good vs none	compartment=PBMC;drug=etanercept	mif_cd74_receptor_state	19	23	0.0412314070131337	0.1856915995951346	-0.14446019258200088	-0.21926373730131737	-0.7410752804773146	0.46301432592295483	0.448512585812357	drug, compartment, response-class encoding, baseline disease activity; generic inflammation tested by inflammatory_nfkb/ifn_apc residualization	0.009869988651084946	0.9347548628483456	0.024513191252394217	inflammatory_nfkb,ifn_apc	0.7855256791147303	0.6119539566950586	19	True	False	False	not_corrected_significant
GSE138746	anti-TNF	adalimumab/etanercept	rheumatoid arthritis	sorted PBMC/CD14/CD4	baseline sorted RNA-seq; moderate/good vs none	compartment=PBMC;drug=etanercept	mixscale_validated_ifng_readout	19	23	0.005305134522565179	0.12671411798762125	-0.12140898346505608	-0.22961676643699785	-0.7795858378419521	0.44031618258562	0.4874141876430206	drug, compartment, response-class encoding, baseline disease activity; generic inflammation tested by inflammatory_nfkb/ifn_apc residualization	-0.01738876008801109	0.856997843715514	-0.05809950437597323	inflammatory_nfkb,ifn_apc	0.7799329773811299	0.6119539566950586	19	True	False	False	not_corrected_significant
GSE138746	anti-TNF	adalimumab/etanercept	rheumatoid arthritis	sorted PBMC/CD14/CD4	baseline sorted RNA-seq; moderate/good vs none	compartment=PBMC;drug=etanercept	lipid_loader_repair	19	23	0.05347707534824048	0.1006695780649487	-0.04719250271670822	-0.09565970297303918	-0.3197751838750989	0.750803983525266	0.4805491990846682	drug, compartment, response-class encoding, baseline disease activity; generic inflammation tested by inflammatory_nfkb/ifn_apc residualization	-0.014624813798417577	0.9182274046419908	-0.030902144381260734	inflammatory_nfkb,ifn_apc	0.2680133627679308	0.750803983525266	19	True	False	False	not_corrected_significant
GSE138746	anti-TNF	adalimumab/etanercept	rheumatoid arthritis	sorted PBMC/CD14/CD4	baseline sorted RNA-seq; moderate/good vs none	compartment=PBMC;drug=etanercept	complement_phagocytosis	19	23	-0.05025664451191274	0.2292000863391954	-0.2794567308511081	-0.3560773815712287	-1.1996162332087048	0.23737059136693953	0.4279176201372997	drug, compartment, response-class encoding, baseline disease activity; generic inflammation tested by inflammatory_nfkb/ifn_apc residualization	-0.1291926197379487	0.5086988788667435	-0.20172374077018781	inflammatory_nfkb,ifn_apc	0.5900218260327587	0.6119539566950586	19	True	False	False	not_corrected_significant
GSE138746	anti-TNF	adalimumab/etanercept	rheumatoid arthritis	sorted PBMC/CD14/CD4	baseline sorted RNA-seq; moderate/good vs none	compartment=PBMC;drug=etanercept	hif_nampt_metabolic	19	23	0.12730819864636334	-0.008271265024019368	0.1355794636703827	0.21226218428232488	0.6761782096244912	0.5038172781413498	0.5720823798627003	drug, compartment, response-class encoding, baseline disease activity; generic inflammation tested by inflammatory_nfkb/ifn_apc residualization	0.010597044781033372	0.9164352431160452	0.03212426392729858	inflammatory_nfkb,ifn_apc	0.8574487861206886	0.6119539566950586	19	True	False	False	not_corrected_significant
GSE138746	anti-TNF	adalimumab/etanercept	rheumatoid arthritis	sorted PBMC/CD14/CD4	baseline sorted RNA-seq; moderate/good vs none	compartment=PBMC;drug=etanercept	inflammatory_nfkb	19	23	0.142477115470326	-0.008606360777134038	0.15108347624746002	0.21440910793639414	0.6943157811992666	0.49198173549015617	0.5491990846681922	drug, compartment, response-class encoding, baseline disease activity; generic inflammation tested by inflammatory_nfkb/ifn_apc residualization	0.1617419759427427	0.46187316466021666	0.22998439629364173	ifn_apc	0.04542746202059154	0.6119539566950586	19	False	False	False	not_corrected_significant
GSE138746	anti-TNF	adalimumab/etanercept	rheumatoid arthritis	sorted PBMC/CD14/CD4	baseline sorted RNA-seq pooled anti-TNF; moderate/good vs none	compartment=CD14_monocyte;drug_scope=all_anti_tnf	ifn_apc	37	41	-0.037032805175469745	0.03341984857298255	-0.0704526537484523	-0.08995130998022215	-0.40733772541070623	0.6849598696181662	0.4772577455504285	drug mix, compartment, response-class encoding, baseline disease activity; generic inflammation tested by inflammatory_nfkb/ifn_apc residualization	-0.0725848355450503	0.6720739873082957	-0.09404830694604863	inflammatory_nfkb	0.16979319721092828	0.8073502971369341	37	False	False	False	not_corrected_significant
GSE138746	anti-TNF	adalimumab/etanercept	rheumatoid arthritis	sorted PBMC/CD14/CD4	baseline sorted RNA-seq pooled anti-TNF; moderate/good vs none	compartment=CD14_monocyte;drug_scope=all_anti_tnf	hla_ii_apc	37	41	-0.03833842732310174	0.03459809295011205	-0.07293652027321379	-0.08072488602110496	-0.36296513735531605	0.7176447085661636	0.4726433750823995	drug mix, compartment, response-class encoding, baseline disease activity; generic inflammation tested by inflammatory_nfkb/ifn_apc residualization	-0.001931695528981131	0.9834723956745589	-0.004633427797393867	inflammatory_nfkb,ifn_apc	0.8866428331649674	0.8073502971369341	37	True	False	False	not_corrected_significant
GSE138746	anti-TNF	adalimumab/etanercept	rheumatoid arthritis	sorted PBMC/CD14/CD4	baseline sorted RNA-seq pooled anti-TNF; moderate/good vs none	compartment=CD14_monocyte;drug_scope=all_anti_tnf	lysosomal_apc	37	41	-0.14559066547972693	0.13138669811584686	-0.2769773635955738	-0.4681604143077929	-2.0625522669467498	0.04290835927734552	0.3665128543177324	drug mix, compartment, response-class encoding, baseline disease activity; generic inflammation tested by inflammatory_nfkb/ifn_apc residualization	-0.27792336232758047	0.03191528591390164	-0.49825251289828104	inflammatory_nfkb,ifn_apc	0.32133682966932847	0.19308761674805486	37	True	False	False	not_corrected_significant
GSE138746	anti-TNF	adalimumab/etanercept	rheumatoid arthritis	sorted PBMC/CD14/CD4	baseline sorted RNA-seq pooled anti-TNF; moderate/good vs none	compartment=CD14_monocyte;drug_scope=all_anti_tnf	mif_cd74_receptor_state	37	41	-0.036481376968388324	0.03292221823976141	-0.06940359520814973	-0.10325863936522425	-0.46125667518681657	0.6459349715828488	0.47725774555042844	drug mix, compartment, response-class encoding, baseline disease activity; generic inflammation tested by inflammatory_nfkb/ifn_apc residualization	-0.023008238724269096	0.7996787851790245	-0.05732023337636933	inflammatory_nfkb,ifn_apc	0.7978036892342679	0.8073502971369341	37	True	False	False	not_corrected_significant
GSE138746	anti-TNF	adalimumab/etanercept	rheumatoid arthritis	sorted PBMC/CD14/CD4	baseline sorted RNA-seq pooled anti-TNF; moderate/good vs none	compartment=CD14_monocyte;drug_scope=all_anti_tnf	mixscale_validated_ifng_readout	37	41	-0.05236476313442825	0.047256005755458824	-0.09962076888988708	-0.13669738385985322	-0.6195223389906357	0.5375273535588881	0.49637442320369146	drug mix, compartment, response-class encoding, baseline disease activity; generic inflammation tested by inflammatory_nfkb/ifn_apc residualization	-0.04026348857855784	0.4341453895716789	-0.1779289533744057	inflammatory_nfkb,ifn_apc	0.9437784084506889	0.8073502971369341	37	True	False	False	not_corrected_significant
GSE138746	anti-TNF	adalimumab/etanercept	rheumatoid arthritis	sorted PBMC/CD14/CD4	baseline sorted RNA-seq pooled anti-TNF; moderate/good vs none	compartment=CD14_monocyte;drug_scope=all_anti_tnf	lipid_loader_repair	37	41	-0.04029121028447966	0.03636036050062753	-0.07665157078510719	-0.20616315508214966	-0.921692251174516	0.3596088891597083	0.46077785102175345	drug mix, compartment, response-class encoding, baseline disease activity; generic inflammation tested by inflammatory_nfkb/ifn_apc residualization	-0.08921392965431883	0.24376663090247702	-0.261651711859118	inflammatory_nfkb,ifn_apc	0.2757488889886335	0.8073502971369341	37	True	False	False	not_corrected_significant
GSE138746	anti-TNF	adalimumab/etanercept	rheumatoid arthritis	sorted PBMC/CD14/CD4	baseline sorted RNA-seq pooled anti-TNF; moderate/good vs none	compartment=CD14_monocyte;drug_scope=all_anti_tnf	complement_phagocytosis	37	41	-0.14939576640032587	0.13482056967834402	-0.2842163360786699	-0.5271229591253673	-2.41345048477845	0.018690688035885833	0.3269611074489124	drug mix, compartment, response-class encoding, baseline disease activity; generic inflammation tested by inflammatory_nfkb/ifn_apc residualization	-0.2646947334666687	0.013893507824086345	-0.5582172326181319	inflammatory_nfkb,ifn_apc	0.44337932304093897	0.1682161923229725	37	True	False	False	not_corrected_significant
GSE138746	anti-TNF	adalimumab/etanercept	rheumatoid arthritis	sorted PBMC/CD14/CD4	baseline sorted RNA-seq pooled anti-TNF; moderate/good vs none	compartment=CD14_monocyte;drug_scope=all_anti_tnf	hif_nampt_metabolic	37	41	0.06718420819675695	-0.06062965129951509	0.12781385949627205	0.18725337260223118	0.8233565671910149	0.41319445056428	0.5260382333553065	drug mix, compartment, response-class encoding, baseline disease activity; generic inflammation tested by inflammatory_nfkb/ifn_apc residualization	0.10896532086248277	0.2171131238868444	0.2806784656228646	inflammatory_nfkb,ifn_apc	0.805440375804101	0.8073502971369341	37	True	False	False	not_corrected_significant
GSE138746	anti-TNF	adalimumab/etanercept	rheumatoid arthritis	sorted PBMC/CD14/CD4	baseline sorted RNA-seq pooled anti-TNF; moderate/good vs none	compartment=CD14_monocyte;drug_scope=all_anti_tnf	inflammatory_nfkb	37	41	0.006980426219992282	-0.006299409027799092	0.013279835247791374	0.01601660435137537	0.0709050105841444	0.9436686955452742	0.5036255767963085	drug mix, compartment, response-class encoding, baseline disease activity; generic inflammation tested by inflammatory_nfkb/ifn_apc residualization	0.02593029719524142	0.8888795618435095	0.03173804096527113	ifn_apc	0.16979319721092828	0.9436686955452742	37	False	False	False	not_corrected_significant
GSE138746	anti-TNF	adalimumab/etanercept	rheumatoid arthritis	sorted PBMC/CD14/CD4	baseline sorted RNA-seq pooled anti-TNF; moderate/good vs none	compartment=CD4_T_cell;drug_scope=all_anti_tnf	ifn_apc	37	41	0.09853097099151806	-0.08891819333381215	0.1874491643253302	0.2735714562806225	1.232816276277873	0.22150107831889745	0.5827290705339485	drug mix, compartment, response-class encoding, baseline disease activity; generic inflammation tested by inflammatory_nfkb/ifn_apc residualization	0.12075541256625719	0.3928324745290726	0.191790079371135	inflammatory_nfkb	0.4047873959258466	0.47083435714192967	37	False	False	False	not_corrected_significant
GSE138746	anti-TNF	adalimumab/etanercept	rheumatoid arthritis	sorted PBMC/CD14/CD4	baseline sorted RNA-seq pooled anti-TNF; moderate/good vs none	compartment=CD4_T_cell;drug_scope=all_anti_tnf	hla_ii_apc	37	41	0.10633487014484976	-0.09596073647218446	0.20229560661703422	0.22388142644386427	1.0141550295813684	0.3138895714279531	0.5616348055372445	drug mix, compartment, response-class encoding, baseline disease activity; generic inflammation tested by inflammatory_nfkb/ifn_apc residualization	-0.03464590509001099	0.7292878149131966	-0.07670071084981174	inflammatory_nfkb,ifn_apc	0.8295217786378329	0.47083435714192967	37	True	False	False	not_corrected_significant
GSE138746	anti-TNF	adalimumab/etanercept	rheumatoid arthritis	sorted PBMC/CD14/CD4	baseline sorted RNA-seq pooled anti-TNF; moderate/good vs none	compartment=CD4_T_cell;drug_scope=all_anti_tnf	lysosomal_apc	37	41	0.03508854030459644	-0.031665268079758294	0.06675380838435474	0.11938198624588352	0.534603677080395	0.5944845282418131	0.5543836519446276	drug mix, compartment, response-class encoding, baseline disease activity; generic inflammation tested by inflammatory_nfkb/ifn_apc residualization	-0.051379790291331766	0.5638986714968636	-0.13129311058129184	inflammatory_nfkb,ifn_apc	0.6962466726287094	0.6525085279365734	37	True	False	False	not_corrected_significant
GSE138746	anti-TNF	adalimumab/etanercept	rheumatoid arthritis	sorted PBMC/CD14/CD4	baseline sorted RNA-seq pooled anti-TNF; moderate/good vs none	compartment=CD4_T_cell;drug_scope=all_anti_tnf	mif_cd74_receptor_state	37	41	0.0879696010456826	-0.07938720094366182	0.16735680198934444	0.23381391416671266	1.05271010908645	0.29584602234973184	0.5510876730388925	drug mix, compartment, response-class encoding, baseline disease activity; generic inflammation tested by inflammatory_nfkb/ifn_apc residualization	-0.017981646989978416	0.8342646059806348	-0.046360299606198925	inflammatory_nfkb,ifn_apc	0.7361258777514134	0.47083435714192967	37	True	False	False	not_corrected_significant
GSE138746	anti-TNF	adalimumab/etanercept	rheumatoid arthritis	sorted PBMC/CD14/CD4	baseline sorted RNA-seq pooled anti-TNF; moderate/good vs none	compartment=CD4_T_cell;drug_scope=all_anti_tnf	mixscale_validated_ifng_readout	37	41	0.04568489910839104	-0.0412278357807423	0.08691273488913334	0.1767745636459923	0.7864500386785676	0.43408852314309043	0.5945945945945946	drug mix, compartment, response-class encoding, baseline disease activity; generic inflammation tested by inflammatory_nfkb/ifn_apc residualization	-0.03036399464264506	0.6658903911620055	-0.09865704957208184	inflammatory_nfkb,ifn_apc	0.7216290558290305	0.5581138154696876	37	True	False	False	not_corrected_significant
GSE138746	anti-TNF	adalimumab/etanercept	rheumatoid arthritis	sorted PBMC/CD14/CD4	baseline sorted RNA-seq pooled anti-TNF; moderate/good vs none	compartment=CD4_T_cell;drug_scope=all_anti_tnf	lipid_loader_repair	37	41	0.06492783667300212	-0.05859341358295028	0.1235212502559524	0.28719813018307655	1.2912576047176643	0.20055149487455246	0.5952537903757416	drug mix, compartment, response-class encoding, baseline disease activity; generic inflammation tested by inflammatory_nfkb/ifn_apc residualization	0.025364835396455225	0.6961516445753014	0.08691562504423224	inflammatory_nfkb,ifn_apc	0.6421367614600985	0.47083435714192967	37	True	False	False	not_corrected_significant
GSE138746	anti-TNF	adalimumab/etanercept	rheumatoid arthritis	sorted PBMC/CD14/CD4	baseline sorted RNA-seq pooled anti-TNF; moderate/good vs none	compartment=CD4_T_cell;drug_scope=all_anti_tnf	complement_phagocytosis	37	41	0.04551620316799352	-0.04107559798087208	0.08659180114886561	0.09971954916547154	0.45217484477330977	0.6525085279365734	0.5537244561634805	drug mix, compartment, response-class encoding, baseline disease activity; generic inflammation tested by inflammatory_nfkb/ifn_apc residualization	-0.13137553598153956	0.22023667638065358	-0.27736840045856104	inflammatory_nfkb,ifn_apc	0.7983992701791771	0.6525085279365734	37	True	False	False	not_corrected_significant
GSE138746	anti-TNF	adalimumab/etanercept	rheumatoid arthritis	sorted PBMC/CD14/CD4	baseline sorted RNA-seq pooled anti-TNF; moderate/good vs none	compartment=CD4_T_cell;drug_scope=all_anti_tnf	hif_nampt_metabolic	37	41	0.10753437522802867	-0.09704321666919495	0.20457759189722363	0.3982215879545154	1.7673578563748096	0.08130293736399868	0.5959129861568886	drug mix, compartment, response-class encoding, baseline disease activity; generic inflammation tested by inflammatory_nfkb/ifn_apc residualization	0.10683356354659594	0.1513944757096401	0.3242309921645275	inflammatory_nfkb,ifn_apc	0.7706503218842456	0.47083435714192967	37	True	False	False	not_corrected_significant
GSE138746	anti-TNF	adalimumab/etanercept	rheumatoid arthritis	sorted PBMC/CD14/CD4	baseline sorted RNA-seq pooled anti-TNF; moderate/good vs none	compartment=CD4_T_cell;drug_scope=all_anti_tnf	inflammatory_nfkb	37	41	0.07919356365163846	-0.07146736231977092	0.1506609259714094	0.23992903423026501	1.0748004265997513	0.28586468429452694	0.5787738958470665	drug mix, compartment, response-class encoding, baseline disease activity; generic inflammation tested by inflammatory_nfkb/ifn_apc residualization	0.08127794505468129	0.5322079973041629	0.1408628618358846	ifn_apc	0.40478739592584667	0.47083435714192967	37	False	False	False	not_corrected_significant
GSE138746	anti-TNF	adalimumab/etanercept	rheumatoid arthritis	sorted PBMC/CD14/CD4	baseline sorted RNA-seq pooled anti-TNF; moderate/good vs none	compartment=PBMC;drug_scope=all_anti_tnf	ifn_apc	38	41	-0.05362426414809126	0.04970053750310892	-0.10332480165120017	-0.1348058125063521	-0.6087743939898316	0.5444853541753967	0.4717586649550706	drug mix, compartment, response-class encoding, baseline disease activity; generic inflammation tested by inflammatory_nfkb/ifn_apc residualization	-0.10817023664224021	0.5226934109124712	-0.1423100617012426	inflammatory_nfkb	0.1265623062189354	0.70005259822551	38	False	False	False	not_corrected_significant
GSE138746	anti-TNF	adalimumab/etanercept	rheumatoid arthritis	sorted PBMC/CD14/CD4	baseline sorted RNA-seq pooled anti-TNF; moderate/good vs none	compartment=PBMC;drug_scope=all_anti_tnf	hla_ii_apc	38	41	-0.07610778583084578	0.07053892345298125	-0.14664670928382703	-0.17404925608761407	-0.7834839674699374	0.43574729038320864	0.4563543003851091	drug mix, compartment, response-class encoding, baseline disease activity; generic inflammation tested by inflammatory_nfkb/ifn_apc residualization	-0.05050107617641656	0.6420215452407344	-0.10360368063459306	inflammatory_nfkb,ifn_apc	0.8143898516141395	0.70005259822551	38	True	False	False	not_corrected_significant
GSE138746	anti-TNF	adalimumab/etanercept	rheumatoid arthritis	sorted PBMC/CD14/CD4	baseline sorted RNA-seq pooled anti-TNF; moderate/good vs none	compartment=PBMC;drug_scope=all_anti_tnf	lysosomal_apc	38	41	-0.11276668199682648	0.10451546136291968	-0.21728214335974616	-0.296720307600011	-1.3363147818868668	0.18538624887791094	0.42105263157894735	drug mix, compartment, response-class encoding, baseline disease activity; generic inflammation tested by inflammatory_nfkb/ifn_apc residualization	-0.17364723261349901	0.212914698894048	-0.27733211152564413	inflammatory_nfkb,ifn_apc	0.5037662139988694	0.70005259822551	38	True	False	False	not_corrected_significant
GSE138746	anti-TNF	adalimumab/etanercept	rheumatoid arthritis	sorted PBMC/CD14/CD4	baseline sorted RNA-seq pooled anti-TNF; moderate/good vs none	compartment=PBMC;drug_scope=all_anti_tnf	mif_cd74_receptor_state	38	41	-0.07761202071607408	0.07193309237099321	-0.1495451130870673	-0.2249217037315332	-1.0061471793189158	0.3175603312546419	0.45442875481386397	drug mix, compartment, response-class encoding, baseline disease activity; generic inflammation tested by inflammatory_nfkb/ifn_apc residualization	-0.08276724673192866	0.3538558477422181	-0.20804682861380103	inflammatory_nfkb,ifn_apc	0.7947054926492408	0.70005259822551	38	True	False	False	not_corrected_significant
GSE138746	anti-TNF	adalimumab/etanercept	rheumatoid arthritis	sorted PBMC/CD14/CD4	baseline sorted RNA-seq pooled anti-TNF; moderate/good vs none	compartment=PBMC;drug_scope=all_anti_tnf	mixscale_validated_ifng_readout	38	41	-0.04653465579508241	0.04312968098080789	-0.08966433677589031	-0.16367222362063982	-0.7384961063557405	0.4624730433318292	0.4711168164313222	drug mix, compartment, response-class encoding, baseline disease activity; generic inflammation tested by inflammatory_nfkb/ifn_apc residualization	-0.03686377187598301	0.5802489127528594	-0.1248281941391341	inflammatory_nfkb,ifn_apc	0.817266152384638	0.70005259822551	38	True	False	False	not_corrected_significant
GSE138746	anti-TNF	adalimumab/etanercept	rheumatoid arthritis	sorted PBMC/CD14/CD4	baseline sorted RNA-seq pooled anti-TNF; moderate/good vs none	compartment=PBMC;drug_scope=all_anti_tnf	lipid_loader_repair	38	41	-0.03318510741041124	0.030756928819404658	-0.0639420362298159	-0.1480340431806817	-0.6689285499568611	0.5055708583483819	0.47368421052631576	drug mix, compartment, response-class encoding, baseline disease activity; generic inflammation tested by inflammatory_nfkb/ifn_apc residualization	-0.050470684641567926	0.58165194076026	-0.12220864297883474	inflammatory_nfkb,ifn_apc	0.2796033860761908	0.70005259822551	38	True	False	False	not_corrected_significant
GSE138746	anti-TNF	adalimumab/etanercept	rheumatoid arthritis	sorted PBMC/CD14/CD4	baseline sorted RNA-seq pooled anti-TNF; moderate/good vs none	compartment=PBMC;drug_scope=all_anti_tnf	complement_phagocytosis	38	41	-0.12503030887403138	0.11588174968812617	-0.24091205856215755	-0.3412609814678147	-1.5504683797875878	0.1254167742604179	0.4050064184852375	drug mix, compartment, response-class encoding, baseline disease activity; generic inflammation tested by inflammatory_nfkb/ifn_apc residualization	-0.18651755635675607	0.1405247432888377	-0.32959973578586066	inflammatory_nfkb,ifn_apc	0.5956619666734311	0.70005259822551	38	True	False	False	not_corrected_significant
GSE138746	anti-TNF	adalimumab/etanercept	rheumatoid arthritis	sorted PBMC/CD14/CD4	baseline sorted RNA-seq pooled anti-TNF; moderate/good vs none	compartment=PBMC;drug_scope=all_anti_tnf	hif_nampt_metabolic	38	41	0.007486300328280251	-0.006938522255478805	0.014424822583759055	0.025309442028876108	0.11258473989955695	0.9106768559262611	0.5109114249037228	drug mix, compartment, response-class encoding, baseline disease activity; generic inflammation tested by inflammatory_nfkb/ifn_apc residualization	-0.009982575448048083	0.8897116403622398	-0.03074740096790605	inflammatory_nfkb,ifn_apc	0.8217675930724015	0.9106768559262611	38	True	False	False	not_corrected_significant
GSE138746	anti-TNF	adalimumab/etanercept	rheumatoid arthritis	sorted PBMC/CD14/CD4	baseline sorted RNA-seq pooled anti-TNF; moderate/good vs none	compartment=PBMC;drug_scope=all_anti_tnf	inflammatory_nfkb	38	41	0.01825823506387508	-0.016922266644567648	0.035180501708442724	0.04984768741827961	0.22320182049300402	0.8239776870692708	0.5372272143774068	drug mix, compartment, response-class encoding, baseline disease activity; generic inflammation tested by inflammatory_nfkb/ifn_apc residualization	0.04719712917363411	0.7636986032000417	0.06743445927721085	ifn_apc	0.12656230621893538	0.9106768559262611	38	False	False	False	not_corrected_significant
GSE138746	anti-TNF	adalimumab/etanercept	rheumatoid arthritis	sorted PBMC/CD14/CD4	baseline sorted RNA-seq; good vs none	compartment=CD14_monocyte;drug=adalimumab	ifn_apc	11	18	0.2326625202363297	-0.20410283778312172	0.4367653580194514	0.5534763748548938	1.67915224468855	0.10466250132466856	0.6868686868686869	drug, compartment, response-class encoding, baseline disease activity; generic inflammation tested by inflammatory_nfkb/ifn_apc residualization	0.4432699096974809	0.1058436423298282	0.5754170591206907	inflammatory_nfkb	0.20298967593357414	0.3031405869104854	11	False	False	False	not_corrected_significant
GSE138746	anti-TNF	adalimumab/etanercept	rheumatoid arthritis	sorted PBMC/CD14/CD4	baseline sorted RNA-seq; good vs none	compartment=CD14_monocyte;drug=adalimumab	hla_ii_apc	11	18	0.2845907041123982	-0.25690163027648727	0.5414923343888854	0.6112656539265588	1.752505449935452	0.09175133765450502	0.6414141414141414	drug, compartment, response-class encoding, baseline disease activity; generic inflammation tested by inflammatory_nfkb/ifn_apc residualization	0.12461705568595194	0.504095631570326	0.25055080342071434	inflammatory_nfkb,ifn_apc	0.8417723709015924	0.3031405869104854	11	True	False	False	not_corrected_significant
GSE138746	anti-TNF	adalimumab/etanercept	rheumatoid arthritis	sorted PBMC/CD14/CD4	baseline sorted RNA-seq; good vs none	compartment=CD14_monocyte;drug=adalimumab	lysosomal_apc	11	18	-0.1633984148524682	0.06043548261617431	-0.22383389746864252	-0.37722716252877125	-1.0576960915562954	0.3006842557879827	0.37373737373737376	drug, compartment, response-class encoding, baseline disease activity; generic inflammation tested by inflammatory_nfkb/ifn_apc residualization	-0.1523638391245631	0.4136043754148254	-0.2928437925139916	inflammatory_nfkb,ifn_apc	0.45742236095227795	0.38659404315597773	11	True	False	False	not_corrected_significant
GSE138746	anti-TNF	adalimumab/etanercept	rheumatoid arthritis	sorted PBMC/CD14/CD4	baseline sorted RNA-seq; good vs none	compartment=CD14_monocyte;drug=adalimumab	mif_cd74_receptor_state	11	18	0.1413130271625533	-0.17392551720209062	0.31523854436464394	0.4903951798109327	1.417118318924329	0.1684114371724919	0.6262626262626263	drug, compartment, response-class encoding, baseline disease activity; generic inflammation tested by inflammatory_nfkb/ifn_apc residualization	0.05948152997776621	0.6791216337798958	0.14403698223422304	inflammatory_nfkb,ifn_apc	0.7667821348807342	0.3031405869104854	11	True	False	False	not_corrected_significant
GSE138746	anti-TNF	adalimumab/etanercept	rheumatoid arthritis	sorted PBMC/CD14/CD4	baseline sorted RNA-seq; good vs none	compartment=CD14_monocyte;drug=adalimumab	mixscale_validated_ifng_readout	11	18	0.17660828314330565	-0.1672034963866736	0.3438117795299792	0.4985387156547802	1.540627204642094	0.135180787006671	0.702020202020202	drug, compartment, response-class encoding, baseline disease activity; generic inflammation tested by inflammatory_nfkb/ifn_apc residualization	1.4176668551107716e-05	0.9998367398099568	7.247338758255287e-05	inflammatory_nfkb,ifn_apc	0.9496905000536662	0.3031405869104854	11	True	False	False	not_corrected_significant
GSE138746	anti-TNF	adalimumab/etanercept	rheumatoid arthritis	sorted PBMC/CD14/CD4	baseline sorted RNA-seq; good vs none	compartment=CD14_monocyte;drug=adalimumab	lipid_loader_repair	11	18	-0.18085177380985684	0.023109957434198594	-0.20396173124405542	-0.6477327009694052	-1.5528212073824341	0.14177846317787776	0.3333333333333333	drug, compartment, response-class encoding, baseline disease activity; generic inflammation tested by inflammatory_nfkb/ifn_apc residualization	-0.09132602343384838	0.3149147182659745	-0.39529368680603744	inflammatory_nfkb,ifn_apc	0.49651281953022536	0.3031405869104854	11	True	False	False	not_corrected_significant
GSE138746	anti-TNF	adalimumab/etanercept	rheumatoid arthritis	sorted PBMC/CD14/CD4	baseline sorted RNA-seq; good vs none	compartment=CD14_monocyte;drug=adalimumab	complement_phagocytosis	11	18	-0.22500370146255777	-0.004168145311133006	-0.22083555615142475	-0.3775123788901976	-1.1221899485490139	0.27173268212443763	0.3838383838383838	drug, compartment, response-class encoding, baseline disease activity; generic inflammation tested by inflammatory_nfkb/ifn_apc residualization	-0.3154227180286848	0.03536537698994029	-0.718678461052596	inflammatory_nfkb,ifn_apc	0.5264687774324932	0.38659404315597773	11	True	False	False	not_corrected_significant
GSE138746	anti-TNF	adalimumab/etanercept	rheumatoid arthritis	sorted PBMC/CD14/CD4	baseline sorted RNA-seq; good vs none	compartment=CD14_monocyte;drug=adalimumab	hif_nampt_metabolic	11	18	0.07620971853984027	-0.021387951380721304	0.09759766992056157	0.1377108872289925	0.33678873039859636	0.7407614045032658	0.5050505050505051	drug, compartment, response-class encoding, baseline disease activity; generic inflammation tested by inflammatory_nfkb/ifn_apc residualization	0.18483386036030916	0.3212252921550995	0.4119752733520951	inflammatory_nfkb,ifn_apc	0.74449890151131	0.8333565800661741	11	True	False	False	not_corrected_significant
GSE138746	anti-TNF	adalimumab/etanercept	rheumatoid arthritis	sorted PBMC/CD14/CD4	baseline sorted RNA-seq; good vs none	compartment=CD14_monocyte;drug=adalimumab	inflammatory_nfkb	11	18	-0.0014134114861405693	0.03165349900020782	-0.03306691048634839	-0.0390453856314482	-0.1032928987856322	0.9187489568759515	0.4949494949494949	drug, compartment, response-class encoding, baseline disease activity; generic inflammation tested by inflammatory_nfkb/ifn_apc residualization	-0.12455663856055894	0.7034401766474189	-0.15062818572149983	ifn_apc	0.20298967593357414	0.9187489568759515	11	False	False	False	not_corrected_significant
GSE138746	anti-TNF	adalimumab/etanercept	rheumatoid arthritis	sorted PBMC/CD14/CD4	baseline sorted RNA-seq; good vs none	compartment=CD14_monocyte;drug=etanercept	ifn_apc	9	23	0.059582248257027196	0.21930716832993372	-0.1597249200729065	-0.19442482865147764	-0.5861647831313647	0.5641794141451407	0.4444444444444444	drug, compartment, response-class encoding, baseline disease activity; generic inflammation tested by inflammatory_nfkb/ifn_apc residualization	-0.16045158118740777	0.5665884780203199	-0.1966500871572991	inflammatory_nfkb	0.1157414772549295	0.985952159766355	9	False	False	False	not_corrected_significant
GSE138746	anti-TNF	adalimumab/etanercept	rheumatoid arthritis	sorted PBMC/CD14/CD4	baseline sorted RNA-seq; good vs none	compartment=CD14_monocyte;drug=etanercept	hla_ii_apc	9	23	0.20431158731209434	0.26272831112745054	-0.0584167238153562	-0.06536995998381549	-0.20730264442618693	0.8375798517150305	0.4685990338164251	drug, compartment, response-class encoding, baseline disease activity; generic inflammation tested by inflammatory_nfkb/ifn_apc residualization	0.09760496908621788	0.4000926188458404	0.26939293775184936	inflammatory_nfkb,ifn_apc	0.9107582099510894	0.985952159766355	9	True	False	False	not_corrected_significant
GSE138746	anti-TNF	adalimumab/etanercept	rheumatoid arthritis	sorted PBMC/CD14/CD4	baseline sorted RNA-seq; good vs none	compartment=CD14_monocyte;drug=etanercept	lysosomal_apc	9	23	-0.023114103611100723	0.18691373633298192	-0.21002783994408264	-0.4158898885795002	-0.9605252988662827	0.35604670640826025	0.3816425120772947	drug, compartment, response-class encoding, baseline disease activity; generic inflammation tested by inflammatory_nfkb/ifn_apc residualization	-0.21028266420817138	0.2988540614307152	-0.45925421118102805	inflammatory_nfkb,ifn_apc	0.4134542643933618	0.985952159766355	9	True	False	False	not_corrected_significant
GSE138746	anti-TNF	adalimumab/etanercept	rheumatoid arthritis	sorted PBMC/CD14/CD4	baseline sorted RNA-seq; good vs none	compartment=CD14_monocyte;drug=etanercept	mif_cd74_receptor_state	9	23	0.1725116555668441	0.19480305467251516	-0.022291399105671045	-0.03501155713394643	-0.10011067838726176	0.9213658384719269	0.5072463768115942	drug, compartment, response-class encoding, baseline disease activity; generic inflammation tested by inflammatory_nfkb/ifn_apc residualization	0.08052248404642538	0.5049803267139866	0.24084174845302073	inflammatory_nfkb,ifn_apc	0.8456523950399236	0.985952159766355	9	True	False	False	not_corrected_significant
GSE138746	anti-TNF	adalimumab/etanercept	rheumatoid arthritis	sorted PBMC/CD14/CD4	baseline sorted RNA-seq; good vs none	compartment=CD14_monocyte;drug=etanercept	mixscale_validated_ifng_readout	9	23	0.14767342025704153	0.21509387699712762	-0.0674204567400861	-0.08784685731862461	-0.3034929584685901	0.763750662925423	0.5072463768115942	drug, compartment, response-class encoding, baseline disease activity; generic inflammation tested by inflammatory_nfkb/ifn_apc residualization	0.07105198537297884	0.5431504219477368	0.28789604396167556	inflammatory_nfkb,ifn_apc	0.9429380232253111	0.985952159766355	9	True	False	False	not_corrected_significant
GSE138746	anti-TNF	adalimumab/etanercept	rheumatoid arthritis	sorted PBMC/CD14/CD4	baseline sorted RNA-seq; good vs none	compartment=CD14_monocyte;drug=etanercept	lipid_loader_repair	9	23	0.039075362339376384	0.046730241161311026	-0.007654878821934642	-0.018015482198205167	-0.0638454433620957	0.9495287146931217	0.5314009661835749	drug, compartment, response-class encoding, baseline disease activity; generic inflammation tested by inflammatory_nfkb/ifn_apc residualization	-0.026499073430503797	0.8043384214158169	-0.06587395770701893	inflammatory_nfkb,ifn_apc	0.2359216443510544	0.985952159766355	9	True	False	False	not_corrected_significant
GSE138746	anti-TNF	adalimumab/etanercept	rheumatoid arthritis	sorted PBMC/CD14/CD4	baseline sorted RNA-seq; good vs none	compartment=CD14_monocyte;drug=etanercept	complement_phagocytosis	9	23	-0.1382382731587801	0.24359434662663038	-0.3818326197854105	-0.6438215413760432	-2.298017062211388	0.028856238967479034	0.2222222222222222	drug, compartment, response-class encoding, baseline disease activity; generic inflammation tested by inflammatory_nfkb/ifn_apc residualization	-0.3258024996228815	0.0642310386873631	-0.6351507083638943	inflammatory_nfkb,ifn_apc	0.48674213752260215	0.25970615070731135	9	True	False	False	not_corrected_significant
GSE138746	anti-TNF	adalimumab/etanercept	rheumatoid arthritis	sorted PBMC/CD14/CD4	baseline sorted RNA-seq; good vs none	compartment=CD14_monocyte;drug=etanercept	hif_nampt_metabolic	9	23	0.07113444210931373	-0.09134054688813631	0.16247498899745005	0.23318247951767718	0.5311767159018244	0.6053495917177166	0.536231884057971	drug, compartment, response-class encoding, baseline disease activity; generic inflammation tested by inflammatory_nfkb/ifn_apc residualization	0.12440911407585213	0.3140664429439174	0.3522301021690422	inflammatory_nfkb,ifn_apc	0.8239240582081969	0.985952159766355	9	True	False	False	not_corrected_significant
GSE138746	anti-TNF	adalimumab/etanercept	rheumatoid arthritis	sorted PBMC/CD14/CD4	baseline sorted RNA-seq; good vs none	compartment=CD14_monocyte;drug=etanercept	inflammatory_nfkb	9	23	-0.02958729251592339	-0.036001684875804504	0.006414392359881116	0.007609744518784358	0.017970509751409514	0.985952159766355	0.46859903381642515	drug, compartment, response-class encoding, baseline disease activity; generic inflammation tested by inflammatory_nfkb/ifn_apc residualization	0.025301885637547893	0.9448497490511402	0.030223042288625088	ifn_apc	0.11574147725492953	0.985952159766355	9	False	False	False	not_corrected_significant
GSE138746	anti-TNF	adalimumab/etanercept	rheumatoid arthritis	sorted PBMC/CD14/CD4	baseline sorted RNA-seq; good vs none	compartment=CD4_T_cell;drug=adalimumab	ifn_apc	11	18	0.3088385807427652	-0.37404736697280205	0.6828859477155673	0.9881066066896802	2.5867614255895837	0.01784112778185314	0.7929292929292929	drug, compartment, response-class encoding, baseline disease activity; generic inflammation tested by inflammatory_nfkb/ifn_apc residualization	0.5486796024849451	0.03729511745207043	0.8953233510047043	inflammatory_nfkb	0.4928062568028629	0.08028507501833913	11	False	False	False	generic_inflammation_module_not_stratum_specific
GSE138746	anti-TNF	adalimumab/etanercept	rheumatoid arthritis	sorted PBMC/CD14/CD4	baseline sorted RNA-seq; good vs none	compartment=CD4_T_cell;drug=adalimumab	hla_ii_apc	11	18	0.14160848848934746	-0.4204447570647887	0.5620532455541362	0.5842839605384345	1.6129304598758616	0.12035315230507933	0.7121212121212122	drug, compartment, response-class encoding, baseline disease activity; generic inflammation tested by inflammatory_nfkb/ifn_apc residualization	-0.16915106311981082	0.31549357516273263	-0.36142005952242834	inflammatory_nfkb,ifn_apc	0.8513451812972432	0.2707945926864285	11	True	False	False	not_corrected_significant
GSE138746	anti-TNF	adalimumab/etanercept	rheumatoid arthritis	sorted PBMC/CD14/CD4	baseline sorted RNA-seq; good vs none	compartment=CD4_T_cell;drug=adalimumab	lysosomal_apc	11	18	0.07031078125092824	-0.19913785710379217	0.26944863835472044	0.5005271097237739	1.371490725757229	0.1837003279669576	0.6515151515151515	drug, compartment, response-class encoding, baseline disease activity; generic inflammation tested by inflammatory_nfkb/ifn_apc residualization	-0.10928527731398943	0.2502514069486345	-0.3988224337605906	inflammatory_nfkb,ifn_apc	0.8074042100761533	0.2755504919504364	11	True	False	False	not_corrected_significant
GSE138746	anti-TNF	adalimumab/etanercept	rheumatoid arthritis	sorted PBMC/CD14/CD4	baseline sorted RNA-seq; good vs none	compartment=CD4_T_cell;drug=adalimumab	mif_cd74_receptor_state	11	18	0.1397408888056203	-0.3017422977900319	0.4414831865956522	0.6052185050113035	1.6657873549555196	0.10939147387791803	0.6919191919191919	drug, compartment, response-class encoding, baseline disease activity; generic inflammation tested by inflammatory_nfkb/ifn_apc residualization	-0.03642774254121054	0.7797373729242797	-0.09737634977164353	inflammatory_nfkb,ifn_apc	0.7572831191585488	0.2707945926864285	11	True	False	False	not_corrected_significant
GSE138746	anti-TNF	adalimumab/etanercept	rheumatoid arthritis	sorted PBMC/CD14/CD4	baseline sorted RNA-seq; good vs none	compartment=CD4_T_cell;drug=adalimumab	mixscale_validated_ifng_readout	11	18	0.23001973334875583	-0.24272713008032387	0.4727468634290797	1.0129572983678221	2.8251546956569924	0.009420494142165049	0.7828282828282828	drug, compartment, response-class encoding, baseline disease activity; generic inflammation tested by inflammatory_nfkb/ifn_apc residualization	0.145163203928171	0.1429550630693236	0.5093389935227218	inflammatory_nfkb,ifn_apc	0.7457462819971996	0.08028507501833913	11	True	False	False	not_independent_of_generic_inflammation
GSE138746	anti-TNF	adalimumab/etanercept	rheumatoid arthritis	sorted PBMC/CD14/CD4	baseline sorted RNA-seq; good vs none	compartment=CD4_T_cell;drug=adalimumab	lipid_loader_repair	11	18	0.05758029603156361	-0.17093256371389243	0.22851285974545604	0.4612782545875244	1.207425752902101	0.24170244591792348	0.6616161616161615	drug, compartment, response-class encoding, baseline disease activity; generic inflammation tested by inflammatory_nfkb/ifn_apc residualization	-0.06486423284974664	0.5288385147472524	-0.24132809616033785	inflammatory_nfkb,ifn_apc	0.7553765870616689	0.2876664138115703	11	True	False	False	not_corrected_significant
GSE138746	anti-TNF	adalimumab/etanercept	rheumatoid arthritis	sorted PBMC/CD14/CD4	baseline sorted RNA-seq; good vs none	compartment=CD4_T_cell;drug=adalimumab	complement_phagocytosis	11	18	0.15156239921296627	-0.2713661892280875	0.42292858844105374	0.43731309096638976	1.1686783585078264	0.25570347894361806	0.5909090909090908	drug, compartment, response-class encoding, baseline disease activity; generic inflammation tested by inflammatory_nfkb/ifn_apc residualization	-0.2566074774933967	0.18127537416763964	-0.5372265754741431	inflammatory_nfkb,ifn_apc	0.8116007986900415	0.2876664138115703	11	True	False	False	not_corrected_significant
GSE138746	anti-TNF	adalimumab/etanercept	rheumatoid arthritis	sorted PBMC/CD14/CD4	baseline sorted RNA-seq; good vs none	compartment=CD4_T_cell;drug=adalimumab	hif_nampt_metabolic	11	18	0.16584725911264545	-0.18301255756008242	0.34885981667272786	0.5849379349434111	1.459119880842816	0.16315294167085115	0.6161616161616161	drug, compartment, response-class encoding, baseline disease activity; generic inflammation tested by inflammatory_nfkb/ifn_apc residualization	0.19475658741643392	0.16941117548331755	0.5307928355478041	inflammatory_nfkb,ifn_apc	0.7910335599504328	0.2755504919504364	11	True	False	False	not_corrected_significant
GSE138746	anti-TNF	adalimumab/etanercept	rheumatoid arthritis	sorted PBMC/CD14/CD4	baseline sorted RNA-seq; good vs none	compartment=CD4_T_cell;drug=adalimumab	inflammatory_nfkb	11	18	0.024162309634915436	-0.2172786940191176	0.24144100365403304	0.3567891493262495	0.9655467734822849	0.34489397976348646	0.6161616161616161	drug, compartment, response-class encoding, baseline disease activity; generic inflammation tested by inflammatory_nfkb/ifn_apc residualization	-0.056917609907972073	0.8061119825485543	-0.09517185859865541	ifn_apc	0.4928062568028629	0.34489397976348646	11	False	False	False	not_corrected_significant
GSE138746	anti-TNF	adalimumab/etanercept	rheumatoid arthritis	sorted PBMC/CD14/CD4	baseline sorted RNA-seq; good vs none	compartment=CD4_T_cell;drug=etanercept	ifn_apc	10	23	-0.030712738352160346	0.13422637734017998	-0.16493911569234032	-0.22699292613326855	-0.6857084128257889	0.4998989700771245	0.4478260869565217	drug, compartment, response-class encoding, baseline disease activity; generic inflammation tested by inflammatory_nfkb/ifn_apc residualization	-0.14228072553164894	0.5494017603790846	-0.2076023931411642	inflammatory_nfkb	0.33485684108665426	0.8203340594724446	10	False	False	False	not_corrected_significant
GSE138746	anti-TNF	adalimumab/etanercept	rheumatoid arthritis	sorted PBMC/CD14/CD4	baseline sorted RNA-seq; good vs none	compartment=CD4_T_cell;drug=etanercept	hla_ii_apc	10	23	-0.0016539874586792996	0.15798327964376674	-0.15963726710244605	-0.17157093812265256	-0.5644587218916758	0.5769947709139802	0.4217391304347826	drug, compartment, response-class encoding, baseline disease activity; generic inflammation tested by inflammatory_nfkb/ifn_apc residualization	0.013970123741220346	0.925505722276016	0.028101544072312877	inflammatory_nfkb,ifn_apc	0.8026047232741588	0.8203340594724446	10	True	False	False	not_corrected_significant
GSE138746	anti-TNF	adalimumab/etanercept	rheumatoid arthritis	sorted PBMC/CD14/CD4	baseline sorted RNA-seq; good vs none	compartment=CD4_T_cell;drug=etanercept	lysosomal_apc	10	23	-0.10016115660915828	0.09940023637383341	-0.1995613929829917	-0.3299482380863427	-0.8911457647556339	0.3852020357991558	0.4521739130434783	drug, compartment, response-class encoding, baseline disease activity; generic inflammation tested by inflammatory_nfkb/ifn_apc residualization	-0.09549865029760428	0.4996061586118548	-0.23764833289458906	inflammatory_nfkb,ifn_apc	0.7462599150581897	0.8203340594724446	10	True	False	False	not_corrected_significant
GSE138746	anti-TNF	adalimumab/etanercept	rheumatoid arthritis	sorted PBMC/CD14/CD4	baseline sorted RNA-seq; good vs none	compartment=CD4_T_cell;drug=etanercept	mif_cd74_receptor_state	10	23	0.02914842143075762	0.09462983137088866	-0.06548140994013105	-0.08924235564258312	-0.27856590942118226	0.7829204042317378	0.4347826086956522	drug, compartment, response-class encoding, baseline disease activity; generic inflammation tested by inflammatory_nfkb/ifn_apc residualization	0.05483129678748504	0.65653299689561	0.12899874556951568	inflammatory_nfkb,ifn_apc	0.69160489528994	0.8203340594724446	10	True	False	False	not_corrected_significant
GSE138746	anti-TNF	adalimumab/etanercept	rheumatoid arthritis	sorted PBMC/CD14/CD4	baseline sorted RNA-seq; good vs none	compartment=CD4_T_cell;drug=etanercept	mixscale_validated_ifng_readout	10	23	0.07903989139970018	0.11646726410588673	-0.037427372706186554	-0.08971242897311282	-0.26761934334507564	0.7915079146569975	0.5	drug, compartment, response-class encoding, baseline disease activity; generic inflammation tested by inflammatory_nfkb/ifn_apc residualization	0.03345972650613252	0.7483336600826442	0.13353970814665483	inflammatory_nfkb,ifn_apc	0.7255991775978716	0.8203340594724446	10	True	False	False	not_corrected_significant
GSE138746	anti-TNF	adalimumab/etanercept	rheumatoid arthritis	sorted PBMC/CD14/CD4	baseline sorted RNA-seq; good vs none	compartment=CD4_T_cell;drug=etanercept	lipid_loader_repair	10	23	-0.008307458689308257	0.029324182171700085	-0.03763164086100834	-0.08837327657343334	-0.274665832798481	0.7859052992548778	0.5434782608695652	drug, compartment, response-class encoding, baseline disease activity; generic inflammation tested by inflammatory_nfkb/ifn_apc residualization	0.023757004592527005	0.7881761992784889	0.07513029949267996	inflammatory_nfkb,ifn_apc	0.6175892065765884	0.8203340594724446	10	True	False	False	not_corrected_significant
GSE138746	anti-TNF	adalimumab/etanercept	rheumatoid arthritis	sorted PBMC/CD14/CD4	baseline sorted RNA-seq; good vs none	compartment=CD4_T_cell;drug=etanercept	complement_phagocytosis	10	23	-0.08968029197248195	0.13915182125607908	-0.22883211322856103	-0.24872817920897758	-0.8569815129602504	0.3982554307812364	0.47391304347826085	drug, compartment, response-class encoding, baseline disease activity; generic inflammation tested by inflammatory_nfkb/ifn_apc residualization	-0.04978686271876089	0.7470864777680652	-0.10676431033612784	inflammatory_nfkb,ifn_apc	0.8403251938220485	0.8203340594724446	10	True	False	False	not_corrected_significant
GSE138746	anti-TNF	adalimumab/etanercept	rheumatoid arthritis	sorted PBMC/CD14/CD4	baseline sorted RNA-seq; good vs none	compartment=CD4_T_cell;drug=etanercept	hif_nampt_metabolic	10	23	0.0595798931087166	-0.029762862928500403	0.089342756037217	0.16185121293026528	0.38629636771635284	0.7053645725289747	0.5304347826086956	drug, compartment, response-class encoding, baseline disease activity; generic inflammation tested by inflammatory_nfkb/ifn_apc residualization	0.1433388401290408	0.17483995635855548	0.45583071285063737	inflammatory_nfkb,ifn_apc	0.8058093435828791	0.8203340594724446	10	True	False	False	not_corrected_significant
GSE138746	anti-TNF	adalimumab/etanercept	rheumatoid arthritis	sorted PBMC/CD14/CD4	baseline sorted RNA-seq; good vs none	compartment=CD4_T_cell;drug=etanercept	inflammatory_nfkb	10	23	-0.021868861599756494	0.04264585379276128	-0.06451471539251777	-0.09265556417040541	-0.2312727500563594	0.8203340594724446	0.46956521739130436	drug, compartment, response-class encoding, baseline disease activity; generic inflammation tested by inflammatory_nfkb/ifn_apc residualization	-0.011855819534253749	0.9654042758073297	-0.01805286778405791	ifn_apc	0.33485684108665426	0.8203340594724446	10	False	False	False	not_corrected_significant
GSE138746	anti-TNF	adalimumab/etanercept	rheumatoid arthritis	sorted PBMC/CD14/CD4	baseline sorted RNA-seq; good vs none	compartment=PBMC;drug=adalimumab	ifn_apc	10	18	0.32704398345825725	-0.129749945726089	0.45679392918434625	0.622496688733508	1.7402384009587388	0.09540447021243263	0.6833333333333333	drug, compartment, response-class encoding, baseline disease activity; generic inflammation tested by inflammatory_nfkb/ifn_apc residualization	0.46505450450276525	0.0923424475970099	0.6367160016810122	inflammatory_nfkb	0.07112805061234402	0.5217337631261677	10	False	False	False	not_corrected_significant
GSE138746	anti-TNF	adalimumab/etanercept	rheumatoid arthritis	sorted PBMC/CD14/CD4	baseline sorted RNA-seq; good vs none	compartment=PBMC;drug=adalimumab	hla_ii_apc	10	18	0.1642271714057516	-0.06366447134399264	0.22789164274974424	0.29867216005836833	0.7461408846383443	0.46611066495031384	0.5722222222222222	drug, compartment, response-class encoding, baseline disease activity; generic inflammation tested by inflammatory_nfkb/ifn_apc residualization	-0.15225830378316008	0.4154064712960785	-0.32715776955925646	inflammatory_nfkb,ifn_apc	0.7676125138367724	0.9188416617207513	10	True	False	False	not_corrected_significant
GSE138746	anti-TNF	adalimumab/etanercept	rheumatoid arthritis	sorted PBMC/CD14/CD4	baseline sorted RNA-seq; good vs none	compartment=PBMC;drug=adalimumab	lysosomal_apc	10	18	-0.04012434411437655	-0.015891663085281078	-0.02423268102909547	-0.03397357978190437	-0.10307862758144966	0.918693877155709	0.4555555555555556	drug, compartment, response-class encoding, baseline disease activity; generic inflammation tested by inflammatory_nfkb/ifn_apc residualization	-0.17462144457151943	0.4035434035845062	-0.2651392332146818	inflammatory_nfkb,ifn_apc	0.36262085613947476	0.9626906241423996	10	True	False	False	not_corrected_significant
GSE138746	anti-TNF	adalimumab/etanercept	rheumatoid arthritis	sorted PBMC/CD14/CD4	baseline sorted RNA-seq; good vs none	compartment=PBMC;drug=adalimumab	mif_cd74_receptor_state	10	18	0.07454679989307751	-0.0734250001931875	0.147971800086265	0.2724138621766083	0.6731837445991112	0.5104675898448618	0.5499999999999999	drug, compartment, response-class encoding, baseline disease activity; generic inflammation tested by inflammatory_nfkb/ifn_apc residualization	-0.11753406309328326	0.3777073549226817	-0.36682887153441285	inflammatory_nfkb,ifn_apc	0.8031480554665303	0.9188416617207513	10	True	False	False	not_corrected_significant
GSE138746	anti-TNF	adalimumab/etanercept	rheumatoid arthritis	sorted PBMC/CD14/CD4	baseline sorted RNA-seq; good vs none	compartment=PBMC;drug=adalimumab	mixscale_validated_ifng_readout	10	18	0.18248409979345087	-0.0636726551945647	0.2461567549880156	0.47457807318038625	1.4293862851403514	0.16488816018274677	0.6111111111111112	drug, compartment, response-class encoding, baseline disease activity; generic inflammation tested by inflammatory_nfkb/ifn_apc residualization	0.00043022555608322375	0.9964658334626039	0.001472047896677841	inflammatory_nfkb,ifn_apc	0.8239036792108092	0.5217337631261677	10	True	False	False	not_corrected_significant
GSE138746	anti-TNF	adalimumab/etanercept	rheumatoid arthritis	sorted PBMC/CD14/CD4	baseline sorted RNA-seq; good vs none	compartment=PBMC;drug=adalimumab	lipid_loader_repair	10	18	-0.06642530670946303	-0.05857590077212385	-0.007849405937339182	-0.021583902801948995	-0.06130261574382253	0.9516366568317866	0.5611111111111111	drug, compartment, response-class encoding, baseline disease activity; generic inflammation tested by inflammatory_nfkb/ifn_apc residualization	-0.0336611259316523	0.7912253930838518	-0.09333237917308337	inflammatory_nfkb,ifn_apc	0.11984326900980966	0.9626906241423996	10	True	False	False	not_corrected_significant
GSE138746	anti-TNF	adalimumab/etanercept	rheumatoid arthritis	sorted PBMC/CD14/CD4	baseline sorted RNA-seq; good vs none	compartment=PBMC;drug=adalimumab	complement_phagocytosis	10	18	-0.039300027475557796	-0.028913902699351186	-0.01038612477620661	-0.01560012593881543	-0.04723213395400215	0.9626906241423996	0.5	drug, compartment, response-class encoding, baseline disease activity; generic inflammation tested by inflammatory_nfkb/ifn_apc residualization	-0.19965784915479345	0.28760728641222827	-0.37526709974250144	inflammatory_nfkb,ifn_apc	0.5451176652635231	0.9626906241423996	10	True	False	False	not_corrected_significant
GSE138746	anti-TNF	adalimumab/etanercept	rheumatoid arthritis	sorted PBMC/CD14/CD4	baseline sorted RNA-seq; good vs none	compartment=PBMC;drug=adalimumab	hif_nampt_metabolic	10	18	-0.20073597739594645	-0.00523557316234365	-0.1955004042336028	-0.4493285377225866	-1.398189653993229	0.1739112543753892	0.40555555555555556	drug, compartment, response-class encoding, baseline disease activity; generic inflammation tested by inflammatory_nfkb/ifn_apc residualization	-0.14318522840854486	0.1559179712500178	-0.4477121614982387	inflammatory_nfkb,ifn_apc	0.6777070101081555	0.5217337631261677	10	True	False	False	not_corrected_significant
GSE138746	anti-TNF	adalimumab/etanercept	rheumatoid arthritis	sorted PBMC/CD14/CD4	baseline sorted RNA-seq; good vs none	compartment=PBMC;drug=adalimumab	inflammatory_nfkb	10	18	-0.1328425618395959	-0.027548146364066203	-0.10529441547552969	-0.15123909750835965	-0.4465452791400411	0.6590082089703735	0.5055555555555556	drug, compartment, response-class encoding, baseline disease activity; generic inflammation tested by inflammatory_nfkb/ifn_apc residualization	-0.13475200313069377	0.5754275412909616	-0.1944190399258935	ifn_apc	0.071128050612344	0.9626906241423996	10	False	False	False	not_corrected_significant
GSE138746	anti-TNF	adalimumab/etanercept	rheumatoid arthritis	sorted PBMC/CD14/CD4	baseline sorted RNA-seq; good vs none	compartment=PBMC;drug=etanercept	ifn_apc	11	23	-0.06247177712645638	0.19014004611726382	-0.2526118232437202	-0.3128590239883816	-0.9795048453091045	0.3361747182902236	0.42687747035573126	drug, compartment, response-class encoding, baseline disease activity; generic inflammation tested by inflammatory_nfkb/ifn_apc residualization	-0.2603989668749714	0.3239099426679253	-0.32458371942869113	inflammatory_nfkb	0.1049745036411215	0.8751887252811819	11	False	False	False	not_corrected_significant
GSE138746	anti-TNF	adalimumab/etanercept	rheumatoid arthritis	sorted PBMC/CD14/CD4	baseline sorted RNA-seq; good vs none	compartment=PBMC;drug=etanercept	hla_ii_apc	11	23	0.002952107565308393	0.1755676672071347	-0.17261555964182632	-0.18505685709585123	-0.5816674031753423	0.5656519394666673	0.4426877470355731	drug, compartment, response-class encoding, baseline disease activity; generic inflammation tested by inflammatory_nfkb/ifn_apc residualization	0.0717550725415166	0.7113812471356749	0.13289713784251583	inflammatory_nfkb,ifn_apc	0.8125217294102258	0.8751887252811819	11	True	False	False	not_corrected_significant
GSE138746	anti-TNF	adalimumab/etanercept	rheumatoid arthritis	sorted PBMC/CD14/CD4	baseline sorted RNA-seq; good vs none	compartment=PBMC;drug=etanercept	lysosomal_apc	11	23	-0.16802937730281287	0.19874712397455507	-0.36677650127736794	-0.4737419177122056	-1.2984802834808833	0.2097647969998129	0.39920948616600793	drug, compartment, response-class encoding, baseline disease activity; generic inflammation tested by inflammatory_nfkb/ifn_apc residualization	-0.2585075462101851	0.2547192318542835	-0.401871506071918	inflammatory_nfkb,ifn_apc	0.524787208332133	0.8751887252811819	11	True	False	False	not_corrected_significant
GSE138746	anti-TNF	adalimumab/etanercept	rheumatoid arthritis	sorted PBMC/CD14/CD4	baseline sorted RNA-seq; good vs none	compartment=PBMC;drug=etanercept	mif_cd74_receptor_state	11	23	0.012672794662277921	0.1856915995951346	-0.17301880493285668	-0.24375040512190468	-0.717743124641188	0.48024695355252045	0.4466403162055336	drug, compartment, response-class encoding, baseline disease activity; generic inflammation tested by inflammatory_nfkb/ifn_apc residualization	-0.007286547991336792	0.9616441460700794	-0.016887721163328078	inflammatory_nfkb,ifn_apc	0.7907533286356297	0.8751887252811819	11	True	False	False	not_corrected_significant
GSE138746	anti-TNF	adalimumab/etanercept	rheumatoid arthritis	sorted PBMC/CD14/CD4	baseline sorted RNA-seq; good vs none	compartment=PBMC;drug=etanercept	mixscale_validated_ifng_readout	11	23	0.10148087170701077	0.12671411798762125	-0.02523324628061048	-0.0473416575274482	-0.1610033343601324	0.8731288317433232	0.541501976284585	drug, compartment, response-class encoding, baseline disease activity; generic inflammation tested by inflammatory_nfkb/ifn_apc residualization	0.09626419907038854	0.41058642599161194	0.35785477216310607	inflammatory_nfkb,ifn_apc	0.828143113637547	0.8751887252811819	11	True	False	False	not_corrected_significant
GSE138746	anti-TNF	adalimumab/etanercept	rheumatoid arthritis	sorted PBMC/CD14/CD4	baseline sorted RNA-seq; good vs none	compartment=PBMC;drug=etanercept	lipid_loader_repair	11	23	0.010286739993693493	0.1006695780649487	-0.0903828380712552	-0.17947968208512358	-0.538939506689572	0.5949214437442315	0.45849802371541504	drug, compartment, response-class encoding, baseline disease activity; generic inflammation tested by inflammatory_nfkb/ifn_apc residualization	-0.041882396829014144	0.7765504039009582	-0.08955921878113515	inflammatory_nfkb,ifn_apc	0.3582489561041118	0.8751887252811819	11	True	False	False	not_corrected_significant
GSE138746	anti-TNF	adalimumab/etanercept	rheumatoid arthritis	sorted PBMC/CD14/CD4	baseline sorted RNA-seq; good vs none	compartment=PBMC;drug=etanercept	complement_phagocytosis	11	23	-0.21523716479797309	0.2292000863391954	-0.4444372511371685	-0.533905198505957	-1.5815765346749204	0.12738420510820184	0.37154150197628455	drug, compartment, response-class encoding, baseline disease activity; generic inflammation tested by inflammatory_nfkb/ifn_apc residualization	-0.28333807642844844	0.24304536277780237	-0.4307367251886036	inflammatory_nfkb,ifn_apc	0.6227518750326726	0.8751887252811819	11	True	False	False	not_corrected_significant
GSE138746	anti-TNF	adalimumab/etanercept	rheumatoid arthritis	sorted PBMC/CD14/CD4	baseline sorted RNA-seq; good vs none	compartment=PBMC;drug=etanercept	hif_nampt_metabolic	11	23	0.03332758822712573	-0.008271265024019368	0.0415988532511451	0.06583805033554509	0.15988141127460023	0.8751887252811819	0.5296442687747036	drug, compartment, response-class encoding, baseline disease activity; generic inflammation tested by inflammatory_nfkb/ifn_apc residualization	-0.003363788677991562	0.9772531499779934	-0.0103164562332816	inflammatory_nfkb,ifn_apc	0.8564666868914032	0.8751887252811819	11	True	False	False	not_corrected_significant
GSE138746	anti-TNF	adalimumab/etanercept	rheumatoid arthritis	sorted PBMC/CD14/CD4	baseline sorted RNA-seq; good vs none	compartment=PBMC;drug=etanercept	inflammatory_nfkb	11	23	0.056695688018191207	-0.008606360777134038	0.06530204879532525	0.09088723333664585	0.2324003861764244	0.8191615683086323	0.49407114624505927	drug, compartment, response-class encoding, baseline disease activity; generic inflammation tested by inflammatory_nfkb/ifn_apc residualization	0.08864576286013659	0.7566948036366354	0.12417045319606415	ifn_apc	0.10497450364112151	0.8751887252811819	11	False	False	False	not_corrected_significant
GSE138746	anti-TNF	adalimumab/etanercept	rheumatoid arthritis	sorted PBMC/CD14/CD4	baseline sorted RNA-seq pooled anti-TNF; good vs none	compartment=CD14_monocyte;drug_scope=all_anti_tnf	ifn_apc	20	41	0.15477639784564357	0.03341984857298255	0.12135654927266101	0.15112263615367397	0.6530983134778706	0.5164173132600419	0.5536585365853658	drug mix, compartment, response-class encoding, baseline disease activity; generic inflammation tested by inflammatory_nfkb/ifn_apc residualization	0.12251168839606383	0.5194331727223589	0.15434460968171362	inflammatory_nfkb	0.150842805908938	0.5820123932375234	20	False	False	False	not_corrected_significant
GSE138746	anti-TNF	adalimumab/etanercept	rheumatoid arthritis	sorted PBMC/CD14/CD4	baseline sorted RNA-seq pooled anti-TNF; good vs none	compartment=CD14_monocyte;drug_scope=all_anti_tnf	hla_ii_apc	20	41	0.24846510155226142	0.03459809295011205	0.21386700860214938	0.2403231638400588	1.0182965633539747	0.31318088844628983	0.5634146341463414	drug mix, compartment, response-class encoding, baseline disease activity; generic inflammation tested by inflammatory_nfkb/ifn_apc residualization	0.09580054489104901	0.38143791715124026	0.22651660606662757	inflammatory_nfkb,ifn_apc	0.879697975485606	0.5820123932375234	20	True	False	False	not_corrected_significant
GSE138746	anti-TNF	adalimumab/etanercept	rheumatoid arthritis	sorted PBMC/CD14/CD4	baseline sorted RNA-seq pooled anti-TNF; good vs none	compartment=CD14_monocyte;drug_scope=all_anti_tnf	lysosomal_apc	20	41	-0.10027047479385287	0.13138669811584686	-0.23165717290969973	-0.4323367486958443	-1.5872991215737737	0.12102720266410198	0.3573170731707317	drug mix, compartment, response-class encoding, baseline disease activity; generic inflammation tested by inflammatory_nfkb/ifn_apc residualization	-0.22449851892216277	0.08911416147144237	-0.4654267870862675	inflammatory_nfkb,ifn_apc	0.4252121304601058	0.544622411988459	20	True	False	False	not_corrected_significant
GSE138746	anti-TNF	adalimumab/etanercept	rheumatoid arthritis	sorted PBMC/CD14/CD4	baseline sorted RNA-seq pooled anti-TNF; good vs none	compartment=CD14_monocyte;drug_scope=all_anti_tnf	mif_cd74_receptor_state	20	41	0.15535240994448415	0.03292221823976141	0.12243019170472275	0.19162188978048614	0.788909660109739	0.4339349349881386	0.5597560975609757	drug mix, compartment, response-class encoding, baseline disease activity; generic inflammation tested by inflammatory_nfkb/ifn_apc residualization	0.046122104638160445	0.6177766656598436	0.12505838326656205	inflammatory_nfkb,ifn_apc	0.8111593661956181	0.5820123932375234	20	True	False	False	not_corrected_significant
GSE138746	anti-TNF	adalimumab/etanercept	rheumatoid arthritis	sorted PBMC/CD14/CD4	baseline sorted RNA-seq pooled anti-TNF; good vs none	compartment=CD14_monocyte;drug_scope=all_anti_tnf	mixscale_validated_ifng_readout	20	41	0.1635875948444868	0.047256005755458824	0.11633158908902796	0.1599896764077874	0.7384565589087851	0.463165215604067	0.5951219512195123	drug mix, compartment, response-class encoding, baseline disease activity; generic inflammation tested by inflammatory_nfkb/ifn_apc residualization	0.014800635775482181	0.8154866385470695	0.06630934804589833	inflammatory_nfkb,ifn_apc	0.9462402215434604	0.5820123932375234	20	True	False	False	not_corrected_significant
GSE138746	anti-TNF	adalimumab/etanercept	rheumatoid arthritis	sorted PBMC/CD14/CD4	baseline sorted RNA-seq pooled anti-TNF; good vs none	compartment=CD14_monocyte;drug_scope=all_anti_tnf	lipid_loader_repair	20	41	-0.08188456254270189	0.03636036050062753	-0.11824492304332943	-0.318597531106871	-1.236288462874966	0.22315632339194308	0.43414634146341463	drug mix, compartment, response-class encoding, baseline disease activity; generic inflammation tested by inflammatory_nfkb/ifn_apc residualization	-0.09779285338673274	0.21849174689111803	-0.2934187944423969	inflammatory_nfkb,ifn_apc	0.2890220161498134	0.5820123932375234	20	True	False	False	not_corrected_significant
GSE138746	anti-TNF	adalimumab/etanercept	rheumatoid arthritis	sorted PBMC/CD14/CD4	baseline sorted RNA-seq pooled anti-TNF; good vs none	compartment=CD14_monocyte;drug_scope=all_anti_tnf	complement_phagocytosis	20	41	-0.18595925872585783	0.13482056967834402	-0.3207798284042018	-0.5520960836215241	-2.4765709870652413	0.01620312651842271	0.31097560975609756	drug mix, compartment, response-class encoding, baseline disease activity; generic inflammation tested by inflammatory_nfkb/ifn_apc residualization	-0.35839051727736315	0.002477396290816493	-0.75330566688025	inflammatory_nfkb,ifn_apc	0.4716515475197424	0.14582813866580438	20	True	True	False	not_corrected_significant
GSE138746	anti-TNF	adalimumab/etanercept	rheumatoid arthritis	sorted PBMC/CD14/CD4	baseline sorted RNA-seq pooled anti-TNF; good vs none	compartment=CD14_monocyte;drug_scope=all_anti_tnf	hif_nampt_metabolic	20	41	0.07392584414610334	-0.06062965129951509	0.13455549544561843	0.1974627731746437	0.6554748732860944	0.5173443495444652	0.5231707317073171	drug mix, compartment, response-class encoding, baseline disease activity; generic inflammation tested by inflammatory_nfkb/ifn_apc residualization	0.16196900648543977	0.150212249638581	0.41579266839727175	inflammatory_nfkb,ifn_apc	0.7863148246069216	0.5820123932375234	20	True	False	False	not_corrected_significant
GSE138746	anti-TNF	adalimumab/etanercept	rheumatoid arthritis	sorted PBMC/CD14/CD4	baseline sorted RNA-seq pooled anti-TNF; good vs none	compartment=CD14_monocyte;drug_scope=all_anti_tnf	inflammatory_nfkb	20	41	-0.014091657949542837	-0.006299409027799092	-0.0077922489217437454	-0.009510959744672458	-0.03378411374662487	0.9732481396198952	0.4926829268292683	drug mix, compartment, response-class encoding, baseline disease activity; generic inflammation tested by inflammatory_nfkb/ifn_apc residualization	-0.026419164574751092	0.9101777855430035	-0.03262330701831842	ifn_apc	0.150842805908938	0.9732481396198952	20	False	False	False	not_corrected_significant
GSE138746	anti-TNF	adalimumab/etanercept	rheumatoid arthritis	sorted PBMC/CD14/CD4	baseline sorted RNA-seq pooled anti-TNF; good vs none	compartment=CD4_T_cell;drug_scope=all_anti_tnf	ifn_apc	21	41	0.14714747641184828	-0.08891819333381215	0.23606566974566043	0.32443021210462375	1.2747529873095433	0.2089209849491172	0.6074332171893148	drug mix, compartment, response-class encoding, baseline disease activity; generic inflammation tested by inflammatory_nfkb/ifn_apc residualization	0.2024376009943959	0.2535354881866392	0.30596457631359414	inflammatory_nfkb	0.4188049103057853	0.6267629548473517	21	False	False	False	not_corrected_significant
GSE138746	anti-TNF	adalimumab/etanercept	rheumatoid arthritis	sorted PBMC/CD14/CD4	baseline sorted RNA-seq pooled anti-TNF; good vs none	compartment=CD4_T_cell;drug_scope=all_anti_tnf	hla_ii_apc	21	41	0.07338826184742993	-0.09596073647218446	0.1693489983196144	0.17854243378744203	0.7464034823765799	0.4587287890478708	0.5563298490127758	drug mix, compartment, response-class encoding, baseline disease activity; generic inflammation tested by inflammatory_nfkb/ifn_apc residualization	-0.07745681811227048	0.49316765992716477	-0.16374895672840772	inflammatory_nfkb,ifn_apc	0.8304872902847468	0.7075503642774036	21	True	False	False	not_corrected_significant
GSE138746	anti-TNF	adalimumab/etanercept	rheumatoid arthritis	sorted PBMC/CD14/CD4	baseline sorted RNA-seq pooled anti-TNF; good vs none	compartment=CD4_T_cell;drug_scope=all_anti_tnf	lysosomal_apc	21	41	-0.010866332015779615	-0.031665268079758294	0.02079893606397868	0.036270321538780695	0.1402896019073838	0.8890826980669156	0.5389082462253193	drug mix, compartment, response-class encoding, baseline disease activity; generic inflammation tested by inflammatory_nfkb/ifn_apc residualization	-0.11895005882889584	0.17624080196351427	-0.3465255952476848	inflammatory_nfkb,ifn_apc	0.7754454337372592	0.8890826980669156	21	True	False	False	not_corrected_significant
GSE138746	anti-TNF	adalimumab/etanercept	rheumatoid arthritis	sorted PBMC/CD14/CD4	baseline sorted RNA-seq pooled anti-TNF; good vs none	compartment=CD4_T_cell;drug_scope=all_anti_tnf	mif_cd74_receptor_state	21	41	0.08707780910330472	-0.07938720094366182	0.16646501004696654	0.22828102407391973	0.9366955262520705	0.35336709751231166	0.5516840882694541	drug mix, compartment, response-class encoding, baseline disease activity; generic inflammation tested by inflammatory_nfkb/ifn_apc residualization	0.003726622970303148	0.9665616182170783	0.009517929293406396	inflammatory_nfkb,ifn_apc	0.7292563327303276	0.7075503642774036	21	True	False	False	not_corrected_significant
GSE138746	anti-TNF	adalimumab/etanercept	rheumatoid arthritis	sorted PBMC/CD14/CD4	baseline sorted RNA-seq pooled anti-TNF; good vs none	compartment=CD4_T_cell;drug_scope=all_anti_tnf	mixscale_validated_ifng_readout	21	41	0.1581245705158722	-0.0412278357807423	0.1993524062966145	0.4381042511455224	1.7890233773921136	0.07967395794832749	0.6469221835075494	drug mix, compartment, response-class encoding, baseline disease activity; generic inflammation tested by inflammatory_nfkb/ifn_apc residualization	0.0935302886710015	0.17861026447001124	0.35357853759960467	inflammatory_nfkb,ifn_apc	0.7397394073652664	0.6267629548473517	21	True	False	False	not_corrected_significant
GSE138746	anti-TNF	adalimumab/etanercept	rheumatoid arthritis	sorted PBMC/CD14/CD4	baseline sorted RNA-seq pooled anti-TNF; good vs none	compartment=CD4_T_cell;drug_scope=all_anti_tnf	lipid_loader_repair	21	41	0.02620517473591033	-0.05859341358295028	0.08479858831886061	0.18694148455704204	0.7260122396975573	0.4717002428516024	0.5888501742160279	drug mix, compartment, response-class encoding, baseline disease activity; generic inflammation tested by inflammatory_nfkb/ifn_apc residualization	-0.008076031518471125	0.9095272385869717	-0.02722988008105079	inflammatory_nfkb,ifn_apc	0.6675638352563109	0.7075503642774036	21	True	False	False	not_corrected_significant
GSE138746	anti-TNF	adalimumab/etanercept	rheumatoid arthritis	sorted PBMC/CD14/CD4	baseline sorted RNA-seq pooled anti-TNF; good vs none	compartment=CD4_T_cell;drug_scope=all_anti_tnf	complement_phagocytosis	21	41	0.036684927219895684	-0.04107559798087208	0.07776052520076776	0.08341710969578847	0.341284250954523	0.7343139467228441	0.5400696864111498	drug mix, compartment, response-class encoding, baseline disease activity; generic inflammation tested by inflammatory_nfkb/ifn_apc residualization	-0.1634722924822852	0.18451219192462978	-0.3512289077876037	inflammatory_nfkb,ifn_apc	0.8278401523319183	0.8261031900631997	21	True	False	False	not_corrected_significant
GSE138746	anti-TNF	adalimumab/etanercept	rheumatoid arthritis	sorted PBMC/CD14/CD4	baseline sorted RNA-seq pooled anti-TNF; good vs none	compartment=CD4_T_cell;drug_scope=all_anti_tnf	hif_nampt_metabolic	21	41	0.11524375149172693	-0.09704321666919495	0.21228696816092188	0.3789451734925079	1.301731052062267	0.20238234213387185	0.5679442508710801	drug mix, compartment, response-class encoding, baseline disease activity; generic inflammation tested by inflammatory_nfkb/ifn_apc residualization	0.15632740150475266	0.07879532376859634	0.46570358009553536	inflammatory_nfkb,ifn_apc	0.7959081045581272	0.6267629548473517	21	True	False	False	not_corrected_significant
GSE138746	anti-TNF	adalimumab/etanercept	rheumatoid arthritis	sorted PBMC/CD14/CD4	baseline sorted RNA-seq pooled anti-TNF; good vs none	compartment=CD4_T_cell;drug_scope=all_anti_tnf	inflammatory_nfkb	21	41	0.002242704285071637	-0.07146736231977092	0.07371006660484256	0.10915237106484797	0.4039137609681799	0.6885201722068868	0.5296167247386759	drug mix, compartment, response-class encoding, baseline disease activity; generic inflammation tested by inflammatory_nfkb/ifn_apc residualization	-0.01704716511306135	0.9213370714881426	-0.027762764026841764	ifn_apc	0.4188049103057853	0.8261031900631997	21	False	False	False	not_corrected_significant
GSE138746	anti-TNF	adalimumab/etanercept	rheumatoid arthritis	sorted PBMC/CD14/CD4	baseline sorted RNA-seq pooled anti-TNF; good vs none	compartment=PBMC;drug_scope=all_anti_tnf	ifn_apc	21	41	0.12301191839007392	0.04970053750310892	0.073311380886965	0.09490037461095993	0.39025472170705733	0.6979783330059315	0.5470383275261324	drug mix, compartment, response-class encoding, baseline disease activity; generic inflammation tested by inflammatory_nfkb/ifn_apc residualization	0.07505083117164757	0.6936096684057376	0.09758300076530257	inflammatory_nfkb	0.09322805242018199	0.9655383490934326	21	False	False	False	not_corrected_significant
GSE138746	anti-TNF	adalimumab/etanercept	rheumatoid arthritis	sorted PBMC/CD14/CD4	baseline sorted RNA-seq pooled anti-TNF; good vs none	compartment=PBMC;drug_scope=all_anti_tnf	hla_ii_apc	21	41	0.07974975701313848	0.07053892345298125	0.009210833560157228	0.010932946192509958	0.04343802075732737	0.9655383490934326	0.4982578397212543	drug mix, compartment, response-class encoding, baseline disease activity; generic inflammation tested by inflammatory_nfkb/ifn_apc residualization	-0.057555088227744036	0.6621384532260877	-0.11483564823849164	inflammatory_nfkb,ifn_apc	0.7941415280490588	0.9655383490934326	21	True	False	False	not_corrected_significant
GSE138746	anti-TNF	adalimumab/etanercept	rheumatoid arthritis	sorted PBMC/CD14/CD4	baseline sorted RNA-seq pooled anti-TNF; good vs none	compartment=PBMC;drug_scope=all_anti_tnf	lysosomal_apc	21	41	-0.1071222186416527	0.10451546136291968	-0.2116376800045724	-0.28931843810033325	-1.1582757459914348	0.25254728935852705	0.41811846689895465	drug mix, compartment, response-class encoding, baseline disease activity; generic inflammation tested by inflammatory_nfkb/ifn_apc residualization	-0.24058306082178332	0.11738467610714902	-0.37759313360531394	inflammatory_nfkb,ifn_apc	0.46087303950142466	0.9655383490934326	21	True	False	False	not_corrected_significant
GSE138746	anti-TNF	adalimumab/etanercept	rheumatoid arthritis	sorted PBMC/CD14/CD4	baseline sorted RNA-seq pooled anti-TNF; good vs none	compartment=PBMC;drug_scope=all_anti_tnf	mif_cd74_receptor_state	21	41	0.042136606676944396	0.07193309237099321	-0.029796485694048816	-0.04721536271841158	-0.1822786795890347	0.856220380061478	0.49128919860627174	drug mix, compartment, response-class encoding, baseline disease activity; generic inflammation tested by inflammatory_nfkb/ifn_apc residualization	-0.07598422460945978	0.45474779446811764	-0.19824865066677386	inflammatory_nfkb,ifn_apc	0.7905788714673813	0.9655383490934326	21	True	False	False	not_corrected_significant
GSE138746	anti-TNF	adalimumab/etanercept	rheumatoid arthritis	sorted PBMC/CD14/CD4	baseline sorted RNA-seq pooled anti-TNF; good vs none	compartment=PBMC;drug_scope=all_anti_tnf	mixscale_validated_ifng_readout	21	41	0.1400538374624584	0.04312968098080789	0.09692415648165051	0.18733637430681313	0.8406838820703169	0.4038935105945613	0.5725900116144018	drug mix, compartment, response-class encoding, baseline disease activity; generic inflammation tested by inflammatory_nfkb/ifn_apc residualization	0.05956345512278176	0.4246220298219331	0.21767558860048264	inflammatory_nfkb,ifn_apc	0.8259740037957337	0.9655383490934326	21	True	False	False	not_corrected_significant
GSE138746	anti-TNF	adalimumab/etanercept	rheumatoid arthritis	sorted PBMC/CD14/CD4	baseline sorted RNA-seq pooled anti-TNF; good vs none	compartment=PBMC;drug_scope=all_anti_tnf	lipid_loader_repair	21	41	-0.026242806055428655	0.030756928819404658	-0.05699973487483331	-0.12990020288050838	-0.5331717414176561	0.5962484826718943	0.49593495934959353	drug mix, compartment, response-class encoding, baseline disease activity; generic inflammation tested by inflammatory_nfkb/ifn_apc residualization	-0.06726998002673394	0.5013364009600132	-0.16028974382646036	inflammatory_nfkb,ifn_apc	0.27598017902765587	0.9655383490934326	21	True	False	False	not_corrected_significant
GSE138746	anti-TNF	adalimumab/etanercept	rheumatoid arthritis	sorted PBMC/CD14/CD4	baseline sorted RNA-seq pooled anti-TNF; good vs none	compartment=PBMC;drug_scope=all_anti_tnf	complement_phagocytosis	21	41	-0.13145757559682295	0.11588174968812617	-0.24733932528494912	-0.33014441080689766	-1.372609457969921	0.1757410269447556	0.4076655052264808	drug mix, compartment, response-class encoding, baseline disease activity; generic inflammation tested by inflammatory_nfkb/ifn_apc residualization	-0.28730757665737905	0.061578273617909005	-0.4874428825785023	inflammatory_nfkb,ifn_apc	0.592725350773198	0.9655383490934326	21	True	False	False	not_corrected_significant
GSE138746	anti-TNF	adalimumab/etanercept	rheumatoid arthritis	sorted PBMC/CD14/CD4	baseline sorted RNA-seq pooled anti-TNF; good vs none	compartment=PBMC;drug_scope=all_anti_tnf	hif_nampt_metabolic	21	41	-0.07813125254576579	-0.006938522255478805	-0.07119273029028698	-0.13166288016964156	-0.4715813513372718	0.6401360613178196	0.46457607433217185	drug mix, compartment, response-class encoding, baseline disease activity; generic inflammation tested by inflammatory_nfkb/ifn_apc residualization	-0.06145108838890896	0.4648483043578267	-0.18370524816556136	inflammatory_nfkb,ifn_apc	0.7846707590754511	0.9655383490934326	21	True	False	False	not_corrected_significant
GSE138746	anti-TNF	adalimumab/etanercept	rheumatoid arthritis	sorted PBMC/CD14/CD4	baseline sorted RNA-seq pooled anti-TNF; good vs none	compartment=PBMC;drug_scope=all_anti_tnf	inflammatory_nfkb	21	41	-0.03356062143789787	-0.016922266644567648	-0.016638354793330222	-0.02412838308064377	-0.09160020983933119	0.9274608129436074	0.5063879210220673	drug mix, compartment, response-class encoding, baseline disease activity; generic inflammation tested by inflammatory_nfkb/ifn_apc residualization	-0.02273320425750542	0.9016458383174999	-0.03311315601992413	ifn_apc	0.09322805242018199	0.9655383490934326	21	False	False	False	not_corrected_significant
GSE253006	JAK/TYK	tofacitinib	ulcerative colitis	marker-derived rectal single-cell compartments	baseline responder vs non-responder marker-compartment scRNA score	marker_compartment=b_plasma_like	ifn_apc	5	6	0.013041590459586416	-0.06999954100244017	0.08304113146202659	0.33994154876426763	0.5657674701544986	0.597307928050163	0.4666666666666667	n=11 baseline, marker-derived compartments, concomitant UC severity/cell-composition; generic inflammation tested by inflammatory_nfkb/ifn_apc residualization	0.08219492083869853	0.44934031123621165	0.4300316298972887	inflammatory_nfkb	0.6107361667344404	0.9925556991589463	5	False	False	False	not_corrected_significant
GSE253006	JAK/TYK	tofacitinib	ulcerative colitis	marker-derived rectal single-cell compartments	baseline responder vs non-responder marker-compartment scRNA score	marker_compartment=b_plasma_like	hla_ii_apc	5	6	0.024884745949837465	-0.10332249068975748	0.12820723663959493	0.33307297914947437	0.5616852435174896	0.5972937571698643	0.5	n=11 baseline, marker-derived compartments, concomitant UC severity/cell-composition; generic inflammation tested by inflammatory_nfkb/ifn_apc residualization	0.0014515895596666772	0.9799961419272833	0.015415341067213916	inflammatory_nfkb,ifn_apc	0.9708036195797193	0.9925556991589463	5	True	False	False	not_corrected_significant
GSE253006	JAK/TYK	tofacitinib	ulcerative colitis	marker-derived rectal single-cell compartments	baseline responder vs non-responder marker-compartment scRNA score	marker_compartment=b_plasma_like	lysosomal_apc	5	6	-0.026592827074560243	-0.00486367281648722	-0.021729154258073022	-0.27041828084006	-0.4679030858026626	0.6550010008088971	0.33333333333333337	n=11 baseline, marker-derived compartments, concomitant UC severity/cell-composition; generic inflammation tested by inflammatory_nfkb/ifn_apc residualization	-0.031313263244386005	0.22505105368569706	-0.6872092122188004	inflammatory_nfkb,ifn_apc	0.7474552995090578	0.9925556991589463	5	True	False	False	not_corrected_significant
GSE253006	JAK/TYK	tofacitinib	ulcerative colitis	marker-derived rectal single-cell compartments	baseline responder vs non-responder marker-compartment scRNA score	marker_compartment=b_plasma_like	mif_cd74_receptor_state	5	6	0.02642760078231779	-0.10422242706738488	0.13065002784970267	0.30308520451418297	0.5082165360798316	0.6327493727553384	0.5	n=11 baseline, marker-derived compartments, concomitant UC severity/cell-composition; generic inflammation tested by inflammatory_nfkb/ifn_apc residualization	-0.005001735133065665	0.9398354900416531	-0.046977894072559714	inflammatory_nfkb,ifn_apc	0.9686091962088829	0.9925556991589463	5	True	False	False	not_corrected_significant
GSE253006	JAK/TYK	tofacitinib	ulcerative colitis	marker-derived rectal single-cell compartments	baseline responder vs non-responder marker-compartment scRNA score	marker_compartment=b_plasma_like	mixscale_validated_ifng_readout	5	6	-0.018899176587401197	-0.03426061512530498	0.015361438537903786	0.07647757931965704	0.12816509386922179	0.9029966397831385	0.39999999999999997	n=11 baseline, marker-derived compartments, concomitant UC severity/cell-composition; generic inflammation tested by inflammatory_nfkb/ifn_apc residualization	-0.04708185519296783	0.08253226102964482	-1.0444944107033318	inflammatory_nfkb,ifn_apc	0.9634149484563309	0.9925556991589463	5	True	False	False	not_corrected_significant
GSE253006	JAK/TYK	tofacitinib	ulcerative colitis	marker-derived rectal single-cell compartments	baseline responder vs non-responder marker-compartment scRNA score	marker_compartment=b_plasma_like	lipid_loader_repair	5	6	-0.008505178885449818	-0.010966713986307665	0.002461535100857847	0.058962967487104626	0.10091510712876878	0.92290832035594	0.43333333333333335	n=11 baseline, marker-derived compartments, concomitant UC severity/cell-composition; generic inflammation tested by inflammatory_nfkb/ifn_apc residualization	-0.006354946735512287	0.7135963350198314	-0.21801830112046197	inflammatory_nfkb,ifn_apc	0.7041946827444213	0.9925556991589463	5	True	False	False	not_corrected_significant
GSE253006	JAK/TYK	tofacitinib	ulcerative colitis	marker-derived rectal single-cell compartments	baseline responder vs non-responder marker-compartment scRNA score	marker_compartment=b_plasma_like	complement_phagocytosis	5	6	0.010553931659967658	-0.025186867566370463	0.03574079922633812	0.6675110511146032	1.1050297045719104	0.32437345108354526	0.6666666666666667	n=11 baseline, marker-derived compartments, concomitant UC severity/cell-composition; generic inflammation tested by inflammatory_nfkb/ifn_apc residualization	0.03090379516282677	0.3749714620422635	0.5843004479007102	inflammatory_nfkb,ifn_apc	0.12154119548452806	0.9925556991589463	5	True	False	False	not_corrected_significant
GSE253006	JAK/TYK	tofacitinib	ulcerative colitis	marker-derived rectal single-cell compartments	baseline responder vs non-responder marker-compartment scRNA score	marker_compartment=b_plasma_like	hif_nampt_metabolic	5	6	-0.006255138709291499	-0.01861132111587293	0.01235618240658143	0.09006658800332024	0.15076865958785013	0.8860857242381855	0.5	n=11 baseline, marker-derived compartments, concomitant UC severity/cell-composition; generic inflammation tested by inflammatory_nfkb/ifn_apc residualization	-0.005335966999880964	0.7587769932845521	-0.18172971150483663	inflammatory_nfkb,ifn_apc	0.9303915107683576	0.9925556991589463	5	True	False	False	not_corrected_significant
GSE253006	JAK/TYK	tofacitinib	ulcerative colitis	marker-derived rectal single-cell compartments	baseline responder vs non-responder marker-compartment scRNA score	marker_compartment=b_plasma_like	inflammatory_nfkb	5	6	-0.005937579715962499	-0.006539037465576985	0.0006014577496144865	0.00555682746043031	0.009674013283345871	0.9925556991589463	0.4666666666666667	n=11 baseline, marker-derived compartments, concomitant UC severity/cell-composition; generic inflammation tested by inflammatory_nfkb/ifn_apc residualization	-0.021413973022687303	0.6394648193521445	-0.2527277322835277	ifn_apc	0.6107361667344404	0.9925556991589463	5	False	False	False	not_corrected_significant
GSE253006	JAK/TYK	tofacitinib	ulcerative colitis	marker-derived rectal single-cell compartments	baseline responder vs non-responder marker-compartment scRNA score	marker_compartment=epithelial_like	ifn_apc	5	6	-0.028394319578837656	-0.034009578895873215	0.0056152593170355584	0.031703807481276894	0.05443158055379063	0.9583156033968296	0.43333333333333335	n=11 baseline, marker-derived compartments, concomitant UC severity/cell-composition; generic inflammation tested by inflammatory_nfkb/ifn_apc residualization	-0.004295417781243414	0.9673173913055683	-0.025068013915714945	inflammatory_nfkb	0.2533268257176289	0.9583156033968296	5	False	False	False	not_corrected_significant
GSE253006	JAK/TYK	tofacitinib	ulcerative colitis	marker-derived rectal single-cell compartments	baseline responder vs non-responder marker-compartment scRNA score	marker_compartment=epithelial_like	hla_ii_apc	5	6	-0.055359514665482425	0.016418118911349575	-0.071777633576832	-0.33270146080084306	-0.585122728532383	0.5758021577309352	0.43333333333333335	n=11 baseline, marker-derived compartments, concomitant UC severity/cell-composition; generic inflammation tested by inflammatory_nfkb/ifn_apc residualization	-0.08747733747359056	0.06892945885155632	-1.1021517950664532	inflammatory_nfkb,ifn_apc	0.8795010942490536	0.9409592736240048	5	True	False	False	not_corrected_significant
GSE253006	JAK/TYK	tofacitinib	ulcerative colitis	marker-derived rectal single-cell compartments	baseline responder vs non-responder marker-compartment scRNA score	marker_compartment=epithelial_like	lysosomal_apc	5	6	0.0350705014045178	-0.019837144558826833	0.05490764596334463	0.616793901249252	1.0596558068622348	0.32890458549606366	0.7000000000000001	n=11 baseline, marker-derived compartments, concomitant UC severity/cell-composition; generic inflammation tested by inflammatory_nfkb/ifn_apc residualization	0.0431525955776365	0.3440647495228852	0.622398803850247	inflammatory_nfkb,ifn_apc	0.5856641395800388	0.9409592736240048	5	True	False	False	not_corrected_significant
GSE253006	JAK/TYK	tofacitinib	ulcerative colitis	marker-derived rectal single-cell compartments	baseline responder vs non-responder marker-compartment scRNA score	marker_compartment=epithelial_like	mif_cd74_receptor_state	5	6	-0.04529470970556718	0.013107593592285194	-0.05840230329785237	-0.23450866967583503	-0.4164652987496173	0.688117545993722	0.4	n=11 baseline, marker-derived compartments, concomitant UC severity/cell-composition; generic inflammation tested by inflammatory_nfkb/ifn_apc residualization	-0.08607674799742096	0.15043113632533678	-0.8394206763324348	inflammatory_nfkb,ifn_apc	0.8021230059961079	0.9409592736240048	5	True	False	False	not_corrected_significant
GSE253006	JAK/TYK	tofacitinib	ulcerative colitis	marker-derived rectal single-cell compartments	baseline responder vs non-responder marker-compartment scRNA score	marker_compartment=epithelial_like	mixscale_validated_ifng_readout	5	6	0.004236646929920968	-0.03352946276769275	0.03776610969761372	0.2797942990988999	0.46952894608582046	0.6581719214543649	0.6	n=11 baseline, marker-derived compartments, concomitant UC severity/cell-composition; generic inflammation tested by inflammatory_nfkb/ifn_apc residualization	0.02914578275307258	0.30899617745232316	0.6664088490482762	inflammatory_nfkb,ifn_apc	0.9263506673812052	0.9409592736240048	5	True	False	False	not_corrected_significant
GSE253006	JAK/TYK	tofacitinib	ulcerative colitis	marker-derived rectal single-cell compartments	baseline responder vs non-responder marker-compartment scRNA score	marker_compartment=epithelial_like	lipid_loader_repair	5	6	0.006105939239384101	-0.004628089100147184	0.010734028339531285	0.1161179917825244	0.21258632140312453	0.8364082432213376	0.5333333333333333	n=11 baseline, marker-derived compartments, concomitant UC severity/cell-composition; generic inflammation tested by inflammatory_nfkb/ifn_apc residualization	-0.0038321755052370754	0.9081861299285001	-0.06161768216854954	inflammatory_nfkb,ifn_apc	0.727622025931912	0.9409592736240048	5	True	False	False	not_corrected_significant
GSE253006	JAK/TYK	tofacitinib	ulcerative colitis	marker-derived rectal single-cell compartments	baseline responder vs non-responder marker-compartment scRNA score	marker_compartment=epithelial_like	complement_phagocytosis	5	6	-0.005742508759129764	-0.0313319965024726	0.025589487743342836	0.46876732726233455	0.8236384343775569	0.43595797313716084	0.6000000000000001	n=11 baseline, marker-derived compartments, concomitant UC severity/cell-composition; generic inflammation tested by inflammatory_nfkb/ifn_apc residualization	0.027486837203778706	0.16687477734090095	0.8010670038898906	inflammatory_nfkb,ifn_apc	0.6965692753898595	0.9409592736240048	5	True	False	False	not_corrected_significant
GSE253006	JAK/TYK	tofacitinib	ulcerative colitis	marker-derived rectal single-cell compartments	baseline responder vs non-responder marker-compartment scRNA score	marker_compartment=epithelial_like	hif_nampt_metabolic	5	6	0.020922461021585858	-0.016703903543795914	0.03762636456538177	0.19946663403357484	0.34156829111268294	0.7442804460056891	0.6333333333333333	n=11 baseline, marker-derived compartments, concomitant UC severity/cell-composition; generic inflammation tested by inflammatory_nfkb/ifn_apc residualization	0.01369234283559977	0.8356181256245916	0.11543694641060377	inflammatory_nfkb,ifn_apc	0.6235979546135048	0.9409592736240048	5	True	False	False	not_corrected_significant
GSE253006	JAK/TYK	tofacitinib	ulcerative colitis	marker-derived rectal single-cell compartments	baseline responder vs non-responder marker-compartment scRNA score	marker_compartment=epithelial_like	inflammatory_nfkb	5	6	0.062475941897896736	0.015373479501743087	0.04710246239615365	0.2228220841438562	0.37444036346881393	0.7230422252394716	0.4	n=11 baseline, marker-derived compartments, concomitant UC severity/cell-composition; generic inflammation tested by inflammatory_nfkb/ifn_apc residualization	0.045389797230174486	0.7264823273566832	0.2219449419665016	ifn_apc	0.2533268257176288	0.9409592736240048	5	False	False	False	not_corrected_significant
GSE253006	JAK/TYK	tofacitinib	ulcerative colitis	marker-derived rectal single-cell compartments	baseline responder vs non-responder marker-compartment scRNA score	marker_compartment=myeloid_apc_like	ifn_apc	5	6	-0.06047542732675404	0.020971098801666158	-0.0814465261284202	-0.46115649224248473	-0.8358553706864545	0.425471637046245	0.33333333333333337	n=11 baseline, marker-derived compartments, concomitant UC severity/cell-composition; generic inflammation tested by inflammatory_nfkb/ifn_apc residualization	-0.09485408054895297	0.298327467158329	-0.5904690652778185	inflammatory_nfkb	0.3671824538261489	0.829883096734675	5	False	False	False	not_corrected_significant
GSE253006	JAK/TYK	tofacitinib	ulcerative colitis	marker-derived rectal single-cell compartments	baseline responder vs non-responder marker-compartment scRNA score	marker_compartment=myeloid_apc_like	hla_ii_apc	5	6	-0.0018935943709066038	0.06631306858952839	-0.068206662960435	-0.23266659870171666	-0.41880857019474566	0.685715401156251	0.43333333333333335	n=11 baseline, marker-derived compartments, concomitant UC severity/cell-composition; generic inflammation tested by inflammatory_nfkb/ifn_apc residualization	-0.01700744496835775	0.815535414133138	-0.14039832690855944	inflammatory_nfkb,ifn_apc	0.7893553282879608	0.829883096734675	5	True	False	False	not_corrected_significant
GSE253006	JAK/TYK	tofacitinib	ulcerative colitis	marker-derived rectal single-cell compartments	baseline responder vs non-responder marker-compartment scRNA score	marker_compartment=myeloid_apc_like	lysosomal_apc	5	6	-0.000659792348719718	0.039814499987862524	-0.04047429233658224	-0.3487932848075061	-0.6810016267669985	0.5195565173239183	0.43333333333333335	n=11 baseline, marker-derived compartments, concomitant UC severity/cell-composition; generic inflammation tested by inflammatory_nfkb/ifn_apc residualization	0.0003339848069869362	0.9950647695902638	0.003465129258295524	inflammatory_nfkb,ifn_apc	0.4335180607311511	0.829883096734675	5	True	False	False	not_corrected_significant
GSE253006	JAK/TYK	tofacitinib	ulcerative colitis	marker-derived rectal single-cell compartments	baseline responder vs non-responder marker-compartment scRNA score	marker_compartment=myeloid_apc_like	mif_cd74_receptor_state	5	6	-0.00690919357881766	0.06980371416675062	-0.07671290774556827	-0.33308129166676426	-0.6182261935763754	0.5518280310584686	0.39999999999999997	n=11 baseline, marker-derived compartments, concomitant UC severity/cell-composition; generic inflammation tested by inflammatory_nfkb/ifn_apc residualization	-0.015028463017588565	0.8386431254337122	-0.12110840513994993	inflammatory_nfkb,ifn_apc	0.810428299233918	0.829883096734675	5	True	False	False	not_corrected_significant
GSE253006	JAK/TYK	tofacitinib	ulcerative colitis	marker-derived rectal single-cell compartments	baseline responder vs non-responder marker-compartment scRNA score	marker_compartment=myeloid_apc_like	mixscale_validated_ifng_readout	5	6	-0.03716814793044962	0.03113590775711105	-0.06830405568756066	-0.5716429589162694	-1.1052468540347322	0.3050806089081045	0.3666666666666667	n=11 baseline, marker-derived compartments, concomitant UC severity/cell-composition; generic inflammation tested by inflammatory_nfkb/ifn_apc residualization	-0.0008255124939716698	0.977727922306155	-0.015269421165910495	inflammatory_nfkb,ifn_apc	0.6929349392590578	0.829883096734675	5	True	False	False	not_corrected_significant
GSE253006	JAK/TYK	tofacitinib	ulcerative colitis	marker-derived rectal single-cell compartments	baseline responder vs non-responder marker-compartment scRNA score	marker_compartment=myeloid_apc_like	lipid_loader_repair	5	6	0.023254354612481237	0.028094617093607582	-0.004840262481126345	-0.05306990768889628	-0.09197769234068014	0.9294264162546714	0.4666666666666667	n=11 baseline, marker-derived compartments, concomitant UC severity/cell-composition; generic inflammation tested by inflammatory_nfkb/ifn_apc residualization	-0.0031299587536121765	0.9522042258200414	-0.035575622243536636	inflammatory_nfkb,ifn_apc	0.23658457554717363	0.9294264162546714	5	True	False	False	not_corrected_significant
GSE253006	JAK/TYK	tofacitinib	ulcerative colitis	marker-derived rectal single-cell compartments	baseline responder vs non-responder marker-compartment scRNA score	marker_compartment=myeloid_apc_like	complement_phagocytosis	5	6	0.06085071316212707	-0.007206265493492796	0.06805697865561987	0.31241400311099765	0.5460040481655687	0.6018050302612212	0.7000000000000001	n=11 baseline, marker-derived compartments, concomitant UC severity/cell-composition; generic inflammation tested by inflammatory_nfkb/ifn_apc residualization	0.07899228759973559	0.1159996596539964	0.9351094144274542	inflammatory_nfkb,ifn_apc	0.8148577908333593	0.829883096734675	5	True	False	False	not_corrected_significant
GSE253006	JAK/TYK	tofacitinib	ulcerative colitis	marker-derived rectal single-cell compartments	baseline responder vs non-responder marker-compartment scRNA score	marker_compartment=myeloid_apc_like	hif_nampt_metabolic	5	6	-0.06689342774771458	0.032126057520140264	-0.09901948526785484	-0.3041108601170774	-0.5295507019931027	0.613034208252763	0.33333333333333337	n=11 baseline, marker-derived compartments, concomitant UC severity/cell-composition; generic inflammation tested by inflammatory_nfkb/ifn_apc residualization	-0.0285209334604018	0.5035277954480673	-0.38066567590636635	inflammatory_nfkb,ifn_apc	0.9720438921209661	0.829883096734675	5	True	False	False	not_corrected_significant
GSE253006	JAK/TYK	tofacitinib	ulcerative colitis	marker-derived rectal single-cell compartments	baseline responder vs non-responder marker-compartment scRNA score	marker_compartment=myeloid_apc_like	inflammatory_nfkb	5	6	-0.05902665618501231	0.012809393837952146	-0.07183605002296445	-0.20066117454513638	-0.34891670560394	0.7376738637641554	0.4	n=11 baseline, marker-derived compartments, concomitant UC severity/cell-composition; generic inflammation tested by inflammatory_nfkb/ifn_apc residualization	-0.13067017258738098	0.49432885717181196	-0.4007622704874983	ifn_apc	0.36718245382614895	0.829883096734675	5	False	False	False	not_corrected_significant
GSE253006	JAK/TYK	tofacitinib	ulcerative colitis	marker-derived rectal single-cell compartments	baseline responder vs non-responder marker-compartment scRNA score	marker_compartment=stromal_endothelial_like	ifn_apc	4	6	0.0626726728436565	-0.06566026339652403	0.12833293624018055	0.7067636870408031	0.9892839548596286	0.38983704400971814	0.5833333333333333	n=11 baseline, marker-derived compartments, concomitant UC severity/cell-composition; generic inflammation tested by inflammatory_nfkb/ifn_apc residualization	0.15296386312926888	0.275203773742489	0.93288122275671	inflammatory_nfkb	0.30104325991209746	0.6744174419004436	4	False	False	False	too_underpowered_for_effect_size_claim
GSE253006	JAK/TYK	tofacitinib	ulcerative colitis	marker-derived rectal single-cell compartments	baseline responder vs non-responder marker-compartment scRNA score	marker_compartment=stromal_endothelial_like	hla_ii_apc	4	6	-0.05563435294576545	-0.0041718820677672285	-0.05146247087799822	-0.45379985877060686	-0.8153926335911816	0.43987634001004633	0.33333333333333337	n=11 baseline, marker-derived compartments, concomitant UC severity/cell-composition; generic inflammation tested by inflammatory_nfkb/ifn_apc residualization	-0.03499037622806112	0.54445514681083	-0.4146500529576256	inflammatory_nfkb,ifn_apc	0.653357440254301	0.6744174419004436	4	True	False	False	too_underpowered_for_effect_size_claim
GSE253006	JAK/TYK	tofacitinib	ulcerative colitis	marker-derived rectal single-cell compartments	baseline responder vs non-responder marker-compartment scRNA score	marker_compartment=stromal_endothelial_like	lysosomal_apc	4	6	0.016872378815698075	-0.04674638885535864	0.06361876767105672	0.6053057484924717	1.1982117401954653	0.2674707135043464	0.7916666666666667	n=11 baseline, marker-derived compartments, concomitant UC severity/cell-composition; generic inflammation tested by inflammatory_nfkb/ifn_apc residualization	0.07946682767438862	0.1754054175704893	0.877740149514086	inflammatory_nfkb,ifn_apc	0.39992347861016675	0.6744174419004436	4	True	False	False	too_underpowered_for_effect_size_claim
GSE253006	JAK/TYK	tofacitinib	ulcerative colitis	marker-derived rectal single-cell compartments	baseline responder vs non-responder marker-compartment scRNA score	marker_compartment=stromal_endothelial_like	mif_cd74_receptor_state	4	6	-0.021768426639576254	-0.0175022867752079	-0.004266139864368353	-0.0355379882204336	-0.06161513165632714	0.9526369215625983	0.5	n=11 baseline, marker-derived compartments, concomitant UC severity/cell-composition; generic inflammation tested by inflammatory_nfkb/ifn_apc residualization	-0.008443126759453018	0.8829672355660824	-0.10133793668388694	inflammatory_nfkb,ifn_apc	0.6220872480535535	0.9526369215625983	4	True	False	False	too_underpowered_for_effect_size_claim
GSE253006	JAK/TYK	tofacitinib	ulcerative colitis	marker-derived rectal single-cell compartments	baseline responder vs non-responder marker-compartment scRNA score	marker_compartment=stromal_endothelial_like	mixscale_validated_ifng_readout	4	6	0.03098178420636365	-0.05097053167674839	0.08195231588311204	0.678861384401744	1.0102890362912915	0.3700020506148771	0.6666666666666667	n=11 baseline, marker-derived compartments, concomitant UC severity/cell-composition; generic inflammation tested by inflammatory_nfkb/ifn_apc residualization	0.024611350052711756	0.6450022566570582	0.34302564848235595	inflammatory_nfkb,ifn_apc	0.815395230930795	0.6744174419004436	4	True	False	False	too_underpowered_for_effect_size_claim
GSE253006	JAK/TYK	tofacitinib	ulcerative colitis	marker-derived rectal single-cell compartments	baseline responder vs non-responder marker-compartment scRNA score	marker_compartment=stromal_endothelial_like	lipid_loader_repair	4	6	-0.03413002710908427	0.018339078844556104	-0.05246910595364038	-0.8631989686065908	-1.7043787735679454	0.12910053048073925	0.20833333333333334	n=11 baseline, marker-derived compartments, concomitant UC severity/cell-composition; generic inflammation tested by inflammatory_nfkb/ifn_apc residualization	-0.03436266850109637	0.32096773449954064	-0.5518851826688963	inflammatory_nfkb,ifn_apc	0.21875575220428692	0.6744174419004436	4	True	False	False	too_underpowered_for_effect_size_claim
GSE253006	JAK/TYK	tofacitinib	ulcerative colitis	marker-derived rectal single-cell compartments	baseline responder vs non-responder marker-compartment scRNA score	marker_compartment=stromal_endothelial_like	complement_phagocytosis	4	6	0.010775751317661151	-0.011381439345979918	0.02215719066364107	0.41943574780967274	0.6522677277796018	0.5453177842169848	0.625	n=11 baseline, marker-derived compartments, concomitant UC severity/cell-composition; generic inflammation tested by inflammatory_nfkb/ifn_apc residualization	-0.005866987441033847	0.7571009111940122	-0.1763254976896134	inflammatory_nfkb,ifn_apc	0.7893706383024305	0.7011228654218377	4	True	False	False	too_underpowered_for_effect_size_claim
GSE253006	JAK/TYK	tofacitinib	ulcerative colitis	marker-derived rectal single-cell compartments	baseline responder vs non-responder marker-compartment scRNA score	marker_compartment=stromal_endothelial_like	hif_nampt_metabolic	4	6	-8.418752669080154e-05	-0.005901951898530498	0.005817764371839697	0.05730851887987872	0.08449506598519654	0.9368798603922497	0.45833333333333337	n=11 baseline, marker-derived compartments, concomitant UC severity/cell-composition; generic inflammation tested by inflammatory_nfkb/ifn_apc residualization	0.026836479957542674	0.6590141366658466	0.3344531731217521	inflammatory_nfkb,ifn_apc	0.5900899653666836	0.9526369215625983	4	True	False	False	too_underpowered_for_effect_size_claim
GSE253006	JAK/TYK	tofacitinib	ulcerative colitis	marker-derived rectal single-cell compartments	baseline responder vs non-responder marker-compartment scRNA score	marker_compartment=stromal_endothelial_like	inflammatory_nfkb	4	6	-0.0333673744693094	-0.0005456483994190492	-0.03282172606989035	-0.42787563187656624	-0.7951641290544509	0.449611627933629	0.3333333333333333	n=11 baseline, marker-derived compartments, concomitant UC severity/cell-composition; generic inflammation tested by inflammatory_nfkb/ifn_apc residualization	-0.04831976004992014	0.21635593292824976	-0.6936452367364885	ifn_apc	0.30104325991209757	0.6744174419004436	4	False	False	False	too_underpowered_for_effect_size_claim
GSE253006	JAK/TYK	tofacitinib	ulcerative colitis	marker-derived rectal single-cell compartments	baseline responder vs non-responder marker-compartment scRNA score	marker_compartment=t_cell_like	ifn_apc	5	6	0.011393439013508557	-0.007602796497796468	0.018996235511305026	0.16587000670148527	0.30359252793023317	0.7683736322049681	0.5666666666666667	n=11 baseline, marker-derived compartments, concomitant UC severity/cell-composition; generic inflammation tested by inflammatory_nfkb/ifn_apc residualization	0.00873388688913665	0.8881605140574272	0.0825086043332172	inflammatory_nfkb	0.3899173369170061	0.8780034185918224	5	False	False	False	not_corrected_significant
GSE253006	JAK/TYK	tofacitinib	ulcerative colitis	marker-derived rectal single-cell compartments	baseline responder vs non-responder marker-compartment scRNA score	marker_compartment=t_cell_like	hla_ii_apc	5	6	0.03571337697000502	0.021740077550878836	0.013973299419126183	0.08899917582131793	0.15845308253236964	0.8780034185918224	0.5333333333333334	n=11 baseline, marker-derived compartments, concomitant UC severity/cell-composition; generic inflammation tested by inflammatory_nfkb/ifn_apc residualization	0.004659574275080168	0.905151676944752	0.07051640769147983	inflammatory_nfkb,ifn_apc	0.8070139517665608	0.8780034185918224	5	True	False	False	not_corrected_significant
GSE253006	JAK/TYK	tofacitinib	ulcerative colitis	marker-derived rectal single-cell compartments	baseline responder vs non-responder marker-compartment scRNA score	marker_compartment=t_cell_like	lysosomal_apc	5	6	0.01672468373193824	-0.011070824621578393	0.027795508353516633	0.4208161030623164	0.8270099145556783	0.4398019507410055	0.6	n=11 baseline, marker-derived compartments, concomitant UC severity/cell-composition; generic inflammation tested by inflammatory_nfkb/ifn_apc residualization	0.015557242407302732	0.5036734516427416	0.37243970648902136	inflammatory_nfkb,ifn_apc	0.6805040220503471	0.8780034185918224	5	True	False	False	not_corrected_significant
GSE253006	JAK/TYK	tofacitinib	ulcerative colitis	marker-derived rectal single-cell compartments	baseline responder vs non-responder marker-compartment scRNA score	marker_compartment=t_cell_like	mif_cd74_receptor_state	5	6	0.049440868278519304	0.01655365578371103	0.03288721249480828	0.19904341794913943	0.3629831278368983	0.725091803028954	0.5	n=11 baseline, marker-derived compartments, concomitant UC severity/cell-composition; generic inflammation tested by inflammatory_nfkb/ifn_apc residualization	0.020365718010799873	0.6899352337955543	0.23352325219588518	inflammatory_nfkb,ifn_apc	0.7901487842933523	0.8780034185918224	5	True	False	False	not_corrected_significant
GSE253006	JAK/TYK	tofacitinib	ulcerative colitis	marker-derived rectal single-cell compartments	baseline responder vs non-responder marker-compartment scRNA score	marker_compartment=t_cell_like	mixscale_validated_ifng_readout	5	6	0.010705740095717441	0.003206868063226101	0.00749887203249134	0.12329082880208139	0.23882700662217268	0.8181016961847097	0.4666666666666667	n=11 baseline, marker-derived compartments, concomitant UC severity/cell-composition; generic inflammation tested by inflammatory_nfkb/ifn_apc residualization	-0.0017819907870551353	0.9153863799151762	-0.058711035135799956	inflammatory_nfkb,ifn_apc	0.8656302465767675	0.8780034185918224	5	True	False	False	not_corrected_significant
GSE253006	JAK/TYK	tofacitinib	ulcerative colitis	marker-derived rectal single-cell compartments	baseline responder vs non-responder marker-compartment scRNA score	marker_compartment=t_cell_like	lipid_loader_repair	5	6	-0.0006846518541295803	-0.005489857957979484	0.004805206103849904	0.1718282220060376	0.31762814230191694	0.7580191560193965	0.5666666666666667	n=11 baseline, marker-derived compartments, concomitant UC severity/cell-composition; generic inflammation tested by inflammatory_nfkb/ifn_apc residualization	0.003870329744038137	0.7790303742658427	0.15549719780381135	inflammatory_nfkb,ifn_apc	0.4134251518104488	0.8780034185918224	5	True	False	False	not_corrected_significant
GSE253006	JAK/TYK	tofacitinib	ulcerative colitis	marker-derived rectal single-cell compartments	baseline responder vs non-responder marker-compartment scRNA score	marker_compartment=t_cell_like	complement_phagocytosis	5	6	0.00369852279089454	-0.03320789088139458	0.03690641367228912	0.6875899529102873	1.1359625307983026	0.3133888251596853	0.6666666666666666	n=11 baseline, marker-derived compartments, concomitant UC severity/cell-composition; generic inflammation tested by inflammatory_nfkb/ifn_apc residualization	0.03626071893768625	0.2640745572044781	0.7356648373599972	inflammatory_nfkb,ifn_apc	0.30255564518810363	0.8780034185918224	5	True	False	False	not_corrected_significant
GSE253006	JAK/TYK	tofacitinib	ulcerative colitis	marker-derived rectal single-cell compartments	baseline responder vs non-responder marker-compartment scRNA score	marker_compartment=t_cell_like	hif_nampt_metabolic	5	6	0.022720642371840998	-0.013264737236570965	0.035985379608411965	0.4436701126185136	0.8340351350858112	0.42674584287584905	0.6333333333333333	n=11 baseline, marker-derived compartments, concomitant UC severity/cell-composition; generic inflammation tested by inflammatory_nfkb/ifn_apc residualization	0.02103267350276439	0.5019107368039818	0.37778589105118643	inflammatory_nfkb,ifn_apc	0.681378133737223	0.8780034185918224	5	True	False	False	not_corrected_significant
GSE253006	JAK/TYK	tofacitinib	ulcerative colitis	marker-derived rectal single-cell compartments	baseline responder vs non-responder marker-compartment scRNA score	marker_compartment=t_cell_like	inflammatory_nfkb	5	6	-0.0010550544901721623	-0.019322328321276453	0.01826727383110429	0.23087419374942728	0.42892667366803344	0.678128327285859	0.6000000000000001	n=11 baseline, marker-derived compartments, concomitant UC severity/cell-composition; generic inflammation tested by inflammatory_nfkb/ifn_apc residualization	0.013126368439250571	0.7564705627157547	0.17948272957340525	ifn_apc	0.38991733691700603	0.8780034185918224	5	False	False	False	not_corrected_significant
GSE106992	anti-TNF/IL-17/IL-23	etanercept/ustekinumab	psoriasis	lesional skin bulk biopsy	baseline PASI75 responder vs non-responder	therapy=etanercept	ifn_apc	21	14	0.11752628421443363	-0.08433598264444231	0.20186226685887593	0.32883792205896434	0.9916313634567742	0.3294285800002597	0.5952380952380952	bulk lesional skin, baseline PASI/severity unavailable in GEO matrix, treatment arm, cell composition; generic inflammation tested by inflammatory_nfkb/ifn_apc residualization	0.34639583988152794	0.04539350989135399	0.6853092798039989	inflammatory_nfkb	0.5084177233168508	0.4941428700003896	14	False	False	False	not_corrected_significant
GSE106992	anti-TNF/IL-17/IL-23	etanercept/ustekinumab	psoriasis	lesional skin bulk biopsy	baseline PASI75 responder vs non-responder	therapy=etanercept	hla_ii_apc	21	14	0.11653776156258756	0.025629343394352213	0.09090841816823535	0.17291398052290877	0.48422348322609504	0.63289718956826	0.5578231292517006	bulk lesional skin, baseline PASI/severity unavailable in GEO matrix, treatment arm, cell composition; generic inflammation tested by inflammatory_nfkb/ifn_apc residualization	-0.010008127437462341	0.9486753492119018	-0.023211248364400614	inflammatory_nfkb,ifn_apc	0.5767004004173102	0.7120093382642926	14	True	False	False	not_corrected_significant
GSE106992	anti-TNF/IL-17/IL-23	etanercept/ustekinumab	psoriasis	lesional skin bulk biopsy	baseline PASI75 responder vs non-responder	therapy=etanercept	lysosomal_apc	21	14	-0.08923972064436493	0.09213421220540112	-0.18137393284976605	-0.23932270558345867	-0.7816559547628232	0.4400288645204471	0.45578231292517	bulk lesional skin, baseline PASI/severity unavailable in GEO matrix, treatment arm, cell composition; generic inflammation tested by inflammatory_nfkb/ifn_apc residualization	-0.24971224839142458	0.1402350980131286	-0.4692060964272498	inflammatory_nfkb,ifn_apc	0.6736850343355644	0.5657513972405748	14	True	False	False	not_corrected_significant
GSE106992	anti-TNF/IL-17/IL-23	etanercept/ustekinumab	psoriasis	lesional skin bulk biopsy	baseline PASI75 responder vs non-responder	therapy=etanercept	mif_cd74_receptor_state	21	14	0.1054567065558607	0.051095030205777756	0.054361676350082946	0.09187945136823127	0.2744775241279401	0.785684451568063	0.5204081632653061	bulk lesional skin, baseline PASI/severity unavailable in GEO matrix, treatment arm, cell composition; generic inflammation tested by inflammatory_nfkb/ifn_apc residualization	-0.10382660285385265	0.5246932269096231	-0.22571426423919547	inflammatory_nfkb,ifn_apc	0.6164884593899569	0.785684451568063	14	True	False	False	not_corrected_significant
GSE106992	anti-TNF/IL-17/IL-23	etanercept/ustekinumab	psoriasis	lesional skin bulk biopsy	baseline PASI75 responder vs non-responder	therapy=etanercept	mixscale_validated_ifng_readout	21	14	0.1733232215804311	-0.10026096142153433	0.2735841830019654	0.5481446129649895	1.622484626013996	0.11598121276808518	0.6564625850340136	bulk lesional skin, baseline PASI/severity unavailable in GEO matrix, treatment arm, cell composition; generic inflammation tested by inflammatory_nfkb/ifn_apc residualization	0.09750248765019814	0.40576169549882624	0.2884974981096017	inflammatory_nfkb,ifn_apc	0.73958539208522	0.41839725530166433	14	True	False	False	not_corrected_significant
GSE106992	anti-TNF/IL-17/IL-23	etanercept/ustekinumab	psoriasis	lesional skin bulk biopsy	baseline PASI75 responder vs non-responder	therapy=etanercept	lipid_loader_repair	21	14	-0.13498232034695856	0.07125468648680612	-0.20623700683376467	-0.5126564335917033	-1.5079318637300176	0.1430970608547623	0.36734693877551017	bulk lesional skin, baseline PASI/severity unavailable in GEO matrix, treatment arm, cell composition; generic inflammation tested by inflammatory_nfkb/ifn_apc residualization	-0.17893864802815834	0.1995050256356315	-0.44952489078549784	inflammatory_nfkb,ifn_apc	0.18658443010835551	0.41839725530166433	14	True	False	False	not_corrected_significant
GSE106992	anti-TNF/IL-17/IL-23	etanercept/ustekinumab	psoriasis	lesional skin bulk biopsy	baseline PASI75 responder vs non-responder	therapy=etanercept	complement_phagocytosis	21	14	-0.018654496414482094	0.21855872194576906	-0.23721321836025117	-0.3596117686548418	-1.0080039115943764	0.3241079897894744	0.41496598639455784	bulk lesional skin, baseline PASI/severity unavailable in GEO matrix, treatment arm, cell composition; generic inflammation tested by inflammatory_nfkb/ifn_apc residualization	-0.24324958612239872	0.30909920295103116	-0.3766727894195592	inflammatory_nfkb,ifn_apc	0.18323664704639486	0.4941428700003896	14	True	False	False	not_corrected_significant
GSE106992	anti-TNF/IL-17/IL-23	etanercept/ustekinumab	psoriasis	lesional skin bulk biopsy	baseline PASI75 responder vs non-responder	therapy=etanercept	hif_nampt_metabolic	21	14	-0.2184991594710453	0.1652934781266767	-0.383792637597722	-0.6793915486588534	-1.9704592161963312	0.05958895553190236	0.24489795918367346	bulk lesional skin, baseline PASI/severity unavailable in GEO matrix, treatment arm, cell composition; generic inflammation tested by inflammatory_nfkb/ifn_apc residualization	-0.3225177346803354	0.03274473098780453	-0.7790770233416175	inflammatory_nfkb,ifn_apc	0.6087520820617539	0.41839725530166433	14	True	False	False	not_corrected_significant
GSE106992	anti-TNF/IL-17/IL-23	etanercept/ustekinumab	psoriasis	lesional skin bulk biopsy	baseline PASI75 responder vs non-responder	therapy=etanercept	inflammatory_nfkb	21	14	-0.15102771729236575	0.1262745738812505	-0.27730229117361627	-0.4698071054167366	-1.3591545346148153	0.18595433568962857	0.3537414965986394	bulk lesional skin, baseline PASI/severity unavailable in GEO matrix, treatment arm, cell composition; generic inflammation tested by inflammatory_nfkb/ifn_apc residualization	-0.3774131594077726	0.032271635174986685	-0.7776151354434473	ifn_apc	0.5084177233168508	0.41839725530166433	14	False	False	False	not_corrected_significant
GSE106992	anti-TNF/IL-17/IL-23	etanercept/ustekinumab	psoriasis	lesional skin bulk biopsy	baseline PASI75 responder vs non-responder	therapy=ustekinumab	ifn_apc	22	10	-0.10496348848990938	0.10218485352970555	-0.20714834201961493	-0.4067904856634585	-1.201578475529211	0.2422301136914547	0.4	bulk lesional skin, baseline PASI/severity unavailable in GEO matrix, treatment arm, cell composition; generic inflammation tested by inflammatory_nfkb/ifn_apc residualization	-0.16984827888818516	0.3528572750867028	-0.38773242027091287	inflammatory_nfkb	0.5124355383223095	0.9079568007348154	10	False	False	False	not_corrected_significant
GSE106992	anti-TNF/IL-17/IL-23	etanercept/ustekinumab	psoriasis	lesional skin bulk biopsy	baseline PASI75 responder vs non-responder	therapy=ustekinumab	hla_ii_apc	22	10	-0.08490733489549726	-0.09381424326341394	0.008906908367916674	0.019616455445093196	0.052232568098254675	0.9589495101123663	0.47727272727272724	bulk lesional skin, baseline PASI/severity unavailable in GEO matrix, treatment arm, cell composition; generic inflammation tested by inflammatory_nfkb/ifn_apc residualization	0.13776317178031977	0.3046606979067901	0.4342272288920291	inflammatory_nfkb,ifn_apc	0.6821852648746527	0.9589495101123663	10	True	False	False	not_corrected_significant
GSE106992	anti-TNF/IL-17/IL-23	etanercept/ustekinumab	psoriasis	lesional skin bulk biopsy	baseline PASI75 responder vs non-responder	therapy=ustekinumab	lysosomal_apc	22	10	-0.030944977718683528	0.12649446724672064	-0.15743944496540418	-0.3213243261742173	-1.0501202188295755	0.30265226691160513	0.4272727272727273	bulk lesional skin, baseline PASI/severity unavailable in GEO matrix, treatment arm, cell composition; generic inflammation tested by inflammatory_nfkb/ifn_apc residualization	-0.02960187420675477	0.7964374723300581	-0.08218077198756006	inflammatory_nfkb,ifn_apc	0.6723910470696267	0.9079568007348154	10	True	False	False	not_corrected_significant
GSE106992	anti-TNF/IL-17/IL-23	etanercept/ustekinumab	psoriasis	lesional skin bulk biopsy	baseline PASI75 responder vs non-responder	therapy=ustekinumab	mif_cd74_receptor_state	22	10	-0.14016722519523273	0.015375769374130491	-0.1555429945693632	-0.2529665966937192	-0.6820071796043774	0.5041171671341419	0.4409090909090909	bulk lesional skin, baseline PASI/severity unavailable in GEO matrix, treatment arm, cell composition; generic inflammation tested by inflammatory_nfkb/ifn_apc residualization	0.0375087791541584	0.8010882605069298	0.09483267071080045	inflammatory_nfkb,ifn_apc	0.7457201652343526	0.9164967099962583	10	True	False	False	not_corrected_significant
GSE106992	anti-TNF/IL-17/IL-23	etanercept/ustekinumab	psoriasis	lesional skin bulk biopsy	baseline PASI75 responder vs non-responder	therapy=ustekinumab	mixscale_validated_ifng_readout	22	10	-0.09771644779559364	-0.00863723417845479	-0.08907921361713886	-0.2195000865819377	-0.6405913570114969	0.5285722950383916	0.43636363636363634	bulk lesional skin, baseline PASI/severity unavailable in GEO matrix, treatment arm, cell composition; generic inflammation tested by inflammatory_nfkb/ifn_apc residualization	0.03217368647307142	0.7550183339736115	0.1314158043346784	inflammatory_nfkb,ifn_apc	0.7785463715487576	0.9164967099962583	10	True	False	False	not_corrected_significant
GSE106992	anti-TNF/IL-17/IL-23	etanercept/ustekinumab	psoriasis	lesional skin bulk biopsy	baseline PASI75 responder vs non-responder	therapy=ustekinumab	lipid_loader_repair	22	10	0.044687871632487594	0.08539299405559131	-0.040705122423103715	-0.12198334386163014	-0.3117906320404866	0.7593370640235068	0.46818181818181814	bulk lesional skin, baseline PASI/severity unavailable in GEO matrix, treatment arm, cell composition; generic inflammation tested by inflammatory_nfkb/ifn_apc residualization	-0.035307949561386755	0.7924550133350625	-0.10596207464932351	inflammatory_nfkb,ifn_apc	0.05749154626101844	0.9164967099962583	10	True	False	False	not_corrected_significant
GSE106992	anti-TNF/IL-17/IL-23	etanercept/ustekinumab	psoriasis	lesional skin bulk biopsy	baseline PASI75 responder vs non-responder	therapy=ustekinumab	complement_phagocytosis	22	10	-0.018132391971335544	-0.22691650591675988	0.20878411394542434	0.36209001483437697	1.1286452209773883	0.26963471118749904	0.6181818181818182	bulk lesional skin, baseline PASI/severity unavailable in GEO matrix, treatment arm, cell composition; generic inflammation tested by inflammatory_nfkb/ifn_apc residualization	0.28188119263339945	0.11983788199354337	0.5276430595457346	inflammatory_nfkb,ifn_apc	0.3266175703889271	0.9079568007348154	10	True	False	False	not_corrected_significant
GSE106992	anti-TNF/IL-17/IL-23	etanercept/ustekinumab	psoriasis	lesional skin bulk biopsy	baseline PASI75 responder vs non-responder	therapy=ustekinumab	hif_nampt_metabolic	22	10	0.05645651823222592	0.1032330254009273	-0.046776507168701374	-0.10011676550687663	-0.2390269380295696	0.8146637422188963	0.4818181818181818	bulk lesional skin, baseline PASI/severity unavailable in GEO matrix, treatment arm, cell composition; generic inflammation tested by inflammatory_nfkb/ifn_apc residualization	-0.03807374783906797	0.7921351209024772	-0.104858474186725	inflammatory_nfkb,ifn_apc	0.6047564790784092	0.9164967099962583	10	True	False	False	not_corrected_significant
GSE106992	anti-TNF/IL-17/IL-23	etanercept/ustekinumab	psoriasis	lesional skin bulk biopsy	baseline PASI75 responder vs non-responder	therapy=ustekinumab	inflammatory_nfkb	22	10	0.011993612497672224	0.11398785538534058	-0.10199424288766835	-0.14050552676460332	-0.43573447648486885	0.6667687494243153	0.38636363636363635	bulk lesional skin, baseline PASI/severity unavailable in GEO matrix, treatment arm, cell composition; generic inflammation tested by inflammatory_nfkb/ifn_apc residualization	0.04674516068921164	0.8496700956421738	0.07486206831506764	ifn_apc	0.5124355383223095	0.9164967099962583	10	False	False	False	not_corrected_significant
GSE24742	anti-CD20	rituximab	rheumatoid arthritis	synovial biopsy bulk	baseline EULAR good/moderate vs poor response	response_scope=good_moderate_vs_poor	ifn_apc	9	3	0.078281506929367	-0.23484452078810067	0.31312602771746767	0.3205000468403937	0.6216536025940104	0.5617540587665447	0.5555555555555556	n=12 paired synovium, anti-TNF-resistant RA, synovial B-cell/immune aggregates, steroid coadministration; generic inflammation tested by inflammatory_nfkb/ifn_apc residualization	0.528666632402299	0.43170420302116724	0.6229125391364672	inflammatory_nfkb	0.4359266470261818	0.7428814543056724	3	False	False	False	too_underpowered_for_effect_size_claim
GSE24742	anti-CD20	rituximab	rheumatoid arthritis	synovial biopsy bulk	baseline EULAR good/moderate vs poor response	response_scope=good_moderate_vs_poor	hla_ii_apc	9	3	0.07308499340379913	-0.21925498021139736	0.2923399736151965	0.282989071286117	0.47693095739388053	0.660339070493931	0.5925925925925926	n=12 paired synovium, anti-TNF-resistant RA, synovial B-cell/immune aggregates, steroid coadministration; generic inflammation tested by inflammatory_nfkb/ifn_apc residualization	-0.14934969158324318	0.09905049362615669	-0.6956334712388771	inflammatory_nfkb,ifn_apc	0.9612429591917764	0.7428814543056724	3	True	False	False	too_underpowered_for_effect_size_claim
GSE24742	anti-CD20	rituximab	rheumatoid arthritis	synovial biopsy bulk	baseline EULAR good/moderate vs poor response	response_scope=good_moderate_vs_poor	lysosomal_apc	9	3	-0.24636730911726545	0.7391019273517964	-0.9854692364690618	-1.5686523913086858	-2.8566531716950396	0.04261049279586044	0.03703703703703704	n=12 paired synovium, anti-TNF-resistant RA, synovial B-cell/immune aggregates, steroid coadministration; generic inflammation tested by inflammatory_nfkb/ifn_apc residualization	-0.795098189046659	0.03306135147566883	-2.3467807108549374	inflammatory_nfkb,ifn_apc	0.7230649312566101	0.12783147838758133	3	True	False	False	too_underpowered_for_effect_size_claim
GSE24742	anti-CD20	rituximab	rheumatoid arthritis	synovial biopsy bulk	baseline EULAR good/moderate vs poor response	response_scope=good_moderate_vs_poor	mif_cd74_receptor_state	9	3	-0.0031539557501382154	0.009461867250415165	-0.01261582300055338	-0.015117771550014942	-0.029492291058468074	0.9776117961523968	0.5185185185185186	n=12 paired synovium, anti-TNF-resistant RA, synovial B-cell/immune aggregates, steroid coadministration; generic inflammation tested by inflammatory_nfkb/ifn_apc residualization	-0.2553684332415067	0.173163347772843	-1.0356577001316674	inflammatory_nfkb,ifn_apc	0.9422696189970968	0.9776117961523968	3	True	False	False	too_underpowered_for_effect_size_claim
GSE24742	anti-CD20	rituximab	rheumatoid arthritis	synovial biopsy bulk	baseline EULAR good/moderate vs poor response	response_scope=good_moderate_vs_poor	mixscale_validated_ifng_readout	9	3	0.05258131721746135	-0.1577439516523836	0.21032526886984496	0.2451351898914015	0.47636165881431064	0.6540693298414195	0.5185185185185186	n=12 paired synovium, anti-TNF-resistant RA, synovial B-cell/immune aggregates, steroid coadministration; generic inflammation tested by inflammatory_nfkb/ifn_apc residualization	-0.10530081512989108	0.6051568399224878	-0.41798466980282845	inflammatory_nfkb,ifn_apc	0.9502235627746003	0.7428814543056724	3	True	False	False	too_underpowered_for_effect_size_claim
GSE24742	anti-CD20	rituximab	rheumatoid arthritis	synovial biopsy bulk	baseline EULAR good/moderate vs poor response	response_scope=good_moderate_vs_poor	lipid_loader_repair	9	3	-0.3252602150774895	0.9757806452324685	-1.301040860309958	-3.558694480566952	-4.77641249781361	0.022137186664144673	0.0	n=12 paired synovium, anti-TNF-resistant RA, synovial B-cell/immune aggregates, steroid coadministration; generic inflammation tested by inflammatory_nfkb/ifn_apc residualization	-0.9377848803564685	0.00026224664748004256	-2.671869006748145	inflammatory_nfkb,ifn_apc	0.4722145384050982	0.10988622875726552	3	True	True	False	too_underpowered_for_effect_size_claim
GSE24742	anti-CD20	rituximab	rheumatoid arthritis	synovial biopsy bulk	baseline EULAR good/moderate vs poor response	response_scope=good_moderate_vs_poor	complement_phagocytosis	9	3	-0.289188412029017	0.8675652360870508	-1.1567536481160678	-2.318000787493078	-3.79496802694633	0.024419161946059004	0.0	n=12 paired synovium, anti-TNF-resistant RA, synovial B-cell/immune aggregates, steroid coadministration; generic inflammation tested by inflammatory_nfkb/ifn_apc residualization	-1.0814201285153535	0.029199117352506288	-3.1908084507566605	inflammatory_nfkb,ifn_apc	0.4861421890006741	0.10988622875726552	3	True	False	False	too_underpowered_for_effect_size_claim
GSE24742	anti-CD20	rituximab	rheumatoid arthritis	synovial biopsy bulk	baseline EULAR good/moderate vs poor response	response_scope=good_moderate_vs_poor	hif_nampt_metabolic	9	3	-0.12536345189243722	0.3760903556773116	-0.5014538075697488	-0.7285690249828156	-0.886326696339239	0.45340175799130567	0.37037037037037035	n=12 paired synovium, anti-TNF-resistant RA, synovial B-cell/immune aggregates, steroid coadministration; generic inflammation tested by inflammatory_nfkb/ifn_apc residualization	-0.12306713098675298	0.6309007971202425	-0.3514201037591434	inflammatory_nfkb,ifn_apc	0.8635093512707686	0.7428814543056724	3	True	False	False	too_underpowered_for_effect_size_claim
GSE24742	anti-CD20	rituximab	rheumatoid arthritis	synovial biopsy bulk	baseline EULAR good/moderate vs poor response	response_scope=good_moderate_vs_poor	inflammatory_nfkb	9	3	-0.09451022714178452	0.2835306814253536	-0.3780409085671381	-0.5166589186103835	-0.9065245461590316	0.4163473109348799	0.2962962962962963	n=12 paired synovium, anti-TNF-resistant RA, synovial B-cell/immune aggregates, steroid coadministration; generic inflammation tested by inflammatory_nfkb/ifn_apc residualization	-0.48240610723050803	0.38525539368827055	-0.760129582409118	ifn_apc	0.4359266470261816	0.7428814543056724	3	False	False	False	too_underpowered_for_effect_size_claim
GSE250453	S1P	fingolimod	multiple sclerosis	PBMC bulk	baseline R vs NR; NEDA-3 at 2 years; public processed counts	contrast=R_vs_NR	ifn_apc	5	5	-0.24870576287709004	0.24870576287708906	-0.49741152575417913	-0.8069301280235005	-1.4125687612880589	0.19933726998356027	0.24	n=5/5, all-PBMC bulk composition, lymphocyte-trafficking pharmacology, no compartment resolution; generic inflammation tested by inflammatory_nfkb/ifn_apc residualization	-0.5123073814936407	0.16243616417746484	-0.8883895457779644	inflammatory_nfkb	0.29626277249331673	0.9969987912762708	5	False	False	False	not_corrected_significant
GSE250453	S1P	fingolimod	multiple sclerosis	PBMC bulk	baseline R vs NR; NEDA-3 at 2 years; public processed counts	contrast=R_vs_NR	hla_ii_apc	5	5	-0.12911710712883856	0.12911710712883856	-0.2582342142576771	-0.29296025079557164	-0.5128405597973754	0.6220830618457849	0.4	n=5/5, all-PBMC bulk composition, lymphocyte-trafficking pharmacology, no compartment resolution; generic inflammation tested by inflammatory_nfkb/ifn_apc residualization	0.14016149880442494	0.49787789138318633	0.4058999185736577	inflammatory_nfkb,ifn_apc	0.8017379120520105	0.9969987912762708	5	True	False	False	not_corrected_significant
GSE250453	S1P	fingolimod	multiple sclerosis	PBMC bulk	baseline R vs NR; NEDA-3 at 2 years; public processed counts	contrast=R_vs_NR	lysosomal_apc	5	5	0.009826156378526064	-0.009826156378525453	0.019652312757051517	0.03619699839536881	0.0633645310913498	0.9520354675030288	0.56	n=5/5, all-PBMC bulk composition, lymphocyte-trafficking pharmacology, no compartment resolution; generic inflammation tested by inflammatory_nfkb/ifn_apc residualization	-0.017412991593618043	0.9496341705231592	-0.03771789060730087	inflammatory_nfkb,ifn_apc	0.5085263457331471	0.9969987912762708	5	True	False	False	not_corrected_significant
GSE250453	S1P	fingolimod	multiple sclerosis	PBMC bulk	baseline R vs NR; NEDA-3 at 2 years; public processed counts	contrast=R_vs_NR	mif_cd74_receptor_state	5	5	0.01816938819631351	-0.01816938819631489	0.0363387763926284	0.047384009204103364	0.08294791440028244	0.9359329733321947	0.56	n=5/5, all-PBMC bulk composition, lymphocyte-trafficking pharmacology, no compartment resolution; generic inflammation tested by inflammatory_nfkb/ifn_apc residualization	0.25891079070634826	0.3734189531860591	0.5385290881264069	inflammatory_nfkb,ifn_apc	0.6152466569271896	0.9969987912762708	5	True	False	False	not_corrected_significant
GSE250453	S1P	fingolimod	multiple sclerosis	PBMC bulk	baseline R vs NR; NEDA-3 at 2 years; public processed counts	contrast=R_vs_NR	mixscale_validated_ifng_readout	5	5	-0.07610866979900864	0.07610866979900642	-0.15221733959801506	-0.2727027943975767	-0.47737893914745305	0.646730606060044	0.36	n=5/5, all-PBMC bulk composition, lymphocyte-trafficking pharmacology, no compartment resolution; generic inflammation tested by inflammatory_nfkb/ifn_apc residualization	0.2365362595535189	0.10687139021802958	1.0393987368369944	inflammatory_nfkb,ifn_apc	0.8083676037097385	0.9969987912762708	5	True	False	False	not_corrected_significant
GSE250453	S1P	fingolimod	multiple sclerosis	PBMC bulk	baseline R vs NR; NEDA-3 at 2 years; public processed counts	contrast=R_vs_NR	lipid_loader_repair	5	5	0.15645563323542416	-0.15645563323542638	0.31291126647085055	0.5287361286549026	0.9255772121580121	0.3821703914236736	0.64	n=5/5, all-PBMC bulk composition, lymphocyte-trafficking pharmacology, no compartment resolution; generic inflammation tested by inflammatory_nfkb/ifn_apc residualization	0.16530641964093412	0.6335246044809892	0.2832896831965135	inflammatory_nfkb,ifn_apc	0.3007290966674483	0.9969987912762708	5	True	False	False	not_corrected_significant
GSE250453	S1P	fingolimod	multiple sclerosis	PBMC bulk	baseline R vs NR; NEDA-3 at 2 years; public processed counts	contrast=R_vs_NR	complement_phagocytosis	5	5	-0.0008526398865687845	0.0008526398865673634	-0.001705279773136148	-0.002216848751932171	-0.0038806969609004463	0.9969987912762708	0.4800000000000001	n=5/5, all-PBMC bulk composition, lymphocyte-trafficking pharmacology, no compartment resolution; generic inflammation tested by inflammatory_nfkb/ifn_apc residualization	0.04772297036327844	0.913015862668478	0.06463498351630588	inflammatory_nfkb,ifn_apc	0.2566427656251911	0.9969987912762708	5	True	False	False	not_corrected_significant
GSE250453	S1P	fingolimod	multiple sclerosis	PBMC bulk	baseline R vs NR; NEDA-3 at 2 years; public processed counts	contrast=R_vs_NR	hif_nampt_metabolic	5	5	0.03322517605997423	-0.03322517605997506	0.06645035211994929	0.10964675810153807	0.19194175541581754	0.856507009552895	0.44	n=5/5, all-PBMC bulk composition, lymphocyte-trafficking pharmacology, no compartment resolution; generic inflammation tested by inflammatory_nfkb/ifn_apc residualization	0.10628735911564866	0.6161273394231347	0.29914502919664376	inflammatory_nfkb,ifn_apc	0.803775381977196	0.9969987912762708	5	True	False	False	not_corrected_significant
GSE250453	S1P	fingolimod	multiple sclerosis	PBMC bulk	baseline R vs NR; NEDA-3 at 2 years; public processed counts	contrast=R_vs_NR	inflammatory_nfkb	5	5	-0.02774862921818282	0.027748629218184218	-0.055497258436367033	-0.07304623034234403	-0.12787082738400632	0.902061354055239	0.48	n=5/5, all-PBMC bulk composition, lymphocyte-trafficking pharmacology, no compartment resolution; generic inflammation tested by inflammatory_nfkb/ifn_apc residualization	-0.21815550322412572	0.6105333277675318	-0.3056556819537555	ifn_apc	0.29626277249331673	0.9969987912762708	5	False	False	False	not_corrected_significant
GSE235357	fumarate	dimethyl fumarate	multiple sclerosis	PBMC bulk	baseline R vs NR; public normalized annotated matrix	contrast=R_vs_NR	ifn_apc	5	5	-0.18161711124882857	0.18161711124882904	-0.3632342224976576	-0.39110520396735504	-0.6846478701380088	0.5169988617136192	0.32	n=5/5, all-PBMC bulk composition, published no baseline DEGs between R/NR; generic inflammation tested by inflammatory_nfkb/ifn_apc residualization	-0.07007184514224273	0.8872555473596117	-0.08409144606474862	inflammatory_nfkb	0.4873340971594489	0.6740806891877343	5	False	False	False	not_corrected_significant
GSE235357	fumarate	dimethyl fumarate	multiple sclerosis	PBMC bulk	baseline R vs NR; public normalized annotated matrix	contrast=R_vs_NR	hla_ii_apc	5	5	-0.110912302010124	0.11091230201012905	-0.22182460402025306	-0.20692413441979451	-0.36223033207834365	0.7299483385548481	0.32	n=5/5, all-PBMC bulk composition, published no baseline DEGs between R/NR; generic inflammation tested by inflammatory_nfkb/ifn_apc residualization	-0.04006998743490685	0.8189646603203331	-0.13739906930519427	inflammatory_nfkb,ifn_apc	0.8999076622311682	0.7299483385548481	5	True	False	False	not_corrected_significant
GSE235357	fumarate	dimethyl fumarate	multiple sclerosis	PBMC bulk	baseline R vs NR; public normalized annotated matrix	contrast=R_vs_NR	lysosomal_apc	5	5	-0.1853641903760857	0.18536419037608745	-0.3707283807521732	-0.38087665503446794	-0.6667423189705329	0.5242849804793489	0.4	n=5/5, all-PBMC bulk composition, published no baseline DEGs between R/NR; generic inflammation tested by inflammatory_nfkb/ifn_apc residualization	0.09993310737917702	0.7242222873881778	0.2089275674884211	inflammatory_nfkb,ifn_apc	0.8177954783055288	0.6740806891877343	5	True	False	False	not_corrected_significant
GSE235357	fumarate	dimethyl fumarate	multiple sclerosis	PBMC bulk	baseline R vs NR; public normalized annotated matrix	contrast=R_vs_NR	mif_cd74_receptor_state	5	5	-0.16679826159730407	0.16679826159730998	-0.3335965231946141	-0.4398424375533112	-0.7699646668273944	0.4675216012549105	0.27999999999999997	n=5/5, all-PBMC bulk composition, published no baseline DEGs between R/NR; generic inflammation tested by inflammatory_nfkb/ifn_apc residualization	-0.2034541093187085	0.3303309207198742	-0.6096106373922892	inflammatory_nfkb,ifn_apc	0.8386667364800351	0.6740806891877343	5	True	False	False	not_corrected_significant
GSE235357	fumarate	dimethyl fumarate	multiple sclerosis	PBMC bulk	baseline R vs NR; public normalized annotated matrix	contrast=R_vs_NR	mixscale_validated_ifng_readout	5	5	-0.08162042045662429	0.08162042045662714	-0.16324084091325142	-0.22399926057273534	-0.39212113545902316	0.7071036643158303	0.36	n=5/5, all-PBMC bulk composition, published no baseline DEGs between R/NR; generic inflammation tested by inflammatory_nfkb/ifn_apc residualization	0.08831377668934129	0.339382289196189	0.5808568781763526	inflammatory_nfkb,ifn_apc	0.9739992961254421	0.7299483385548481	5	True	False	False	not_corrected_significant
GSE235357	fumarate	dimethyl fumarate	multiple sclerosis	PBMC bulk	baseline R vs NR; public normalized annotated matrix	contrast=R_vs_NR	lipid_loader_repair	5	5	-0.19480821832199577	0.19480821832199588	-0.38961643664399165	-0.4118685430335165	-0.720995061953404	0.49214548597202057	0.4	n=5/5, all-PBMC bulk composition, published no baseline DEGs between R/NR; generic inflammation tested by inflammatory_nfkb/ifn_apc residualization	0.03828536346381759	0.9154652826613983	0.0625875874374423	inflammatory_nfkb,ifn_apc	0.7024324243413701	0.6740806891877343	5	True	False	False	not_corrected_significant
GSE235357	fumarate	dimethyl fumarate	multiple sclerosis	PBMC bulk	baseline R vs NR; public normalized annotated matrix	contrast=R_vs_NR	complement_phagocytosis	5	5	-0.2750869748917645	0.2750869748917645	-0.550173949783529	-0.6678796657493045	-1.16915445262629	0.2760668511659077	0.32	n=5/5, all-PBMC bulk composition, published no baseline DEGs between R/NR; generic inflammation tested by inflammatory_nfkb/ifn_apc residualization	-0.2180180434882466	0.29756031992865106	-0.6387419935778652	inflammatory_nfkb,ifn_apc	0.9097679218962295	0.6740806891877343	5	True	False	False	not_corrected_significant
GSE235357	fumarate	dimethyl fumarate	multiple sclerosis	PBMC bulk	baseline R vs NR; public normalized annotated matrix	contrast=R_vs_NR	hif_nampt_metabolic	5	5	-0.2290006440098825	0.2290006440098835	-0.45800128801976603	-0.6883510281799224	-1.204990525746186	0.26560204421430644	0.28	n=5/5, all-PBMC bulk composition, published no baseline DEGs between R/NR; generic inflammation tested by inflammatory_nfkb/ifn_apc residualization	-0.10492834985882214	0.6281821354819829	-0.28974732441463186	inflammatory_nfkb,ifn_apc	0.8131882896008042	0.6740806891877343	5	True	False	False	not_corrected_significant
GSE235357	fumarate	dimethyl fumarate	multiple sclerosis	PBMC bulk	baseline R vs NR; public normalized annotated matrix	contrast=R_vs_NR	inflammatory_nfkb	5	5	-0.26489171771770215	0.26489171771770215	-0.5297834354354043	-0.6835615561894361	-1.1966063320200246	0.2743895497238133	0.32	n=5/5, all-PBMC bulk composition, published no baseline DEGs between R/NR; generic inflammation tested by inflammatory_nfkb/ifn_apc residualization	-0.373889041901637	0.3812166395821754	-0.5360726158365735	ifn_apc	0.4873340971594489	0.6740806891877343	5	False	False	False	not_corrected_significant
