context	gene	ensembl_id	token_id	n_disease_cells	n_control_cells	n_disease_cells_with_token	mean_shift_to_control_cosine	mean_projection_to_control	mean_embedding_delta_norm	random_mean_shift_to_control_cosine	random_sd_shift_to_control_cosine	random_mean_projection_to_control	interpretation
IBD_epithelial	ATOX1	ENSG00000177556	13923	30	30	0				-5.124459664026896e-05	0.0005117733210534353	0.015512194366116698	token_not_detected_in_selected_disease_cells
IBD_epithelial	SQLE	ENSG00000104549	2916	30	30	1	-0.0002716183662414551	0.00549723207950592	0.29356032609939575	-5.124459664026896e-05	0.0005117733210534353	0.015512194366116698	positive_shift_means_deleted_embedding_moved_toward_control_centroid
IBD_epithelial	TPM4	ENSG00000167460	11886	30	30	5	0.0005527138710021973	0.02473234012722969	0.562570333480835	-5.124459664026896e-05	0.0005117733210534353	0.015512194366116698	positive_shift_means_deleted_embedding_moved_toward_control_centroid
IBD_epithelial	LDLRAD3	ENSG00000179241	14189	30	30	0				-5.124459664026896e-05	0.0005117733210534353	0.015512194366116698	token_not_detected_in_selected_disease_cells
IBD_epithelial	C1QTNF1	ENSG00000173918	13328	30	30	0				-5.124459664026896e-05	0.0005117733210534353	0.015512194366116698	token_not_detected_in_selected_disease_cells
IBD_epithelial	HIF1A	ENSG00000100644	2347	30	30	2	-0.00036022067070007324	0.015309027396142483	0.2888732850551605	-5.124459664026896e-05	0.0005117733210534353	0.015512194366116698	positive_shift_means_deleted_embedding_moved_toward_control_centroid
IBD_epithelial	CBX3	ENSG00000122565	5228	30	30	2	0.0004303455352783203	0.02375701442360878	0.315837025642395	-5.124459664026896e-05	0.0005117733210534353	0.015512194366116698	positive_shift_means_deleted_embedding_moved_toward_control_centroid
IBD_epithelial	CFB	ENSG00000243649	18408	30	30	2	-0.00026732683181762695	0.06490124762058258	0.3234497606754303	-5.124459664026896e-05	0.0005117733210534353	0.015512194366116698	positive_shift_means_deleted_embedding_moved_toward_control_centroid
IBD_epithelial	TIMP1	ENSG00000102265	2635	30	30	2	0.0006636679172515869	0.04847412556409836	0.7028076648712158	-5.124459664026896e-05	0.0005117733210534353	0.015512194366116698	positive_shift_means_deleted_embedding_moved_toward_control_centroid
IBD_epithelial	ACSL3	ENSG00000123983	5378	30	30	1	-0.00030553340911865234	0.0034151901490986347	0.2275153398513794	-5.124459664026896e-05	0.0005117733210534353	0.015512194366116698	positive_shift_means_deleted_embedding_moved_toward_control_centroid
IBD_epithelial	C15ORF48			30	30	0				-5.124459664026896e-05	0.0005117733210534353	0.015512194366116698	not_in_geneformer_token_dictionary
IBD_epithelial	CHI3L1	ENSG00000133048	6605	30	30	0				-5.124459664026896e-05	0.0005117733210534353	0.015512194366116698	token_not_detected_in_selected_disease_cells
IBD_epithelial	DAP	ENSG00000112977	4090	30	30	3	0.00034789243363775313	0.07385894656181335	0.37786197662353516	-5.124459664026896e-05	0.0005117733210534353	0.015512194366116698	positive_shift_means_deleted_embedding_moved_toward_control_centroid
IBD_epithelial	FMNL2	ENSG00000157827	9991	30	30	0				-5.124459664026896e-05	0.0005117733210534353	0.015512194366116698	token_not_detected_in_selected_disease_cells
IBD_epithelial	SDC4	ENSG00000124145	5402	30	30	4	0.000116690993309021	0.008149050176143646	0.30775704979896545	-5.124459664026896e-05	0.0005117733210534353	0.015512194366116698	positive_shift_means_deleted_embedding_moved_toward_control_centroid
IBD_epithelial	CTSL	ENSG00000135047	6899	30	30	1	-0.0005415081977844238	-0.05319023132324219	0.38704442977905273	-5.124459664026896e-05	0.0005117733210534353	0.015512194366116698	positive_shift_means_deleted_embedding_moved_toward_control_centroid
IBD_epithelial	SNX10	ENSG00000086300	1685	30	30	0				-5.124459664026896e-05	0.0005117733210534353	0.015512194366116698	token_not_detected_in_selected_disease_cells
IBD_epithelial	REG1A	ENSG00000115386	4384	30	30	2	-4.982948303222656e-05	-0.06785464286804199	0.6726894378662109	-5.124459664026896e-05	0.0005117733210534353	0.015512194366116698	positive_shift_means_deleted_embedding_moved_toward_control_centroid
IBD_epithelial	COL4A1	ENSG00000187498	15692	30	30	0				-5.124459664026896e-05	0.0005117733210534353	0.015512194366116698	token_not_detected_in_selected_disease_cells
IBD_epithelial	RPL17	ENSG00000265681	19067	30	30	0				-5.124459664026896e-05	0.0005117733210534353	0.015512194366116698	token_not_detected_in_selected_disease_cells
IBD_epithelial	MPHOSPH6	ENSG00000135698	7029	30	30	0				-5.124459664026896e-05	0.0005117733210534353	0.015512194366116698	token_not_detected_in_selected_disease_cells
IBD_epithelial	PDPN	ENSG00000162493	10577	30	30	0				-5.124459664026896e-05	0.0005117733210534353	0.015512194366116698	token_not_detected_in_selected_disease_cells
IBD_epithelial	CXCL8	ENSG00000169429	12365	30	30	0				-5.124459664026896e-05	0.0005117733210534353	0.015512194366116698	token_not_detected_in_selected_disease_cells
IBD_epithelial	PDLIM7	ENSG00000196923	16354	30	30	1	-0.0005009174346923828	-0.038728125393390656	0.2910650670528412	-5.124459664026896e-05	0.0005117733210534353	0.015512194366116698	positive_shift_means_deleted_embedding_moved_toward_control_centroid
IBD_epithelial	PTPRE	ENSG00000132334	6474	30	30	1	-0.00025337934494018555	0.050389256328344345	0.21540701389312744	-5.124459664026896e-05	0.0005117733210534353	0.015512194366116698	positive_shift_means_deleted_embedding_moved_toward_control_centroid
IBD_epithelial	IL7R	ENSG00000168685	12195	30	30	0				-5.124459664026896e-05	0.0005117733210534353	0.015512194366116698	token_not_detected_in_selected_disease_cells
IBD_epithelial	HLA-B	ENSG00000234745	18151	30	30	7	2.1219253540039062e-05	-0.007608633954077959	0.4483913779258728	-5.124459664026896e-05	0.0005117733210534353	0.015512194366116698	positive_shift_means_deleted_embedding_moved_toward_control_centroid
IBD_epithelial	SEC61B	ENSG00000106803	3336	30	30	2	0.0002446472644805908	-0.025456804782152176	0.6657861471176147	-5.124459664026896e-05	0.0005117733210534353	0.015512194366116698	positive_shift_means_deleted_embedding_moved_toward_control_centroid
IBD_epithelial	SEC61A1	ENSG00000058262	783	30	30	1	-0.00021451711654663086	-0.014377177692949772	0.2725330889225006	-5.124459664026896e-05	0.0005117733210534353	0.015512194366116698	positive_shift_means_deleted_embedding_moved_toward_control_centroid
IBD_epithelial	PPIB	ENSG00000166794	11730	30	30	4	0.0001815706491470337	0.08658535033464432	0.5319772362709045	-5.124459664026896e-05	0.0005117733210534353	0.015512194366116698	positive_shift_means_deleted_embedding_moved_toward_control_centroid
IBD_epithelial	NME1	ENSG00000239672	18261	30	30	3	-2.8252601623535156e-05	0.041145648807287216	0.41822823882102966	-5.124459664026896e-05	0.0005117733210534353	0.015512194366116698	positive_shift_means_deleted_embedding_moved_toward_control_centroid
IBD_epithelial	TNFAIP8	ENSG00000145779	8626	30	30	0				-5.124459664026896e-05	0.0005117733210534353	0.015512194366116698	token_not_detected_in_selected_disease_cells
IBD_epithelial	IFITM3	ENSG00000142089	8085	30	30	0				-5.124459664026896e-05	0.0005117733210534353	0.015512194366116698	token_not_detected_in_selected_disease_cells
IBD_epithelial	IFITM2	ENSG00000185201	15228	30	30	2	-1.963973045349121e-05	0.07384766638278961	0.3846140205860138	-5.124459664026896e-05	0.0005117733210534353	0.015512194366116698	positive_shift_means_deleted_embedding_moved_toward_control_centroid
IBD_epithelial	CASP4	ENSG00000196954	16363	30	30	2	-0.00045549869537353516	-0.02131003886461258	0.30354589223861694	-5.124459664026896e-05	0.0005117733210534353	0.015512194366116698	positive_shift_means_deleted_embedding_moved_toward_control_centroid
IBD_epithelial	MTHFD2	ENSG00000065911	949	30	30	0				-5.124459664026896e-05	0.0005117733210534353	0.015512194366116698	token_not_detected_in_selected_disease_cells
IBD_epithelial	HLA-DRB1	ENSG00000196126	16125	30	30	0				-5.124459664026896e-05	0.0005117733210534353	0.015512194366116698	token_not_detected_in_selected_disease_cells
IBD_epithelial	FKBP1A	ENSG00000088832	1781	30	30	0				-5.124459664026896e-05	0.0005117733210534353	0.015512194366116698	token_not_detected_in_selected_disease_cells
IBD_epithelial	CD74	ENSG00000019582	395	30	30	4	0.0010588765144348145	0.14892402291297913	0.6471360921859741	-5.124459664026896e-05	0.0005117733210534353	0.015512194366116698	positive_shift_means_deleted_embedding_moved_toward_control_centroid
IBD_epithelial	HAPLN3	ENSG00000140511	7871	30	30	0				-5.124459664026896e-05	0.0005117733210534353	0.015512194366116698	token_not_detected_in_selected_disease_cells
IBD_epithelial	ACSL1	ENSG00000151726	9314	30	30	0				-5.124459664026896e-05	0.0005117733210534353	0.015512194366116698	token_not_detected_in_selected_disease_cells
IBD_epithelial	PSME1	ENSG00000092010	1941	30	30	3	-0.00013067324471194297	0.010058565996587276	0.2836798429489136	-5.124459664026896e-05	0.0005117733210534353	0.015512194366116698	positive_shift_means_deleted_embedding_moved_toward_control_centroid
IBD_epithelial	TMSB10	ENSG00000034510	511	30	30	14	5.4138046834850684e-05	0.031042659655213356	0.6836032271385193	-5.124459664026896e-05	0.0005117733210534353	0.015512194366116698	positive_shift_means_deleted_embedding_moved_toward_control_centroid
IBD_epithelial	PTPN2	ENSG00000175354	13567	30	30	0				-5.124459664026896e-05	0.0005117733210534353	0.015512194366116698	token_not_detected_in_selected_disease_cells
IBD_epithelial	CNN3	ENSG00000117519	4681	30	30	0				-5.124459664026896e-05	0.0005117733210534353	0.015512194366116698	token_not_detected_in_selected_disease_cells
IBD_epithelial	CALR	ENSG00000179218	14186	30	30	11	-8.316473395098001e-05	0.06345916539430618	0.5266268253326416	-5.124459664026896e-05	0.0005117733210534353	0.015512194366116698	positive_shift_means_deleted_embedding_moved_toward_control_centroid
IBD_epithelial	KRTCAP3	ENSG00000157992	10010	30	30	1	0.00034505128860473633	0.0066654314287006855	0.2522871196269989	-5.124459664026896e-05	0.0005117733210534353	0.015512194366116698	positive_shift_means_deleted_embedding_moved_toward_control_centroid
IBD_epithelial	CTSB	ENSG00000164733	11238	30	30	2	0.00024822354316711426	0.05472004413604736	0.2916949689388275	-5.124459664026896e-05	0.0005117733210534353	0.015512194366116698	positive_shift_means_deleted_embedding_moved_toward_control_centroid
IBD_epithelial	LTA4H	ENSG00000111144	3815	30	30	0				-5.124459664026896e-05	0.0005117733210534353	0.015512194366116698	token_not_detected_in_selected_disease_cells
IBD_epithelial	IL2RG	ENSG00000147168	8814	30	30	0				-5.124459664026896e-05	0.0005117733210534353	0.015512194366116698	token_not_detected_in_selected_disease_cells
IBD_epithelial	CTSS	ENSG00000163131	10748	30	30	3	-2.5173028916469775e-05	0.022013604640960693	0.36790600419044495	-5.124459664026896e-05	0.0005117733210534353	0.015512194366116698	positive_shift_means_deleted_embedding_moved_toward_control_centroid
IBD_epithelial	SEL1L3	ENSG00000091490	1920	30	30	3	0.00028852620744146407	0.0254132729023695	0.3264990746974945	-5.124459664026896e-05	0.0005117733210534353	0.015512194366116698	positive_shift_means_deleted_embedding_moved_toward_control_centroid
IBD_stromal	ATOX1	ENSG00000177556	13923	30	30	11	-7.840720354579389e-05	-0.008592530153691769	0.3670145869255066	-0.00010741998751958211	0.0006450485759158911	-0.002036881574895233	positive_shift_means_deleted_embedding_moved_toward_control_centroid
IBD_stromal	SQLE	ENSG00000104549	2916	30	30	1	3.349781036376953e-05	-0.006036135833710432	0.5040001273155212	-0.00010741998751958211	0.0006450485759158911	-0.002036881574895233	positive_shift_means_deleted_embedding_moved_toward_control_centroid
IBD_stromal	TPM4	ENSG00000167460	11886	30	30	13	0.00013529795978683978	0.0701528787612915	0.7636944651603699	-0.00010741998751958211	0.0006450485759158911	-0.002036881574895233	positive_shift_means_deleted_embedding_moved_toward_control_centroid
IBD_stromal	LDLRAD3	ENSG00000179241	14189	30	30	0				-0.00010741998751958211	0.0006450485759158911	-0.002036881574895233	token_not_detected_in_selected_disease_cells
IBD_stromal	C1QTNF1	ENSG00000173918	13328	30	30	0				-0.00010741998751958211	0.0006450485759158911	-0.002036881574895233	token_not_detected_in_selected_disease_cells
IBD_stromal	HIF1A	ENSG00000100644	2347	30	30	9	-0.00017764170479495078	-0.0020484833512455225	0.4352017641067505	-0.00010741998751958211	0.0006450485759158911	-0.002036881574895233	positive_shift_means_deleted_embedding_moved_toward_control_centroid
IBD_stromal	CBX3	ENSG00000122565	5228	30	30	2	-0.00034049153327941895	-0.003904476761817932	0.27635011076927185	-0.00010741998751958211	0.0006450485759158911	-0.002036881574895233	positive_shift_means_deleted_embedding_moved_toward_control_centroid
IBD_stromal	CFB	ENSG00000243649	18408	30	30	1	0.0004756450653076172	0.004710800014436245	0.24031858146190643	-0.00010741998751958211	0.0006450485759158911	-0.002036881574895233	positive_shift_means_deleted_embedding_moved_toward_control_centroid
IBD_stromal	TIMP1	ENSG00000102265	2635	30	30	21	0.00016960928041953593	0.18184839189052582	0.9991745948791504	-0.00010741998751958211	0.0006450485759158911	-0.002036881574895233	positive_shift_means_deleted_embedding_moved_toward_control_centroid
IBD_stromal	ACSL3	ENSG00000123983	5378	30	30	2	6.431341171264648e-05	0.0054391236044466496	0.27556872367858887	-0.00010741998751958211	0.0006450485759158911	-0.002036881574895233	positive_shift_means_deleted_embedding_moved_toward_control_centroid
IBD_stromal	C15ORF48			30	30	0				-0.00010741998751958211	0.0006450485759158911	-0.002036881574895233	not_in_geneformer_token_dictionary
IBD_stromal	CHI3L1	ENSG00000133048	6605	30	30	7	3.575427035684697e-05	0.06984791904687881	0.4851868152618408	-0.00010741998751958211	0.0006450485759158911	-0.002036881574895233	positive_shift_means_deleted_embedding_moved_toward_control_centroid
IBD_stromal	DAP	ENSG00000112977	4090	30	30	1	-0.0003104209899902344	-0.010137846693396568	0.3307933211326599	-0.00010741998751958211	0.0006450485759158911	-0.002036881574895233	positive_shift_means_deleted_embedding_moved_toward_control_centroid
IBD_stromal	FMNL2	ENSG00000157827	9991	30	30	0				-0.00010741998751958211	0.0006450485759158911	-0.002036881574895233	token_not_detected_in_selected_disease_cells
IBD_stromal	SDC4	ENSG00000124145	5402	30	30	2	-4.217028617858887e-05	0.02278931252658367	0.30295664072036743	-0.00010741998751958211	0.0006450485759158911	-0.002036881574895233	positive_shift_means_deleted_embedding_moved_toward_control_centroid
IBD_stromal	CTSL	ENSG00000135047	6899	30	30	4	7.699429988861084e-05	0.011922372505068779	0.32348620891571045	-0.00010741998751958211	0.0006450485759158911	-0.002036881574895233	positive_shift_means_deleted_embedding_moved_toward_control_centroid
IBD_stromal	SNX10	ENSG00000086300	1685	30	30	0				-0.00010741998751958211	0.0006450485759158911	-0.002036881574895233	token_not_detected_in_selected_disease_cells
IBD_stromal	REG1A	ENSG00000115386	4384	30	30	0				-0.00010741998751958211	0.0006450485759158911	-0.002036881574895233	token_not_detected_in_selected_disease_cells
IBD_stromal	COL4A1	ENSG00000187498	15692	30	30	8	6.936490535736084e-05	0.018540432676672935	0.7103447914123535	-0.00010741998751958211	0.0006450485759158911	-0.002036881574895233	positive_shift_means_deleted_embedding_moved_toward_control_centroid
IBD_stromal	RPL17	ENSG00000265681	19067	30	30	1	0.0006377696990966797	-0.027679458260536194	0.7271819114685059	-0.00010741998751958211	0.0006450485759158911	-0.002036881574895233	positive_shift_means_deleted_embedding_moved_toward_control_centroid
IBD_stromal	MPHOSPH6	ENSG00000135698	7029	30	30	4	-9.451806545257568e-05	0.00027125110500492156	0.3066733479499817	-0.00010741998751958211	0.0006450485759158911	-0.002036881574895233	positive_shift_means_deleted_embedding_moved_toward_control_centroid
IBD_stromal	PDPN	ENSG00000162493	10577	30	30	6	-0.00047810873365961015	-0.014792426489293575	0.4193844497203827	-0.00010741998751958211	0.0006450485759158911	-0.002036881574895233	positive_shift_means_deleted_embedding_moved_toward_control_centroid
IBD_stromal	CXCL8	ENSG00000169429	12365	30	30	1	-0.0013834834098815918	-0.06387883424758911	0.6722705960273743	-0.00010741998751958211	0.0006450485759158911	-0.002036881574895233	positive_shift_means_deleted_embedding_moved_toward_control_centroid
IBD_stromal	PDLIM7	ENSG00000196923	16354	30	30	2	5.996227264404297e-05	0.0007207584567368031	0.4432975649833679	-0.00010741998751958211	0.0006450485759158911	-0.002036881574895233	positive_shift_means_deleted_embedding_moved_toward_control_centroid
IBD_stromal	PTPRE	ENSG00000132334	6474	30	30	5	-0.0002195358247263357	-0.008117184042930603	0.3312288224697113	-0.00010741998751958211	0.0006450485759158911	-0.002036881574895233	positive_shift_means_deleted_embedding_moved_toward_control_centroid
IBD_stromal	IL7R	ENSG00000168685	12195	30	30	1	-0.0004164576530456543	0.003747824812307954	0.3706265687942505	-0.00010741998751958211	0.0006450485759158911	-0.002036881574895233	positive_shift_means_deleted_embedding_moved_toward_control_centroid
IBD_stromal	HLA-B	ENSG00000234745	18151	30	30	10	-0.0002848863659892231	-0.02669611945748329	0.5366419553756714	-0.00010741998751958211	0.0006450485759158911	-0.002036881574895233	positive_shift_means_deleted_embedding_moved_toward_control_centroid
IBD_stromal	SEC61B	ENSG00000106803	3336	30	30	12	0.0005185455083847046	0.053119391202926636	0.5686034560203552	-0.00010741998751958211	0.0006450485759158911	-0.002036881574895233	positive_shift_means_deleted_embedding_moved_toward_control_centroid
IBD_stromal	SEC61A1	ENSG00000058262	783	30	30	5	0.0001339197187917307	0.012052955105900764	0.3239191174507141	-0.00010741998751958211	0.0006450485759158911	-0.002036881574895233	positive_shift_means_deleted_embedding_moved_toward_control_centroid
IBD_stromal	PPIB	ENSG00000166794	11730	30	30	18	2.3646487534279004e-05	0.00124327780213207	0.674821138381958	-0.00010741998751958211	0.0006450485759158911	-0.002036881574895233	positive_shift_means_deleted_embedding_moved_toward_control_centroid
IBD_stromal	NME1	ENSG00000239672	18261	30	30	0				-0.00010741998751958211	0.0006450485759158911	-0.002036881574895233	token_not_detected_in_selected_disease_cells
IBD_stromal	TNFAIP8	ENSG00000145779	8626	30	30	1	4.8160552978515625e-05	-0.0026397001929581165	0.2827072739601135	-0.00010741998751958211	0.0006450485759158911	-0.002036881574895233	positive_shift_means_deleted_embedding_moved_toward_control_centroid
IBD_stromal	IFITM3	ENSG00000142089	8085	30	30	21	-0.00024714923347346485	0.006577741354703903	0.8225520253181458	-0.00010741998751958211	0.0006450485759158911	-0.002036881574895233	positive_shift_means_deleted_embedding_moved_toward_control_centroid
IBD_stromal	IFITM2	ENSG00000185201	15228	30	30	9	-0.00013056729221716523	0.032280199229717255	0.7386815547943115	-0.00010741998751958211	0.0006450485759158911	-0.002036881574895233	positive_shift_means_deleted_embedding_moved_toward_control_centroid
IBD_stromal	CASP4	ENSG00000196954	16363	30	30	0				-0.00010741998751958211	0.0006450485759158911	-0.002036881574895233	token_not_detected_in_selected_disease_cells
IBD_stromal	MTHFD2	ENSG00000065911	949	30	30	2	-2.002716064453125e-05	0.0014140945859253407	0.41038644313812256	-0.00010741998751958211	0.0006450485759158911	-0.002036881574895233	positive_shift_means_deleted_embedding_moved_toward_control_centroid
IBD_stromal	HLA-DRB1	ENSG00000196126	16125	30	30	1	-0.00014317035675048828	-0.020562995225191116	0.45411166548728943	-0.00010741998751958211	0.0006450485759158911	-0.002036881574895233	positive_shift_means_deleted_embedding_moved_toward_control_centroid
IBD_stromal	FKBP1A	ENSG00000088832	1781	30	30	3	-0.0005142490263096988	-0.03655732795596123	0.6591785550117493	-0.00010741998751958211	0.0006450485759158911	-0.002036881574895233	positive_shift_means_deleted_embedding_moved_toward_control_centroid
IBD_stromal	CD74	ENSG00000019582	395	30	30	2	0.0002008378505706787	0.013704106211662292	0.4659343659877777	-0.00010741998751958211	0.0006450485759158911	-0.002036881574895233	positive_shift_means_deleted_embedding_moved_toward_control_centroid
IBD_stromal	HAPLN3	ENSG00000140511	7871	30	30	1	0.0004897117614746094	0.04474177956581116	0.31115400791168213	-0.00010741998751958211	0.0006450485759158911	-0.002036881574895233	positive_shift_means_deleted_embedding_moved_toward_control_centroid
IBD_stromal	ACSL1	ENSG00000151726	9314	30	30	1	-0.00028336048126220703	-0.013691263273358345	0.19680702686309814	-0.00010741998751958211	0.0006450485759158911	-0.002036881574895233	positive_shift_means_deleted_embedding_moved_toward_control_centroid
IBD_stromal	PSME1	ENSG00000092010	1941	30	30	2	-0.00021246075630187988	-0.0031488551758229733	0.2845994532108307	-0.00010741998751958211	0.0006450485759158911	-0.002036881574895233	positive_shift_means_deleted_embedding_moved_toward_control_centroid
IBD_stromal	TMSB10	ENSG00000034510	511	30	30	9	0.0005958411493338645	0.050609052181243896	0.7183339595794678	-0.00010741998751958211	0.0006450485759158911	-0.002036881574895233	positive_shift_means_deleted_embedding_moved_toward_control_centroid
IBD_stromal	PTPN2	ENSG00000175354	13567	30	30	2	-3.847479820251465e-05	0.00817875750362873	0.3085762858390808	-0.00010741998751958211	0.0006450485759158911	-0.002036881574895233	positive_shift_means_deleted_embedding_moved_toward_control_centroid
IBD_stromal	CNN3	ENSG00000117519	4681	30	30	4	-1.3276934623718262e-05	-0.012904927134513855	0.5152312517166138	-0.00010741998751958211	0.0006450485759158911	-0.002036881574895233	positive_shift_means_deleted_embedding_moved_toward_control_centroid
IBD_stromal	CALR	ENSG00000179218	14186	30	30	8	-0.0001923590898513794	0.006943439599126577	0.5775823593139648	-0.00010741998751958211	0.0006450485759158911	-0.002036881574895233	positive_shift_means_deleted_embedding_moved_toward_control_centroid
IBD_stromal	KRTCAP3	ENSG00000157992	10010	30	30	0				-0.00010741998751958211	0.0006450485759158911	-0.002036881574895233	token_not_detected_in_selected_disease_cells
IBD_stromal	CTSB	ENSG00000164733	11238	30	30	5	-0.00016498565673828125	0.01582295075058937	0.4004102349281311	-0.00010741998751958211	0.0006450485759158911	-0.002036881574895233	positive_shift_means_deleted_embedding_moved_toward_control_centroid
IBD_stromal	LTA4H	ENSG00000111144	3815	30	30	0				-0.00010741998751958211	0.0006450485759158911	-0.002036881574895233	token_not_detected_in_selected_disease_cells
IBD_stromal	IL2RG	ENSG00000147168	8814	30	30	0				-0.00010741998751958211	0.0006450485759158911	-0.002036881574895233	token_not_detected_in_selected_disease_cells
IBD_stromal	CTSS	ENSG00000163131	10748	30	30	0				-0.00010741998751958211	0.0006450485759158911	-0.002036881574895233	token_not_detected_in_selected_disease_cells
IBD_stromal	SEL1L3	ENSG00000091490	1920	30	30	0				-0.00010741998751958211	0.0006450485759158911	-0.002036881574895233	token_not_detected_in_selected_disease_cells
IBD_myeloid	ATOX1	ENSG00000177556	13923	30	30	8	-8.861720561981201e-05	-0.019966857507824898	0.4281280040740967	1.783867677052816e-05	0.0008412958703254885	0.004794660298891055	positive_shift_means_deleted_embedding_moved_toward_control_centroid
IBD_myeloid	SQLE	ENSG00000104549	2916	30	30	1	-0.00013303756713867188	0.01958090253174305	0.3326835036277771	1.783867677052816e-05	0.0008412958703254885	0.004794660298891055	positive_shift_means_deleted_embedding_moved_toward_control_centroid
IBD_myeloid	TPM4	ENSG00000167460	11886	30	30	8	0.00016386806964874268	0.016223760321736336	0.4862842559814453	1.783867677052816e-05	0.0008412958703254885	0.004794660298891055	positive_shift_means_deleted_embedding_moved_toward_control_centroid
IBD_myeloid	LDLRAD3	ENSG00000179241	14189	30	30	0				1.783867677052816e-05	0.0008412958703254885	0.004794660298891055	token_not_detected_in_selected_disease_cells
IBD_myeloid	C1QTNF1	ENSG00000173918	13328	30	30	0				1.783867677052816e-05	0.0008412958703254885	0.004794660298891055	token_not_detected_in_selected_disease_cells
IBD_myeloid	HIF1A	ENSG00000100644	2347	30	30	9	0.0002525713643990457	-0.0010954769095405936	0.5184159874916077	1.783867677052816e-05	0.0008412958703254885	0.004794660298891055	positive_shift_means_deleted_embedding_moved_toward_control_centroid
IBD_myeloid	CBX3	ENSG00000122565	5228	30	30	1	-0.0005865097045898438	-0.030452629551291466	0.2851661741733551	1.783867677052816e-05	0.0008412958703254885	0.004794660298891055	positive_shift_means_deleted_embedding_moved_toward_control_centroid
IBD_myeloid	CFB	ENSG00000243649	18408	30	30	0				1.783867677052816e-05	0.0008412958703254885	0.004794660298891055	token_not_detected_in_selected_disease_cells
IBD_myeloid	TIMP1	ENSG00000102265	2635	30	30	14	0.0001208356479764916	0.05421828106045723	0.7697232365608215	1.783867677052816e-05	0.0008412958703254885	0.004794660298891055	positive_shift_means_deleted_embedding_moved_toward_control_centroid
IBD_myeloid	ACSL3	ENSG00000123983	5378	30	30	1	-0.00021600723266601562	0.011235689744353294	0.38093703985214233	1.783867677052816e-05	0.0008412958703254885	0.004794660298891055	positive_shift_means_deleted_embedding_moved_toward_control_centroid
IBD_myeloid	C15ORF48			30	30	0				1.783867677052816e-05	0.0008412958703254885	0.004794660298891055	not_in_geneformer_token_dictionary
IBD_myeloid	CHI3L1	ENSG00000133048	6605	30	30	0				1.783867677052816e-05	0.0008412958703254885	0.004794660298891055	token_not_detected_in_selected_disease_cells
IBD_myeloid	DAP	ENSG00000112977	4090	30	30	1	0.00022870302200317383	-0.010936189442873001	0.26974692940711975	1.783867677052816e-05	0.0008412958703254885	0.004794660298891055	positive_shift_means_deleted_embedding_moved_toward_control_centroid
IBD_myeloid	FMNL2	ENSG00000157827	9991	30	30	1	-0.0002067089080810547	0.0042382292449474335	0.23508158326148987	1.783867677052816e-05	0.0008412958703254885	0.004794660298891055	positive_shift_means_deleted_embedding_moved_toward_control_centroid
IBD_myeloid	SDC4	ENSG00000124145	5402	30	30	1	0.0012388825416564941	0.06156380474567413	0.3959571123123169	1.783867677052816e-05	0.0008412958703254885	0.004794660298891055	positive_shift_means_deleted_embedding_moved_toward_control_centroid
IBD_myeloid	CTSL	ENSG00000135047	6899	30	30	5	-0.0006053447723388672	-0.06783550977706909	0.5722126364707947	1.783867677052816e-05	0.0008412958703254885	0.004794660298891055	positive_shift_means_deleted_embedding_moved_toward_control_centroid
IBD_myeloid	SNX10	ENSG00000086300	1685	30	30	7	0.00031150240101851523	0.022811220958828926	0.3089909851551056	1.783867677052816e-05	0.0008412958703254885	0.004794660298891055	positive_shift_means_deleted_embedding_moved_toward_control_centroid
IBD_myeloid	REG1A	ENSG00000115386	4384	30	30	0				1.783867677052816e-05	0.0008412958703254885	0.004794660298891055	token_not_detected_in_selected_disease_cells
IBD_myeloid	COL4A1	ENSG00000187498	15692	30	30	0				1.783867677052816e-05	0.0008412958703254885	0.004794660298891055	token_not_detected_in_selected_disease_cells
IBD_myeloid	RPL17	ENSG00000265681	19067	30	30	1	-8.887052536010742e-05	0.03528513014316559	0.33506137132644653	1.783867677052816e-05	0.0008412958703254885	0.004794660298891055	positive_shift_means_deleted_embedding_moved_toward_control_centroid
IBD_myeloid	MPHOSPH6	ENSG00000135698	7029	30	30	0				1.783867677052816e-05	0.0008412958703254885	0.004794660298891055	token_not_detected_in_selected_disease_cells
IBD_myeloid	PDPN	ENSG00000162493	10577	30	30	1	2.6226043701171875e-05	-0.0025868695229291916	0.2986627221107483	1.783867677052816e-05	0.0008412958703254885	0.004794660298891055	positive_shift_means_deleted_embedding_moved_toward_control_centroid
IBD_myeloid	CXCL8	ENSG00000169429	12365	30	30	7	0.0030971255619078875	0.18942534923553467	1.4681845903396606	1.783867677052816e-05	0.0008412958703254885	0.004794660298891055	positive_shift_means_deleted_embedding_moved_toward_control_centroid
IBD_myeloid	PDLIM7	ENSG00000196923	16354	30	30	0				1.783867677052816e-05	0.0008412958703254885	0.004794660298891055	token_not_detected_in_selected_disease_cells
IBD_myeloid	PTPRE	ENSG00000132334	6474	30	30	5	-0.00019332169904373586	-0.04464860260486603	0.45442691445350647	1.783867677052816e-05	0.0008412958703254885	0.004794660298891055	positive_shift_means_deleted_embedding_moved_toward_control_centroid
IBD_myeloid	IL7R	ENSG00000168685	12195	30	30	3	0.00014630953955929726	-0.01308228075504303	0.6644508838653564	1.783867677052816e-05	0.0008412958703254885	0.004794660298891055	positive_shift_means_deleted_embedding_moved_toward_control_centroid
IBD_myeloid	HLA-B	ENSG00000234745	18151	30	30	13	0.00038212077924981713	0.03614269942045212	0.5252962708473206	1.783867677052816e-05	0.0008412958703254885	0.004794660298891055	positive_shift_means_deleted_embedding_moved_toward_control_centroid
IBD_myeloid	SEC61B	ENSG00000106803	3336	30	30	10	0.00048383473767898977	0.005523580592125654	0.5557025671005249	1.783867677052816e-05	0.0008412958703254885	0.004794660298891055	positive_shift_means_deleted_embedding_moved_toward_control_centroid
IBD_myeloid	SEC61A1	ENSG00000058262	783	30	30	3	-0.00034546852111816406	-0.009948593564331532	0.2864532768726349	1.783867677052816e-05	0.0008412958703254885	0.004794660298891055	positive_shift_means_deleted_embedding_moved_toward_control_centroid
IBD_myeloid	PPIB	ENSG00000166794	11730	30	30	5	0.0001282930315937847	0.0010799762094393373	0.7436259984970093	1.783867677052816e-05	0.0008412958703254885	0.004794660298891055	positive_shift_means_deleted_embedding_moved_toward_control_centroid
IBD_myeloid	NME1	ENSG00000239672	18261	30	30	0				1.783867677052816e-05	0.0008412958703254885	0.004794660298891055	token_not_detected_in_selected_disease_cells
IBD_myeloid	TNFAIP8	ENSG00000145779	8626	30	30	6	0.00016161799430847168	0.010727268643677235	0.29380133748054504	1.783867677052816e-05	0.0008412958703254885	0.004794660298891055	positive_shift_means_deleted_embedding_moved_toward_control_centroid
IBD_myeloid	IFITM3	ENSG00000142089	8085	30	30	5	0.00043408869532868266	0.03322684019804001	0.5694401264190674	1.783867677052816e-05	0.0008412958703254885	0.004794660298891055	positive_shift_means_deleted_embedding_moved_toward_control_centroid
IBD_myeloid	IFITM2	ENSG00000185201	15228	30	30	10	-0.0005203664186410606	0.04735534265637398	1.042742133140564	1.783867677052816e-05	0.0008412958703254885	0.004794660298891055	positive_shift_means_deleted_embedding_moved_toward_control_centroid
IBD_myeloid	CASP4	ENSG00000196954	16363	30	30	4	6.276369094848633e-05	0.02212434448301792	0.28400513529777527	1.783867677052816e-05	0.0008412958703254885	0.004794660298891055	positive_shift_means_deleted_embedding_moved_toward_control_centroid
IBD_myeloid	MTHFD2	ENSG00000065911	949	30	30	3	-0.00019176800560671836	-0.008606619201600552	0.288941353559494	1.783867677052816e-05	0.0008412958703254885	0.004794660298891055	positive_shift_means_deleted_embedding_moved_toward_control_centroid
IBD_myeloid	HLA-DRB1	ENSG00000196126	16125	30	30	13	0.0006160598713904619	0.06366635113954544	0.9963744282722473	1.783867677052816e-05	0.0008412958703254885	0.004794660298891055	positive_shift_means_deleted_embedding_moved_toward_control_centroid
IBD_myeloid	FKBP1A	ENSG00000088832	1781	30	30	3	-0.0001410643308190629	-0.003884991630911827	0.47767317295074463	1.783867677052816e-05	0.0008412958703254885	0.004794660298891055	positive_shift_means_deleted_embedding_moved_toward_control_centroid
IBD_myeloid	CD74	ENSG00000019582	395	30	30	13	-0.0017394194146618247	-0.15341982245445251	1.5754151344299316	1.783867677052816e-05	0.0008412958703254885	0.004794660298891055	positive_shift_means_deleted_embedding_moved_toward_control_centroid
IBD_myeloid	HAPLN3	ENSG00000140511	7871	30	30	0				1.783867677052816e-05	0.0008412958703254885	0.004794660298891055	token_not_detected_in_selected_disease_cells
IBD_myeloid	ACSL1	ENSG00000151726	9314	30	30	2	0.001088470220565796	0.09683389961719513	0.48140209913253784	1.783867677052816e-05	0.0008412958703254885	0.004794660298891055	positive_shift_means_deleted_embedding_moved_toward_control_centroid
IBD_myeloid	PSME1	ENSG00000092010	1941	30	30	7	0.00022409643861465156	0.033337514847517014	0.4167005121707916	1.783867677052816e-05	0.0008412958703254885	0.004794660298891055	positive_shift_means_deleted_embedding_moved_toward_control_centroid
IBD_myeloid	TMSB10	ENSG00000034510	511	30	30	16	-1.1887401342391968e-05	-0.028020428493618965	0.9076486825942993	1.783867677052816e-05	0.0008412958703254885	0.004794660298891055	positive_shift_means_deleted_embedding_moved_toward_control_centroid
IBD_myeloid	PTPN2	ENSG00000175354	13567	30	30	0				1.783867677052816e-05	0.0008412958703254885	0.004794660298891055	token_not_detected_in_selected_disease_cells
IBD_myeloid	CNN3	ENSG00000117519	4681	30	30	0				1.783867677052816e-05	0.0008412958703254885	0.004794660298891055	token_not_detected_in_selected_disease_cells
IBD_myeloid	CALR	ENSG00000179218	14186	30	30	6	5.861123554495862e-06	0.015799595043063164	0.6975081562995911	1.783867677052816e-05	0.0008412958703254885	0.004794660298891055	positive_shift_means_deleted_embedding_moved_toward_control_centroid
IBD_myeloid	KRTCAP3	ENSG00000157992	10010	30	30	0				1.783867677052816e-05	0.0008412958703254885	0.004794660298891055	token_not_detected_in_selected_disease_cells
IBD_myeloid	CTSB	ENSG00000164733	11238	30	30	10	0.0003729581949301064	0.030414525419473648	0.7813946008682251	1.783867677052816e-05	0.0008412958703254885	0.004794660298891055	positive_shift_means_deleted_embedding_moved_toward_control_centroid
IBD_myeloid	LTA4H	ENSG00000111144	3815	30	30	1	-0.0002402663230895996	0.003718016669154167	0.25528061389923096	1.783867677052816e-05	0.0008412958703254885	0.004794660298891055	positive_shift_means_deleted_embedding_moved_toward_control_centroid
IBD_myeloid	IL2RG	ENSG00000147168	8814	30	30	2	4.565715789794922e-05	0.020170820876955986	0.2411593496799469	1.783867677052816e-05	0.0008412958703254885	0.004794660298891055	positive_shift_means_deleted_embedding_moved_toward_control_centroid
IBD_myeloid	CTSS	ENSG00000163131	10748	30	30	18	-0.0006365444860421121	0.028818411752581596	0.9706751704216003	1.783867677052816e-05	0.0008412958703254885	0.004794660298891055	positive_shift_means_deleted_embedding_moved_toward_control_centroid
IBD_myeloid	SEL1L3	ENSG00000091490	1920	30	30	0				1.783867677052816e-05	0.0008412958703254885	0.004794660298891055	token_not_detected_in_selected_disease_cells
psoriasis_keratinocyte	ATOX1	ENSG00000177556	13923	30	30	1	-0.00025767087936401367	0.008978117257356644	0.26819005608558655	-6.662756204605103e-05	0.0006952022839323652	0.0055225943389814345	positive_shift_means_deleted_embedding_moved_toward_control_centroid
psoriasis_keratinocyte	SQLE	ENSG00000104549	2916	30	30	1	-8.165836334228516e-06	-0.020678933709859848	0.23983515799045563	-6.662756204605103e-05	0.0006952022839323652	0.0055225943389814345	positive_shift_means_deleted_embedding_moved_toward_control_centroid
psoriasis_keratinocyte	TPM4	ENSG00000167460	11886	30	30	5	3.643035961431451e-05	0.030107632279396057	0.5267225503921509	-6.662756204605103e-05	0.0006952022839323652	0.0055225943389814345	positive_shift_means_deleted_embedding_moved_toward_control_centroid
psoriasis_keratinocyte	LDLRAD3	ENSG00000179241	14189	30	30	2	-0.0015030205249786377	-0.05057540908455849	0.5367327928543091	-6.662756204605103e-05	0.0006952022839323652	0.0055225943389814345	positive_shift_means_deleted_embedding_moved_toward_control_centroid
psoriasis_keratinocyte	C1QTNF1	ENSG00000173918	13328	30	30	0				-6.662756204605103e-05	0.0006952022839323652	0.0055225943389814345	token_not_detected_in_selected_disease_cells
psoriasis_keratinocyte	HIF1A	ENSG00000100644	2347	30	30	3	-0.0004433194699231535	-0.05273504927754402	0.4233314096927643	-6.662756204605103e-05	0.0006952022839323652	0.0055225943389814345	positive_shift_means_deleted_embedding_moved_toward_control_centroid
psoriasis_keratinocyte	CBX3	ENSG00000122565	5228	30	30	3	6.226698315003887e-05	0.01671461947262287	0.43636974692344666	-6.662756204605103e-05	0.0006952022839323652	0.0055225943389814345	positive_shift_means_deleted_embedding_moved_toward_control_centroid
psoriasis_keratinocyte	CFB	ENSG00000243649	18408	30	30	0				-6.662756204605103e-05	0.0006952022839323652	0.0055225943389814345	token_not_detected_in_selected_disease_cells
psoriasis_keratinocyte	TIMP1	ENSG00000102265	2635	30	30	1	-0.0012173652648925781	-0.07716966420412064	0.6020281910896301	-6.662756204605103e-05	0.0006952022839323652	0.0055225943389814345	positive_shift_means_deleted_embedding_moved_toward_control_centroid
psoriasis_keratinocyte	ACSL3	ENSG00000123983	5378	30	30	4	-0.00031916797161102295	-0.0291762538254261	0.40629658102989197	-6.662756204605103e-05	0.0006952022839323652	0.0055225943389814345	positive_shift_means_deleted_embedding_moved_toward_control_centroid
psoriasis_keratinocyte	C15ORF48			30	30	0				-6.662756204605103e-05	0.0006952022839323652	0.0055225943389814345	not_in_geneformer_token_dictionary
psoriasis_keratinocyte	CHI3L1	ENSG00000133048	6605	30	30	2	-0.00044974684715270996	-0.016573365777730942	0.42050808668136597	-6.662756204605103e-05	0.0006952022839323652	0.0055225943389814345	positive_shift_means_deleted_embedding_moved_toward_control_centroid
psoriasis_keratinocyte	DAP	ENSG00000112977	4090	30	30	0				-6.662756204605103e-05	0.0006952022839323652	0.0055225943389814345	token_not_detected_in_selected_disease_cells
psoriasis_keratinocyte	FMNL2	ENSG00000157827	9991	30	30	2	-0.0001036226749420166	-0.02120908349752426	0.48396381735801697	-6.662756204605103e-05	0.0006952022839323652	0.0055225943389814345	positive_shift_means_deleted_embedding_moved_toward_control_centroid
psoriasis_keratinocyte	SDC4	ENSG00000124145	5402	30	30	2	-0.00016865134239196777	-0.04912620782852173	0.4755633473396301	-6.662756204605103e-05	0.0006952022839323652	0.0055225943389814345	positive_shift_means_deleted_embedding_moved_toward_control_centroid
psoriasis_keratinocyte	CTSL	ENSG00000135047	6899	30	30	0				-6.662756204605103e-05	0.0006952022839323652	0.0055225943389814345	token_not_detected_in_selected_disease_cells
psoriasis_keratinocyte	SNX10	ENSG00000086300	1685	30	30	0				-6.662756204605103e-05	0.0006952022839323652	0.0055225943389814345	token_not_detected_in_selected_disease_cells
psoriasis_keratinocyte	REG1A	ENSG00000115386	4384	30	30	0				-6.662756204605103e-05	0.0006952022839323652	0.0055225943389814345	token_not_detected_in_selected_disease_cells
psoriasis_keratinocyte	COL4A1	ENSG00000187498	15692	30	30	1	-0.0008099675178527832	-0.047692734748125076	0.72234046459198	-6.662756204605103e-05	0.0006952022839323652	0.0055225943389814345	positive_shift_means_deleted_embedding_moved_toward_control_centroid
psoriasis_keratinocyte	RPL17	ENSG00000265681	19067	30	30	14	-0.0001354132400592789	0.041664008051157	0.7050551176071167	-6.662756204605103e-05	0.0006952022839323652	0.0055225943389814345	positive_shift_means_deleted_embedding_moved_toward_control_centroid
psoriasis_keratinocyte	MPHOSPH6	ENSG00000135698	7029	30	30	5	-0.0002495527151040733	-0.0329805463552475	0.31797724962234497	-6.662756204605103e-05	0.0006952022839323652	0.0055225943389814345	positive_shift_means_deleted_embedding_moved_toward_control_centroid
psoriasis_keratinocyte	PDPN	ENSG00000162493	10577	30	30	0				-6.662756204605103e-05	0.0006952022839323652	0.0055225943389814345	token_not_detected_in_selected_disease_cells
psoriasis_keratinocyte	CXCL8	ENSG00000169429	12365	30	30	0				-6.662756204605103e-05	0.0006952022839323652	0.0055225943389814345	token_not_detected_in_selected_disease_cells
psoriasis_keratinocyte	PDLIM7	ENSG00000196923	16354	30	30	0				-6.662756204605103e-05	0.0006952022839323652	0.0055225943389814345	token_not_detected_in_selected_disease_cells
psoriasis_keratinocyte	PTPRE	ENSG00000132334	6474	30	30	0				-6.662756204605103e-05	0.0006952022839323652	0.0055225943389814345	token_not_detected_in_selected_disease_cells
psoriasis_keratinocyte	IL7R	ENSG00000168685	12195	30	30	0				-6.662756204605103e-05	0.0006952022839323652	0.0055225943389814345	token_not_detected_in_selected_disease_cells
psoriasis_keratinocyte	HLA-B	ENSG00000234745	18151	30	30	0				-6.662756204605103e-05	0.0006952022839323652	0.0055225943389814345	token_not_detected_in_selected_disease_cells
psoriasis_keratinocyte	SEC61B	ENSG00000106803	3336	30	30	3	0.0007802049512974918	0.016281526535749435	0.5889886617660522	-6.662756204605103e-05	0.0006952022839323652	0.0055225943389814345	positive_shift_means_deleted_embedding_moved_toward_control_centroid
psoriasis_keratinocyte	SEC61A1	ENSG00000058262	783	30	30	2	0.0002771914005279541	0.019442766904830933	0.25031769275665283	-6.662756204605103e-05	0.0006952022839323652	0.0055225943389814345	positive_shift_means_deleted_embedding_moved_toward_control_centroid
psoriasis_keratinocyte	PPIB	ENSG00000166794	11730	30	30	3	0.0001748800277709961	0.011739394627511501	0.353575736284256	-6.662756204605103e-05	0.0006952022839323652	0.0055225943389814345	positive_shift_means_deleted_embedding_moved_toward_control_centroid
psoriasis_keratinocyte	NME1	ENSG00000239672	18261	30	30	5	-9.179115295410156e-05	-0.021207919344305992	0.34143128991127014	-6.662756204605103e-05	0.0006952022839323652	0.0055225943389814345	positive_shift_means_deleted_embedding_moved_toward_control_centroid
psoriasis_keratinocyte	TNFAIP8	ENSG00000145779	8626	30	30	3	0.00019083420920651406	0.009241840802133083	0.28810054063796997	-6.662756204605103e-05	0.0006952022839323652	0.0055225943389814345	positive_shift_means_deleted_embedding_moved_toward_control_centroid
psoriasis_keratinocyte	IFITM3	ENSG00000142089	8085	30	30	8	0.0001463666558265686	0.049780186265707016	0.5289921760559082	-6.662756204605103e-05	0.0006952022839323652	0.0055225943389814345	positive_shift_means_deleted_embedding_moved_toward_control_centroid
psoriasis_keratinocyte	IFITM2	ENSG00000185201	15228	30	30	1	-0.0005400180816650391	-0.020711317658424377	0.4224727153778076	-6.662756204605103e-05	0.0006952022839323652	0.0055225943389814345	positive_shift_means_deleted_embedding_moved_toward_control_centroid
psoriasis_keratinocyte	CASP4	ENSG00000196954	16363	30	30	0				-6.662756204605103e-05	0.0006952022839323652	0.0055225943389814345	token_not_detected_in_selected_disease_cells
psoriasis_keratinocyte	MTHFD2	ENSG00000065911	949	30	30	0				-6.662756204605103e-05	0.0006952022839323652	0.0055225943389814345	token_not_detected_in_selected_disease_cells
psoriasis_keratinocyte	HLA-DRB1	ENSG00000196126	16125	30	30	0				-6.662756204605103e-05	0.0006952022839323652	0.0055225943389814345	token_not_detected_in_selected_disease_cells
psoriasis_keratinocyte	FKBP1A	ENSG00000088832	1781	30	30	1	0.0005201101303100586	-0.035039022564888	0.42689090967178345	-6.662756204605103e-05	0.0006952022839323652	0.0055225943389814345	positive_shift_means_deleted_embedding_moved_toward_control_centroid
psoriasis_keratinocyte	CD74	ENSG00000019582	395	30	30	0				-6.662756204605103e-05	0.0006952022839323652	0.0055225943389814345	token_not_detected_in_selected_disease_cells
psoriasis_keratinocyte	HAPLN3	ENSG00000140511	7871	30	30	1	0.00031262636184692383	0.014760828576982021	0.39958593249320984	-6.662756204605103e-05	0.0006952022839323652	0.0055225943389814345	positive_shift_means_deleted_embedding_moved_toward_control_centroid
psoriasis_keratinocyte	ACSL1	ENSG00000151726	9314	30	30	1	0.0001608729362487793	-0.003546031191945076	0.3117828071117401	-6.662756204605103e-05	0.0006952022839323652	0.0055225943389814345	positive_shift_means_deleted_embedding_moved_toward_control_centroid
psoriasis_keratinocyte	PSME1	ENSG00000092010	1941	30	30	0				-6.662756204605103e-05	0.0006952022839323652	0.0055225943389814345	token_not_detected_in_selected_disease_cells
psoriasis_keratinocyte	TMSB10	ENSG00000034510	511	30	30	2	-0.0005834698677062988	-0.02622155100107193	0.5241308212280273	-6.662756204605103e-05	0.0006952022839323652	0.0055225943389814345	positive_shift_means_deleted_embedding_moved_toward_control_centroid
psoriasis_keratinocyte	PTPN2	ENSG00000175354	13567	30	30	2	0.00012561678886413574	0.013472173362970352	0.3518010079860687	-6.662756204605103e-05	0.0006952022839323652	0.0055225943389814345	positive_shift_means_deleted_embedding_moved_toward_control_centroid
psoriasis_keratinocyte	CNN3	ENSG00000117519	4681	30	30	1	-0.00027066469192504883	-0.033322159200906754	0.6164131164550781	-6.662756204605103e-05	0.0006952022839323652	0.0055225943389814345	positive_shift_means_deleted_embedding_moved_toward_control_centroid
psoriasis_keratinocyte	CALR	ENSG00000179218	14186	30	30	5	-9.028911881614476e-05	0.006918476428836584	0.45106369256973267	-6.662756204605103e-05	0.0006952022839323652	0.0055225943389814345	positive_shift_means_deleted_embedding_moved_toward_control_centroid
psoriasis_keratinocyte	KRTCAP3	ENSG00000157992	10010	30	30	0				-6.662756204605103e-05	0.0006952022839323652	0.0055225943389814345	token_not_detected_in_selected_disease_cells
psoriasis_keratinocyte	CTSB	ENSG00000164733	11238	30	30	2	-0.0002307593822479248	-0.019115766510367393	0.2986665666103363	-6.662756204605103e-05	0.0006952022839323652	0.0055225943389814345	positive_shift_means_deleted_embedding_moved_toward_control_centroid
psoriasis_keratinocyte	LTA4H	ENSG00000111144	3815	30	30	0				-6.662756204605103e-05	0.0006952022839323652	0.0055225943389814345	token_not_detected_in_selected_disease_cells
psoriasis_keratinocyte	IL2RG	ENSG00000147168	8814	30	30	0				-6.662756204605103e-05	0.0006952022839323652	0.0055225943389814345	token_not_detected_in_selected_disease_cells
psoriasis_keratinocyte	CTSS	ENSG00000163131	10748	30	30	0				-6.662756204605103e-05	0.0006952022839323652	0.0055225943389814345	token_not_detected_in_selected_disease_cells
psoriasis_keratinocyte	SEL1L3	ENSG00000091490	1920	30	30	0				-6.662756204605103e-05	0.0006952022839323652	0.0055225943389814345	token_not_detected_in_selected_disease_cells
psoriasis_macrophage	ATOX1	ENSG00000177556	13923	30	30	4	-0.00012980401515960693	-0.004989407490938902	0.36277711391448975	-6.665239731470743e-05	0.0005145073064085968	0.0020135511721794805	positive_shift_means_deleted_embedding_moved_toward_control_centroid
psoriasis_macrophage	SQLE	ENSG00000104549	2916	30	30	1	-0.0004311800003051758	0.02669680491089821	0.4618467092514038	-6.665239731470743e-05	0.0005145073064085968	0.0020135511721794805	positive_shift_means_deleted_embedding_moved_toward_control_centroid
psoriasis_macrophage	TPM4	ENSG00000167460	11886	30	30	6	-0.00022096435714047402	0.010420051403343678	0.43759384751319885	-6.665239731470743e-05	0.0005145073064085968	0.0020135511721794805	positive_shift_means_deleted_embedding_moved_toward_control_centroid
psoriasis_macrophage	LDLRAD3	ENSG00000179241	14189	30	30	0				-6.665239731470743e-05	0.0005145073064085968	0.0020135511721794805	token_not_detected_in_selected_disease_cells
psoriasis_macrophage	C1QTNF1	ENSG00000173918	13328	30	30	1	0.0005165934562683105	0.0033833098132163286	0.28370797634124756	-6.665239731470743e-05	0.0005145073064085968	0.0020135511721794805	positive_shift_means_deleted_embedding_moved_toward_control_centroid
psoriasis_macrophage	HIF1A	ENSG00000100644	2347	30	30	12	-1.8835067749023438e-05	0.016490763053297997	0.6558895707130432	-6.665239731470743e-05	0.0005145073064085968	0.0020135511721794805	positive_shift_means_deleted_embedding_moved_toward_control_centroid
psoriasis_macrophage	CBX3	ENSG00000122565	5228	30	30	1	-0.00013870000839233398	-0.16034004092216492	0.6339768171310425	-6.665239731470743e-05	0.0005145073064085968	0.0020135511721794805	positive_shift_means_deleted_embedding_moved_toward_control_centroid
psoriasis_macrophage	CFB	ENSG00000243649	18408	30	30	0				-6.665239731470743e-05	0.0005145073064085968	0.0020135511721794805	token_not_detected_in_selected_disease_cells
psoriasis_macrophage	TIMP1	ENSG00000102265	2635	30	30	4	-0.00042450428009033203	-0.014809401705861092	0.5439112186431885	-6.665239731470743e-05	0.0005145073064085968	0.0020135511721794805	positive_shift_means_deleted_embedding_moved_toward_control_centroid
psoriasis_macrophage	ACSL3	ENSG00000123983	5378	30	30	1	0.00016927719116210938	-0.03723552078008652	0.4090631604194641	-6.665239731470743e-05	0.0005145073064085968	0.0020135511721794805	positive_shift_means_deleted_embedding_moved_toward_control_centroid
psoriasis_macrophage	C15ORF48			30	30	0				-6.665239731470743e-05	0.0005145073064085968	0.0020135511721794805	not_in_geneformer_token_dictionary
psoriasis_macrophage	CHI3L1	ENSG00000133048	6605	30	30	0				-6.665239731470743e-05	0.0005145073064085968	0.0020135511721794805	token_not_detected_in_selected_disease_cells
psoriasis_macrophage	DAP	ENSG00000112977	4090	30	30	1	-9.638071060180664e-05	0.019021019339561462	0.2657340466976166	-6.665239731470743e-05	0.0005145073064085968	0.0020135511721794805	positive_shift_means_deleted_embedding_moved_toward_control_centroid
psoriasis_macrophage	FMNL2	ENSG00000157827	9991	30	30	7	0.00024995632702484727	0.055845558643341064	0.6485587358474731	-6.665239731470743e-05	0.0005145073064085968	0.0020135511721794805	positive_shift_means_deleted_embedding_moved_toward_control_centroid
psoriasis_macrophage	SDC4	ENSG00000124145	5402	30	30	0				-6.665239731470743e-05	0.0005145073064085968	0.0020135511721794805	token_not_detected_in_selected_disease_cells
psoriasis_macrophage	CTSL	ENSG00000135047	6899	30	30	8	-1.677870750427246e-05	-0.0022259531542658806	0.5712055563926697	-6.665239731470743e-05	0.0005145073064085968	0.0020135511721794805	positive_shift_means_deleted_embedding_moved_toward_control_centroid
psoriasis_macrophage	SNX10	ENSG00000086300	1685	30	30	2	-0.00046816468238830566	0.0016252167988568544	0.36402007937431335	-6.665239731470743e-05	0.0005145073064085968	0.0020135511721794805	positive_shift_means_deleted_embedding_moved_toward_control_centroid
psoriasis_macrophage	REG1A	ENSG00000115386	4384	30	30	0				-6.665239731470743e-05	0.0005145073064085968	0.0020135511721794805	token_not_detected_in_selected_disease_cells
psoriasis_macrophage	COL4A1	ENSG00000187498	15692	30	30	1	-0.00011414289474487305	-0.02196228876709938	0.4610690176486969	-6.665239731470743e-05	0.0005145073064085968	0.0020135511721794805	positive_shift_means_deleted_embedding_moved_toward_control_centroid
psoriasis_macrophage	RPL17	ENSG00000265681	19067	30	30	3	-0.00022246439766604453	-0.09650981426239014	0.8107816576957703	-6.665239731470743e-05	0.0005145073064085968	0.0020135511721794805	positive_shift_means_deleted_embedding_moved_toward_control_centroid
psoriasis_macrophage	MPHOSPH6	ENSG00000135698	7029	30	30	1	-0.00016391277313232422	0.0015177428722381592	0.3960548937320709	-6.665239731470743e-05	0.0005145073064085968	0.0020135511721794805	positive_shift_means_deleted_embedding_moved_toward_control_centroid
psoriasis_macrophage	PDPN	ENSG00000162493	10577	30	30	0				-6.665239731470743e-05	0.0005145073064085968	0.0020135511721794805	token_not_detected_in_selected_disease_cells
psoriasis_macrophage	CXCL8	ENSG00000169429	12365	30	30	2	-0.0005415976047515869	-0.12068193405866623	0.8466631174087524	-6.665239731470743e-05	0.0005145073064085968	0.0020135511721794805	positive_shift_means_deleted_embedding_moved_toward_control_centroid
psoriasis_macrophage	PDLIM7	ENSG00000196923	16354	30	30	0				-6.665239731470743e-05	0.0005145073064085968	0.0020135511721794805	token_not_detected_in_selected_disease_cells
psoriasis_macrophage	PTPRE	ENSG00000132334	6474	30	30	2	-5.182623863220215e-05	-0.014053676277399063	0.4870086908340454	-6.665239731470743e-05	0.0005145073064085968	0.0020135511721794805	positive_shift_means_deleted_embedding_moved_toward_control_centroid
psoriasis_macrophage	IL7R	ENSG00000168685	12195	30	30	0				-6.665239731470743e-05	0.0005145073064085968	0.0020135511721794805	token_not_detected_in_selected_disease_cells
psoriasis_macrophage	HLA-B	ENSG00000234745	18151	30	30	0				-6.665239731470743e-05	0.0005145073064085968	0.0020135511721794805	token_not_detected_in_selected_disease_cells
psoriasis_macrophage	SEC61B	ENSG00000106803	3336	30	30	2	0.0002238154411315918	0.004166083410382271	0.5012101531028748	-6.665239731470743e-05	0.0005145073064085968	0.0020135511721794805	positive_shift_means_deleted_embedding_moved_toward_control_centroid
psoriasis_macrophage	SEC61A1	ENSG00000058262	783	30	30	2	-0.00034996867179870605	0.020012933760881424	0.3530843257904053	-6.665239731470743e-05	0.0005145073064085968	0.0020135511721794805	positive_shift_means_deleted_embedding_moved_toward_control_centroid
psoriasis_macrophage	PPIB	ENSG00000166794	11730	30	30	2	0.0003558695316314697	0.021660713478922844	0.5670328736305237	-6.665239731470743e-05	0.0005145073064085968	0.0020135511721794805	positive_shift_means_deleted_embedding_moved_toward_control_centroid
psoriasis_macrophage	NME1	ENSG00000239672	18261	30	30	1	-3.2007694244384766e-05	-0.022217046469449997	0.21915318071842194	-6.665239731470743e-05	0.0005145073064085968	0.0020135511721794805	positive_shift_means_deleted_embedding_moved_toward_control_centroid
psoriasis_macrophage	TNFAIP8	ENSG00000145779	8626	30	30	2	-7.978081703186035e-05	0.002170173916965723	0.38914114236831665	-6.665239731470743e-05	0.0005145073064085968	0.0020135511721794805	positive_shift_means_deleted_embedding_moved_toward_control_centroid
psoriasis_macrophage	IFITM3	ENSG00000142089	8085	30	30	6	3.337860107421875e-06	0.03783018887042999	0.763200581073761	-6.665239731470743e-05	0.0005145073064085968	0.0020135511721794805	positive_shift_means_deleted_embedding_moved_toward_control_centroid
psoriasis_macrophage	IFITM2	ENSG00000185201	15228	30	30	3	6.139278411865234e-06	-0.04692760482430458	0.833587646484375	-6.665239731470743e-05	0.0005145073064085968	0.0020135511721794805	positive_shift_means_deleted_embedding_moved_toward_control_centroid
psoriasis_macrophage	CASP4	ENSG00000196954	16363	30	30	2	0.00022974610328674316	-0.08144441246986389	0.48053687810897827	-6.665239731470743e-05	0.0005145073064085968	0.0020135511721794805	positive_shift_means_deleted_embedding_moved_toward_control_centroid
psoriasis_macrophage	MTHFD2	ENSG00000065911	949	30	30	0				-6.665239731470743e-05	0.0005145073064085968	0.0020135511721794805	token_not_detected_in_selected_disease_cells
psoriasis_macrophage	HLA-DRB1	ENSG00000196126	16125	30	30	0				-6.665239731470743e-05	0.0005145073064085968	0.0020135511721794805	token_not_detected_in_selected_disease_cells
psoriasis_macrophage	FKBP1A	ENSG00000088832	1781	30	30	8	0.00011308491230010986	0.024734484031796455	0.5033246278762817	-6.665239731470743e-05	0.0005145073064085968	0.0020135511721794805	positive_shift_means_deleted_embedding_moved_toward_control_centroid
psoriasis_macrophage	CD74	ENSG00000019582	395	30	30	28	-0.00028943803044967353	0.08739125728607178	0.987068772315979	-6.665239731470743e-05	0.0005145073064085968	0.0020135511721794805	positive_shift_means_deleted_embedding_moved_toward_control_centroid
psoriasis_macrophage	HAPLN3	ENSG00000140511	7871	30	30	1	0.001239001750946045	0.047379396855831146	0.38281190395355225	-6.665239731470743e-05	0.0005145073064085968	0.0020135511721794805	positive_shift_means_deleted_embedding_moved_toward_control_centroid
psoriasis_macrophage	ACSL1	ENSG00000151726	9314	30	30	6	1.8765529603115283e-05	-3.929312151740305e-05	0.4018961489200592	-6.665239731470743e-05	0.0005145073064085968	0.0020135511721794805	positive_shift_means_deleted_embedding_moved_toward_control_centroid
psoriasis_macrophage	PSME1	ENSG00000092010	1941	30	30	2	-0.0018342137336730957	0.28927069902420044	1.6963709592819214	-6.665239731470743e-05	0.0005145073064085968	0.0020135511721794805	positive_shift_means_deleted_embedding_moved_toward_control_centroid
psoriasis_macrophage	TMSB10	ENSG00000034510	511	30	30	11	0.00019181316019967198	0.06230010837316513	0.7248886823654175	-6.665239731470743e-05	0.0005145073064085968	0.0020135511721794805	positive_shift_means_deleted_embedding_moved_toward_control_centroid
psoriasis_macrophage	PTPN2	ENSG00000175354	13567	30	30	5	-8.102655556285754e-05	-0.04825989902019501	0.4681876301765442	-6.665239731470743e-05	0.0005145073064085968	0.0020135511721794805	positive_shift_means_deleted_embedding_moved_toward_control_centroid
psoriasis_macrophage	CNN3	ENSG00000117519	4681	30	30	0				-6.665239731470743e-05	0.0005145073064085968	0.0020135511721794805	token_not_detected_in_selected_disease_cells
psoriasis_macrophage	CALR	ENSG00000179218	14186	30	30	5	0.00018794536299537867	0.0568058118224144	0.7538872957229614	-6.665239731470743e-05	0.0005145073064085968	0.0020135511721794805	positive_shift_means_deleted_embedding_moved_toward_control_centroid
psoriasis_macrophage	KRTCAP3	ENSG00000157992	10010	30	30	0				-6.665239731470743e-05	0.0005145073064085968	0.0020135511721794805	token_not_detected_in_selected_disease_cells
psoriasis_macrophage	CTSB	ENSG00000164733	11238	30	30	23	-0.00023135413357522339	0.17679987847805023	1.329769253730774	-6.665239731470743e-05	0.0005145073064085968	0.0020135511721794805	positive_shift_means_deleted_embedding_moved_toward_control_centroid
psoriasis_macrophage	LTA4H	ENSG00000111144	3815	30	30	2	-0.0006864368915557861	-0.012028822675347328	0.29041317105293274	-6.665239731470743e-05	0.0005145073064085968	0.0020135511721794805	positive_shift_means_deleted_embedding_moved_toward_control_centroid
psoriasis_macrophage	IL2RG	ENSG00000147168	8814	30	30	0				-6.665239731470743e-05	0.0005145073064085968	0.0020135511721794805	token_not_detected_in_selected_disease_cells
psoriasis_macrophage	CTSS	ENSG00000163131	10748	30	30	17	-0.00047207929310388863	-0.02522241696715355	0.7139442563056946	-6.665239731470743e-05	0.0005145073064085968	0.0020135511721794805	positive_shift_means_deleted_embedding_moved_toward_control_centroid
psoriasis_macrophage	SEL1L3	ENSG00000091490	1920	30	30	0				-6.665239731470743e-05	0.0005145073064085968	0.0020135511721794805	token_not_detected_in_selected_disease_cells
psoriasis_dendritic	ATOX1	ENSG00000177556	13923	30	30	3	-1.3311703696672339e-05	0.02674141712486744	0.4056060314178467	2.90075937906901e-07	0.00048778859381440884	0.0008143273997120559	positive_shift_means_deleted_embedding_moved_toward_control_centroid
psoriasis_dendritic	SQLE	ENSG00000104549	2916	30	30	1	-0.0002472996711730957	-0.00440717488527298	0.40265318751335144	2.90075937906901e-07	0.00048778859381440884	0.0008143273997120559	positive_shift_means_deleted_embedding_moved_toward_control_centroid
psoriasis_dendritic	TPM4	ENSG00000167460	11886	30	30	9	0.0002343389787711203	0.04170859977602959	0.5712038278579712	2.90075937906901e-07	0.00048778859381440884	0.0008143273997120559	positive_shift_means_deleted_embedding_moved_toward_control_centroid
psoriasis_dendritic	LDLRAD3	ENSG00000179241	14189	30	30	0				2.90075937906901e-07	0.00048778859381440884	0.0008143273997120559	token_not_detected_in_selected_disease_cells
psoriasis_dendritic	C1QTNF1	ENSG00000173918	13328	30	30	0				2.90075937906901e-07	0.00048778859381440884	0.0008143273997120559	token_not_detected_in_selected_disease_cells
psoriasis_dendritic	HIF1A	ENSG00000100644	2347	30	30	9	0.00011837482452392578	0.02883889526128769	0.6806590557098389	2.90075937906901e-07	0.00048778859381440884	0.0008143273997120559	positive_shift_means_deleted_embedding_moved_toward_control_centroid
psoriasis_dendritic	CBX3	ENSG00000122565	5228	30	30	1	-0.00018143653869628906	-0.011802300810813904	0.36648985743522644	2.90075937906901e-07	0.00048778859381440884	0.0008143273997120559	positive_shift_means_deleted_embedding_moved_toward_control_centroid
psoriasis_dendritic	CFB	ENSG00000243649	18408	30	30	0				2.90075937906901e-07	0.00048778859381440884	0.0008143273997120559	token_not_detected_in_selected_disease_cells
psoriasis_dendritic	TIMP1	ENSG00000102265	2635	30	30	8	-0.00016138702630996704	0.004416413605213165	0.6669431924819946	2.90075937906901e-07	0.00048778859381440884	0.0008143273997120559	positive_shift_means_deleted_embedding_moved_toward_control_centroid
psoriasis_dendritic	ACSL3	ENSG00000123983	5378	30	30	6	-1.0281801223754883e-05	-0.008196019567549229	0.4438735544681549	2.90075937906901e-07	0.00048778859381440884	0.0008143273997120559	positive_shift_means_deleted_embedding_moved_toward_control_centroid
psoriasis_dendritic	C15ORF48			30	30	0				2.90075937906901e-07	0.00048778859381440884	0.0008143273997120559	not_in_geneformer_token_dictionary
psoriasis_dendritic	CHI3L1	ENSG00000133048	6605	30	30	0				2.90075937906901e-07	0.00048778859381440884	0.0008143273997120559	token_not_detected_in_selected_disease_cells
psoriasis_dendritic	DAP	ENSG00000112977	4090	30	30	0				2.90075937906901e-07	0.00048778859381440884	0.0008143273997120559	token_not_detected_in_selected_disease_cells
psoriasis_dendritic	FMNL2	ENSG00000157827	9991	30	30	1	0.0005280971527099609	0.01190313883125782	0.9473342895507812	2.90075937906901e-07	0.00048778859381440884	0.0008143273997120559	positive_shift_means_deleted_embedding_moved_toward_control_centroid
psoriasis_dendritic	SDC4	ENSG00000124145	5402	30	30	0				2.90075937906901e-07	0.00048778859381440884	0.0008143273997120559	token_not_detected_in_selected_disease_cells
psoriasis_dendritic	CTSL	ENSG00000135047	6899	30	30	0				2.90075937906901e-07	0.00048778859381440884	0.0008143273997120559	token_not_detected_in_selected_disease_cells
psoriasis_dendritic	SNX10	ENSG00000086300	1685	30	30	1	-9.691715240478516e-05	-0.003188409609720111	0.28622862696647644	2.90075937906901e-07	0.00048778859381440884	0.0008143273997120559	positive_shift_means_deleted_embedding_moved_toward_control_centroid
psoriasis_dendritic	REG1A	ENSG00000115386	4384	30	30	0				2.90075937906901e-07	0.00048778859381440884	0.0008143273997120559	token_not_detected_in_selected_disease_cells
psoriasis_dendritic	COL4A1	ENSG00000187498	15692	30	30	1	-0.0003109574317932129	0.016413835808634758	0.623268723487854	2.90075937906901e-07	0.00048778859381440884	0.0008143273997120559	positive_shift_means_deleted_embedding_moved_toward_control_centroid
psoriasis_dendritic	RPL17	ENSG00000265681	19067	30	30	11	0.0003179582708980888	0.03339948132634163	0.594050943851471	2.90075937906901e-07	0.00048778859381440884	0.0008143273997120559	positive_shift_means_deleted_embedding_moved_toward_control_centroid
psoriasis_dendritic	MPHOSPH6	ENSG00000135698	7029	30	30	3	-0.00022216637444216758	-0.0005815935437567532	0.3718511164188385	2.90075937906901e-07	0.00048778859381440884	0.0008143273997120559	positive_shift_means_deleted_embedding_moved_toward_control_centroid
psoriasis_dendritic	PDPN	ENSG00000162493	10577	30	30	0				2.90075937906901e-07	0.00048778859381440884	0.0008143273997120559	token_not_detected_in_selected_disease_cells
psoriasis_dendritic	CXCL8	ENSG00000169429	12365	30	30	10	-0.00028757454128935933	-0.07983449846506119	0.8037117123603821	2.90075937906901e-07	0.00048778859381440884	0.0008143273997120559	positive_shift_means_deleted_embedding_moved_toward_control_centroid
psoriasis_dendritic	PDLIM7	ENSG00000196923	16354	30	30	1	-0.00015670061111450195	-0.016263887286186218	0.19346317648887634	2.90075937906901e-07	0.00048778859381440884	0.0008143273997120559	positive_shift_means_deleted_embedding_moved_toward_control_centroid
psoriasis_dendritic	PTPRE	ENSG00000132334	6474	30	30	7	-1.9882407286786474e-05	0.02916097640991211	0.5353265404701233	2.90075937906901e-07	0.00048778859381440884	0.0008143273997120559	positive_shift_means_deleted_embedding_moved_toward_control_centroid
psoriasis_dendritic	IL7R	ENSG00000168685	12195	30	30	1	0.000335693359375	-0.02344866842031479	0.4091859459877014	2.90075937906901e-07	0.00048778859381440884	0.0008143273997120559	positive_shift_means_deleted_embedding_moved_toward_control_centroid
psoriasis_dendritic	HLA-B	ENSG00000234745	18151	30	30	0				2.90075937906901e-07	0.00048778859381440884	0.0008143273997120559	token_not_detected_in_selected_disease_cells
psoriasis_dendritic	SEC61B	ENSG00000106803	3336	30	30	5	0.0002244710922241211	-0.0018074713880196214	0.5921018123626709	2.90075937906901e-07	0.00048778859381440884	0.0008143273997120559	positive_shift_means_deleted_embedding_moved_toward_control_centroid
psoriasis_dendritic	SEC61A1	ENSG00000058262	783	30	30	0				2.90075937906901e-07	0.00048778859381440884	0.0008143273997120559	token_not_detected_in_selected_disease_cells
psoriasis_dendritic	PPIB	ENSG00000166794	11730	30	30	1	-0.0002612471580505371	0.015588161535561085	0.5745316743850708	2.90075937906901e-07	0.00048778859381440884	0.0008143273997120559	positive_shift_means_deleted_embedding_moved_toward_control_centroid
psoriasis_dendritic	NME1	ENSG00000239672	18261	30	30	0				2.90075937906901e-07	0.00048778859381440884	0.0008143273997120559	token_not_detected_in_selected_disease_cells
psoriasis_dendritic	TNFAIP8	ENSG00000145779	8626	30	30	10	1.3583898180513643e-05	-0.00729291420429945	0.4213876724243164	2.90075937906901e-07	0.00048778859381440884	0.0008143273997120559	positive_shift_means_deleted_embedding_moved_toward_control_centroid
psoriasis_dendritic	IFITM3	ENSG00000142089	8085	30	30	8	1.2680888175964355e-05	0.018556173890829086	0.478054016828537	2.90075937906901e-07	0.00048778859381440884	0.0008143273997120559	positive_shift_means_deleted_embedding_moved_toward_control_centroid
psoriasis_dendritic	IFITM2	ENSG00000185201	15228	30	30	2	-0.0001563727855682373	-0.016979757696390152	0.4939204454421997	2.90075937906901e-07	0.00048778859381440884	0.0008143273997120559	positive_shift_means_deleted_embedding_moved_toward_control_centroid
psoriasis_dendritic	CASP4	ENSG00000196954	16363	30	30	0				2.90075937906901e-07	0.00048778859381440884	0.0008143273997120559	token_not_detected_in_selected_disease_cells
psoriasis_dendritic	MTHFD2	ENSG00000065911	949	30	30	6	7.341305263253162e-06	0.0007643100689165294	0.34608420729637146	2.90075937906901e-07	0.00048778859381440884	0.0008143273997120559	positive_shift_means_deleted_embedding_moved_toward_control_centroid
psoriasis_dendritic	HLA-DRB1	ENSG00000196126	16125	30	30	0				2.90075937906901e-07	0.00048778859381440884	0.0008143273997120559	token_not_detected_in_selected_disease_cells
psoriasis_dendritic	FKBP1A	ENSG00000088832	1781	30	30	3	-0.00016647577285766602	-0.012699543498456478	0.44695594906806946	2.90075937906901e-07	0.00048778859381440884	0.0008143273997120559	positive_shift_means_deleted_embedding_moved_toward_control_centroid
psoriasis_dendritic	CD74	ENSG00000019582	395	30	30	27	-0.00015289695875253528	0.006928991060703993	0.9850807189941406	2.90075937906901e-07	0.00048778859381440884	0.0008143273997120559	positive_shift_means_deleted_embedding_moved_toward_control_centroid
psoriasis_dendritic	HAPLN3	ENSG00000140511	7871	30	30	0				2.90075937906901e-07	0.00048778859381440884	0.0008143273997120559	token_not_detected_in_selected_disease_cells
psoriasis_dendritic	ACSL1	ENSG00000151726	9314	30	30	2	-0.0005330741405487061	-0.055458176881074905	0.4306095838546753	2.90075937906901e-07	0.00048778859381440884	0.0008143273997120559	positive_shift_means_deleted_embedding_moved_toward_control_centroid
psoriasis_dendritic	PSME1	ENSG00000092010	1941	30	30	0				2.90075937906901e-07	0.00048778859381440884	0.0008143273997120559	token_not_detected_in_selected_disease_cells
psoriasis_dendritic	TMSB10	ENSG00000034510	511	30	30	15	0.00021160840697120875	0.009402790106832981	0.7207797169685364	2.90075937906901e-07	0.00048778859381440884	0.0008143273997120559	positive_shift_means_deleted_embedding_moved_toward_control_centroid
psoriasis_dendritic	PTPN2	ENSG00000175354	13567	30	30	6	9.119510650634766e-05	0.002200924791395664	0.3644082546234131	2.90075937906901e-07	0.00048778859381440884	0.0008143273997120559	positive_shift_means_deleted_embedding_moved_toward_control_centroid
psoriasis_dendritic	CNN3	ENSG00000117519	4681	30	30	0				2.90075937906901e-07	0.00048778859381440884	0.0008143273997120559	token_not_detected_in_selected_disease_cells
psoriasis_dendritic	CALR	ENSG00000179218	14186	30	30	6	-8.695324504515156e-05	-0.0006271700258366764	0.510214626789093	2.90075937906901e-07	0.00048778859381440884	0.0008143273997120559	positive_shift_means_deleted_embedding_moved_toward_control_centroid
psoriasis_dendritic	KRTCAP3	ENSG00000157992	10010	30	30	0				2.90075937906901e-07	0.00048778859381440884	0.0008143273997120559	token_not_detected_in_selected_disease_cells
psoriasis_dendritic	CTSB	ENSG00000164733	11238	30	30	8	-0.0005507171154022217	0.04537059739232063	0.8227563500404358	2.90075937906901e-07	0.00048778859381440884	0.0008143273997120559	positive_shift_means_deleted_embedding_moved_toward_control_centroid
psoriasis_dendritic	LTA4H	ENSG00000111144	3815	30	30	0				2.90075937906901e-07	0.00048778859381440884	0.0008143273997120559	token_not_detected_in_selected_disease_cells
psoriasis_dendritic	IL2RG	ENSG00000147168	8814	30	30	0				2.90075937906901e-07	0.00048778859381440884	0.0008143273997120559	token_not_detected_in_selected_disease_cells
psoriasis_dendritic	CTSS	ENSG00000163131	10748	30	30	3	-0.00020575523376464844	0.002603939501568675	0.6913051009178162	2.90075937906901e-07	0.00048778859381440884	0.0008143273997120559	positive_shift_means_deleted_embedding_moved_toward_control_centroid
psoriasis_dendritic	SEL1L3	ENSG00000091490	1920	30	30	0				2.90075937906901e-07	0.00048778859381440884	0.0008143273997120559	token_not_detected_in_selected_disease_cells
sjogren_acinar	ATOX1	ENSG00000177556	13923	30	30	7	8.144549065036699e-05	-0.003364942967891693	0.408786803483963	-9.232560793558757e-05	0.0011990367216174252	0.000367789639858529	positive_shift_means_deleted_embedding_moved_toward_control_centroid
sjogren_acinar	SQLE	ENSG00000104549	2916	30	30	1	0.0017040371894836426	-0.02383330836892128	0.5840880274772644	-9.232560793558757e-05	0.0011990367216174252	0.000367789639858529	positive_shift_means_deleted_embedding_moved_toward_control_centroid
sjogren_acinar	TPM4	ENSG00000167460	11886	30	30	0				-9.232560793558757e-05	0.0011990367216174252	0.000367789639858529	token_not_detected_in_selected_disease_cells
sjogren_acinar	LDLRAD3	ENSG00000179241	14189	30	30	0				-9.232560793558757e-05	0.0011990367216174252	0.000367789639858529	token_not_detected_in_selected_disease_cells
sjogren_acinar	C1QTNF1	ENSG00000173918	13328	30	30	0				-9.232560793558757e-05	0.0011990367216174252	0.000367789639858529	token_not_detected_in_selected_disease_cells
sjogren_acinar	HIF1A	ENSG00000100644	2347	30	30	1	-0.00017023086547851562	0.015796300023794174	0.3666307032108307	-9.232560793558757e-05	0.0011990367216174252	0.000367789639858529	positive_shift_means_deleted_embedding_moved_toward_control_centroid
sjogren_acinar	CBX3	ENSG00000122565	5228	30	30	0				-9.232560793558757e-05	0.0011990367216174252	0.000367789639858529	token_not_detected_in_selected_disease_cells
sjogren_acinar	CFB	ENSG00000243649	18408	30	30	0				-9.232560793558757e-05	0.0011990367216174252	0.000367789639858529	token_not_detected_in_selected_disease_cells
sjogren_acinar	TIMP1	ENSG00000102265	2635	30	30	5	-0.0005243301275186241	-0.019384220242500305	0.5644007325172424	-9.232560793558757e-05	0.0011990367216174252	0.000367789639858529	positive_shift_means_deleted_embedding_moved_toward_control_centroid
sjogren_acinar	ACSL3	ENSG00000123983	5378	30	30	8	-0.00014650076627731323	-0.01291243452578783	0.4019654393196106	-9.232560793558757e-05	0.0011990367216174252	0.000367789639858529	positive_shift_means_deleted_embedding_moved_toward_control_centroid
sjogren_acinar	C15ORF48			30	30	0				-9.232560793558757e-05	0.0011990367216174252	0.000367789639858529	not_in_geneformer_token_dictionary
sjogren_acinar	CHI3L1	ENSG00000133048	6605	30	30	0				-9.232560793558757e-05	0.0011990367216174252	0.000367789639858529	token_not_detected_in_selected_disease_cells
sjogren_acinar	DAP	ENSG00000112977	4090	30	30	8	4.995614290237427e-05	0.024808760732412338	0.45213761925697327	-9.232560793558757e-05	0.0011990367216174252	0.000367789639858529	positive_shift_means_deleted_embedding_moved_toward_control_centroid
sjogren_acinar	FMNL2	ENSG00000157827	9991	30	30	0				-9.232560793558757e-05	0.0011990367216174252	0.000367789639858529	token_not_detected_in_selected_disease_cells
sjogren_acinar	SDC4	ENSG00000124145	5402	30	30	2	-0.000495225191116333	-0.04609360545873642	0.493606835603714	-9.232560793558757e-05	0.0011990367216174252	0.000367789639858529	positive_shift_means_deleted_embedding_moved_toward_control_centroid
sjogren_acinar	CTSL	ENSG00000135047	6899	30	30	3	0.00015135605644900352	0.01621127873659134	0.38103654980659485	-9.232560793558757e-05	0.0011990367216174252	0.000367789639858529	positive_shift_means_deleted_embedding_moved_toward_control_centroid
sjogren_acinar	SNX10	ENSG00000086300	1685	30	30	0				-9.232560793558757e-05	0.0011990367216174252	0.000367789639858529	token_not_detected_in_selected_disease_cells
sjogren_acinar	REG1A	ENSG00000115386	4384	30	30	0				-9.232560793558757e-05	0.0011990367216174252	0.000367789639858529	token_not_detected_in_selected_disease_cells
sjogren_acinar	COL4A1	ENSG00000187498	15692	30	30	1	0.0003319382667541504	0.03831307590007782	0.5901162028312683	-9.232560793558757e-05	0.0011990367216174252	0.000367789639858529	positive_shift_means_deleted_embedding_moved_toward_control_centroid
sjogren_acinar	RPL17	ENSG00000265681	19067	30	30	0				-9.232560793558757e-05	0.0011990367216174252	0.000367789639858529	token_not_detected_in_selected_disease_cells
sjogren_acinar	MPHOSPH6	ENSG00000135698	7029	30	30	2	-0.00039079785346984863	-0.014188079163432121	0.38302356004714966	-9.232560793558757e-05	0.0011990367216174252	0.000367789639858529	positive_shift_means_deleted_embedding_moved_toward_control_centroid
sjogren_acinar	PDPN	ENSG00000162493	10577	30	30	0				-9.232560793558757e-05	0.0011990367216174252	0.000367789639858529	token_not_detected_in_selected_disease_cells
sjogren_acinar	CXCL8	ENSG00000169429	12365	30	30	0				-9.232560793558757e-05	0.0011990367216174252	0.000367789639858529	token_not_detected_in_selected_disease_cells
sjogren_acinar	PDLIM7	ENSG00000196923	16354	30	30	0				-9.232560793558757e-05	0.0011990367216174252	0.000367789639858529	token_not_detected_in_selected_disease_cells
sjogren_acinar	PTPRE	ENSG00000132334	6474	30	30	0				-9.232560793558757e-05	0.0011990367216174252	0.000367789639858529	token_not_detected_in_selected_disease_cells
sjogren_acinar	IL7R	ENSG00000168685	12195	30	30	0				-9.232560793558757e-05	0.0011990367216174252	0.000367789639858529	token_not_detected_in_selected_disease_cells
sjogren_acinar	HLA-B	ENSG00000234745	18151	30	30	3	-6.935993587831035e-05	-0.013981624506413937	0.9226279258728027	-9.232560793558757e-05	0.0011990367216174252	0.000367789639858529	positive_shift_means_deleted_embedding_moved_toward_control_centroid
sjogren_acinar	SEC61B	ENSG00000106803	3336	30	30	9	0.0012115505523979664	0.029524505138397217	0.9232676029205322	-9.232560793558757e-05	0.0011990367216174252	0.000367789639858529	positive_shift_means_deleted_embedding_moved_toward_control_centroid
sjogren_acinar	SEC61A1	ENSG00000058262	783	30	30	5	1.1014938536391128e-05	-0.005767469294369221	0.44820356369018555	-9.232560793558757e-05	0.0011990367216174252	0.000367789639858529	positive_shift_means_deleted_embedding_moved_toward_control_centroid
sjogren_acinar	PPIB	ENSG00000166794	11730	30	30	5	0.00043783188448287547	0.06720520555973053	0.98919278383255	-9.232560793558757e-05	0.0011990367216174252	0.000367789639858529	positive_shift_means_deleted_embedding_moved_toward_control_centroid
sjogren_acinar	NME1	ENSG00000239672	18261	30	30	2	-0.00021278858184814453	-0.00985852349549532	0.41547149419784546	-9.232560793558757e-05	0.0011990367216174252	0.000367789639858529	positive_shift_means_deleted_embedding_moved_toward_control_centroid
sjogren_acinar	TNFAIP8	ENSG00000145779	8626	30	30	0				-9.232560793558757e-05	0.0011990367216174252	0.000367789639858529	token_not_detected_in_selected_disease_cells
sjogren_acinar	IFITM3	ENSG00000142089	8085	30	30	0				-9.232560793558757e-05	0.0011990367216174252	0.000367789639858529	token_not_detected_in_selected_disease_cells
sjogren_acinar	IFITM2	ENSG00000185201	15228	30	30	0				-9.232560793558757e-05	0.0011990367216174252	0.000367789639858529	token_not_detected_in_selected_disease_cells
sjogren_acinar	CASP4	ENSG00000196954	16363	30	30	1	0.0012552738189697266	0.038227055221796036	0.2832498550415039	-9.232560793558757e-05	0.0011990367216174252	0.000367789639858529	positive_shift_means_deleted_embedding_moved_toward_control_centroid
sjogren_acinar	MTHFD2	ENSG00000065911	949	30	30	1	0.00010949373245239258	0.050749458372592926	0.43159374594688416	-9.232560793558757e-05	0.0011990367216174252	0.000367789639858529	positive_shift_means_deleted_embedding_moved_toward_control_centroid
sjogren_acinar	HLA-DRB1	ENSG00000196126	16125	30	30	1	0.00026917457580566406	-0.022359270602464676	0.31985241174697876	-9.232560793558757e-05	0.0011990367216174252	0.000367789639858529	positive_shift_means_deleted_embedding_moved_toward_control_centroid
sjogren_acinar	FKBP1A	ENSG00000088832	1781	30	30	1	-0.0007330775260925293	-0.06396590173244476	0.6806820631027222	-9.232560793558757e-05	0.0011990367216174252	0.000367789639858529	positive_shift_means_deleted_embedding_moved_toward_control_centroid
sjogren_acinar	CD74	ENSG00000019582	395	30	30	0				-9.232560793558757e-05	0.0011990367216174252	0.000367789639858529	token_not_detected_in_selected_disease_cells
sjogren_acinar	HAPLN3	ENSG00000140511	7871	30	30	0				-9.232560793558757e-05	0.0011990367216174252	0.000367789639858529	token_not_detected_in_selected_disease_cells
sjogren_acinar	ACSL1	ENSG00000151726	9314	30	30	0				-9.232560793558757e-05	0.0011990367216174252	0.000367789639858529	token_not_detected_in_selected_disease_cells
sjogren_acinar	PSME1	ENSG00000092010	1941	30	30	5	0.00046831369400024414	0.11110132932662964	0.8324238061904907	-9.232560793558757e-05	0.0011990367216174252	0.000367789639858529	positive_shift_means_deleted_embedding_moved_toward_control_centroid
sjogren_acinar	TMSB10	ENSG00000034510	511	30	30	1	-0.00031942129135131836	-0.11908480525016785	0.9555284976959229	-9.232560793558757e-05	0.0011990367216174252	0.000367789639858529	positive_shift_means_deleted_embedding_moved_toward_control_centroid
sjogren_acinar	PTPN2	ENSG00000175354	13567	30	30	1	0.0003300905227661133	0.03137190639972687	0.40172454714775085	-9.232560793558757e-05	0.0011990367216174252	0.000367789639858529	positive_shift_means_deleted_embedding_moved_toward_control_centroid
sjogren_acinar	CNN3	ENSG00000117519	4681	30	30	0				-9.232560793558757e-05	0.0011990367216174252	0.000367789639858529	token_not_detected_in_selected_disease_cells
sjogren_acinar	CALR	ENSG00000179218	14186	30	30	3	-0.0018654068699106574	-0.048904042690992355	0.8245118260383606	-9.232560793558757e-05	0.0011990367216174252	0.000367789639858529	positive_shift_means_deleted_embedding_moved_toward_control_centroid
sjogren_acinar	KRTCAP3	ENSG00000157992	10010	30	30	7	-0.0005209445953369141	-0.021678779274225235	0.4364672601222992	-9.232560793558757e-05	0.0011990367216174252	0.000367789639858529	positive_shift_means_deleted_embedding_moved_toward_control_centroid
sjogren_acinar	CTSB	ENSG00000164733	11238	30	30	2	-0.00011339783668518066	-0.02808646485209465	0.39598721265792847	-9.232560793558757e-05	0.0011990367216174252	0.000367789639858529	positive_shift_means_deleted_embedding_moved_toward_control_centroid
sjogren_acinar	LTA4H	ENSG00000111144	3815	30	30	0				-9.232560793558757e-05	0.0011990367216174252	0.000367789639858529	token_not_detected_in_selected_disease_cells
sjogren_acinar	IL2RG	ENSG00000147168	8814	30	30	0				-9.232560793558757e-05	0.0011990367216174252	0.000367789639858529	token_not_detected_in_selected_disease_cells
sjogren_acinar	CTSS	ENSG00000163131	10748	30	30	1	0.000644385814666748	0.0408259779214859	0.4802941679954529	-9.232560793558757e-05	0.0011990367216174252	0.000367789639858529	positive_shift_means_deleted_embedding_moved_toward_control_centroid
sjogren_acinar	SEL1L3	ENSG00000091490	1920	30	30	0				-9.232560793558757e-05	0.0011990367216174252	0.000367789639858529	token_not_detected_in_selected_disease_cells
sjogren_duct	ATOX1	ENSG00000177556	13923	30	30	4	-5.2541494369506836e-05	-0.0076466635800898075	0.41377267241477966	-0.00017818659543991088	0.0006892292881287541	-0.006712202347504596	positive_shift_means_deleted_embedding_moved_toward_control_centroid
sjogren_duct	SQLE	ENSG00000104549	2916	30	30	0				-0.00017818659543991088	0.0006892292881287541	-0.006712202347504596	token_not_detected_in_selected_disease_cells
sjogren_duct	TPM4	ENSG00000167460	11886	30	30	4	-0.00036138296127319336	-0.05105927586555481	0.4053046405315399	-0.00017818659543991088	0.0006892292881287541	-0.006712202347504596	positive_shift_means_deleted_embedding_moved_toward_control_centroid
sjogren_duct	LDLRAD3	ENSG00000179241	14189	30	30	1	0.00011986494064331055	-0.03457134589552879	0.35939377546310425	-0.00017818659543991088	0.0006892292881287541	-0.006712202347504596	positive_shift_means_deleted_embedding_moved_toward_control_centroid
sjogren_duct	C1QTNF1	ENSG00000173918	13328	30	30	0				-0.00017818659543991088	0.0006892292881287541	-0.006712202347504596	token_not_detected_in_selected_disease_cells
sjogren_duct	HIF1A	ENSG00000100644	2347	30	30	1	-0.00010418891906738281	-0.07777714729309082	0.3798159658908844	-0.00017818659543991088	0.0006892292881287541	-0.006712202347504596	positive_shift_means_deleted_embedding_moved_toward_control_centroid
sjogren_duct	CBX3	ENSG00000122565	5228	30	30	3	-0.00021270911383908242	0.019626928493380547	0.4202903211116791	-0.00017818659543991088	0.0006892292881287541	-0.006712202347504596	positive_shift_means_deleted_embedding_moved_toward_control_centroid
sjogren_duct	CFB	ENSG00000243649	18408	30	30	0				-0.00017818659543991088	0.0006892292881287541	-0.006712202347504596	token_not_detected_in_selected_disease_cells
sjogren_duct	TIMP1	ENSG00000102265	2635	30	30	0				-0.00017818659543991088	0.0006892292881287541	-0.006712202347504596	token_not_detected_in_selected_disease_cells
sjogren_duct	ACSL3	ENSG00000123983	5378	30	30	3	0.00020299355674069375	0.021938152611255646	0.4870419204235077	-0.00017818659543991088	0.0006892292881287541	-0.006712202347504596	positive_shift_means_deleted_embedding_moved_toward_control_centroid
sjogren_duct	C15ORF48			30	30	0				-0.00017818659543991088	0.0006892292881287541	-0.006712202347504596	not_in_geneformer_token_dictionary
sjogren_duct	CHI3L1	ENSG00000133048	6605	30	30	0				-0.00017818659543991088	0.0006892292881287541	-0.006712202347504596	token_not_detected_in_selected_disease_cells
sjogren_duct	DAP	ENSG00000112977	4090	30	30	6	-5.4389238357543945e-05	-0.002684391336515546	0.4039793908596039	-0.00017818659543991088	0.0006892292881287541	-0.006712202347504596	positive_shift_means_deleted_embedding_moved_toward_control_centroid
sjogren_duct	FMNL2	ENSG00000157827	9991	30	30	0				-0.00017818659543991088	0.0006892292881287541	-0.006712202347504596	token_not_detected_in_selected_disease_cells
sjogren_duct	SDC4	ENSG00000124145	5402	30	30	3	4.945198816130869e-05	-0.015447410754859447	0.6154451966285706	-0.00017818659543991088	0.0006892292881287541	-0.006712202347504596	positive_shift_means_deleted_embedding_moved_toward_control_centroid
sjogren_duct	CTSL	ENSG00000135047	6899	30	30	2	0.0006546676158905029	0.011549051851034164	0.35935190320014954	-0.00017818659543991088	0.0006892292881287541	-0.006712202347504596	positive_shift_means_deleted_embedding_moved_toward_control_centroid
sjogren_duct	SNX10	ENSG00000086300	1685	30	30	0				-0.00017818659543991088	0.0006892292881287541	-0.006712202347504596	token_not_detected_in_selected_disease_cells
sjogren_duct	REG1A	ENSG00000115386	4384	30	30	0				-0.00017818659543991088	0.0006892292881287541	-0.006712202347504596	token_not_detected_in_selected_disease_cells
sjogren_duct	COL4A1	ENSG00000187498	15692	30	30	0				-0.00017818659543991088	0.0006892292881287541	-0.006712202347504596	token_not_detected_in_selected_disease_cells
sjogren_duct	RPL17	ENSG00000265681	19067	30	30	0				-0.00017818659543991088	0.0006892292881287541	-0.006712202347504596	token_not_detected_in_selected_disease_cells
sjogren_duct	MPHOSPH6	ENSG00000135698	7029	30	30	1	-0.00016939640045166016	0.010000081732869148	0.43689316511154175	-0.00017818659543991088	0.0006892292881287541	-0.006712202347504596	positive_shift_means_deleted_embedding_moved_toward_control_centroid
sjogren_duct	PDPN	ENSG00000162493	10577	30	30	2	-0.0002625882625579834	0.012598594650626183	0.49811458587646484	-0.00017818659543991088	0.0006892292881287541	-0.006712202347504596	positive_shift_means_deleted_embedding_moved_toward_control_centroid
sjogren_duct	CXCL8	ENSG00000169429	12365	30	30	0				-0.00017818659543991088	0.0006892292881287541	-0.006712202347504596	token_not_detected_in_selected_disease_cells
sjogren_duct	PDLIM7	ENSG00000196923	16354	30	30	1	0.00011944770812988281	0.030652426183223724	0.44032683968544006	-0.00017818659543991088	0.0006892292881287541	-0.006712202347504596	positive_shift_means_deleted_embedding_moved_toward_control_centroid
sjogren_duct	PTPRE	ENSG00000132334	6474	30	30	0				-0.00017818659543991088	0.0006892292881287541	-0.006712202347504596	token_not_detected_in_selected_disease_cells
sjogren_duct	IL7R	ENSG00000168685	12195	30	30	0				-0.00017818659543991088	0.0006892292881287541	-0.006712202347504596	token_not_detected_in_selected_disease_cells
sjogren_duct	HLA-B	ENSG00000234745	18151	30	30	2	-0.00044921040534973145	-0.06784096360206604	0.46688488125801086	-0.00017818659543991088	0.0006892292881287541	-0.006712202347504596	positive_shift_means_deleted_embedding_moved_toward_control_centroid
sjogren_duct	SEC61B	ENSG00000106803	3336	30	30	4	0.00021162629127502441	-0.03828216344118118	0.49636489152908325	-0.00017818659543991088	0.0006892292881287541	-0.006712202347504596	positive_shift_means_deleted_embedding_moved_toward_control_centroid
sjogren_duct	SEC61A1	ENSG00000058262	783	30	30	5	-0.0005578398704528809	-0.02867301180958748	0.43908023834228516	-0.00017818659543991088	0.0006892292881287541	-0.006712202347504596	positive_shift_means_deleted_embedding_moved_toward_control_centroid
sjogren_duct	PPIB	ENSG00000166794	11730	30	30	3	-0.00015393893409054726	0.0047408766113221645	0.5640091896057129	-0.00017818659543991088	0.0006892292881287541	-0.006712202347504596	positive_shift_means_deleted_embedding_moved_toward_control_centroid
sjogren_duct	NME1	ENSG00000239672	18261	30	30	1	-0.00017565488815307617	-0.002142053097486496	0.5147950053215027	-0.00017818659543991088	0.0006892292881287541	-0.006712202347504596	positive_shift_means_deleted_embedding_moved_toward_control_centroid
sjogren_duct	TNFAIP8	ENSG00000145779	8626	30	30	0				-0.00017818659543991088	0.0006892292881287541	-0.006712202347504596	token_not_detected_in_selected_disease_cells
sjogren_duct	IFITM3	ENSG00000142089	8085	30	30	1	0.00035750865936279297	0.012500050477683544	0.6107842922210693	-0.00017818659543991088	0.0006892292881287541	-0.006712202347504596	positive_shift_means_deleted_embedding_moved_toward_control_centroid
sjogren_duct	IFITM2	ENSG00000185201	15228	30	30	0				-0.00017818659543991088	0.0006892292881287541	-0.006712202347504596	token_not_detected_in_selected_disease_cells
sjogren_duct	CASP4	ENSG00000196954	16363	30	30	0				-0.00017818659543991088	0.0006892292881287541	-0.006712202347504596	token_not_detected_in_selected_disease_cells
sjogren_duct	MTHFD2	ENSG00000065911	949	30	30	0				-0.00017818659543991088	0.0006892292881287541	-0.006712202347504596	token_not_detected_in_selected_disease_cells
sjogren_duct	HLA-DRB1	ENSG00000196126	16125	30	30	1	0.0003466010093688965	0.036279913038015366	0.3211876153945923	-0.00017818659543991088	0.0006892292881287541	-0.006712202347504596	positive_shift_means_deleted_embedding_moved_toward_control_centroid
sjogren_duct	FKBP1A	ENSG00000088832	1781	30	30	0				-0.00017818659543991088	0.0006892292881287541	-0.006712202347504596	token_not_detected_in_selected_disease_cells
sjogren_duct	CD74	ENSG00000019582	395	30	30	2	0.0009576082229614258	0.011609071865677834	0.5286670923233032	-0.00017818659543991088	0.0006892292881287541	-0.006712202347504596	positive_shift_means_deleted_embedding_moved_toward_control_centroid
sjogren_duct	HAPLN3	ENSG00000140511	7871	30	30	0				-0.00017818659543991088	0.0006892292881287541	-0.006712202347504596	token_not_detected_in_selected_disease_cells
sjogren_duct	ACSL1	ENSG00000151726	9314	30	30	0				-0.00017818659543991088	0.0006892292881287541	-0.006712202347504596	token_not_detected_in_selected_disease_cells
sjogren_duct	PSME1	ENSG00000092010	1941	30	30	2	-0.0005347728729248047	-0.049677517265081406	0.3988945782184601	-0.00017818659543991088	0.0006892292881287541	-0.006712202347504596	positive_shift_means_deleted_embedding_moved_toward_control_centroid
sjogren_duct	TMSB10	ENSG00000034510	511	30	30	1	0.0012908577919006348	-0.08288295567035675	0.7339731454849243	-0.00017818659543991088	0.0006892292881287541	-0.006712202347504596	positive_shift_means_deleted_embedding_moved_toward_control_centroid
sjogren_duct	PTPN2	ENSG00000175354	13567	30	30	2	-0.0004507899284362793	-0.004184907302260399	0.40476280450820923	-0.00017818659543991088	0.0006892292881287541	-0.006712202347504596	positive_shift_means_deleted_embedding_moved_toward_control_centroid
sjogren_duct	CNN3	ENSG00000117519	4681	30	30	2	0.00028705596923828125	-0.027567841112613678	0.4150286018848419	-0.00017818659543991088	0.0006892292881287541	-0.006712202347504596	positive_shift_means_deleted_embedding_moved_toward_control_centroid
sjogren_duct	CALR	ENSG00000179218	14186	30	30	2	3.5375356674194336e-05	-0.029760224744677544	0.4909265339374542	-0.00017818659543991088	0.0006892292881287541	-0.006712202347504596	positive_shift_means_deleted_embedding_moved_toward_control_centroid
sjogren_duct	KRTCAP3	ENSG00000157992	10010	30	30	12	-0.000441347568994388	-0.00827017892152071	0.4436417520046234	-0.00017818659543991088	0.0006892292881287541	-0.006712202347504596	positive_shift_means_deleted_embedding_moved_toward_control_centroid
sjogren_duct	CTSB	ENSG00000164733	11238	30	30	0				-0.00017818659543991088	0.0006892292881287541	-0.006712202347504596	token_not_detected_in_selected_disease_cells
sjogren_duct	LTA4H	ENSG00000111144	3815	30	30	0				-0.00017818659543991088	0.0006892292881287541	-0.006712202347504596	token_not_detected_in_selected_disease_cells
sjogren_duct	IL2RG	ENSG00000147168	8814	30	30	0				-0.00017818659543991088	0.0006892292881287541	-0.006712202347504596	token_not_detected_in_selected_disease_cells
sjogren_duct	CTSS	ENSG00000163131	10748	30	30	0				-0.00017818659543991088	0.0006892292881287541	-0.006712202347504596	token_not_detected_in_selected_disease_cells
sjogren_duct	SEL1L3	ENSG00000091490	1920	30	30	0				-0.00017818659543991088	0.0006892292881287541	-0.006712202347504596	token_not_detected_in_selected_disease_cells
sjogren_APC	ATOX1	ENSG00000177556	13923	30	30	3	-0.0002562999725341797	-0.006571859121322632	0.5552540421485901	-0.00013452370961507162	0.0008610320518694807	-0.004476188526799281	positive_shift_means_deleted_embedding_moved_toward_control_centroid
sjogren_APC	SQLE	ENSG00000104549	2916	30	30	0				-0.00013452370961507162	0.0008610320518694807	-0.004476188526799281	token_not_detected_in_selected_disease_cells
sjogren_APC	TPM4	ENSG00000167460	11886	30	30	1	0.00022482872009277344	0.030638668686151505	0.30295494198799133	-0.00013452370961507162	0.0008610320518694807	-0.004476188526799281	positive_shift_means_deleted_embedding_moved_toward_control_centroid
sjogren_APC	LDLRAD3	ENSG00000179241	14189	30	30	0				-0.00013452370961507162	0.0008610320518694807	-0.004476188526799281	token_not_detected_in_selected_disease_cells
sjogren_APC	C1QTNF1	ENSG00000173918	13328	30	30	0				-0.00013452370961507162	0.0008610320518694807	-0.004476188526799281	token_not_detected_in_selected_disease_cells
sjogren_APC	HIF1A	ENSG00000100644	2347	30	30	1	-0.0012264847755432129	-0.0967608094215393	0.5267928242683411	-0.00013452370961507162	0.0008610320518694807	-0.004476188526799281	positive_shift_means_deleted_embedding_moved_toward_control_centroid
sjogren_APC	CBX3	ENSG00000122565	5228	30	30	0				-0.00013452370961507162	0.0008610320518694807	-0.004476188526799281	token_not_detected_in_selected_disease_cells
sjogren_APC	CFB	ENSG00000243649	18408	30	30	0				-0.00013452370961507162	0.0008610320518694807	-0.004476188526799281	token_not_detected_in_selected_disease_cells
sjogren_APC	TIMP1	ENSG00000102265	2635	30	30	1	-0.00046122074127197266	0.02132049947977066	0.36959317326545715	-0.00013452370961507162	0.0008610320518694807	-0.004476188526799281	positive_shift_means_deleted_embedding_moved_toward_control_centroid
sjogren_APC	ACSL3	ENSG00000123983	5378	30	30	1	-0.00018775463104248047	-0.04657657817006111	0.3807293772697449	-0.00013452370961507162	0.0008610320518694807	-0.004476188526799281	positive_shift_means_deleted_embedding_moved_toward_control_centroid
sjogren_APC	C15ORF48			30	30	0				-0.00013452370961507162	0.0008610320518694807	-0.004476188526799281	not_in_geneformer_token_dictionary
sjogren_APC	CHI3L1	ENSG00000133048	6605	30	30	0				-0.00013452370961507162	0.0008610320518694807	-0.004476188526799281	token_not_detected_in_selected_disease_cells
sjogren_APC	DAP	ENSG00000112977	4090	30	30	2	-0.0006475150585174561	-0.007279695477336645	0.36751115322113037	-0.00013452370961507162	0.0008610320518694807	-0.004476188526799281	positive_shift_means_deleted_embedding_moved_toward_control_centroid
sjogren_APC	FMNL2	ENSG00000157827	9991	30	30	0				-0.00013452370961507162	0.0008610320518694807	-0.004476188526799281	token_not_detected_in_selected_disease_cells
sjogren_APC	SDC4	ENSG00000124145	5402	30	30	0				-0.00013452370961507162	0.0008610320518694807	-0.004476188526799281	token_not_detected_in_selected_disease_cells
sjogren_APC	CTSL	ENSG00000135047	6899	30	30	7	-0.00016961779328994453	-0.021162642166018486	0.4985429644584656	-0.00013452370961507162	0.0008610320518694807	-0.004476188526799281	positive_shift_means_deleted_embedding_moved_toward_control_centroid
sjogren_APC	SNX10	ENSG00000086300	1685	30	30	2	-0.0004074573516845703	-0.058252815157175064	0.3934212327003479	-0.00013452370961507162	0.0008610320518694807	-0.004476188526799281	positive_shift_means_deleted_embedding_moved_toward_control_centroid
sjogren_APC	REG1A	ENSG00000115386	4384	30	30	0				-0.00013452370961507162	0.0008610320518694807	-0.004476188526799281	token_not_detected_in_selected_disease_cells
sjogren_APC	COL4A1	ENSG00000187498	15692	30	30	0				-0.00013452370961507162	0.0008610320518694807	-0.004476188526799281	token_not_detected_in_selected_disease_cells
sjogren_APC	RPL17	ENSG00000265681	19067	30	30	0				-0.00013452370961507162	0.0008610320518694807	-0.004476188526799281	token_not_detected_in_selected_disease_cells
sjogren_APC	MPHOSPH6	ENSG00000135698	7029	30	30	2	-9.375810623168945e-05	0.019060470163822174	0.3785474896430969	-0.00013452370961507162	0.0008610320518694807	-0.004476188526799281	positive_shift_means_deleted_embedding_moved_toward_control_centroid
sjogren_APC	PDPN	ENSG00000162493	10577	30	30	0				-0.00013452370961507162	0.0008610320518694807	-0.004476188526799281	token_not_detected_in_selected_disease_cells
sjogren_APC	CXCL8	ENSG00000169429	12365	30	30	0				-0.00013452370961507162	0.0008610320518694807	-0.004476188526799281	token_not_detected_in_selected_disease_cells
sjogren_APC	PDLIM7	ENSG00000196923	16354	30	30	3	-0.0006150007247924805	-0.053184058517217636	0.44450685381889343	-0.00013452370961507162	0.0008610320518694807	-0.004476188526799281	positive_shift_means_deleted_embedding_moved_toward_control_centroid
sjogren_APC	PTPRE	ENSG00000132334	6474	30	30	4	0.00029362738132476807	0.008820928633213043	0.47766733169555664	-0.00013452370961507162	0.0008610320518694807	-0.004476188526799281	positive_shift_means_deleted_embedding_moved_toward_control_centroid
sjogren_APC	IL7R	ENSG00000168685	12195	30	30	0				-0.00013452370961507162	0.0008610320518694807	-0.004476188526799281	token_not_detected_in_selected_disease_cells
sjogren_APC	HLA-B	ENSG00000234745	18151	30	30	2	-0.00014799833297729492	-0.0534471720457077	0.5125776529312134	-0.00013452370961507162	0.0008610320518694807	-0.004476188526799281	positive_shift_means_deleted_embedding_moved_toward_control_centroid
sjogren_APC	SEC61B	ENSG00000106803	3336	30	30	1	0.00032585859298706055	0.04055768996477127	0.4567267596721649	-0.00013452370961507162	0.0008610320518694807	-0.004476188526799281	positive_shift_means_deleted_embedding_moved_toward_control_centroid
sjogren_APC	SEC61A1	ENSG00000058262	783	30	30	2	-0.000757753849029541	-0.0395066998898983	0.4517478942871094	-0.00013452370961507162	0.0008610320518694807	-0.004476188526799281	positive_shift_means_deleted_embedding_moved_toward_control_centroid
sjogren_APC	PPIB	ENSG00000166794	11730	30	30	1	0.00029158592224121094	0.06250844150781631	0.5721864104270935	-0.00013452370961507162	0.0008610320518694807	-0.004476188526799281	positive_shift_means_deleted_embedding_moved_toward_control_centroid
sjogren_APC	NME1	ENSG00000239672	18261	30	30	1	0.0013373494148254395	-0.0036589540541172028	0.7002084255218506	-0.00013452370961507162	0.0008610320518694807	-0.004476188526799281	positive_shift_means_deleted_embedding_moved_toward_control_centroid
sjogren_APC	TNFAIP8	ENSG00000145779	8626	30	30	0				-0.00013452370961507162	0.0008610320518694807	-0.004476188526799281	token_not_detected_in_selected_disease_cells
sjogren_APC	IFITM3	ENSG00000142089	8085	30	30	0				-0.00013452370961507162	0.0008610320518694807	-0.004476188526799281	token_not_detected_in_selected_disease_cells
sjogren_APC	IFITM2	ENSG00000185201	15228	30	30	0				-0.00013452370961507162	0.0008610320518694807	-0.004476188526799281	token_not_detected_in_selected_disease_cells
sjogren_APC	CASP4	ENSG00000196954	16363	30	30	2	0.0007994472980499268	0.036777328699827194	0.4443488121032715	-0.00013452370961507162	0.0008610320518694807	-0.004476188526799281	positive_shift_means_deleted_embedding_moved_toward_control_centroid
sjogren_APC	MTHFD2	ENSG00000065911	949	30	30	3	0.0005833705072291195	0.03598322719335556	0.4538997411727905	-0.00013452370961507162	0.0008610320518694807	-0.004476188526799281	positive_shift_means_deleted_embedding_moved_toward_control_centroid
sjogren_APC	HLA-DRB1	ENSG00000196126	16125	30	30	5	4.7338009608210996e-05	-0.031418539583683014	0.6664155721664429	-0.00013452370961507162	0.0008610320518694807	-0.004476188526799281	positive_shift_means_deleted_embedding_moved_toward_control_centroid
sjogren_APC	FKBP1A	ENSG00000088832	1781	30	30	1	-0.0002630949020385742	-0.05139079689979553	0.37348270416259766	-0.00013452370961507162	0.0008610320518694807	-0.004476188526799281	positive_shift_means_deleted_embedding_moved_toward_control_centroid
sjogren_APC	CD74	ENSG00000019582	395	30	30	4	7.131695747375488e-05	-0.2573366165161133	1.3752737045288086	-0.00013452370961507162	0.0008610320518694807	-0.004476188526799281	positive_shift_means_deleted_embedding_moved_toward_control_centroid
sjogren_APC	HAPLN3	ENSG00000140511	7871	30	30	0				-0.00013452370961507162	0.0008610320518694807	-0.004476188526799281	token_not_detected_in_selected_disease_cells
sjogren_APC	ACSL1	ENSG00000151726	9314	30	30	0				-0.00013452370961507162	0.0008610320518694807	-0.004476188526799281	token_not_detected_in_selected_disease_cells
sjogren_APC	PSME1	ENSG00000092010	1941	30	30	2	0.00029662251472473145	-0.0768965631723404	0.49259108304977417	-0.00013452370961507162	0.0008610320518694807	-0.004476188526799281	positive_shift_means_deleted_embedding_moved_toward_control_centroid
sjogren_APC	TMSB10	ENSG00000034510	511	30	30	2	6.324052810668945e-05	-0.20070090889930725	0.7492882609367371	-0.00013452370961507162	0.0008610320518694807	-0.004476188526799281	positive_shift_means_deleted_embedding_moved_toward_control_centroid
sjogren_APC	PTPN2	ENSG00000175354	13567	30	30	1	-0.0008391141891479492	-0.0758771300315857	0.5417089462280273	-0.00013452370961507162	0.0008610320518694807	-0.004476188526799281	positive_shift_means_deleted_embedding_moved_toward_control_centroid
sjogren_APC	CNN3	ENSG00000117519	4681	30	30	0				-0.00013452370961507162	0.0008610320518694807	-0.004476188526799281	token_not_detected_in_selected_disease_cells
sjogren_APC	CALR	ENSG00000179218	14186	30	30	2	-0.0009836554527282715	-0.037294451147317886	0.6902999877929688	-0.00013452370961507162	0.0008610320518694807	-0.004476188526799281	positive_shift_means_deleted_embedding_moved_toward_control_centroid
sjogren_APC	KRTCAP3	ENSG00000157992	10010	30	30	0				-0.00013452370961507162	0.0008610320518694807	-0.004476188526799281	token_not_detected_in_selected_disease_cells
sjogren_APC	CTSB	ENSG00000164733	11238	30	30	5	0.0006075620767660439	-0.0743504986166954	0.9285635948181152	-0.00013452370961507162	0.0008610320518694807	-0.004476188526799281	positive_shift_means_deleted_embedding_moved_toward_control_centroid
sjogren_APC	LTA4H	ENSG00000111144	3815	30	30	2	0.00014799833297729492	0.020973578095436096	0.4221803545951843	-0.00013452370961507162	0.0008610320518694807	-0.004476188526799281	positive_shift_means_deleted_embedding_moved_toward_control_centroid
sjogren_APC	IL2RG	ENSG00000147168	8814	30	30	0				-0.00013452370961507162	0.0008610320518694807	-0.004476188526799281	token_not_detected_in_selected_disease_cells
sjogren_APC	CTSS	ENSG00000163131	10748	30	30	2	-0.0014462471008300781	-0.04071464389562607	0.7920914888381958	-0.00013452370961507162	0.0008610320518694807	-0.004476188526799281	positive_shift_means_deleted_embedding_moved_toward_control_centroid
sjogren_APC	SEL1L3	ENSG00000091490	1920	30	30	0				-0.00013452370961507162	0.0008610320518694807	-0.004476188526799281	token_not_detected_in_selected_disease_cells
t1d_acinar	ATOX1	ENSG00000177556	13923	30	30	4	-3.664195537567139e-05	-0.02565697580575943	0.45441991090774536	8.162260055541993e-05	0.0006158845558434028	-0.011609113559825347	positive_shift_means_deleted_embedding_moved_toward_control_centroid
t1d_acinar	SQLE	ENSG00000104549	2916	30	30	4	0.00023227930068969727	-0.008624337613582611	0.45429182052612305	8.162260055541993e-05	0.0006158845558434028	-0.011609113559825347	positive_shift_means_deleted_embedding_moved_toward_control_centroid
t1d_acinar	TPM4	ENSG00000167460	11886	30	30	0				8.162260055541993e-05	0.0006158845558434028	-0.011609113559825347	token_not_detected_in_selected_disease_cells
t1d_acinar	LDLRAD3	ENSG00000179241	14189	30	30	0				8.162260055541993e-05	0.0006158845558434028	-0.011609113559825347	token_not_detected_in_selected_disease_cells
t1d_acinar	C1QTNF1	ENSG00000173918	13328	30	30	0				8.162260055541993e-05	0.0006158845558434028	-0.011609113559825347	token_not_detected_in_selected_disease_cells
t1d_acinar	HIF1A	ENSG00000100644	2347	30	30	7	0.00020882913668174297	0.023084932938218117	0.497832715511322	8.162260055541993e-05	0.0006158845558434028	-0.011609113559825347	positive_shift_means_deleted_embedding_moved_toward_control_centroid
t1d_acinar	CBX3	ENSG00000122565	5228	30	30	0				8.162260055541993e-05	0.0006158845558434028	-0.011609113559825347	token_not_detected_in_selected_disease_cells
t1d_acinar	CFB	ENSG00000243649	18408	30	30	7	7.363728218479082e-05	0.015109794214367867	0.539995014667511	8.162260055541993e-05	0.0006158845558434028	-0.011609113559825347	positive_shift_means_deleted_embedding_moved_toward_control_centroid
t1d_acinar	TIMP1	ENSG00000102265	2635	30	30	0				8.162260055541993e-05	0.0006158845558434028	-0.011609113559825347	token_not_detected_in_selected_disease_cells
t1d_acinar	ACSL3	ENSG00000123983	5378	30	30	2	-0.00024247169494628906	-0.019832439720630646	0.3706105351448059	8.162260055541993e-05	0.0006158845558434028	-0.011609113559825347	positive_shift_means_deleted_embedding_moved_toward_control_centroid
t1d_acinar	C15ORF48			30	30	0				8.162260055541993e-05	0.0006158845558434028	-0.011609113559825347	not_in_geneformer_token_dictionary
t1d_acinar	CHI3L1	ENSG00000133048	6605	30	30	0				8.162260055541993e-05	0.0006158845558434028	-0.011609113559825347	token_not_detected_in_selected_disease_cells
t1d_acinar	DAP	ENSG00000112977	4090	30	30	18	0.00014638238644693047	-0.008449945598840714	0.46963003277778625	8.162260055541993e-05	0.0006158845558434028	-0.011609113559825347	positive_shift_means_deleted_embedding_moved_toward_control_centroid
t1d_acinar	FMNL2	ENSG00000157827	9991	30	30	0				8.162260055541993e-05	0.0006158845558434028	-0.011609113559825347	token_not_detected_in_selected_disease_cells
t1d_acinar	SDC4	ENSG00000124145	5402	30	30	14	0.00021217975881882012	0.003011789172887802	0.6442596316337585	8.162260055541993e-05	0.0006158845558434028	-0.011609113559825347	positive_shift_means_deleted_embedding_moved_toward_control_centroid
t1d_acinar	CTSL	ENSG00000135047	6899	30	30	0				8.162260055541993e-05	0.0006158845558434028	-0.011609113559825347	token_not_detected_in_selected_disease_cells
t1d_acinar	SNX10	ENSG00000086300	1685	30	30	0				8.162260055541993e-05	0.0006158845558434028	-0.011609113559825347	token_not_detected_in_selected_disease_cells
t1d_acinar	REG1A	ENSG00000115386	4384	30	30	18	-0.0002134243695763871	0.07484819740056992	1.077038049697876	8.162260055541993e-05	0.0006158845558434028	-0.011609113559825347	positive_shift_means_deleted_embedding_moved_toward_control_centroid
t1d_acinar	COL4A1	ENSG00000187498	15692	30	30	0				8.162260055541993e-05	0.0006158845558434028	-0.011609113559825347	token_not_detected_in_selected_disease_cells
t1d_acinar	RPL17	ENSG00000265681	19067	30	30	2	0.004748553037643433	0.01613302156329155	2.2133712768554688	8.162260055541993e-05	0.0006158845558434028	-0.011609113559825347	positive_shift_means_deleted_embedding_moved_toward_control_centroid
t1d_acinar	MPHOSPH6	ENSG00000135698	7029	30	30	0				8.162260055541993e-05	0.0006158845558434028	-0.011609113559825347	token_not_detected_in_selected_disease_cells
t1d_acinar	PDPN	ENSG00000162493	10577	30	30	0				8.162260055541993e-05	0.0006158845558434028	-0.011609113559825347	token_not_detected_in_selected_disease_cells
t1d_acinar	CXCL8	ENSG00000169429	12365	30	30	0				8.162260055541993e-05	0.0006158845558434028	-0.011609113559825347	token_not_detected_in_selected_disease_cells
t1d_acinar	PDLIM7	ENSG00000196923	16354	30	30	0				8.162260055541993e-05	0.0006158845558434028	-0.011609113559825347	token_not_detected_in_selected_disease_cells
t1d_acinar	PTPRE	ENSG00000132334	6474	30	30	0				8.162260055541993e-05	0.0006158845558434028	-0.011609113559825347	token_not_detected_in_selected_disease_cells
t1d_acinar	IL7R	ENSG00000168685	12195	30	30	0				8.162260055541993e-05	0.0006158845558434028	-0.011609113559825347	token_not_detected_in_selected_disease_cells
t1d_acinar	HLA-B	ENSG00000234745	18151	30	30	0				8.162260055541993e-05	0.0006158845558434028	-0.011609113559825347	token_not_detected_in_selected_disease_cells
t1d_acinar	SEC61B	ENSG00000106803	3336	30	30	23	-0.0007416217122226954	-0.10974589735269547	1.4859870672225952	8.162260055541993e-05	0.0006158845558434028	-0.011609113559825347	positive_shift_means_deleted_embedding_moved_toward_control_centroid
t1d_acinar	SEC61A1	ENSG00000058262	783	30	30	9	0.00022884209465701133	0.029162559658288956	0.4813099503517151	8.162260055541993e-05	0.0006158845558434028	-0.011609113559825347	positive_shift_means_deleted_embedding_moved_toward_control_centroid
t1d_acinar	PPIB	ENSG00000166794	11730	30	30	8	0.00025863945484161377	0.06956382095813751	1.1630343198776245	8.162260055541993e-05	0.0006158845558434028	-0.011609113559825347	positive_shift_means_deleted_embedding_moved_toward_control_centroid
t1d_acinar	NME1	ENSG00000239672	18261	30	30	5	0.0005750060081481934	-0.02593127451837063	0.6277918815612793	8.162260055541993e-05	0.0006158845558434028	-0.011609113559825347	positive_shift_means_deleted_embedding_moved_toward_control_centroid
t1d_acinar	TNFAIP8	ENSG00000145779	8626	30	30	1	-0.00039392709732055664	-0.05624832957983017	0.4061138331890106	8.162260055541993e-05	0.0006158845558434028	-0.011609113559825347	positive_shift_means_deleted_embedding_moved_toward_control_centroid
t1d_acinar	IFITM3	ENSG00000142089	8085	30	30	2	0.0003094673156738281	0.039359673857688904	0.4649563729763031	8.162260055541993e-05	0.0006158845558434028	-0.011609113559825347	positive_shift_means_deleted_embedding_moved_toward_control_centroid
t1d_acinar	IFITM2	ENSG00000185201	15228	30	30	0				8.162260055541993e-05	0.0006158845558434028	-0.011609113559825347	token_not_detected_in_selected_disease_cells
t1d_acinar	CASP4	ENSG00000196954	16363	30	30	7	0.00027866874006576836	-0.011578178964555264	0.3865777850151062	8.162260055541993e-05	0.0006158845558434028	-0.011609113559825347	positive_shift_means_deleted_embedding_moved_toward_control_centroid
t1d_acinar	MTHFD2	ENSG00000065911	949	30	30	7	0.0005854112678207457	-0.0085409265011549	0.5446376800537109	8.162260055541993e-05	0.0006158845558434028	-0.011609113559825347	positive_shift_means_deleted_embedding_moved_toward_control_centroid
t1d_acinar	HLA-DRB1	ENSG00000196126	16125	30	30	0				8.162260055541993e-05	0.0006158845558434028	-0.011609113559825347	token_not_detected_in_selected_disease_cells
t1d_acinar	FKBP1A	ENSG00000088832	1781	30	30	3	-6.427367770811543e-05	-0.01360620092600584	0.5199755430221558	8.162260055541993e-05	0.0006158845558434028	-0.011609113559825347	positive_shift_means_deleted_embedding_moved_toward_control_centroid
t1d_acinar	CD74	ENSG00000019582	395	30	30	0				8.162260055541993e-05	0.0006158845558434028	-0.011609113559825347	token_not_detected_in_selected_disease_cells
t1d_acinar	HAPLN3	ENSG00000140511	7871	30	30	0				8.162260055541993e-05	0.0006158845558434028	-0.011609113559825347	token_not_detected_in_selected_disease_cells
t1d_acinar	ACSL1	ENSG00000151726	9314	30	30	0				8.162260055541993e-05	0.0006158845558434028	-0.011609113559825347	token_not_detected_in_selected_disease_cells
t1d_acinar	PSME1	ENSG00000092010	1941	30	30	0				8.162260055541993e-05	0.0006158845558434028	-0.011609113559825347	token_not_detected_in_selected_disease_cells
t1d_acinar	TMSB10	ENSG00000034510	511	30	30	0				8.162260055541993e-05	0.0006158845558434028	-0.011609113559825347	token_not_detected_in_selected_disease_cells
t1d_acinar	PTPN2	ENSG00000175354	13567	30	30	1	-0.0005407333374023438	-0.051242418587207794	0.46822383999824524	8.162260055541993e-05	0.0006158845558434028	-0.011609113559825347	positive_shift_means_deleted_embedding_moved_toward_control_centroid
t1d_acinar	CNN3	ENSG00000117519	4681	30	30	1	0.001663804054260254	0.03491424024105072	0.5630540251731873	8.162260055541993e-05	0.0006158845558434028	-0.011609113559825347	positive_shift_means_deleted_embedding_moved_toward_control_centroid
t1d_acinar	CALR	ENSG00000179218	14186	30	30	0				8.162260055541993e-05	0.0006158845558434028	-0.011609113559825347	token_not_detected_in_selected_disease_cells
t1d_acinar	KRTCAP3	ENSG00000157992	10010	30	30	10	-5.958676410955377e-05	0.000879100349266082	0.45841890573501587	8.162260055541993e-05	0.0006158845558434028	-0.011609113559825347	positive_shift_means_deleted_embedding_moved_toward_control_centroid
t1d_acinar	CTSB	ENSG00000164733	11238	30	30	0				8.162260055541993e-05	0.0006158845558434028	-0.011609113559825347	token_not_detected_in_selected_disease_cells
t1d_acinar	LTA4H	ENSG00000111144	3815	30	30	3	-0.00011112292850157246	-0.0273026954382658	0.39434051513671875	8.162260055541993e-05	0.0006158845558434028	-0.011609113559825347	positive_shift_means_deleted_embedding_moved_toward_control_centroid
t1d_acinar	IL2RG	ENSG00000147168	8814	30	30	0				8.162260055541993e-05	0.0006158845558434028	-0.011609113559825347	token_not_detected_in_selected_disease_cells
t1d_acinar	CTSS	ENSG00000163131	10748	30	30	0				8.162260055541993e-05	0.0006158845558434028	-0.011609113559825347	token_not_detected_in_selected_disease_cells
t1d_acinar	SEL1L3	ENSG00000091490	1920	30	30	0				8.162260055541993e-05	0.0006158845558434028	-0.011609113559825347	token_not_detected_in_selected_disease_cells
t1d_ductal	ATOX1	ENSG00000177556	13923	30	30	5	0.0003433823585510254	0.02397340163588524	0.5013652443885803	-7.47576355934143e-05	0.0005466271581149592	-0.002895175234880298	positive_shift_means_deleted_embedding_moved_toward_control_centroid
t1d_ductal	SQLE	ENSG00000104549	2916	30	30	8	-2.960115671157837e-05	0.04446621239185333	0.4318819046020508	-7.47576355934143e-05	0.0005466271581149592	-0.002895175234880298	positive_shift_means_deleted_embedding_moved_toward_control_centroid
t1d_ductal	TPM4	ENSG00000167460	11886	30	30	1	0.0010155439376831055	0.03716842830181122	1.0234087705612183	-7.47576355934143e-05	0.0005466271581149592	-0.002895175234880298	positive_shift_means_deleted_embedding_moved_toward_control_centroid
t1d_ductal	LDLRAD3	ENSG00000179241	14189	30	30	0				-7.47576355934143e-05	0.0005466271581149592	-0.002895175234880298	token_not_detected_in_selected_disease_cells
t1d_ductal	C1QTNF1	ENSG00000173918	13328	30	30	0				-7.47576355934143e-05	0.0005466271581149592	-0.002895175234880298	token_not_detected_in_selected_disease_cells
t1d_ductal	HIF1A	ENSG00000100644	2347	30	30	6	0.0006362696294672787	0.04735415801405907	0.49150967597961426	-7.47576355934143e-05	0.0005466271581149592	-0.002895175234880298	positive_shift_means_deleted_embedding_moved_toward_control_centroid
t1d_ductal	CBX3	ENSG00000122565	5228	30	30	6	-0.00032363334321416914	0.02382003702223301	0.6543843150138855	-7.47576355934143e-05	0.0005466271581149592	-0.002895175234880298	positive_shift_means_deleted_embedding_moved_toward_control_centroid
t1d_ductal	CFB	ENSG00000243649	18408	30	30	5	0.00029537678346969187	0.004400456324219704	0.5655020475387573	-7.47576355934143e-05	0.0005466271581149592	-0.002895175234880298	positive_shift_means_deleted_embedding_moved_toward_control_centroid
t1d_ductal	TIMP1	ENSG00000102265	2635	30	30	0				-7.47576355934143e-05	0.0005466271581149592	-0.002895175234880298	token_not_detected_in_selected_disease_cells
t1d_ductal	ACSL3	ENSG00000123983	5378	30	30	1	0.00018554925918579102	-0.009740831330418587	0.25153425335884094	-7.47576355934143e-05	0.0005466271581149592	-0.002895175234880298	positive_shift_means_deleted_embedding_moved_toward_control_centroid
t1d_ductal	C15ORF48			30	30	0				-7.47576355934143e-05	0.0005466271581149592	-0.002895175234880298	not_in_geneformer_token_dictionary
t1d_ductal	CHI3L1	ENSG00000133048	6605	30	30	0				-7.47576355934143e-05	0.0005466271581149592	-0.002895175234880298	token_not_detected_in_selected_disease_cells
t1d_ductal	DAP	ENSG00000112977	4090	30	30	5	-0.0002402663230895996	-0.04071035981178284	0.403940349817276	-7.47576355934143e-05	0.0005466271581149592	-0.002895175234880298	positive_shift_means_deleted_embedding_moved_toward_control_centroid
t1d_ductal	FMNL2	ENSG00000157827	9991	30	30	0				-7.47576355934143e-05	0.0005466271581149592	-0.002895175234880298	token_not_detected_in_selected_disease_cells
t1d_ductal	SDC4	ENSG00000124145	5402	30	30	11	-1.179630089609418e-05	-0.01817064732313156	0.6445974111557007	-7.47576355934143e-05	0.0005466271581149592	-0.002895175234880298	positive_shift_means_deleted_embedding_moved_toward_control_centroid
t1d_ductal	CTSL	ENSG00000135047	6899	30	30	0				-7.47576355934143e-05	0.0005466271581149592	-0.002895175234880298	token_not_detected_in_selected_disease_cells
t1d_ductal	SNX10	ENSG00000086300	1685	30	30	6	4.060069841216318e-05	0.012754459865391254	0.33880189061164856	-7.47576355934143e-05	0.0005466271581149592	-0.002895175234880298	positive_shift_means_deleted_embedding_moved_toward_control_centroid
t1d_ductal	REG1A	ENSG00000115386	4384	30	30	1	-0.0026229023933410645	-0.0989139974117279	0.8065562844276428	-7.47576355934143e-05	0.0005466271581149592	-0.002895175234880298	positive_shift_means_deleted_embedding_moved_toward_control_centroid
t1d_ductal	COL4A1	ENSG00000187498	15692	30	30	0				-7.47576355934143e-05	0.0005466271581149592	-0.002895175234880298	token_not_detected_in_selected_disease_cells
t1d_ductal	RPL17	ENSG00000265681	19067	30	30	0				-7.47576355934143e-05	0.0005466271581149592	-0.002895175234880298	token_not_detected_in_selected_disease_cells
t1d_ductal	MPHOSPH6	ENSG00000135698	7029	30	30	3	-0.0002579689025878906	-0.033207375556230545	0.41992124915122986	-7.47576355934143e-05	0.0005466271581149592	-0.002895175234880298	positive_shift_means_deleted_embedding_moved_toward_control_centroid
t1d_ductal	PDPN	ENSG00000162493	10577	30	30	0				-7.47576355934143e-05	0.0005466271581149592	-0.002895175234880298	token_not_detected_in_selected_disease_cells
t1d_ductal	CXCL8	ENSG00000169429	12365	30	30	1	0.0009819269180297852	-0.037966981530189514	0.4069980978965759	-7.47576355934143e-05	0.0005466271581149592	-0.002895175234880298	positive_shift_means_deleted_embedding_moved_toward_control_centroid
t1d_ductal	PDLIM7	ENSG00000196923	16354	30	30	3	0.0001064141615643166	0.008007279597222805	0.3446275293827057	-7.47576355934143e-05	0.0005466271581149592	-0.002895175234880298	positive_shift_means_deleted_embedding_moved_toward_control_centroid
t1d_ductal	PTPRE	ENSG00000132334	6474	30	30	0				-7.47576355934143e-05	0.0005466271581149592	-0.002895175234880298	token_not_detected_in_selected_disease_cells
t1d_ductal	IL7R	ENSG00000168685	12195	30	30	0				-7.47576355934143e-05	0.0005466271581149592	-0.002895175234880298	token_not_detected_in_selected_disease_cells
t1d_ductal	HLA-B	ENSG00000234745	18151	30	30	0				-7.47576355934143e-05	0.0005466271581149592	-0.002895175234880298	token_not_detected_in_selected_disease_cells
t1d_ductal	SEC61B	ENSG00000106803	3336	30	30	0				-7.47576355934143e-05	0.0005466271581149592	-0.002895175234880298	token_not_detected_in_selected_disease_cells
t1d_ductal	SEC61A1	ENSG00000058262	783	30	30	4	0.0002195984125137329	0.028260687366127968	0.39326196908950806	-7.47576355934143e-05	0.0005466271581149592	-0.002895175234880298	positive_shift_means_deleted_embedding_moved_toward_control_centroid
t1d_ductal	PPIB	ENSG00000166794	11730	30	30	0				-7.47576355934143e-05	0.0005466271581149592	-0.002895175234880298	token_not_detected_in_selected_disease_cells
t1d_ductal	NME1	ENSG00000239672	18261	30	30	1	-0.0008651018142700195	-0.028534715995192528	0.5729116201400757	-7.47576355934143e-05	0.0005466271581149592	-0.002895175234880298	positive_shift_means_deleted_embedding_moved_toward_control_centroid
t1d_ductal	TNFAIP8	ENSG00000145779	8626	30	30	0				-7.47576355934143e-05	0.0005466271581149592	-0.002895175234880298	token_not_detected_in_selected_disease_cells
t1d_ductal	IFITM3	ENSG00000142089	8085	30	30	0				-7.47576355934143e-05	0.0005466271581149592	-0.002895175234880298	token_not_detected_in_selected_disease_cells
t1d_ductal	IFITM2	ENSG00000185201	15228	30	30	0				-7.47576355934143e-05	0.0005466271581149592	-0.002895175234880298	token_not_detected_in_selected_disease_cells
t1d_ductal	CASP4	ENSG00000196954	16363	30	30	2	-5.456805229187012e-05	0.012440715916454792	0.35086339712142944	-7.47576355934143e-05	0.0005466271581149592	-0.002895175234880298	positive_shift_means_deleted_embedding_moved_toward_control_centroid
t1d_ductal	MTHFD2	ENSG00000065911	949	30	30	2	-0.00020715594291687012	-0.021475978195667267	0.43902409076690674	-7.47576355934143e-05	0.0005466271581149592	-0.002895175234880298	positive_shift_means_deleted_embedding_moved_toward_control_centroid
t1d_ductal	HLA-DRB1	ENSG00000196126	16125	30	30	0				-7.47576355934143e-05	0.0005466271581149592	-0.002895175234880298	token_not_detected_in_selected_disease_cells
t1d_ductal	FKBP1A	ENSG00000088832	1781	30	30	0				-7.47576355934143e-05	0.0005466271581149592	-0.002895175234880298	token_not_detected_in_selected_disease_cells
t1d_ductal	CD74	ENSG00000019582	395	30	30	0				-7.47576355934143e-05	0.0005466271581149592	-0.002895175234880298	token_not_detected_in_selected_disease_cells
t1d_ductal	HAPLN3	ENSG00000140511	7871	30	30	0				-7.47576355934143e-05	0.0005466271581149592	-0.002895175234880298	token_not_detected_in_selected_disease_cells
t1d_ductal	ACSL1	ENSG00000151726	9314	30	30	0				-7.47576355934143e-05	0.0005466271581149592	-0.002895175234880298	token_not_detected_in_selected_disease_cells
t1d_ductal	PSME1	ENSG00000092010	1941	30	30	0				-7.47576355934143e-05	0.0005466271581149592	-0.002895175234880298	token_not_detected_in_selected_disease_cells
t1d_ductal	TMSB10	ENSG00000034510	511	30	30	1	0.0010138154029846191	-0.034640952944755554	0.47780221700668335	-7.47576355934143e-05	0.0005466271581149592	-0.002895175234880298	positive_shift_means_deleted_embedding_moved_toward_control_centroid
t1d_ductal	PTPN2	ENSG00000175354	13567	30	30	4	0.00019666552543640137	0.005028336308896542	0.44969794154167175	-7.47576355934143e-05	0.0005466271581149592	-0.002895175234880298	positive_shift_means_deleted_embedding_moved_toward_control_centroid
t1d_ductal	CNN3	ENSG00000117519	4681	30	30	8	-0.0001142844557762146	-0.019641483202576637	0.7202588319778442	-7.47576355934143e-05	0.0005466271581149592	-0.002895175234880298	positive_shift_means_deleted_embedding_moved_toward_control_centroid
t1d_ductal	CALR	ENSG00000179218	14186	30	30	3	-0.0006080468301661313	0.04997044801712036	0.9266414046287537	-7.47576355934143e-05	0.0005466271581149592	-0.002895175234880298	positive_shift_means_deleted_embedding_moved_toward_control_centroid
t1d_ductal	KRTCAP3	ENSG00000157992	10010	30	30	8	-0.00016914308071136475	-0.0030451370403170586	0.48027503490448	-7.47576355934143e-05	0.0005466271581149592	-0.002895175234880298	positive_shift_means_deleted_embedding_moved_toward_control_centroid
t1d_ductal	CTSB	ENSG00000164733	11238	30	30	0				-7.47576355934143e-05	0.0005466271581149592	-0.002895175234880298	token_not_detected_in_selected_disease_cells
t1d_ductal	LTA4H	ENSG00000111144	3815	30	30	1	-8.505582809448242e-05	0.021801698952913284	0.3437100946903229	-7.47576355934143e-05	0.0005466271581149592	-0.002895175234880298	positive_shift_means_deleted_embedding_moved_toward_control_centroid
t1d_ductal	IL2RG	ENSG00000147168	8814	30	30	0				-7.47576355934143e-05	0.0005466271581149592	-0.002895175234880298	token_not_detected_in_selected_disease_cells
t1d_ductal	CTSS	ENSG00000163131	10748	30	30	0				-7.47576355934143e-05	0.0005466271581149592	-0.002895175234880298	token_not_detected_in_selected_disease_cells
t1d_ductal	SEL1L3	ENSG00000091490	1920	30	30	1	-6.67572021484375e-05	-0.010606331750750542	0.3484986126422882	-7.47576355934143e-05	0.0005466271581149592	-0.002895175234880298	positive_shift_means_deleted_embedding_moved_toward_control_centroid
t1d_stellate	ATOX1	ENSG00000177556	13923	30	30	12	-0.0002261151821585372	-0.030290009453892708	0.5524306893348694	-8.74742865562439e-05	0.0006692878292547333	-0.01810020030631373	positive_shift_means_deleted_embedding_moved_toward_control_centroid
t1d_stellate	SQLE	ENSG00000104549	2916	30	30	10	-0.0003670930746011436	-0.017517004162073135	0.43295416235923767	-8.74742865562439e-05	0.0006692878292547333	-0.01810020030631373	positive_shift_means_deleted_embedding_moved_toward_control_centroid
t1d_stellate	TPM4	ENSG00000167460	11886	30	30	15	-0.00029337804880924523	0.01951471157371998	1.0292929410934448	-8.74742865562439e-05	0.0006692878292547333	-0.01810020030631373	positive_shift_means_deleted_embedding_moved_toward_control_centroid
t1d_stellate	LDLRAD3	ENSG00000179241	14189	30	30	0				-8.74742865562439e-05	0.0006692878292547333	-0.01810020030631373	token_not_detected_in_selected_disease_cells
t1d_stellate	C1QTNF1	ENSG00000173918	13328	30	30	0				-8.74742865562439e-05	0.0006692878292547333	-0.01810020030631373	token_not_detected_in_selected_disease_cells
t1d_stellate	HIF1A	ENSG00000100644	2347	30	30	2	0.00046828389167785645	-0.014251399785280228	0.6825541853904724	-8.74742865562439e-05	0.0006692878292547333	-0.01810020030631373	positive_shift_means_deleted_embedding_moved_toward_control_centroid
t1d_stellate	CBX3	ENSG00000122565	5228	30	30	10	-0.0003620505449362099	-0.0401151180267334	0.5724173188209534	-8.74742865562439e-05	0.0006692878292547333	-0.01810020030631373	positive_shift_means_deleted_embedding_moved_toward_control_centroid
t1d_stellate	CFB	ENSG00000243649	18408	30	30	0				-8.74742865562439e-05	0.0006692878292547333	-0.01810020030631373	token_not_detected_in_selected_disease_cells
t1d_stellate	TIMP1	ENSG00000102265	2635	30	30	24	-0.0007483189110644162	0.0351380929350853	0.9761855006217957	-8.74742865562439e-05	0.0006692878292547333	-0.01810020030631373	positive_shift_means_deleted_embedding_moved_toward_control_centroid
t1d_stellate	ACSL3	ENSG00000123983	5378	30	30	0				-8.74742865562439e-05	0.0006692878292547333	-0.01810020030631373	token_not_detected_in_selected_disease_cells
t1d_stellate	C15ORF48			30	30	0				-8.74742865562439e-05	0.0006692878292547333	-0.01810020030631373	not_in_geneformer_token_dictionary
t1d_stellate	CHI3L1	ENSG00000133048	6605	30	30	6	-0.000835418701171875	-0.0293747428804636	0.49765416979789734	-8.74742865562439e-05	0.0006692878292547333	-0.01810020030631373	positive_shift_means_deleted_embedding_moved_toward_control_centroid
t1d_stellate	DAP	ENSG00000112977	4090	30	30	2	0.00044280290603637695	-0.003341143950819969	0.294167697429657	-8.74742865562439e-05	0.0006692878292547333	-0.01810020030631373	positive_shift_means_deleted_embedding_moved_toward_control_centroid
t1d_stellate	FMNL2	ENSG00000157827	9991	30	30	0				-8.74742865562439e-05	0.0006692878292547333	-0.01810020030631373	token_not_detected_in_selected_disease_cells
t1d_stellate	SDC4	ENSG00000124145	5402	30	30	1	0.001239776611328125	-0.011632350273430347	0.7123981714248657	-8.74742865562439e-05	0.0006692878292547333	-0.01810020030631373	positive_shift_means_deleted_embedding_moved_toward_control_centroid
t1d_stellate	CTSL	ENSG00000135047	6899	30	30	12	6.544093048432842e-05	-0.03460898622870445	0.6855864524841309	-8.74742865562439e-05	0.0006692878292547333	-0.01810020030631373	positive_shift_means_deleted_embedding_moved_toward_control_centroid
t1d_stellate	SNX10	ENSG00000086300	1685	30	30	0				-8.74742865562439e-05	0.0006692878292547333	-0.01810020030631373	token_not_detected_in_selected_disease_cells
t1d_stellate	REG1A	ENSG00000115386	4384	30	30	2	-0.0009182393550872803	-0.03300405293703079	0.6524658203125	-8.74742865562439e-05	0.0006692878292547333	-0.01810020030631373	positive_shift_means_deleted_embedding_moved_toward_control_centroid
t1d_stellate	COL4A1	ENSG00000187498	15692	30	30	14	-0.0009297090000472963	0.012233535759150982	1.0777966976165771	-8.74742865562439e-05	0.0006692878292547333	-0.01810020030631373	positive_shift_means_deleted_embedding_moved_toward_control_centroid
t1d_stellate	RPL17	ENSG00000265681	19067	30	30	3	0.0005640387535095215	0.010662764310836792	0.5773834586143494	-8.74742865562439e-05	0.0006692878292547333	-0.01810020030631373	positive_shift_means_deleted_embedding_moved_toward_control_centroid
t1d_stellate	MPHOSPH6	ENSG00000135698	7029	30	30	1	-3.808736801147461e-05	-0.0015226700343191624	0.4112933874130249	-8.74742865562439e-05	0.0006692878292547333	-0.01810020030631373	positive_shift_means_deleted_embedding_moved_toward_control_centroid
t1d_stellate	PDPN	ENSG00000162493	10577	30	30	4	-0.0008119046688079834	-0.03914998099207878	0.5606935024261475	-8.74742865562439e-05	0.0006692878292547333	-0.01810020030631373	positive_shift_means_deleted_embedding_moved_toward_control_centroid
t1d_stellate	CXCL8	ENSG00000169429	12365	30	30	1	0.0003826022148132324	-0.01728963293135166	0.36375999450683594	-8.74742865562439e-05	0.0006692878292547333	-0.01810020030631373	positive_shift_means_deleted_embedding_moved_toward_control_centroid
t1d_stellate	PDLIM7	ENSG00000196923	16354	30	30	10	-0.0005291939014568925	-0.03861495479941368	0.4764721393585205	-8.74742865562439e-05	0.0006692878292547333	-0.01810020030631373	positive_shift_means_deleted_embedding_moved_toward_control_centroid
t1d_stellate	PTPRE	ENSG00000132334	6474	30	30	0				-8.74742865562439e-05	0.0006692878292547333	-0.01810020030631373	token_not_detected_in_selected_disease_cells
t1d_stellate	IL7R	ENSG00000168685	12195	30	30	0				-8.74742865562439e-05	0.0006692878292547333	-0.01810020030631373	token_not_detected_in_selected_disease_cells
t1d_stellate	HLA-B	ENSG00000234745	18151	30	30	1	0.0006322264671325684	0.017535991966724396	0.4770592451095581	-8.74742865562439e-05	0.0006692878292547333	-0.01810020030631373	positive_shift_means_deleted_embedding_moved_toward_control_centroid
t1d_stellate	SEC61B	ENSG00000106803	3336	30	30	3	0.0012153983116149902	0.05714547634124756	1.1281343698501587	-8.74742865562439e-05	0.0006692878292547333	-0.01810020030631373	positive_shift_means_deleted_embedding_moved_toward_control_centroid
t1d_stellate	SEC61A1	ENSG00000058262	783	30	30	10	0.00029274821281433105	0.015184307470917702	0.4859372675418854	-8.74742865562439e-05	0.0006692878292547333	-0.01810020030631373	positive_shift_means_deleted_embedding_moved_toward_control_centroid
t1d_stellate	PPIB	ENSG00000166794	11730	30	30	8	-0.0007661804556846619	0.03173232823610306	1.1180123090744019	-8.74742865562439e-05	0.0006692878292547333	-0.01810020030631373	positive_shift_means_deleted_embedding_moved_toward_control_centroid
t1d_stellate	NME1	ENSG00000239672	18261	30	30	7	-1.0328633834433276e-05	-0.0025188967119902372	0.8214368224143982	-8.74742865562439e-05	0.0006692878292547333	-0.01810020030631373	positive_shift_means_deleted_embedding_moved_toward_control_centroid
t1d_stellate	TNFAIP8	ENSG00000145779	8626	30	30	0				-8.74742865562439e-05	0.0006692878292547333	-0.01810020030631373	token_not_detected_in_selected_disease_cells
t1d_stellate	IFITM3	ENSG00000142089	8085	30	30	2	-0.00016996264457702637	-0.02637435309588909	0.47655537724494934	-8.74742865562439e-05	0.0006692878292547333	-0.01810020030631373	positive_shift_means_deleted_embedding_moved_toward_control_centroid
t1d_stellate	IFITM2	ENSG00000185201	15228	30	30	0				-8.74742865562439e-05	0.0006692878292547333	-0.01810020030631373	token_not_detected_in_selected_disease_cells
t1d_stellate	CASP4	ENSG00000196954	16363	30	30	0				-8.74742865562439e-05	0.0006692878292547333	-0.01810020030631373	token_not_detected_in_selected_disease_cells
t1d_stellate	MTHFD2	ENSG00000065911	949	30	30	12	0.0001918772904900834	-0.0314350463449955	0.653499186038971	-8.74742865562439e-05	0.0006692878292547333	-0.01810020030631373	positive_shift_means_deleted_embedding_moved_toward_control_centroid
t1d_stellate	HLA-DRB1	ENSG00000196126	16125	30	30	0				-8.74742865562439e-05	0.0006692878292547333	-0.01810020030631373	token_not_detected_in_selected_disease_cells
t1d_stellate	FKBP1A	ENSG00000088832	1781	30	30	16	-0.0006107129156589508	0.00642582681030035	0.7930431365966797	-8.74742865562439e-05	0.0006692878292547333	-0.01810020030631373	positive_shift_means_deleted_embedding_moved_toward_control_centroid
t1d_stellate	CD74	ENSG00000019582	395	30	30	0				-8.74742865562439e-05	0.0006692878292547333	-0.01810020030631373	token_not_detected_in_selected_disease_cells
t1d_stellate	HAPLN3	ENSG00000140511	7871	30	30	0				-8.74742865562439e-05	0.0006692878292547333	-0.01810020030631373	token_not_detected_in_selected_disease_cells
t1d_stellate	ACSL1	ENSG00000151726	9314	30	30	1	-2.1219253540039062e-05	-0.049353331327438354	0.4534725248813629	-8.74742865562439e-05	0.0006692878292547333	-0.01810020030631373	positive_shift_means_deleted_embedding_moved_toward_control_centroid
t1d_stellate	PSME1	ENSG00000092010	1941	30	30	0				-8.74742865562439e-05	0.0006692878292547333	-0.01810020030631373	token_not_detected_in_selected_disease_cells
t1d_stellate	TMSB10	ENSG00000034510	511	30	30	1	0.0006315112113952637	0.0074983024969697	0.7487353682518005	-8.74742865562439e-05	0.0006692878292547333	-0.01810020030631373	positive_shift_means_deleted_embedding_moved_toward_control_centroid
t1d_stellate	PTPN2	ENSG00000175354	13567	30	30	0				-8.74742865562439e-05	0.0006692878292547333	-0.01810020030631373	token_not_detected_in_selected_disease_cells
t1d_stellate	CNN3	ENSG00000117519	4681	30	30	8	0.00015050917863845825	-0.0019160679075866938	0.6596965789794922	-8.74742865562439e-05	0.0006692878292547333	-0.01810020030631373	positive_shift_means_deleted_embedding_moved_toward_control_centroid
t1d_stellate	CALR	ENSG00000179218	14186	30	30	9	-0.00154662795830518	-0.07316616177558899	1.05138099193573	-8.74742865562439e-05	0.0006692878292547333	-0.01810020030631373	positive_shift_means_deleted_embedding_moved_toward_control_centroid
t1d_stellate	KRTCAP3	ENSG00000157992	10010	30	30	0				-8.74742865562439e-05	0.0006692878292547333	-0.01810020030631373	token_not_detected_in_selected_disease_cells
t1d_stellate	CTSB	ENSG00000164733	11238	30	30	11	-0.0001789439847925678	0.025184238329529762	0.5475111603736877	-8.74742865562439e-05	0.0006692878292547333	-0.01810020030631373	positive_shift_means_deleted_embedding_moved_toward_control_centroid
t1d_stellate	LTA4H	ENSG00000111144	3815	30	30	1	-0.00041037797927856445	-0.014373809099197388	0.3477829396724701	-8.74742865562439e-05	0.0006692878292547333	-0.01810020030631373	positive_shift_means_deleted_embedding_moved_toward_control_centroid
t1d_stellate	IL2RG	ENSG00000147168	8814	30	30	0				-8.74742865562439e-05	0.0006692878292547333	-0.01810020030631373	token_not_detected_in_selected_disease_cells
t1d_stellate	CTSS	ENSG00000163131	10748	30	30	0				-8.74742865562439e-05	0.0006692878292547333	-0.01810020030631373	token_not_detected_in_selected_disease_cells
t1d_stellate	SEL1L3	ENSG00000091490	1920	30	30	0				-8.74742865562439e-05	0.0006692878292547333	-0.01810020030631373	token_not_detected_in_selected_disease_cells
t1d_endothelial	ATOX1	ENSG00000177556	13923	30	30	2	-0.0006314516067504883	0.02622944302856922	0.4377528429031372	-8.282562096913655e-05	0.0007962819951889595	0.0008340756544688095	positive_shift_means_deleted_embedding_moved_toward_control_centroid
t1d_endothelial	SQLE	ENSG00000104549	2916	30	30	4	0.0003285408020019531	0.017432263121008873	0.35430043935775757	-8.282562096913655e-05	0.0007962819951889595	0.0008340756544688095	positive_shift_means_deleted_embedding_moved_toward_control_centroid
t1d_endothelial	TPM4	ENSG00000167460	11886	30	30	2	-0.00034734606742858887	-0.011133167892694473	0.32102730870246887	-8.282562096913655e-05	0.0007962819951889595	0.0008340756544688095	positive_shift_means_deleted_embedding_moved_toward_control_centroid
t1d_endothelial	LDLRAD3	ENSG00000179241	14189	30	30	0				-8.282562096913655e-05	0.0007962819951889595	0.0008340756544688095	token_not_detected_in_selected_disease_cells
t1d_endothelial	C1QTNF1	ENSG00000173918	13328	30	30	0				-8.282562096913655e-05	0.0007962819951889595	0.0008340756544688095	token_not_detected_in_selected_disease_cells
t1d_endothelial	HIF1A	ENSG00000100644	2347	30	30	5	0.0005008339649066329	0.00906651932746172	0.5476438403129578	-8.282562096913655e-05	0.0007962819951889595	0.0008340756544688095	positive_shift_means_deleted_embedding_moved_toward_control_centroid
t1d_endothelial	CBX3	ENSG00000122565	5228	30	30	1	-0.0016699433326721191	0.005253607872873545	0.30779510736465454	-8.282562096913655e-05	0.0007962819951889595	0.0008340756544688095	positive_shift_means_deleted_embedding_moved_toward_control_centroid
t1d_endothelial	CFB	ENSG00000243649	18408	30	30	2	-0.0006230175495147705	0.01252915058284998	0.49260425567626953	-8.282562096913655e-05	0.0007962819951889595	0.0008340756544688095	positive_shift_means_deleted_embedding_moved_toward_control_centroid
t1d_endothelial	TIMP1	ENSG00000102265	2635	30	30	4	-0.00011877715587615967	-0.010264262557029724	0.5139285326004028	-8.282562096913655e-05	0.0007962819951889595	0.0008340756544688095	positive_shift_means_deleted_embedding_moved_toward_control_centroid
t1d_endothelial	ACSL3	ENSG00000123983	5378	30	30	2	-0.00048533082008361816	-0.031510353088378906	0.44382670521736145	-8.282562096913655e-05	0.0007962819951889595	0.0008340756544688095	positive_shift_means_deleted_embedding_moved_toward_control_centroid
t1d_endothelial	C15ORF48			30	30	0				-8.282562096913655e-05	0.0007962819951889595	0.0008340756544688095	not_in_geneformer_token_dictionary
t1d_endothelial	CHI3L1	ENSG00000133048	6605	30	30	0				-8.282562096913655e-05	0.0007962819951889595	0.0008340756544688095	token_not_detected_in_selected_disease_cells
t1d_endothelial	DAP	ENSG00000112977	4090	30	30	0				-8.282562096913655e-05	0.0007962819951889595	0.0008340756544688095	token_not_detected_in_selected_disease_cells
t1d_endothelial	FMNL2	ENSG00000157827	9991	30	30	1	-0.0009845495223999023	-0.008118746802210808	0.2420986443758011	-8.282562096913655e-05	0.0007962819951889595	0.0008340756544688095	positive_shift_means_deleted_embedding_moved_toward_control_centroid
t1d_endothelial	SDC4	ENSG00000124145	5402	30	30	1	-9.447336196899414e-05	0.026625147089362144	0.661679208278656	-8.282562096913655e-05	0.0007962819951889595	0.0008340756544688095	positive_shift_means_deleted_embedding_moved_toward_control_centroid
t1d_endothelial	CTSL	ENSG00000135047	6899	30	30	5	-9.728669829200953e-05	-0.011026998981833458	0.4554891586303711	-8.282562096913655e-05	0.0007962819951889595	0.0008340756544688095	positive_shift_means_deleted_embedding_moved_toward_control_centroid
t1d_endothelial	SNX10	ENSG00000086300	1685	30	30	0				-8.282562096913655e-05	0.0007962819951889595	0.0008340756544688095	token_not_detected_in_selected_disease_cells
t1d_endothelial	REG1A	ENSG00000115386	4384	30	30	6	-0.001690506935119629	-0.03358106315135956	0.6031050086021423	-8.282562096913655e-05	0.0007962819951889595	0.0008340756544688095	positive_shift_means_deleted_embedding_moved_toward_control_centroid
t1d_endothelial	COL4A1	ENSG00000187498	15692	30	30	4	-0.0012837499380111694	0.025520673021674156	0.6667945384979248	-8.282562096913655e-05	0.0007962819951889595	0.0008340756544688095	positive_shift_means_deleted_embedding_moved_toward_control_centroid
t1d_endothelial	RPL17	ENSG00000265681	19067	30	30	4	-7.584691047668457e-05	0.03527732938528061	0.39342349767684937	-8.282562096913655e-05	0.0007962819951889595	0.0008340756544688095	positive_shift_means_deleted_embedding_moved_toward_control_centroid
t1d_endothelial	MPHOSPH6	ENSG00000135698	7029	30	30	2	0.0004646778106689453	-0.011323399841785431	0.4434896409511566	-8.282562096913655e-05	0.0007962819951889595	0.0008340756544688095	positive_shift_means_deleted_embedding_moved_toward_control_centroid
t1d_endothelial	PDPN	ENSG00000162493	10577	30	30	0				-8.282562096913655e-05	0.0007962819951889595	0.0008340756544688095	token_not_detected_in_selected_disease_cells
t1d_endothelial	CXCL8	ENSG00000169429	12365	30	30	2	0.0003304481506347656	0.013212842866778374	0.4237569570541382	-8.282562096913655e-05	0.0007962819951889595	0.0008340756544688095	positive_shift_means_deleted_embedding_moved_toward_control_centroid
t1d_endothelial	PDLIM7	ENSG00000196923	16354	30	30	3	-0.00019099314522463828	0.009913469664752483	0.5009831786155701	-8.282562096913655e-05	0.0007962819951889595	0.0008340756544688095	positive_shift_means_deleted_embedding_moved_toward_control_centroid
t1d_endothelial	PTPRE	ENSG00000132334	6474	30	30	2	3.889203071594238e-05	0.003028447739779949	0.2927279472351074	-8.282562096913655e-05	0.0007962819951889595	0.0008340756544688095	positive_shift_means_deleted_embedding_moved_toward_control_centroid
t1d_endothelial	IL7R	ENSG00000168685	12195	30	30	0				-8.282562096913655e-05	0.0007962819951889595	0.0008340756544688095	token_not_detected_in_selected_disease_cells
t1d_endothelial	HLA-B	ENSG00000234745	18151	30	30	3	-3.129243850708008e-05	9.344735735794529e-05	0.32597991824150085	-8.282562096913655e-05	0.0007962819951889595	0.0008340756544688095	positive_shift_means_deleted_embedding_moved_toward_control_centroid
t1d_endothelial	SEC61B	ENSG00000106803	3336	30	30	3	-0.0010022720089182258	-0.0718332827091217	0.8114323616027832	-8.282562096913655e-05	0.0007962819951889595	0.0008340756544688095	positive_shift_means_deleted_embedding_moved_toward_control_centroid
t1d_endothelial	SEC61A1	ENSG00000058262	783	30	30	1	-0.00011968612670898438	-0.00986613892018795	0.3714517652988434	-8.282562096913655e-05	0.0007962819951889595	0.0008340756544688095	positive_shift_means_deleted_embedding_moved_toward_control_centroid
t1d_endothelial	PPIB	ENSG00000166794	11730	30	30	2	-0.0004750192165374756	0.015712130814790726	0.487565815448761	-8.282562096913655e-05	0.0007962819951889595	0.0008340756544688095	positive_shift_means_deleted_embedding_moved_toward_control_centroid
t1d_endothelial	NME1	ENSG00000239672	18261	30	30	1	-6.306171417236328e-05	0.023927835747599602	0.4204771816730499	-8.282562096913655e-05	0.0007962819951889595	0.0008340756544688095	positive_shift_means_deleted_embedding_moved_toward_control_centroid
t1d_endothelial	TNFAIP8	ENSG00000145779	8626	30	30	0				-8.282562096913655e-05	0.0007962819951889595	0.0008340756544688095	token_not_detected_in_selected_disease_cells
t1d_endothelial	IFITM3	ENSG00000142089	8085	30	30	6	0.000291009753709659	0.04352135956287384	0.5676887631416321	-8.282562096913655e-05	0.0007962819951889595	0.0008340756544688095	positive_shift_means_deleted_embedding_moved_toward_control_centroid
t1d_endothelial	IFITM2	ENSG00000185201	15228	30	30	3	0.001078228116966784	0.05761675164103508	0.5716904997825623	-8.282562096913655e-05	0.0007962819951889595	0.0008340756544688095	positive_shift_means_deleted_embedding_moved_toward_control_centroid
t1d_endothelial	CASP4	ENSG00000196954	16363	30	30	2	0.0002745389938354492	-0.001169893890619278	0.38224470615386963	-8.282562096913655e-05	0.0007962819951889595	0.0008340756544688095	positive_shift_means_deleted_embedding_moved_toward_control_centroid
t1d_endothelial	MTHFD2	ENSG00000065911	949	30	30	4	0.0003279149532318115	0.013550742529332638	0.5173667073249817	-8.282562096913655e-05	0.0007962819951889595	0.0008340756544688095	positive_shift_means_deleted_embedding_moved_toward_control_centroid
t1d_endothelial	HLA-DRB1	ENSG00000196126	16125	30	30	0				-8.282562096913655e-05	0.0007962819951889595	0.0008340756544688095	token_not_detected_in_selected_disease_cells
t1d_endothelial	FKBP1A	ENSG00000088832	1781	30	30	6	-0.000764439522754401	0.09045784920454025	0.9247239232063293	-8.282562096913655e-05	0.0007962819951889595	0.0008340756544688095	positive_shift_means_deleted_embedding_moved_toward_control_centroid
t1d_endothelial	CD74	ENSG00000019582	395	30	30	0				-8.282562096913655e-05	0.0007962819951889595	0.0008340756544688095	token_not_detected_in_selected_disease_cells
t1d_endothelial	HAPLN3	ENSG00000140511	7871	30	30	3	0.00033489862107671797	-0.02816350944340229	0.45615848898887634	-8.282562096913655e-05	0.0007962819951889595	0.0008340756544688095	positive_shift_means_deleted_embedding_moved_toward_control_centroid
t1d_endothelial	ACSL1	ENSG00000151726	9314	30	30	1	-0.0002970695495605469	0.014520744793117046	0.4016977846622467	-8.282562096913655e-05	0.0007962819951889595	0.0008340756544688095	positive_shift_means_deleted_embedding_moved_toward_control_centroid
t1d_endothelial	PSME1	ENSG00000092010	1941	30	30	2	0.00010639429092407227	-0.01688818261027336	0.35100871324539185	-8.282562096913655e-05	0.0007962819951889595	0.0008340756544688095	positive_shift_means_deleted_embedding_moved_toward_control_centroid
t1d_endothelial	TMSB10	ENSG00000034510	511	30	30	3	7.039308547973633e-05	-0.01885647512972355	0.6191888451576233	-8.282562096913655e-05	0.0007962819951889595	0.0008340756544688095	positive_shift_means_deleted_embedding_moved_toward_control_centroid
t1d_endothelial	PTPN2	ENSG00000175354	13567	30	30	0				-8.282562096913655e-05	0.0007962819951889595	0.0008340756544688095	token_not_detected_in_selected_disease_cells
t1d_endothelial	CNN3	ENSG00000117519	4681	30	30	2	0.0012462139129638672	0.03374512493610382	0.5290198922157288	-8.282562096913655e-05	0.0007962819951889595	0.0008340756544688095	positive_shift_means_deleted_embedding_moved_toward_control_centroid
t1d_endothelial	CALR	ENSG00000179218	14186	30	30	0				-8.282562096913655e-05	0.0007962819951889595	0.0008340756544688095	token_not_detected_in_selected_disease_cells
t1d_endothelial	KRTCAP3	ENSG00000157992	10010	30	30	0				-8.282562096913655e-05	0.0007962819951889595	0.0008340756544688095	token_not_detected_in_selected_disease_cells
t1d_endothelial	CTSB	ENSG00000164733	11238	30	30	0				-8.282562096913655e-05	0.0007962819951889595	0.0008340756544688095	token_not_detected_in_selected_disease_cells
t1d_endothelial	LTA4H	ENSG00000111144	3815	30	30	0				-8.282562096913655e-05	0.0007962819951889595	0.0008340756544688095	token_not_detected_in_selected_disease_cells
t1d_endothelial	IL2RG	ENSG00000147168	8814	30	30	0				-8.282562096913655e-05	0.0007962819951889595	0.0008340756544688095	token_not_detected_in_selected_disease_cells
t1d_endothelial	CTSS	ENSG00000163131	10748	30	30	1	6.562471389770508e-05	-0.010105223394930363	0.21877746284008026	-8.282562096913655e-05	0.0007962819951889595	0.0008340756544688095	positive_shift_means_deleted_embedding_moved_toward_control_centroid
t1d_endothelial	SEL1L3	ENSG00000091490	1920	30	30	0				-8.282562096913655e-05	0.0007962819951889595	0.0008340756544688095	token_not_detected_in_selected_disease_cells
