context	gene	ensembl_id	token_id	n_disease_cells	n_control_cells	n_disease_cells_with_token	mean_shift_to_control_cosine	mean_projection_to_control	mean_embedding_delta_norm	random_mean_shift_to_control_cosine	random_sd_shift_to_control_cosine	random_mean_projection_to_control	interpretation	cosine_shift_z_vs_random	projection_minus_random	candidate_support_flag	candidate_strong_support_flag
IBD_epithelial	ATOX1	ENSG00000177556	13923.0	30	30	0				-5.124459664026896e-05	0.0005117733210534	0.0155121943661166	token_not_detected_in_selected_disease_cells			False	False
IBD_epithelial	SQLE	ENSG00000104549	2916.0	30	30	1	-0.0002716183662414	0.0054972320795059	0.2935603260993957	-5.124459664026896e-05	0.0005117733210534	0.0155121943661166	positive_shift_means_deleted_embedding_moved_toward_control_centroid	-0.43060816290213877	-0.010014962286610701	False	False
IBD_epithelial	TPM4	ENSG00000167460	11886.0	30	30	5	0.0005527138710021	0.0247323401272296	0.562570333480835	-5.124459664026896e-05	0.0005117733210534	0.0155121943661166	positive_shift_means_deleted_embedding_moved_toward_control_centroid	1.1801288633006919	0.009220145761113	True	True
IBD_epithelial	LDLRAD3	ENSG00000179241	14189.0	30	30	0				-5.124459664026896e-05	0.0005117733210534	0.0155121943661166	token_not_detected_in_selected_disease_cells			False	False
IBD_epithelial	C1QTNF1	ENSG00000173918	13328.0	30	30	0				-5.124459664026896e-05	0.0005117733210534	0.0155121943661166	token_not_detected_in_selected_disease_cells			False	False
IBD_epithelial	HIF1A	ENSG00000100644	2347.0	30	30	2	-0.0003602206707	0.0153090273961424	0.2888732850551605	-5.124459664026896e-05	0.0005117733210534	0.0155121943661166	positive_shift_means_deleted_embedding_moved_toward_control_centroid	-0.6037361881697063	-0.00020316696997420107	False	False
IBD_epithelial	CBX3	ENSG00000122565	5228.0	30	30	2	0.0004303455352783	0.0237570144236087	0.315837025642395	-5.124459664026896e-05	0.0005117733210534	0.0155121943661166	positive_shift_means_deleted_embedding_moved_toward_control_centroid	0.9410223474082159	0.0082448200574921	False	False
IBD_epithelial	CFB	ENSG00000243649	18408.0	30	30	2	-0.0002673268318176	0.0649012476205825	0.3234497606754303	-5.124459664026896e-05	0.0005117733210534	0.0155121943661166	positive_shift_means_deleted_embedding_moved_toward_control_centroid	-0.4222225471475571	0.049389053254465895	False	False
IBD_epithelial	TIMP1	ENSG00000102265	2635.0	30	30	2	0.0006636679172515	0.0484741255640983	0.7028076648712158	-5.124459664026896e-05	0.0005117733210534	0.0155121943661166	positive_shift_means_deleted_embedding_moved_toward_control_centroid	1.3969319706237144	0.0329619311979817	False	False
IBD_epithelial	ACSL3	ENSG00000123983	5378.0	30	30	1	-0.0003055334091186	0.0034151901490986	0.2275153398513794	-5.124459664026896e-05	0.0005117733210534	0.0155121943661166	positive_shift_means_deleted_embedding_moved_toward_control_centroid	-0.49687782074087006	-0.012097004217018	False	False
IBD_epithelial	C15ORF48			30	30	0				-5.124459664026896e-05	0.0005117733210534	0.0155121943661166	not_in_geneformer_token_dictionary			False	False
IBD_epithelial	CHI3L1	ENSG00000133048	6605.0	30	30	0				-5.124459664026896e-05	0.0005117733210534	0.0155121943661166	token_not_detected_in_selected_disease_cells			False	False
IBD_epithelial	DAP	ENSG00000112977	4090.0	30	30	3	0.0003478924336377	0.0738589465618133	0.3778619766235351	-5.124459664026896e-05	0.0005117733210534	0.0155121943661166	positive_shift_means_deleted_embedding_moved_toward_control_centroid	0.7799098035364798	0.0583467521956967	True	True
IBD_epithelial	FMNL2	ENSG00000157827	9991.0	30	30	0				-5.124459664026896e-05	0.0005117733210534	0.0155121943661166	token_not_detected_in_selected_disease_cells			False	False
IBD_epithelial	SDC4	ENSG00000124145	5402.0	30	30	4	0.000116690993309	0.0081490501761436	0.3077570497989654	-5.124459664026896e-05	0.0005117733210534	0.0155121943661166	positive_shift_means_deleted_embedding_moved_toward_control_centroid	0.32814447928548046	-0.007363144189973001	False	False
IBD_epithelial	CTSL	ENSG00000135047	6899.0	30	30	1	-0.0005415081977844	-0.0531902313232421	0.3870444297790527	-5.124459664026896e-05	0.0005117733210534	0.0155121943661166	positive_shift_means_deleted_embedding_moved_toward_control_centroid	-0.9579702203604619	-0.06870242568935869	False	False
IBD_epithelial	SNX10	ENSG00000086300	1685.0	30	30	0				-5.124459664026896e-05	0.0005117733210534	0.0155121943661166	token_not_detected_in_selected_disease_cells			False	False
IBD_epithelial	REG1A	ENSG00000115386	4384.0	30	30	2	-4.982948303222656e-05	-0.0678546428680419	0.6726894378662109	-5.124459664026896e-05	0.0005117733210534	0.0155121943661166	positive_shift_means_deleted_embedding_moved_toward_control_centroid	0.0027651179727962846	-0.0833668372341585	False	False
IBD_epithelial	COL4A1	ENSG00000187498	15692.0	30	30	0				-5.124459664026896e-05	0.0005117733210534	0.0155121943661166	token_not_detected_in_selected_disease_cells			False	False
IBD_epithelial	RPL17	ENSG00000265681	19067.0	30	30	0				-5.124459664026896e-05	0.0005117733210534	0.0155121943661166	token_not_detected_in_selected_disease_cells			False	False
IBD_epithelial	MPHOSPH6	ENSG00000135698	7029.0	30	30	0				-5.124459664026896e-05	0.0005117733210534	0.0155121943661166	token_not_detected_in_selected_disease_cells			False	False
IBD_epithelial	PDPN	ENSG00000162493	10577.0	30	30	0				-5.124459664026896e-05	0.0005117733210534	0.0155121943661166	token_not_detected_in_selected_disease_cells			False	False
IBD_epithelial	CXCL8	ENSG00000169429	12365.0	30	30	0				-5.124459664026896e-05	0.0005117733210534	0.0155121943661166	token_not_detected_in_selected_disease_cells			False	False
IBD_epithelial	PDLIM7	ENSG00000196923	16354.0	30	30	1	-0.0005009174346923	-0.0387281253933906	0.2910650670528412	-5.124459664026896e-05	0.0005117733210534	0.0155121943661166	positive_shift_means_deleted_embedding_moved_toward_control_centroid	-0.8786562713477414	-0.0542403197595072	False	False
IBD_epithelial	PTPRE	ENSG00000132334	6474.0	30	30	1	-0.0002533793449401	0.0503892563283443	0.2154070138931274	-5.124459664026896e-05	0.0005117733210534	0.0155121943661166	positive_shift_means_deleted_embedding_moved_toward_control_centroid	-0.39496929594487334	0.0348770619622277	False	False
IBD_epithelial	IL7R	ENSG00000168685	12195.0	30	30	0				-5.124459664026896e-05	0.0005117733210534	0.0155121943661166	token_not_detected_in_selected_disease_cells			False	False
IBD_epithelial	HLA-B	ENSG00000234745	18151.0	30	30	7	2.1219253540039062e-05	-0.0076086339540779	0.4483913779258728	-5.124459664026896e-05	0.0005117733210534	0.0155121943661166	positive_shift_means_deleted_embedding_moved_toward_control_centroid	0.14159364546622571	-0.0231208283201945	False	False
IBD_epithelial	SEC61B	ENSG00000106803	3336.0	30	30	2	0.0002446472644805	-0.0254568047821521	0.6657861471176147	-5.124459664026896e-05	0.0005117733210534	0.0155121943661166	positive_shift_means_deleted_embedding_moved_toward_control_centroid	0.5781697656918203	-0.0409689991482687	False	False
IBD_epithelial	SEC61A1	ENSG00000058262	783.0	30	30	1	-0.0002145171165466	-0.0143771776929497	0.2725330889225006	-5.124459664026896e-05	0.0005117733210534	0.0155121943661166	positive_shift_means_deleted_embedding_moved_toward_control_centroid	-0.31903288661132584	-0.0298893720590663	False	False
IBD_epithelial	PPIB	ENSG00000166794	11730.0	30	30	4	0.000181570649147	0.0865853503346443	0.5319772362709045	-5.124459664026896e-05	0.0005117733210534	0.0155121943661166	positive_shift_means_deleted_embedding_moved_toward_control_centroid	0.45491868413159486	0.0710731559685277	True	False
IBD_epithelial	NME1	ENSG00000239672	18261.0	30	30	3	-2.8252601623535156e-05	0.0411456488072872	0.4182282388210296	-5.124459664026896e-05	0.0005117733210534	0.0155121943661166	positive_shift_means_deleted_embedding_moved_toward_control_centroid	0.0449261305169418	0.0256334544411706	True	False
IBD_epithelial	TNFAIP8	ENSG00000145779	8626.0	30	30	0				-5.124459664026896e-05	0.0005117733210534	0.0155121943661166	token_not_detected_in_selected_disease_cells			False	False
IBD_epithelial	IFITM3	ENSG00000142089	8085.0	30	30	0				-5.124459664026896e-05	0.0005117733210534	0.0155121943661166	token_not_detected_in_selected_disease_cells			False	False
IBD_epithelial	IFITM2	ENSG00000185201	15228.0	30	30	2	-1.963973045349121e-05	0.0738476663827896	0.3846140205860138	-5.124459664026896e-05	0.0005117733210534	0.0155121943661166	positive_shift_means_deleted_embedding_moved_toward_control_centroid	0.06175559546895568	0.058335472016672996	False	False
IBD_epithelial	CASP4	ENSG00000196954	16363.0	30	30	2	-0.0004554986953735	-0.0213100388646125	0.3035458922386169	-5.124459664026896e-05	0.0005117733210534	0.0155121943661166	positive_shift_means_deleted_embedding_moved_toward_control_centroid	-0.789908504611263	-0.0368222332307291	False	False
IBD_epithelial	MTHFD2	ENSG00000065911	949.0	30	30	0				-5.124459664026896e-05	0.0005117733210534	0.0155121943661166	token_not_detected_in_selected_disease_cells			False	False
IBD_epithelial	HLA-DRB1	ENSG00000196126	16125.0	30	30	0				-5.124459664026896e-05	0.0005117733210534	0.0155121943661166	token_not_detected_in_selected_disease_cells			False	False
IBD_epithelial	FKBP1A	ENSG00000088832	1781.0	30	30	0				-5.124459664026896e-05	0.0005117733210534	0.0155121943661166	token_not_detected_in_selected_disease_cells			False	False
IBD_epithelial	CD74	ENSG00000019582	395.0	30	30	4	0.0010588765144348	0.1489240229129791	0.6471360921859741	-5.124459664026896e-05	0.0005117733210534	0.0155121943661166	positive_shift_means_deleted_embedding_moved_toward_control_centroid	2.169165654806057	0.1334118285468625	True	True
IBD_epithelial	HAPLN3	ENSG00000140511	7871.0	30	30	0				-5.124459664026896e-05	0.0005117733210534	0.0155121943661166	token_not_detected_in_selected_disease_cells			False	False
IBD_epithelial	ACSL1	ENSG00000151726	9314.0	30	30	0				-5.124459664026896e-05	0.0005117733210534	0.0155121943661166	token_not_detected_in_selected_disease_cells			False	False
IBD_epithelial	PSME1	ENSG00000092010	1941.0	30	30	3	-0.0001306732447119	0.0100585659965872	0.2836798429489136	-5.124459664026896e-05	0.0005117733210534	0.0155121943661166	positive_shift_means_deleted_embedding_moved_toward_control_centroid	-0.1552027915565048	-0.0054536283695294	False	False
IBD_epithelial	TMSB10	ENSG00000034510	511.0	30	30	14	5.413804683485069e-05	0.0310426596552133	0.6836032271385193	-5.124459664026896e-05	0.0005117733210534	0.0155121943661166	positive_shift_means_deleted_embedding_moved_toward_control_centroid	0.2059166414892575	0.0155304652890967	True	False
IBD_epithelial	PTPN2	ENSG00000175354	13567.0	30	30	0				-5.124459664026896e-05	0.0005117733210534	0.0155121943661166	token_not_detected_in_selected_disease_cells			False	False
IBD_epithelial	CNN3	ENSG00000117519	4681.0	30	30	0				-5.124459664026896e-05	0.0005117733210534	0.0155121943661166	token_not_detected_in_selected_disease_cells			False	False
IBD_epithelial	CALR	ENSG00000179218	14186.0	30	30	11	-8.316473395098001e-05	0.0634591653943061	0.5266268253326416	-5.124459664026896e-05	0.0005117733210534	0.0155121943661166	positive_shift_means_deleted_embedding_moved_toward_control_centroid	-0.06237163212222312	0.0479469710281895	False	False
IBD_epithelial	KRTCAP3	ENSG00000157992	10010.0	30	30	1	0.0003450512886047	0.0066654314287006	0.2522871196269989	-5.124459664026896e-05	0.0005117733210534	0.0155121943661166	positive_shift_means_deleted_embedding_moved_toward_control_centroid	0.7743582342847807	-0.008846762937416	False	False
IBD_epithelial	CTSB	ENSG00000164733	11238.0	30	30	2	0.0002482235431671	0.0547200441360473	0.2916949689388275	-5.124459664026896e-05	0.0005117733210534	0.0155121943661166	positive_shift_means_deleted_embedding_moved_toward_control_centroid	0.5851577788208338	0.0392078497699307	False	False
IBD_epithelial	LTA4H	ENSG00000111144	3815.0	30	30	0				-5.124459664026896e-05	0.0005117733210534	0.0155121943661166	token_not_detected_in_selected_disease_cells			False	False
IBD_epithelial	IL2RG	ENSG00000147168	8814.0	30	30	0				-5.124459664026896e-05	0.0005117733210534	0.0155121943661166	token_not_detected_in_selected_disease_cells			False	False
IBD_epithelial	CTSS	ENSG00000163131	10748.0	30	30	3	-2.5173028916469775e-05	0.0220136046409606	0.3679060041904449	-5.124459664026896e-05	0.0005117733210534	0.0155121943661166	positive_shift_means_deleted_embedding_moved_toward_control_centroid	0.05094358508203439	0.006501410274843999	True	False
IBD_epithelial	SEL1L3	ENSG00000091490	1920.0	30	30	3	0.0002885262074414	0.0254132729023695	0.3264990746974945	-5.124459664026896e-05	0.0005117733210534	0.0155121943661166	positive_shift_means_deleted_embedding_moved_toward_control_centroid	0.6639087855973177	0.009901078536252899	True	True
IBD_stromal	ATOX1	ENSG00000177556	13923.0	30	30	11	-7.840720354579389e-05	-0.0085925301536917	0.3670145869255066	-0.0001074199875195	0.0006450485759158	-0.0020368815748952	positive_shift_means_deleted_embedding_moved_toward_control_centroid	0.04497767308844229	-0.006555648578796499	False	False
IBD_stromal	SQLE	ENSG00000104549	2916.0	30	30	1	3.349781036376953e-05	-0.0060361358337104	0.5040001273155212	-0.0001074199875195	0.0006450485759158	-0.0020368815748952	positive_shift_means_deleted_embedding_moved_toward_control_centroid	0.21846075341411794	-0.0039992542588152	False	False
IBD_stromal	TPM4	ENSG00000167460	11886.0	30	30	13	0.0001352979597868	0.0701528787612915	0.7636944651603699	-0.0001074199875195	0.0006450485759158	-0.0020368815748952	positive_shift_means_deleted_embedding_moved_toward_control_centroid	0.3762785569469773	0.07218976033618671	True	False
IBD_stromal	LDLRAD3	ENSG00000179241	14189.0	30	30	0				-0.0001074199875195	0.0006450485759158	-0.0020368815748952	token_not_detected_in_selected_disease_cells			False	False
IBD_stromal	C1QTNF1	ENSG00000173918	13328.0	30	30	0				-0.0001074199875195	0.0006450485759158	-0.0020368815748952	token_not_detected_in_selected_disease_cells			False	False
IBD_stromal	HIF1A	ENSG00000100644	2347.0	30	30	9	-0.0001776417047949	-0.0020484833512455	0.4352017641067505	-0.0001074199875195	0.0006450485759158	-0.0020368815748952	positive_shift_means_deleted_embedding_moved_toward_control_centroid	-0.10886268088523961	-1.1601776350299992e-05	False	False
IBD_stromal	CBX3	ENSG00000122565	5228.0	30	30	2	-0.0003404915332794	-0.0039044767618179	0.2763501107692718	-0.0001074199875195	0.0006450485759158	-0.0020368815748952	positive_shift_means_deleted_embedding_moved_toward_control_centroid	-0.3613240218831574	-0.0018675951869227	False	False
IBD_stromal	CFB	ENSG00000243649	18408.0	30	30	1	0.0004756450653076	0.0047108000144362	0.2403185814619064	-0.0001074199875195	0.0006450485759158	-0.0020368815748952	positive_shift_means_deleted_embedding_moved_toward_control_centroid	0.9039087513669809	0.0067476815893314	False	False
IBD_stromal	TIMP1	ENSG00000102265	2635.0	30	30	21	0.0001696092804195	0.1818483918905258	0.9991745948791504	-0.0001074199875195	0.0006450485759158	-0.0020368815748952	positive_shift_means_deleted_embedding_moved_toward_control_centroid	0.42947039693203104	0.183885273465421	True	False
IBD_stromal	ACSL3	ENSG00000123983	5378.0	30	30	2	6.431341171264648e-05	0.0054391236044466	0.2755687236785888	-0.0001074199875195	0.0006450485759158	-0.0020368815748952	positive_shift_means_deleted_embedding_moved_toward_control_centroid	0.2662332817157685	0.0074760051793418	False	False
IBD_stromal	C15ORF48			30	30	0				-0.0001074199875195	0.0006450485759158	-0.0020368815748952	not_in_geneformer_token_dictionary			False	False
IBD_stromal	CHI3L1	ENSG00000133048	6605.0	30	30	7	3.575427035684697e-05	0.0698479190468788	0.4851868152618408	-0.0001074199875195	0.0006450485759158	-0.0020368815748952	positive_shift_means_deleted_embedding_moved_toward_control_centroid	0.22195887755131777	0.071884800621774	True	False
IBD_stromal	DAP	ENSG00000112977	4090.0	30	30	1	-0.0003104209899902	-0.0101378466933965	0.3307933211326599	-0.0001074199875195	0.0006450485759158	-0.0020368815748952	positive_shift_means_deleted_embedding_moved_toward_control_centroid	-0.31470653536827325	-0.0081009651185013	False	False
IBD_stromal	FMNL2	ENSG00000157827	9991.0	30	30	0				-0.0001074199875195	0.0006450485759158	-0.0020368815748952	token_not_detected_in_selected_disease_cells			False	False
IBD_stromal	SDC4	ENSG00000124145	5402.0	30	30	2	-4.217028617858887e-05	0.0227893125265836	0.3029566407203674	-0.0001074199875195	0.0006450485759158	-0.0020368815748952	positive_shift_means_deleted_embedding_moved_toward_control_centroid	0.10115470954768584	0.0248261941014788	False	False
IBD_stromal	CTSL	ENSG00000135047	6899.0	30	30	4	7.699429988861084e-05	0.0119223725050687	0.3234862089157104	-0.0001074199875195	0.0006450485759158	-0.0020368815748952	positive_shift_means_deleted_embedding_moved_toward_control_centroid	0.28589209292694095	0.0139592540799639	True	False
IBD_stromal	SNX10	ENSG00000086300	1685.0	30	30	0				-0.0001074199875195	0.0006450485759158	-0.0020368815748952	token_not_detected_in_selected_disease_cells			False	False
IBD_stromal	REG1A	ENSG00000115386	4384.0	30	30	0				-0.0001074199875195	0.0006450485759158	-0.0020368815748952	token_not_detected_in_selected_disease_cells			False	False
IBD_stromal	COL4A1	ENSG00000187498	15692.0	30	30	8	6.936490535736084e-05	0.0185404326766729	0.7103447914123535	-0.0001074199875195	0.0006450485759158	-0.0020368815748952	positive_shift_means_deleted_embedding_moved_toward_control_centroid	0.27406446503020737	0.0205773142515681	True	False
IBD_stromal	RPL17	ENSG00000265681	19067.0	30	30	1	0.0006377696990966	-0.0276794582605361	0.7271819114685059	-0.0001074199875195	0.0006450485759158	-0.0020368815748952	positive_shift_means_deleted_embedding_moved_toward_control_centroid	1.1552458441724731	-0.0256425766856409	False	False
IBD_stromal	MPHOSPH6	ENSG00000135698	7029.0	30	30	4	-9.451806545257568e-05	0.0002712511050049	0.3066733479499817	-0.0001074199875195	0.0006450485759158	-0.0020368815748952	positive_shift_means_deleted_embedding_moved_toward_control_centroid	0.020001473607792964	0.0023081326799001	True	False
IBD_stromal	PDPN	ENSG00000162493	10577.0	30	30	6	-0.0004781087336596	-0.0147924264892935	0.4193844497203827	-0.0001074199875195	0.0006450485759158	-0.0020368815748952	positive_shift_means_deleted_embedding_moved_toward_control_centroid	-0.5746679552215413	-0.0127555449143983	False	False
IBD_stromal	CXCL8	ENSG00000169429	12365.0	30	30	1	-0.0013834834098815	-0.0638788342475891	0.6722705960273743	-0.0001074199875195	0.0006450485759158	-0.0020368815748952	positive_shift_means_deleted_embedding_moved_toward_control_centroid	-1.9782439183751768	-0.0618419526726939	False	False
IBD_stromal	PDLIM7	ENSG00000196923	16354.0	30	30	2	5.996227264404297e-05	0.0007207584567368	0.4432975649833679	-0.0001074199875195	0.0006450485759158	-0.0020368815748952	positive_shift_means_deleted_embedding_moved_toward_control_centroid	0.2594878376809126	0.002757640031632	False	False
IBD_stromal	PTPRE	ENSG00000132334	6474.0	30	30	5	-0.0002195358247263	-0.0081171840429306	0.3312288224697113	-0.0001074199875195	0.0006450485759158	-0.0020368815748952	positive_shift_means_deleted_embedding_moved_toward_control_centroid	-0.17380991353655015	-0.0060803024680354	False	False
IBD_stromal	IL7R	ENSG00000168685	12195.0	30	30	1	-0.0004164576530456	0.0037478248123079	0.3706265687942505	-0.0001074199875195	0.0006450485759158	-0.0020368815748952	positive_shift_means_deleted_embedding_moved_toward_control_centroid	-0.4790920824642508	0.0057847063872031	False	False
IBD_stromal	HLA-B	ENSG00000234745	18151.0	30	30	10	-0.0002848863659892	-0.0266961194574832	0.5366419553756714	-0.0001074199875195	0.0006450485759158	-0.0020368815748952	positive_shift_means_deleted_embedding_moved_toward_control_centroid	-0.2751209522751743	-0.024659237882588003	False	False
IBD_stromal	SEC61B	ENSG00000106803	3336.0	30	30	12	0.0005185455083847	0.0531193912029266	0.5686034560203552	-0.0001074199875195	0.0006450485759158	-0.0020368815748952	positive_shift_means_deleted_embedding_moved_toward_control_centroid	0.9704160574503912	0.0551562727778218	True	True
IBD_stromal	SEC61A1	ENSG00000058262	783.0	30	30	5	0.0001339197187917	0.0120529551059007	0.3239191174507141	-0.0001074199875195	0.0006450485759158	-0.0020368815748952	positive_shift_means_deleted_embedding_moved_toward_control_centroid	0.3741419101167084	0.0140898366807959	True	False
IBD_stromal	PPIB	ENSG00000166794	11730.0	30	30	18	2.3646487534279004e-05	0.001243277802132	0.674821138381958	-0.0001074199875195	0.0006450485759158	-0.0020368815748952	positive_shift_means_deleted_embedding_moved_toward_control_centroid	0.20318853485987304	0.0032801593770271998	True	False
IBD_stromal	NME1	ENSG00000239672	18261.0	30	30	0				-0.0001074199875195	0.0006450485759158	-0.0020368815748952	token_not_detected_in_selected_disease_cells			False	False
IBD_stromal	TNFAIP8	ENSG00000145779	8626.0	30	30	1	4.8160552978515625e-05	-0.0026397001929581	0.2827072739601135	-0.0001074199875195	0.0006450485759158	-0.0020368815748952	positive_shift_means_deleted_embedding_moved_toward_control_centroid	0.24119197577815282	-0.0006028186180629001	False	False
IBD_stromal	IFITM3	ENSG00000142089	8085.0	30	30	21	-0.0002471492334734	0.0065777413547039	0.8225520253181458	-0.0001074199875195	0.0006450485759158	-0.0020368815748952	positive_shift_means_deleted_embedding_moved_toward_control_centroid	-0.216618176011816	0.0086146229295991	False	False
IBD_stromal	IFITM2	ENSG00000185201	15228.0	30	30	9	-0.0001305672922171	0.0322801992297172	0.7386815547943115	-0.0001074199875195	0.0006450485759158	-0.0020368815748952	positive_shift_means_deleted_embedding_moved_toward_control_centroid	-0.03588459158248181	0.0343170808046124	False	False
IBD_stromal	CASP4	ENSG00000196954	16363.0	30	30	0				-0.0001074199875195	0.0006450485759158	-0.0020368815748952	token_not_detected_in_selected_disease_cells			False	False
IBD_stromal	MTHFD2	ENSG00000065911	949.0	30	30	2	-2.002716064453125e-05	0.0014140945859253	0.4103864431381225	-0.0001074199875195	0.0006450485759158	-0.0020368815748952	positive_shift_means_deleted_embedding_moved_toward_control_centroid	0.13548255145109625	0.0034509761608205	False	False
IBD_stromal	HLA-DRB1	ENSG00000196126	16125.0	30	30	1	-0.0001431703567504	-0.0205629952251911	0.4541116654872894	-0.0001074199875195	0.0006450485759158	-0.0020368815748952	positive_shift_means_deleted_embedding_moved_toward_control_centroid	-0.05542275506948271	-0.018526113650295897	False	False
IBD_stromal	FKBP1A	ENSG00000088832	1781.0	30	30	3	-0.0005142490263096	-0.0365573279559612	0.6591785550117493	-0.0001074199875195	0.0006450485759158	-0.0020368815748952	positive_shift_means_deleted_embedding_moved_toward_control_centroid	-0.6306951971989232	-0.034520446381066	False	False
IBD_stromal	CD74	ENSG00000019582	395.0	30	30	2	0.0002008378505706	0.0137041062116622	0.4659343659877777	-0.0001074199875195	0.0006450485759158	-0.0020368815748952	positive_shift_means_deleted_embedding_moved_toward_control_centroid	0.4778831387271177	0.0157409877865574	False	False
IBD_stromal	HAPLN3	ENSG00000140511	7871.0	30	30	1	0.0004897117614746	0.0447417795658111	0.3111540079116821	-0.0001074199875195	0.0006450485759158	-0.0020368815748952	positive_shift_means_deleted_embedding_moved_toward_control_centroid	0.9257159403015957	0.0467786611407063	False	False
IBD_stromal	ACSL1	ENSG00000151726	9314.0	30	30	1	-0.0002833604812622	-0.0136912632733583	0.1968070268630981	-0.0001074199875195	0.0006450485759158	-0.0020368815748952	positive_shift_means_deleted_embedding_moved_toward_control_centroid	-0.2727554176720886	-0.0116543816984631	False	False
IBD_stromal	PSME1	ENSG00000092010	1941.0	30	30	2	-0.0002124607563018	-0.0031488551758229	0.2845994532108307	-0.0001074199875195	0.0006450485759158	-0.0020368815748952	positive_shift_means_deleted_embedding_moved_toward_control_centroid	-0.1628416412410021	-0.0011119736009277	False	False
IBD_stromal	TMSB10	ENSG00000034510	511.0	30	30	9	0.0005958411493338	0.0506090521812438	0.7183339595794678	-0.0001074199875195	0.0006450485759158	-0.0020368815748952	positive_shift_means_deleted_embedding_moved_toward_control_centroid	1.0902452359573904	0.052645933756139	True	True
IBD_stromal	PTPN2	ENSG00000175354	13567.0	30	30	2	-3.847479820251465e-05	0.0081787575036287	0.3085762858390808	-0.0001074199875195	0.0006450485759158	-0.0020368815748952	positive_shift_means_deleted_embedding_moved_toward_control_centroid	0.10688371681016617	0.0102156390785239	False	False
IBD_stromal	CNN3	ENSG00000117519	4681.0	30	30	4	-1.3276934623718262e-05	-0.0129049271345138	0.5152312517166138	-0.0001074199875195	0.0006450485759158	-0.0020368815748952	positive_shift_means_deleted_embedding_moved_toward_control_centroid	0.1459472300394172	-0.0108680455596186	False	False
IBD_stromal	CALR	ENSG00000179218	14186.0	30	30	8	-0.0001923590898513	0.0069434395991265	0.5775823593139648	-0.0001074199875195	0.0006450485759158	-0.0020368815748952	positive_shift_means_deleted_embedding_moved_toward_control_centroid	-0.1316786138333981	0.0089803211740217	False	False
IBD_stromal	KRTCAP3	ENSG00000157992	10010.0	30	30	0				-0.0001074199875195	0.0006450485759158	-0.0020368815748952	token_not_detected_in_selected_disease_cells			False	False
IBD_stromal	CTSB	ENSG00000164733	11238.0	30	30	5	-0.0001649856567382	0.0158229507505893	0.4004102349281311	-0.0001074199875195	0.0006450485759158	-0.0020368815748952	positive_shift_means_deleted_embedding_moved_toward_control_centroid	-0.08924237858671624	0.0178598323254845	False	False
IBD_stromal	LTA4H	ENSG00000111144	3815.0	30	30	0				-0.0001074199875195	0.0006450485759158	-0.0020368815748952	token_not_detected_in_selected_disease_cells			False	False
IBD_stromal	IL2RG	ENSG00000147168	8814.0	30	30	0				-0.0001074199875195	0.0006450485759158	-0.0020368815748952	token_not_detected_in_selected_disease_cells			False	False
IBD_stromal	CTSS	ENSG00000163131	10748.0	30	30	0				-0.0001074199875195	0.0006450485759158	-0.0020368815748952	token_not_detected_in_selected_disease_cells			False	False
IBD_stromal	SEL1L3	ENSG00000091490	1920.0	30	30	0				-0.0001074199875195	0.0006450485759158	-0.0020368815748952	token_not_detected_in_selected_disease_cells			False	False
IBD_myeloid	ATOX1	ENSG00000177556	13923.0	30	30	8	-8.861720561981201e-05	-0.0199668575078248	0.4281280040740967	1.783867677052816e-05	0.0008412958703254	0.004794660298891	positive_shift_means_deleted_embedding_moved_toward_control_centroid	-0.1265379828254294	-0.024761517806715802	False	False
IBD_myeloid	SQLE	ENSG00000104549	2916.0	30	30	1	-0.0001330375671386	0.019580902531743	0.3326835036277771	1.783867677052816e-05	0.0008412958703254	0.004794660298891	positive_shift_means_deleted_embedding_moved_toward_control_centroid	-0.1793379109905432	0.014786242232852001	False	False
IBD_myeloid	TPM4	ENSG00000167460	11886.0	30	30	8	0.0001638680696487	0.0162237603217363	0.4862842559814453	1.783867677052816e-05	0.0008412958703254	0.004794660298891	positive_shift_means_deleted_embedding_moved_toward_control_centroid	0.17357673801690002	0.011429100022845301	True	False
IBD_myeloid	LDLRAD3	ENSG00000179241	14189.0	30	30	0				1.783867677052816e-05	0.0008412958703254	0.004794660298891	token_not_detected_in_selected_disease_cells			False	False
IBD_myeloid	C1QTNF1	ENSG00000173918	13328.0	30	30	0				1.783867677052816e-05	0.0008412958703254	0.004794660298891	token_not_detected_in_selected_disease_cells			False	False
IBD_myeloid	HIF1A	ENSG00000100644	2347.0	30	30	9	0.000252571364399	-0.0010954769095405	0.5184159874916077	1.783867677052816e-05	0.0008412958703254	0.004794660298891	positive_shift_means_deleted_embedding_moved_toward_control_centroid	0.2790132412485051	-0.0058901372084315	False	False
IBD_myeloid	CBX3	ENSG00000122565	5228.0	30	30	1	-0.0005865097045898	-0.0304526295512914	0.2851661741733551	1.783867677052816e-05	0.0008412958703254	0.004794660298891	positive_shift_means_deleted_embedding_moved_toward_control_centroid	-0.7183541518236333	-0.0352472898501824	False	False
IBD_myeloid	CFB	ENSG00000243649	18408.0	30	30	0				1.783867677052816e-05	0.0008412958703254	0.004794660298891	token_not_detected_in_selected_disease_cells			False	False
IBD_myeloid	TIMP1	ENSG00000102265	2635.0	30	30	14	0.0001208356479764	0.0542182810604572	0.7697232365608215	1.783867677052816e-05	0.0008412958703254	0.004794660298891	positive_shift_means_deleted_embedding_moved_toward_control_centroid	0.12242657409697523	0.0494236207615662	True	False
IBD_myeloid	ACSL3	ENSG00000123983	5378.0	30	30	1	-0.000216007232666	0.0112356897443532	0.3809370398521423	1.783867677052816e-05	0.0008412958703254	0.004794660298891	positive_shift_means_deleted_embedding_moved_toward_control_centroid	-0.2779591790294659	0.006441029445462201	False	False
IBD_myeloid	C15ORF48			30	30	0				1.783867677052816e-05	0.0008412958703254	0.004794660298891	not_in_geneformer_token_dictionary			False	False
IBD_myeloid	CHI3L1	ENSG00000133048	6605.0	30	30	0				1.783867677052816e-05	0.0008412958703254	0.004794660298891	token_not_detected_in_selected_disease_cells			False	False
IBD_myeloid	DAP	ENSG00000112977	4090.0	30	30	1	0.0002287030220031	-0.010936189442873	0.2697469294071197	1.783867677052816e-05	0.0008412958703254	0.004794660298891	positive_shift_means_deleted_embedding_moved_toward_control_centroid	0.2506423158252433	-0.015730849741764	False	False
IBD_myeloid	FMNL2	ENSG00000157827	9991.0	30	30	1	-0.000206708908081	0.0042382292449474	0.2350815832614898	1.783867677052816e-05	0.0008412958703254	0.004794660298891	positive_shift_means_deleted_embedding_moved_toward_control_centroid	-0.2669067955423063	-0.0005564310539436	False	False
IBD_myeloid	SDC4	ENSG00000124145	5402.0	30	30	1	0.0012388825416564	0.0615638047456741	0.3959571123123169	1.783867677052816e-05	0.0008412958703254	0.004794660298891	positive_shift_means_deleted_embedding_moved_toward_control_centroid	1.4513845936431273	0.0567691444467831	False	False
IBD_myeloid	CTSL	ENSG00000135047	6899.0	30	30	5	-0.0006053447723388	-0.067835509777069	0.5722126364707947	1.783867677052816e-05	0.0008412958703254	0.004794660298891	positive_shift_means_deleted_embedding_moved_toward_control_centroid	-0.7407423132462192	-0.07263017007596	False	False
IBD_myeloid	SNX10	ENSG00000086300	1685.0	30	30	7	0.0003115024010185	0.0228112209588289	0.3089909851551056	1.783867677052816e-05	0.0008412958703254	0.004794660298891	positive_shift_means_deleted_embedding_moved_toward_control_centroid	0.34906117408419857	0.018016560659937897	True	False
IBD_myeloid	REG1A	ENSG00000115386	4384.0	30	30	0				1.783867677052816e-05	0.0008412958703254	0.004794660298891	token_not_detected_in_selected_disease_cells			False	False
IBD_myeloid	COL4A1	ENSG00000187498	15692.0	30	30	0				1.783867677052816e-05	0.0008412958703254	0.004794660298891	token_not_detected_in_selected_disease_cells			False	False
IBD_myeloid	RPL17	ENSG00000265681	19067.0	30	30	1	-8.887052536010742e-05	0.0352851301431655	0.3350613713264465	1.783867677052816e-05	0.0008412958703254	0.004794660298891	positive_shift_means_deleted_embedding_moved_toward_control_centroid	-0.12683908942684116	0.030490469844274497	False	False
IBD_myeloid	MPHOSPH6	ENSG00000135698	7029.0	30	30	0				1.783867677052816e-05	0.0008412958703254	0.004794660298891	token_not_detected_in_selected_disease_cells			False	False
IBD_myeloid	PDPN	ENSG00000162493	10577.0	30	30	1	2.6226043701171875e-05	-0.0025868695229291	0.2986627221107483	1.783867677052816e-05	0.0008412958703254	0.004794660298891	positive_shift_means_deleted_embedding_moved_toward_control_centroid	0.009969580532232512	-0.007381529821820099	False	False
IBD_myeloid	CXCL8	ENSG00000169429	12365.0	30	30	7	0.0030971255619078	0.1894253492355346	1.4681845903396606	1.783867677052816e-05	0.0008412958703254	0.004794660298891	positive_shift_means_deleted_embedding_moved_toward_control_centroid	3.6601711642139074	0.1846306889366436	True	True
IBD_myeloid	PDLIM7	ENSG00000196923	16354.0	30	30	0				1.783867677052816e-05	0.0008412958703254	0.004794660298891	token_not_detected_in_selected_disease_cells			False	False
IBD_myeloid	PTPRE	ENSG00000132334	6474.0	30	30	5	-0.0001933216990437	-0.044648602604866	0.4544269144535064	1.783867677052816e-05	0.0008412958703254	0.004794660298891	positive_shift_means_deleted_embedding_moved_toward_control_centroid	-0.25099419034655984	-0.049443262903757	False	False
IBD_myeloid	IL7R	ENSG00000168685	12195.0	30	30	3	0.0001463095395592	-0.013082280755043	0.6644508838653564	1.783867677052816e-05	0.0008412958703254	0.004794660298891	positive_shift_means_deleted_embedding_moved_toward_control_centroid	0.15270592346897097	-0.017876941053934	False	False
IBD_myeloid	HLA-B	ENSG00000234745	18151.0	30	30	13	0.0003821207792498	0.0361426994204521	0.5252962708473206	1.783867677052816e-05	0.0008412958703254	0.004794660298891	positive_shift_means_deleted_embedding_moved_toward_control_centroid	0.43300117750295536	0.031348039121561096	True	False
IBD_myeloid	SEC61B	ENSG00000106803	3336.0	30	30	10	0.0004838347376789	0.0055235805921256	0.5557025671005249	1.783867677052816e-05	0.0008412958703254	0.004794660298891	positive_shift_means_deleted_embedding_moved_toward_control_centroid	0.5539027081258961	0.0007289202932345999	True	True
IBD_myeloid	SEC61A1	ENSG00000058262	783.0	30	30	3	-0.0003454685211181	-0.0099485935643315	0.2864532768726349	1.783867677052816e-05	0.0008412958703254	0.004794660298891	positive_shift_means_deleted_embedding_moved_toward_control_centroid	-0.43184236450382985	-0.0147432538632225	False	False
IBD_myeloid	PPIB	ENSG00000166794	11730.0	30	30	5	0.0001282930315937	0.0010799762094393	0.7436259984970093	1.783867677052816e-05	0.0008412958703254	0.004794660298891	positive_shift_means_deleted_embedding_moved_toward_control_centroid	0.13129073696801796	-0.0037146840894516997	False	False
IBD_myeloid	NME1	ENSG00000239672	18261.0	30	30	0				1.783867677052816e-05	0.0008412958703254	0.004794660298891	token_not_detected_in_selected_disease_cells			False	False
IBD_myeloid	TNFAIP8	ENSG00000145779	8626.0	30	30	6	0.0001616179943084	0.0107272686436772	0.293801337480545	1.783867677052816e-05	0.0008412958703254	0.004794660298891	positive_shift_means_deleted_embedding_moved_toward_control_centroid	0.17090220291020833	0.0059326083447862	True	False
IBD_myeloid	IFITM3	ENSG00000142089	8085.0	30	30	5	0.0004340886953286	0.03322684019804	0.5694401264190674	1.783867677052816e-05	0.0008412958703254	0.004794660298891	positive_shift_means_deleted_embedding_moved_toward_control_centroid	0.49477244955103944	0.028432179899149	True	False
IBD_myeloid	IFITM2	ENSG00000185201	15228.0	30	30	10	-0.000520366418641	0.0473553426563739	1.042742133140564	1.783867677052816e-05	0.0008412958703254	0.004794660298891	positive_shift_means_deleted_embedding_moved_toward_control_centroid	-0.639733433142087	0.0425606823574829	False	False
IBD_myeloid	CASP4	ENSG00000196954	16363.0	30	30	4	6.276369094848633e-05	0.0221243444830179	0.2840051352977752	1.783867677052816e-05	0.0008412958703254	0.004794660298891	positive_shift_means_deleted_embedding_moved_toward_control_centroid	0.05339977974761945	0.0173296841841269	True	False
IBD_myeloid	MTHFD2	ENSG00000065911	949.0	30	30	3	-0.0001917680056067	-0.0086066192016005	0.288941353559494	1.783867677052816e-05	0.0008412958703254	0.004794660298891	positive_shift_means_deleted_embedding_moved_toward_control_centroid	-0.24914740434439028	-0.0134012795004915	False	False
IBD_myeloid	HLA-DRB1	ENSG00000196126	16125.0	30	30	13	0.0006160598713904	0.0636663511395454	0.9963744282722472	1.783867677052816e-05	0.0008412958703254	0.004794660298891	positive_shift_means_deleted_embedding_moved_toward_control_centroid	0.7110711174518061	0.0588716908406544	True	True
IBD_myeloid	FKBP1A	ENSG00000088832	1781.0	30	30	3	-0.000141064330819	-0.0038849916309118	0.4776731729507446	1.783867677052816e-05	0.0008412958703254	0.004794660298891	positive_shift_means_deleted_embedding_moved_toward_control_centroid	-0.18887886318527508	-0.0086796519298028	False	False
IBD_myeloid	CD74	ENSG00000019582	395.0	30	30	13	-0.0017394194146618	-0.1534198224544525	1.5754151344299316	1.783867677052816e-05	0.0008412958703254	0.004794660298891	positive_shift_means_deleted_embedding_moved_toward_control_centroid	-2.088751595503076	-0.1582144827533435	False	False
IBD_myeloid	HAPLN3	ENSG00000140511	7871.0	30	30	0				1.783867677052816e-05	0.0008412958703254	0.004794660298891	token_not_detected_in_selected_disease_cells			False	False
IBD_myeloid	ACSL1	ENSG00000151726	9314.0	30	30	2	0.0010884702205657	0.0968338996171951	0.4814020991325378	1.783867677052816e-05	0.0008412958703254	0.004794660298891	positive_shift_means_deleted_embedding_moved_toward_control_centroid	1.2725981210166508	0.0920392393183041	False	False
IBD_myeloid	PSME1	ENSG00000092010	1941.0	30	30	7	0.0002240964386146	0.033337514847517	0.4167005121707916	1.783867677052816e-05	0.0008412958703254	0.004794660298891	positive_shift_means_deleted_embedding_moved_toward_control_centroid	0.24516673517521795	0.028542854548625998	True	False
IBD_myeloid	TMSB10	ENSG00000034510	511.0	30	30	16	-1.1887401342391968e-05	-0.0280204284936189	0.9076486825942992	1.783867677052816e-05	0.0008412958703254	0.004794660298891	positive_shift_means_deleted_embedding_moved_toward_control_centroid	-0.035333678865465665	-0.0328150887925099	False	False
IBD_myeloid	PTPN2	ENSG00000175354	13567.0	30	30	0				1.783867677052816e-05	0.0008412958703254	0.004794660298891	token_not_detected_in_selected_disease_cells			False	False
IBD_myeloid	CNN3	ENSG00000117519	4681.0	30	30	0				1.783867677052816e-05	0.0008412958703254	0.004794660298891	token_not_detected_in_selected_disease_cells			False	False
IBD_myeloid	CALR	ENSG00000179218	14186.0	30	30	6	5.861123554495862e-06	0.0157995950430631	0.6975081562995911	1.783867677052816e-05	0.0008412958703254	0.004794660298891	positive_shift_means_deleted_embedding_moved_toward_control_centroid	-0.014237028420690533	0.011004934744172102	False	False
IBD_myeloid	KRTCAP3	ENSG00000157992	10010.0	30	30	0				1.783867677052816e-05	0.0008412958703254	0.004794660298891	token_not_detected_in_selected_disease_cells			False	False
IBD_myeloid	CTSB	ENSG00000164733	11238.0	30	30	10	0.0003729581949301	0.0304145254194736	0.7813946008682251	1.783867677052816e-05	0.0008412958703254	0.004794660298891	positive_shift_means_deleted_embedding_moved_toward_control_centroid	0.42211014065980995	0.025619865120582598	True	False
IBD_myeloid	LTA4H	ENSG00000111144	3815.0	30	30	1	-0.0002402663230895	0.0037180166691541	0.2552806138992309	1.783867677052816e-05	0.0008412958703254	0.004794660298891	positive_shift_means_deleted_embedding_moved_toward_control_centroid	-0.3067945641527959	-0.0010766436297368997	False	False
IBD_myeloid	IL2RG	ENSG00000147168	8814.0	30	30	2	4.565715789794922e-05	0.0201708208769559	0.2411593496799469	1.783867677052816e-05	0.0008412958703254	0.004794660298891	positive_shift_means_deleted_embedding_moved_toward_control_centroid	0.03306622807581512	0.0153761605780649	False	False
IBD_myeloid	CTSS	ENSG00000163131	10748.0	30	30	18	-0.0006365444860421	0.0288184117525815	0.9706751704216005	1.783867677052816e-05	0.0008412958703254	0.004794660298891	positive_shift_means_deleted_embedding_moved_toward_control_centroid	-0.7778276179574292	0.024023751453690498	False	False
IBD_myeloid	SEL1L3	ENSG00000091490	1920.0	30	30	0				1.783867677052816e-05	0.0008412958703254	0.004794660298891	token_not_detected_in_selected_disease_cells			False	False
psoriasis_keratinocyte	ATOX1	ENSG00000177556	13923.0	30	30	1	-0.000257670879364	0.0089781172573566	0.2681900560855865	-6.662756204605103e-05	0.0006952022839323	0.0055225943389814	positive_shift_means_deleted_embedding_moved_toward_control_centroid	-0.27480248804325436	0.0034555229183752005	False	False
psoriasis_keratinocyte	SQLE	ENSG00000104549	2916.0	30	30	1	-8.165836334228516e-06	-0.0206789337098598	0.2398351579904556	-6.662756204605103e-05	0.0006952022839323	0.0055225943389814	positive_shift_means_deleted_embedding_moved_toward_control_centroid	0.08409311514505269	-0.0262015280488412	False	False
psoriasis_keratinocyte	TPM4	ENSG00000167460	11886.0	30	30	5	3.643035961431451e-05	0.030107632279396	0.5267225503921509	-6.662756204605103e-05	0.0006952022839323	0.0055225943389814	positive_shift_means_deleted_embedding_moved_toward_control_centroid	0.14824163274814772	0.0245850379404146	True	False
psoriasis_keratinocyte	LDLRAD3	ENSG00000179241	14189.0	30	30	2	-0.0015030205249786	-0.0505754090845584	0.5367327928543091	-6.662756204605103e-05	0.0006952022839323	0.0055225943389814	positive_shift_means_deleted_embedding_moved_toward_control_centroid	-2.0661510989403298	-0.056098003423539794	False	False
psoriasis_keratinocyte	C1QTNF1	ENSG00000173918	13328.0	30	30	0				-6.662756204605103e-05	0.0006952022839323	0.0055225943389814	token_not_detected_in_selected_disease_cells			False	False
psoriasis_keratinocyte	HIF1A	ENSG00000100644	2347.0	30	30	3	-0.0004433194699231	-0.052735049277544	0.4233314096927643	-6.662756204605103e-05	0.0006952022839323	0.0055225943389814	positive_shift_means_deleted_embedding_moved_toward_control_centroid	-0.5418450378878961	-0.0582576436165254	False	False
psoriasis_keratinocyte	CBX3	ENSG00000122565	5228.0	30	30	3	6.226698315003887e-05	0.0167146194726228	0.4363697469234466	-6.662756204605103e-05	0.0006952022839323	0.0055225943389814	positive_shift_means_deleted_embedding_moved_toward_control_centroid	0.18540581378274335	0.011192025133641398	True	False
psoriasis_keratinocyte	CFB	ENSG00000243649	18408.0	30	30	0				-6.662756204605103e-05	0.0006952022839323	0.0055225943389814	token_not_detected_in_selected_disease_cells			False	False
psoriasis_keratinocyte	TIMP1	ENSG00000102265	2635.0	30	30	1	-0.0012173652648925	-0.0771696642041206	0.6020281910896301	-6.662756204605103e-05	0.0006952022839323	0.0055225943389814	positive_shift_means_deleted_embedding_moved_toward_control_centroid	-1.6552559297381564	-0.082692258543102	False	False
psoriasis_keratinocyte	ACSL3	ENSG00000123983	5378.0	30	30	4	-0.000319167971611	-0.0291762538254261	0.4062965810298919	-6.662756204605103e-05	0.0006952022839323	0.0055225943389814	positive_shift_means_deleted_embedding_moved_toward_control_centroid	-0.3632617662538373	-0.0346988481644075	False	False
psoriasis_keratinocyte	C15ORF48			30	30	0				-6.662756204605103e-05	0.0006952022839323	0.0055225943389814	not_in_geneformer_token_dictionary			False	False
psoriasis_keratinocyte	CHI3L1	ENSG00000133048	6605.0	30	30	2	-0.0004497468471527	-0.0165733657777309	0.4205080866813659	-6.662756204605103e-05	0.0006952022839323	0.0055225943389814	positive_shift_means_deleted_embedding_moved_toward_control_centroid	-0.5510903717686259	-0.0220959601167123	False	False
psoriasis_keratinocyte	DAP	ENSG00000112977	4090.0	30	30	0				-6.662756204605103e-05	0.0006952022839323	0.0055225943389814	token_not_detected_in_selected_disease_cells			False	False
psoriasis_keratinocyte	FMNL2	ENSG00000157827	9991.0	30	30	2	-0.000103622674942	-0.0212090834975242	0.4839638173580169	-6.662756204605103e-05	0.0006952022839323	0.0055225943389814	positive_shift_means_deleted_embedding_moved_toward_control_centroid	-0.05321488975365855	-0.0267316778365056	False	False
psoriasis_keratinocyte	SDC4	ENSG00000124145	5402.0	30	30	2	-0.0001686513423919	-0.0491262078285217	0.4755633473396301	-6.662756204605103e-05	0.0006952022839323	0.0055225943389814	positive_shift_means_deleted_embedding_moved_toward_control_centroid	-0.14675409259124966	-0.0546488021675031	False	False
psoriasis_keratinocyte	CTSL	ENSG00000135047	6899.0	30	30	0				-6.662756204605103e-05	0.0006952022839323	0.0055225943389814	token_not_detected_in_selected_disease_cells			False	False
psoriasis_keratinocyte	SNX10	ENSG00000086300	1685.0	30	30	0				-6.662756204605103e-05	0.0006952022839323	0.0055225943389814	token_not_detected_in_selected_disease_cells			False	False
psoriasis_keratinocyte	REG1A	ENSG00000115386	4384.0	30	30	0				-6.662756204605103e-05	0.0006952022839323	0.0055225943389814	token_not_detected_in_selected_disease_cells			False	False
psoriasis_keratinocyte	COL4A1	ENSG00000187498	15692.0	30	30	1	-0.0008099675178527	-0.047692734748125	0.72234046459198	-6.662756204605103e-05	0.0006952022839323	0.0055225943389814	positive_shift_means_deleted_embedding_moved_toward_control_centroid	-1.0692426837294982	-0.0532153290871064	False	False
psoriasis_keratinocyte	RPL17	ENSG00000265681	19067.0	30	30	14	-0.0001354132400592	0.041664008051157	0.7050551176071167	-6.662756204605103e-05	0.0006952022839323	0.0055225943389814	positive_shift_means_deleted_embedding_moved_toward_control_centroid	-0.09894340050794115	0.0361414137121756	False	False
psoriasis_keratinocyte	MPHOSPH6	ENSG00000135698	7029.0	30	30	5	-0.000249552715104	-0.0329805463552475	0.3179772496223449	-6.662756204605103e-05	0.0006952022839323	0.0055225943389814	positive_shift_means_deleted_embedding_moved_toward_control_centroid	-0.2631250749397172	-0.038503140694228895	False	False
psoriasis_keratinocyte	PDPN	ENSG00000162493	10577.0	30	30	0				-6.662756204605103e-05	0.0006952022839323	0.0055225943389814	token_not_detected_in_selected_disease_cells			False	False
psoriasis_keratinocyte	CXCL8	ENSG00000169429	12365.0	30	30	0				-6.662756204605103e-05	0.0006952022839323	0.0055225943389814	token_not_detected_in_selected_disease_cells			False	False
psoriasis_keratinocyte	PDLIM7	ENSG00000196923	16354.0	30	30	0				-6.662756204605103e-05	0.0006952022839323	0.0055225943389814	token_not_detected_in_selected_disease_cells			False	False
psoriasis_keratinocyte	PTPRE	ENSG00000132334	6474.0	30	30	0				-6.662756204605103e-05	0.0006952022839323	0.0055225943389814	token_not_detected_in_selected_disease_cells			False	False
psoriasis_keratinocyte	IL7R	ENSG00000168685	12195.0	30	30	0				-6.662756204605103e-05	0.0006952022839323	0.0055225943389814	token_not_detected_in_selected_disease_cells			False	False
psoriasis_keratinocyte	HLA-B	ENSG00000234745	18151.0	30	30	0				-6.662756204605103e-05	0.0006952022839323	0.0055225943389814	token_not_detected_in_selected_disease_cells			False	False
psoriasis_keratinocyte	SEC61B	ENSG00000106803	3336.0	30	30	3	0.0007802049512974	0.0162815265357494	0.5889886617660522	-6.662756204605103e-05	0.0006952022839323	0.0055225943389814	positive_shift_means_deleted_embedding_moved_toward_control_centroid	1.218109509873125	0.010758932196768	True	True
psoriasis_keratinocyte	SEC61A1	ENSG00000058262	783.0	30	30	2	0.0002771914005279	0.0194427669048309	0.2503176927566528	-6.662756204605103e-05	0.0006952022839323	0.0055225943389814	positive_shift_means_deleted_embedding_moved_toward_control_centroid	0.49455959872455296	0.0139201725658495	False	False
psoriasis_keratinocyte	PPIB	ENSG00000166794	11730.0	30	30	3	0.0001748800277709	0.0117393946275115	0.353575736284256	-6.662756204605103e-05	0.0006952022839323	0.0055225943389814	positive_shift_means_deleted_embedding_moved_toward_control_centroid	0.34739182450739686	0.0062168002885301	True	False
psoriasis_keratinocyte	NME1	ENSG00000239672	18261.0	30	30	5	-9.179115295410156e-05	-0.0212079193443059	0.3414312899112701	-6.662756204605103e-05	0.0006952022839323	0.0055225943389814	positive_shift_means_deleted_embedding_moved_toward_control_centroid	-0.03619607053894692	-0.0267305136832873	False	False
psoriasis_keratinocyte	TNFAIP8	ENSG00000145779	8626.0	30	30	3	0.0001908342092065	0.009241840802133	0.2881005406379699	-6.662756204605103e-05	0.0006952022839323	0.0055225943389814	positive_shift_means_deleted_embedding_moved_toward_control_centroid	0.370340801811323	0.0037192464631516002	True	False
psoriasis_keratinocyte	IFITM3	ENSG00000142089	8085.0	30	30	8	0.0001463666558265	0.049780186265707	0.5289921760559082	-6.662756204605103e-05	0.0006952022839323	0.0055225943389814	positive_shift_means_deleted_embedding_moved_toward_control_centroid	0.3063773275711689	0.044257591926725605	True	False
psoriasis_keratinocyte	IFITM2	ENSG00000185201	15228.0	30	30	1	-0.000540018081665	-0.0207113176584243	0.4224727153778076	-6.662756204605103e-05	0.0006952022839323	0.0055225943389814	positive_shift_means_deleted_embedding_moved_toward_control_centroid	-0.680939246835168	-0.026233911997405702	False	False
psoriasis_keratinocyte	CASP4	ENSG00000196954	16363.0	30	30	0				-6.662756204605103e-05	0.0006952022839323	0.0055225943389814	token_not_detected_in_selected_disease_cells			False	False
psoriasis_keratinocyte	MTHFD2	ENSG00000065911	949.0	30	30	0				-6.662756204605103e-05	0.0006952022839323	0.0055225943389814	token_not_detected_in_selected_disease_cells			False	False
psoriasis_keratinocyte	HLA-DRB1	ENSG00000196126	16125.0	30	30	0				-6.662756204605103e-05	0.0006952022839323	0.0055225943389814	token_not_detected_in_selected_disease_cells			False	False
psoriasis_keratinocyte	FKBP1A	ENSG00000088832	1781.0	30	30	1	0.00052011013031	-0.035039022564888	0.4268909096717834	-6.662756204605103e-05	0.0006952022839323	0.0055225943389814	positive_shift_means_deleted_embedding_moved_toward_control_centroid	0.8439812496547964	-0.0405616169038694	False	False
psoriasis_keratinocyte	CD74	ENSG00000019582	395.0	30	30	0				-6.662756204605103e-05	0.0006952022839323	0.0055225943389814	token_not_detected_in_selected_disease_cells			False	False
psoriasis_keratinocyte	HAPLN3	ENSG00000140511	7871.0	30	30	1	0.0003126263618469	0.014760828576982	0.3995859324932098	-6.662756204605103e-05	0.0006952022839323	0.0055225943389814	positive_shift_means_deleted_embedding_moved_toward_control_centroid	0.5455303192442955	0.0092382342380006	False	False
psoriasis_keratinocyte	ACSL1	ENSG00000151726	9314.0	30	30	1	0.0001608729362487	-0.003546031191945	0.3117828071117401	-6.662756204605103e-05	0.0006952022839323	0.0055225943389814	positive_shift_means_deleted_embedding_moved_toward_control_centroid	0.3272436002481623	-0.0090686255309264	False	False
psoriasis_keratinocyte	PSME1	ENSG00000092010	1941.0	30	30	0				-6.662756204605103e-05	0.0006952022839323	0.0055225943389814	token_not_detected_in_selected_disease_cells			False	False
psoriasis_keratinocyte	TMSB10	ENSG00000034510	511.0	30	30	2	-0.0005834698677062	-0.0262215510010719	0.5241308212280273	-6.662756204605103e-05	0.0006952022839323	0.0055225943389814	positive_shift_means_deleted_embedding_moved_toward_control_centroid	-0.7434416106010375	-0.0317441453400533	False	False
psoriasis_keratinocyte	PTPN2	ENSG00000175354	13567.0	30	30	2	0.0001256167888641	0.0134721733629703	0.3518010079860687	-6.662756204605103e-05	0.0006952022839323	0.0055225943389814	positive_shift_means_deleted_embedding_moved_toward_control_centroid	0.2765300911020484	0.0079495790239889	False	False
psoriasis_keratinocyte	CNN3	ENSG00000117519	4681.0	30	30	1	-0.000270664691925	-0.0333221592009067	0.6164131164550781	-6.662756204605103e-05	0.0006952022839323	0.0055225943389814	positive_shift_means_deleted_embedding_moved_toward_control_centroid	-0.2934931811858352	-0.038844753539888095	False	False
psoriasis_keratinocyte	CALR	ENSG00000179218	14186.0	30	30	5	-9.028911881614476e-05	0.0069184764288365	0.4510636925697326	-6.662756204605103e-05	0.0006952022839323	0.0055225943389814	positive_shift_means_deleted_embedding_moved_toward_control_centroid	-0.03403549918774136	0.0013958820898551001	False	False
psoriasis_keratinocyte	KRTCAP3	ENSG00000157992	10010.0	30	30	0				-6.662756204605103e-05	0.0006952022839323	0.0055225943389814	token_not_detected_in_selected_disease_cells			False	False
psoriasis_keratinocyte	CTSB	ENSG00000164733	11238.0	30	30	2	-0.0002307593822479	-0.0191157665103673	0.2986665666103363	-6.662756204605103e-05	0.0006952022839323	0.0055225943389814	positive_shift_means_deleted_embedding_moved_toward_control_centroid	-0.23609217632810942	-0.0246383608493487	False	False
psoriasis_keratinocyte	LTA4H	ENSG00000111144	3815.0	30	30	0				-6.662756204605103e-05	0.0006952022839323	0.0055225943389814	token_not_detected_in_selected_disease_cells			False	False
psoriasis_keratinocyte	IL2RG	ENSG00000147168	8814.0	30	30	0				-6.662756204605103e-05	0.0006952022839323	0.0055225943389814	token_not_detected_in_selected_disease_cells			False	False
psoriasis_keratinocyte	CTSS	ENSG00000163131	10748.0	30	30	0				-6.662756204605103e-05	0.0006952022839323	0.0055225943389814	token_not_detected_in_selected_disease_cells			False	False
psoriasis_keratinocyte	SEL1L3	ENSG00000091490	1920.0	30	30	0				-6.662756204605103e-05	0.0006952022839323	0.0055225943389814	token_not_detected_in_selected_disease_cells			False	False
psoriasis_macrophage	ATOX1	ENSG00000177556	13923.0	30	30	4	-0.0001298040151596	-0.0049894074909389	0.3627771139144897	-6.665239731470743e-05	0.0005145073064085	0.0020135511721794	positive_shift_means_deleted_embedding_moved_toward_control_centroid	-0.12274192622398346	-0.0070029586631183	False	False
psoriasis_macrophage	SQLE	ENSG00000104549	2916.0	30	30	1	-0.0004311800003051	0.0266968049108982	0.4618467092514038	-6.665239731470743e-05	0.0005145073064085	0.0020135511721794	positive_shift_means_deleted_embedding_moved_toward_control_centroid	-0.7084983992452207	0.024683253738718804	False	False
psoriasis_macrophage	TPM4	ENSG00000167460	11886.0	30	30	6	-0.0002209643571404	0.0104200514033436	0.4375938475131988	-6.665239731470743e-05	0.0005145073064085	0.0020135511721794	positive_shift_means_deleted_embedding_moved_toward_control_centroid	-0.29992180461510204	0.0084065002311642	False	False
psoriasis_macrophage	LDLRAD3	ENSG00000179241	14189.0	30	30	0				-6.665239731470743e-05	0.0005145073064085	0.0020135511721794	token_not_detected_in_selected_disease_cells			False	False
psoriasis_macrophage	C1QTNF1	ENSG00000173918	13328.0	30	30	1	0.0005165934562683	0.0033833098132163	0.2837079763412475	-6.665239731470743e-05	0.0005145073064085	0.0020135511721794	positive_shift_means_deleted_embedding_moved_toward_control_centroid	1.1336007211526975	0.0013697586410369002	False	False
psoriasis_macrophage	HIF1A	ENSG00000100644	2347.0	30	30	12	-1.883506774902344e-05	0.0164907630532979	0.6558895707130432	-6.665239731470743e-05	0.0005145073064085	0.0020135511721794	positive_shift_means_deleted_embedding_moved_toward_control_centroid	0.09293809625264832	0.0144772118811185	True	False
psoriasis_macrophage	CBX3	ENSG00000122565	5228.0	30	30	1	-0.0001387000083923	-0.1603400409221649	0.6339768171310425	-6.665239731470743e-05	0.0005145073064085	0.0020135511721794	positive_shift_means_deleted_embedding_moved_toward_control_centroid	-0.14003224090347396	-0.1623535920943443	False	False
psoriasis_macrophage	CFB	ENSG00000243649	18408.0	30	30	0				-6.665239731470743e-05	0.0005145073064085	0.0020135511721794	token_not_detected_in_selected_disease_cells			False	False
psoriasis_macrophage	TIMP1	ENSG00000102265	2635.0	30	30	4	-0.0004245042800903	-0.014809401705861	0.5439112186431885	-6.665239731470743e-05	0.0005145073064085	0.0020135511721794	positive_shift_means_deleted_embedding_moved_toward_control_centroid	-0.6955234227353638	-0.0168229528780404	False	False
psoriasis_macrophage	ACSL3	ENSG00000123983	5378.0	30	30	1	0.0001692771911621	-0.0372355207800865	0.4090631604194641	-6.665239731470743e-05	0.0005145073064085	0.0020135511721794	positive_shift_means_deleted_embedding_moved_toward_control_centroid	0.45855439862206343	-0.0392490719522659	False	False
psoriasis_macrophage	C15ORF48			30	30	0				-6.665239731470743e-05	0.0005145073064085	0.0020135511721794	not_in_geneformer_token_dictionary			False	False
psoriasis_macrophage	CHI3L1	ENSG00000133048	6605.0	30	30	0				-6.665239731470743e-05	0.0005145073064085	0.0020135511721794	token_not_detected_in_selected_disease_cells			False	False
psoriasis_macrophage	DAP	ENSG00000112977	4090.0	30	30	1	-9.638071060180664e-05	0.0190210193395614	0.2657340466976166	-6.665239731470743e-05	0.0005145073064085	0.0020135511721794	positive_shift_means_deleted_embedding_moved_toward_control_centroid	-0.05778015767087283	0.017007468167382002	False	False
psoriasis_macrophage	FMNL2	ENSG00000157827	9991.0	30	30	7	0.0002499563270248	0.055845558643341	0.6485587358474731	-6.665239731470743e-05	0.0005145073064085	0.0020135511721794	positive_shift_means_deleted_embedding_moved_toward_control_centroid	0.6153629314801833	0.053832007471161604	True	True
psoriasis_macrophage	SDC4	ENSG00000124145	5402.0	30	30	0				-6.665239731470743e-05	0.0005145073064085	0.0020135511721794	token_not_detected_in_selected_disease_cells			False	False
psoriasis_macrophage	CTSL	ENSG00000135047	6899.0	30	30	8	-1.677870750427246e-05	-0.0022259531542658	0.5712055563926697	-6.665239731470743e-05	0.0005145073064085	0.0020135511721794	positive_shift_means_deleted_embedding_moved_toward_control_centroid	0.09693485240972863	-0.0042395043264452	False	False
psoriasis_macrophage	SNX10	ENSG00000086300	1685.0	30	30	2	-0.0004681646823883	0.0016252167988568	0.3640200793743133	-6.665239731470743e-05	0.0005145073064085	0.0020135511721794	positive_shift_means_deleted_embedding_moved_toward_control_centroid	-0.7803820860705261	-0.0003883343733225998	False	False
psoriasis_macrophage	REG1A	ENSG00000115386	4384.0	30	30	0				-6.665239731470743e-05	0.0005145073064085	0.0020135511721794	token_not_detected_in_selected_disease_cells			False	False
psoriasis_macrophage	COL4A1	ENSG00000187498	15692.0	30	30	1	-0.0001141428947448	-0.0219622887670993	0.4610690176486969	-6.665239731470743e-05	0.0005145073064085	0.0020135511721794	positive_shift_means_deleted_embedding_moved_toward_control_centroid	-0.09230286302754045	-0.023975839939278702	False	False
psoriasis_macrophage	RPL17	ENSG00000265681	19067.0	30	30	3	-0.000222464397666	-0.0965098142623901	0.8107816576957703	-6.665239731470743e-05	0.0005145073064085	0.0020135511721794	positive_shift_means_deleted_embedding_moved_toward_control_centroid	-0.302837293874275	-0.0985233654345695	False	False
psoriasis_macrophage	MPHOSPH6	ENSG00000135698	7029.0	30	30	1	-0.0001639127731323	0.0015177428722381	0.3960548937320709	-6.665239731470743e-05	0.0005145073064085	0.0020135511721794	positive_shift_means_deleted_embedding_moved_toward_control_centroid	-0.1890359468294341	-0.0004958082999412998	False	False
psoriasis_macrophage	PDPN	ENSG00000162493	10577.0	30	30	0				-6.665239731470743e-05	0.0005145073064085	0.0020135511721794	token_not_detected_in_selected_disease_cells			False	False
psoriasis_macrophage	CXCL8	ENSG00000169429	12365.0	30	30	2	-0.0005415976047515	-0.1206819340586662	0.8466631174087524	-6.665239731470743e-05	0.0005145073064085	0.0020135511721794	positive_shift_means_deleted_embedding_moved_toward_control_centroid	-0.9231068276797285	-0.1226954852308456	False	False
psoriasis_macrophage	PDLIM7	ENSG00000196923	16354.0	30	30	0				-6.665239731470743e-05	0.0005145073064085	0.0020135511721794	token_not_detected_in_selected_disease_cells			False	False
psoriasis_macrophage	PTPRE	ENSG00000132334	6474.0	30	30	2	-5.182623863220215e-05	-0.014053676277399	0.4870086908340454	-6.665239731470743e-05	0.0005145073064085	0.0020135511721794	positive_shift_means_deleted_embedding_moved_toward_control_centroid	0.028816225732533826	-0.0160672274495784	False	False
psoriasis_macrophage	IL7R	ENSG00000168685	12195.0	30	30	0				-6.665239731470743e-05	0.0005145073064085	0.0020135511721794	token_not_detected_in_selected_disease_cells			False	False
psoriasis_macrophage	HLA-B	ENSG00000234745	18151.0	30	30	0				-6.665239731470743e-05	0.0005145073064085	0.0020135511721794	token_not_detected_in_selected_disease_cells			False	False
psoriasis_macrophage	SEC61B	ENSG00000106803	3336.0	30	30	2	0.0002238154411315	0.0041660834103822	0.5012101531028748	-6.665239731470743e-05	0.0005145073064085	0.0020135511721794	positive_shift_means_deleted_embedding_moved_toward_control_centroid	0.5645553227879461	0.0021525322382028	False	False
psoriasis_macrophage	SEC61A1	ENSG00000058262	783.0	30	30	2	-0.0003499686717987	0.0200129337608814	0.3530843257904053	-6.665239731470743e-05	0.0005145073064085	0.0020135511721794	positive_shift_means_deleted_embedding_moved_toward_control_centroid	-0.5506554930418224	0.017999382588701998	False	False
psoriasis_macrophage	PPIB	ENSG00000166794	11730.0	30	30	2	0.0003558695316314	0.0216607134789228	0.5670328736305237	-6.665239731470743e-05	0.0005145073064085	0.0020135511721794	positive_shift_means_deleted_embedding_moved_toward_control_centroid	0.8212165768752766	0.019647162306743397	False	False
psoriasis_macrophage	NME1	ENSG00000239672	18261.0	30	30	1	-3.2007694244384766e-05	-0.0222170464694499	0.2191531807184219	-6.665239731470743e-05	0.0005145073064085	0.0020135511721794	positive_shift_means_deleted_embedding_moved_toward_control_centroid	0.06733568724642375	-0.024230597641629298	False	False
psoriasis_macrophage	TNFAIP8	ENSG00000145779	8626.0	30	30	2	-7.978081703186035e-05	0.0021701739169657	0.3891411423683166	-6.665239731470743e-05	0.0005145073064085	0.0020135511721794	positive_shift_means_deleted_embedding_moved_toward_control_centroid	-0.02551648840284774	0.00015662274478630027	False	False
psoriasis_macrophage	IFITM3	ENSG00000142089	8085.0	30	30	6	3.337860107421875e-06	0.0378301888704299	0.763200581073761	-6.665239731470743e-05	0.0005145073064085	0.0020135511721794	positive_shift_means_deleted_embedding_moved_toward_control_centroid	0.1360335539463838	0.035816637698250504	True	False
psoriasis_macrophage	IFITM2	ENSG00000185201	15228.0	30	30	3	6.139278411865234e-06	-0.0469276048243045	0.833587646484375	-6.665239731470743e-05	0.0005145073064085	0.0020135511721794	positive_shift_means_deleted_embedding_moved_toward_control_centroid	0.14147841016037727	-0.048941155996483895	False	False
psoriasis_macrophage	CASP4	ENSG00000196954	16363.0	30	30	2	0.0002297461032867	-0.0814444124698638	0.4805368781089782	-6.665239731470743e-05	0.0005145073064085	0.0020135511721794	positive_shift_means_deleted_embedding_moved_toward_control_centroid	0.5760821992410694	-0.08345796364204319	False	False
psoriasis_macrophage	MTHFD2	ENSG00000065911	949.0	30	30	0				-6.665239731470743e-05	0.0005145073064085	0.0020135511721794	token_not_detected_in_selected_disease_cells			False	False
psoriasis_macrophage	HLA-DRB1	ENSG00000196126	16125.0	30	30	0				-6.665239731470743e-05	0.0005145073064085	0.0020135511721794	token_not_detected_in_selected_disease_cells			False	False
psoriasis_macrophage	FKBP1A	ENSG00000088832	1781.0	30	30	8	0.0001130849123001	0.0247344840317964	0.5033246278762817	-6.665239731470743e-05	0.0005145073064085	0.0020135511721794	positive_shift_means_deleted_embedding_moved_toward_control_centroid	0.34933869232967235	0.022720932859617002	True	False
psoriasis_macrophage	CD74	ENSG00000019582	395.0	30	30	28	-0.0002894380304496	0.0873912572860717	0.987068772315979	-6.665239731470743e-05	0.0005145073064085	0.0020135511721794	positive_shift_means_deleted_embedding_moved_toward_control_centroid	-0.43300771507024804	0.0853777061138923	False	False
psoriasis_macrophage	HAPLN3	ENSG00000140511	7871.0	30	30	1	0.001239001750946	0.0473793968558311	0.3828119039535522	-6.665239731470743e-05	0.0005145073064085	0.0020135511721794	positive_shift_means_deleted_embedding_moved_toward_control_centroid	2.5376785363356253	0.0453658456836517	False	False
psoriasis_macrophage	ACSL1	ENSG00000151726	9314.0	30	30	6	1.8765529603115283e-05	-3.929312151740305e-05	0.4018961489200592	-6.665239731470743e-05	0.0005145073064085	0.0020135511721794	positive_shift_means_deleted_embedding_moved_toward_control_centroid	0.16601888030333237	-0.002052844293696803	False	False
psoriasis_macrophage	PSME1	ENSG00000092010	1941.0	30	30	2	-0.001834213733673	0.2892706990242004	1.6963709592819214	-6.665239731470743e-05	0.0005145073064085	0.0020135511721794	positive_shift_means_deleted_embedding_moved_toward_control_centroid	-3.4354445784194825	0.287257147852021	False	False
psoriasis_macrophage	TMSB10	ENSG00000034510	511.0	30	30	11	0.0001918131601996	0.0623001083731651	0.7248886823654175	-6.665239731470743e-05	0.0005145073064085	0.0020135511721794	positive_shift_means_deleted_embedding_moved_toward_control_centroid	0.5023554656949716	0.060286557200985705	True	True
psoriasis_macrophage	PTPN2	ENSG00000175354	13567.0	30	30	5	-8.102655556285754e-05	-0.048259899020195	0.4681876301765442	-6.665239731470743e-05	0.0005145073064085	0.0020135511721794	positive_shift_means_deleted_embedding_moved_toward_control_centroid	-0.02793771452632696	-0.0502734501923744	False	False
psoriasis_macrophage	CNN3	ENSG00000117519	4681.0	30	30	0				-6.665239731470743e-05	0.0005145073064085	0.0020135511721794	token_not_detected_in_selected_disease_cells			False	False
psoriasis_macrophage	CALR	ENSG00000179218	14186.0	30	30	5	0.0001879453629953	0.0568058118224144	0.7538872957229614	-6.665239731470743e-05	0.0005145073064085	0.0020135511721794	positive_shift_means_deleted_embedding_moved_toward_control_centroid	0.4948379879913038	0.054792260650235	True	False
psoriasis_macrophage	KRTCAP3	ENSG00000157992	10010.0	30	30	0				-6.665239731470743e-05	0.0005145073064085	0.0020135511721794	token_not_detected_in_selected_disease_cells			False	False
psoriasis_macrophage	CTSB	ENSG00000164733	11238.0	30	30	23	-0.0002313541335752	0.1767998784780502	1.329769253730774	-6.665239731470743e-05	0.0005145073064085	0.0020135511721794	positive_shift_means_deleted_embedding_moved_toward_control_centroid	-0.3201154467760374	0.1747863273058708	False	False
psoriasis_macrophage	LTA4H	ENSG00000111144	3815.0	30	30	2	-0.0006864368915557	-0.0120288226753473	0.2904131710529327	-6.665239731470743e-05	0.0005145073064085	0.0020135511721794	positive_shift_means_deleted_embedding_moved_toward_control_centroid	-1.2046174787436474	-0.0140423738475267	False	False
psoriasis_macrophage	IL2RG	ENSG00000147168	8814.0	30	30	0				-6.665239731470743e-05	0.0005145073064085	0.0020135511721794	token_not_detected_in_selected_disease_cells			False	False
psoriasis_macrophage	CTSS	ENSG00000163131	10748.0	30	30	17	-0.0004720792931038	-0.0252224169671535	0.7139442563056946	-6.665239731470743e-05	0.0005145073064085	0.0020135511721794	positive_shift_means_deleted_embedding_moved_toward_control_centroid	-0.7879905508420485	-0.0272359681393329	False	False
psoriasis_macrophage	SEL1L3	ENSG00000091490	1920.0	30	30	0				-6.665239731470743e-05	0.0005145073064085	0.0020135511721794	token_not_detected_in_selected_disease_cells			False	False
psoriasis_dendritic	ATOX1	ENSG00000177556	13923.0	30	30	3	-1.331170369667234e-05	0.0267414171248674	0.4056060314178467	2.90075937906901e-07	0.0004877885938144	0.000814327399712	positive_shift_means_deleted_embedding_moved_toward_control_centroid	-0.02788457911288229	0.0259270897251554	False	False
psoriasis_dendritic	SQLE	ENSG00000104549	2916.0	30	30	1	-0.000247299671173	-0.0044071748852729	0.4026531875133514	2.90075937906901e-07	0.0004877885938144	0.000814327399712	positive_shift_means_deleted_embedding_moved_toward_control_centroid	-0.5075759258223103	-0.0052215022849849	False	False
psoriasis_dendritic	TPM4	ENSG00000167460	11886.0	30	30	9	0.0002343389787711	0.0417085997760295	0.5712038278579712	2.90075937906901e-07	0.0004877885938144	0.000814327399712	positive_shift_means_deleted_embedding_moved_toward_control_centroid	0.47981626836122165	0.04089427237631749	True	False
psoriasis_dendritic	LDLRAD3	ENSG00000179241	14189.0	30	30	0				2.90075937906901e-07	0.0004877885938144	0.000814327399712	token_not_detected_in_selected_disease_cells			False	False
psoriasis_dendritic	C1QTNF1	ENSG00000173918	13328.0	30	30	0				2.90075937906901e-07	0.0004877885938144	0.000814327399712	token_not_detected_in_selected_disease_cells			False	False
psoriasis_dendritic	HIF1A	ENSG00000100644	2347.0	30	30	9	0.0001183748245239	0.0288388952612876	0.6806590557098389	2.90075937906901e-07	0.0004877885938144	0.000814327399712	positive_shift_means_deleted_embedding_moved_toward_control_centroid	0.24208181594119746	0.0280245678615756	True	False
psoriasis_dendritic	CBX3	ENSG00000122565	5228.0	30	30	1	-0.0001814365386962	-0.0118023008108139	0.3664898574352264	2.90075937906901e-07	0.0004877885938144	0.000814327399712	positive_shift_means_deleted_embedding_moved_toward_control_centroid	-0.37255199678419	-0.0126166282105259	False	False
psoriasis_dendritic	CFB	ENSG00000243649	18408.0	30	30	0				2.90075937906901e-07	0.0004877885938144	0.000814327399712	token_not_detected_in_selected_disease_cells			False	False
psoriasis_dendritic	TIMP1	ENSG00000102265	2635.0	30	30	8	-0.0001613870263099	0.0044164136052131	0.6669431924819946	2.90075937906901e-07	0.0004877885938144	0.000814327399712	positive_shift_means_deleted_embedding_moved_toward_control_centroid	-0.331449124268215	0.0036020862055011	False	False
psoriasis_dendritic	ACSL3	ENSG00000123983	5378.0	30	30	6	-1.0281801223754885e-05	-0.0081960195675492	0.4438735544681549	2.90075937906901e-07	0.0004877885938144	0.000814327399712	positive_shift_means_deleted_embedding_moved_toward_control_centroid	-0.021673071686633797	-0.009010346967261199	False	False
psoriasis_dendritic	C15ORF48			30	30	0				2.90075937906901e-07	0.0004877885938144	0.000814327399712	not_in_geneformer_token_dictionary			False	False
psoriasis_dendritic	CHI3L1	ENSG00000133048	6605.0	30	30	0				2.90075937906901e-07	0.0004877885938144	0.000814327399712	token_not_detected_in_selected_disease_cells			False	False
psoriasis_dendritic	DAP	ENSG00000112977	4090.0	30	30	0				2.90075937906901e-07	0.0004877885938144	0.000814327399712	token_not_detected_in_selected_disease_cells			False	False
psoriasis_dendritic	FMNL2	ENSG00000157827	9991.0	30	30	1	0.0005280971527099	0.0119031388312578	0.9473342895507812	2.90075937906901e-07	0.0004877885938144	0.000814327399712	positive_shift_means_deleted_embedding_moved_toward_control_centroid	1.0820406287991635	0.0110888114315458	False	False
psoriasis_dendritic	SDC4	ENSG00000124145	5402.0	30	30	0				2.90075937906901e-07	0.0004877885938144	0.000814327399712	token_not_detected_in_selected_disease_cells			False	False
psoriasis_dendritic	CTSL	ENSG00000135047	6899.0	30	30	0				2.90075937906901e-07	0.0004877885938144	0.000814327399712	token_not_detected_in_selected_disease_cells			False	False
psoriasis_dendritic	SNX10	ENSG00000086300	1685.0	30	30	1	-9.691715240478516e-05	-0.0031884096097201	0.2862286269664764	2.90075937906901e-07	0.0004877885938144	0.000814327399712	positive_shift_means_deleted_embedding_moved_toward_control_centroid	-0.19928147065217908	-0.0040027370094321	False	False
psoriasis_dendritic	REG1A	ENSG00000115386	4384.0	30	30	0				2.90075937906901e-07	0.0004877885938144	0.000814327399712	token_not_detected_in_selected_disease_cells			False	False
psoriasis_dendritic	COL4A1	ENSG00000187498	15692.0	30	30	1	-0.0003109574317932	0.0164138358086347	0.623268723487854	2.90075937906901e-07	0.0004877885938144	0.000814327399712	positive_shift_means_deleted_embedding_moved_toward_control_centroid	-0.6380786916258527	0.0155995084089227	False	False
psoriasis_dendritic	RPL17	ENSG00000265681	19067.0	30	30	11	0.000317958270898	0.0333994813263416	0.594050943851471	2.90075937906901e-07	0.0004877885938144	0.000814327399712	positive_shift_means_deleted_embedding_moved_toward_control_centroid	0.6512415398564312	0.0325851539266296	True	True
psoriasis_dendritic	MPHOSPH6	ENSG00000135698	7029.0	30	30	3	-0.0002221663744421	-0.0005815935437567	0.3718511164188385	2.90075937906901e-07	0.0004877885938144	0.000814327399712	positive_shift_means_deleted_embedding_moved_toward_control_centroid	-0.4560509474820766	-0.0013959209434687	False	False
psoriasis_dendritic	PDPN	ENSG00000162493	10577.0	30	30	0				2.90075937906901e-07	0.0004877885938144	0.000814327399712	token_not_detected_in_selected_disease_cells			False	False
psoriasis_dendritic	CXCL8	ENSG00000169429	12365.0	30	30	10	-0.0002875745412893	-0.0798344984650611	0.8037117123603821	2.90075937906901e-07	0.0004877885938144	0.000814327399712	positive_shift_means_deleted_embedding_moved_toward_control_centroid	-0.5901421658431343	-0.08064882586477311	False	False
psoriasis_dendritic	PDLIM7	ENSG00000196923	16354.0	30	30	1	-0.0001567006111145	-0.0162638872861862	0.1934631764888763	2.90075937906901e-07	0.0004877885938144	0.000814327399712	positive_shift_means_deleted_embedding_moved_toward_control_centroid	-0.3218416523944812	-0.0170782146858982	False	False
psoriasis_dendritic	PTPRE	ENSG00000132334	6474.0	30	30	7	-1.988240728678647e-05	0.0291609764099121	0.5353265404701233	2.90075937906901e-07	0.0004877885938144	0.000814327399712	positive_shift_means_deleted_embedding_moved_toward_control_centroid	-0.041354971150409585	0.0283466490102001	False	False
psoriasis_dendritic	IL7R	ENSG00000168685	12195.0	30	30	1	0.000335693359375	-0.0234486684203147	0.4091859459877014	2.90075937906901e-07	0.0004877885938144	0.000814327399712	positive_shift_means_deleted_embedding_moved_toward_control_centroid	0.6875996849666223	-0.0242629958200267	False	False
psoriasis_dendritic	HLA-B	ENSG00000234745	18151.0	30	30	0				2.90075937906901e-07	0.0004877885938144	0.000814327399712	token_not_detected_in_selected_disease_cells			False	False
psoriasis_dendritic	SEC61B	ENSG00000106803	3336.0	30	30	5	0.0002244710922241	-0.0018074713880196	0.5921018123626709	2.90075937906901e-07	0.0004877885938144	0.000814327399712	positive_shift_means_deleted_embedding_moved_toward_control_centroid	0.45958642561349505	-0.0026217987877316	False	False
psoriasis_dendritic	SEC61A1	ENSG00000058262	783.0	30	30	0				2.90075937906901e-07	0.0004877885938144	0.000814327399712	token_not_detected_in_selected_disease_cells			False	False
psoriasis_dendritic	PPIB	ENSG00000166794	11730.0	30	30	1	-0.0002612471580505	0.015588161535561	0.5745316743850708	2.90075937906901e-07	0.0004877885938144	0.000814327399712	positive_shift_means_deleted_embedding_moved_toward_control_centroid	-0.5361692284422704	0.014773834135849	False	False
psoriasis_dendritic	NME1	ENSG00000239672	18261.0	30	30	0				2.90075937906901e-07	0.0004877885938144	0.000814327399712	token_not_detected_in_selected_disease_cells			False	False
psoriasis_dendritic	TNFAIP8	ENSG00000145779	8626.0	30	30	10	1.3583898180513644e-05	-0.0072929142042994	0.4213876724243164	2.90075937906901e-07	0.0004877885938144	0.000814327399712	positive_shift_means_deleted_embedding_moved_toward_control_centroid	0.02725324538372651	-0.0081072416040114	False	False
psoriasis_dendritic	IFITM3	ENSG00000142089	8085.0	30	30	8	1.2680888175964355e-05	0.018556173890829	0.478054016828537	2.90075937906901e-07	0.0004877885938144	0.000814327399712	positive_shift_means_deleted_embedding_moved_toward_control_centroid	0.025402013075303823	0.017741846491117	True	False
psoriasis_dendritic	IFITM2	ENSG00000185201	15228.0	30	30	2	-0.0001563727855682	-0.0169797576963901	0.4939204454421997	2.90075937906901e-07	0.0004877885938144	0.000814327399712	positive_shift_means_deleted_embedding_moved_toward_control_centroid	-0.3211695875892416	-0.0177940850961021	False	False
psoriasis_dendritic	CASP4	ENSG00000196954	16363.0	30	30	0				2.90075937906901e-07	0.0004877885938144	0.000814327399712	token_not_detected_in_selected_disease_cells			False	False
psoriasis_dendritic	MTHFD2	ENSG00000065911	949.0	30	30	6	7.341305263253162e-06	0.0007643100689165	0.3460842072963714	2.90075937906901e-07	0.0004877885938144	0.000814327399712	positive_shift_means_deleted_embedding_moved_toward_control_centroid	0.014455502680386992	-5.001733079550001e-05	False	False
psoriasis_dendritic	HLA-DRB1	ENSG00000196126	16125.0	30	30	0				2.90075937906901e-07	0.0004877885938144	0.000814327399712	token_not_detected_in_selected_disease_cells			False	False
psoriasis_dendritic	FKBP1A	ENSG00000088832	1781.0	30	30	3	-0.0001664757728576	-0.0126995434984564	0.4469559490680694	2.90075937906901e-07	0.0004877885938144	0.000814327399712	positive_shift_means_deleted_embedding_moved_toward_control_centroid	-0.34188140294842584	-0.0135138708981684	False	False
psoriasis_dendritic	CD74	ENSG00000019582	395.0	30	30	27	-0.0001528969587525	0.0069289910607039	0.9850807189941406	2.90075937906901e-07	0.0004877885938144	0.000814327399712	positive_shift_means_deleted_embedding_moved_toward_control_centroid	-0.31404390474266286	0.0061146636609919	False	False
psoriasis_dendritic	HAPLN3	ENSG00000140511	7871.0	30	30	0				2.90075937906901e-07	0.0004877885938144	0.000814327399712	token_not_detected_in_selected_disease_cells			False	False
psoriasis_dendritic	ACSL1	ENSG00000151726	9314.0	30	30	2	-0.0005330741405487	-0.0554581768810749	0.4306095838546753	2.90075937906901e-07	0.0004877885938144	0.000814327399712	positive_shift_means_deleted_embedding_moved_toward_control_centroid	-1.0934331455268675	-0.0562725042807869	False	False
psoriasis_dendritic	PSME1	ENSG00000092010	1941.0	30	30	0				2.90075937906901e-07	0.0004877885938144	0.000814327399712	token_not_detected_in_selected_disease_cells			False	False
psoriasis_dendritic	TMSB10	ENSG00000034510	511.0	30	30	15	0.0002116084069712	0.0094027901068329	0.7207797169685364	2.90075937906901e-07	0.0004877885938144	0.000814327399712	positive_shift_means_deleted_embedding_moved_toward_control_centroid	0.4332170405642945	0.0085884627071209	True	False
psoriasis_dendritic	PTPN2	ENSG00000175354	13567.0	30	30	6	9.119510650634766e-05	0.0022009247913956	0.3644082546234131	2.90075937906901e-07	0.0004877885938144	0.000814327399712	positive_shift_means_deleted_embedding_moved_toward_control_centroid	0.18636153391284394	0.0013865973916835999	True	False
psoriasis_dendritic	CNN3	ENSG00000117519	4681.0	30	30	0				2.90075937906901e-07	0.0004877885938144	0.000814327399712	token_not_detected_in_selected_disease_cells			False	False
psoriasis_dendritic	CALR	ENSG00000179218	14186.0	30	30	6	-8.695324504515156e-05	-0.0006271700258366	0.510214626789093	2.90075937906901e-07	0.0004877885938144	0.000814327399712	positive_shift_means_deleted_embedding_moved_toward_control_centroid	-0.1788547786671984	-0.0014414974255486002	False	False
psoriasis_dendritic	KRTCAP3	ENSG00000157992	10010.0	30	30	0				2.90075937906901e-07	0.0004877885938144	0.000814327399712	token_not_detected_in_selected_disease_cells			False	False
psoriasis_dendritic	CTSB	ENSG00000164733	11238.0	30	30	8	-0.0005507171154022	0.0453705973923206	0.8227563500404358	2.90075937906901e-07	0.0004877885938144	0.000814327399712	positive_shift_means_deleted_embedding_moved_toward_control_centroid	-1.1296024514049239	0.044556269992608595	False	False
psoriasis_dendritic	LTA4H	ENSG00000111144	3815.0	30	30	0				2.90075937906901e-07	0.0004877885938144	0.000814327399712	token_not_detected_in_selected_disease_cells			False	False
psoriasis_dendritic	IL2RG	ENSG00000147168	8814.0	30	30	0				2.90075937906901e-07	0.0004877885938144	0.000814327399712	token_not_detected_in_selected_disease_cells			False	False
psoriasis_dendritic	CTSS	ENSG00000163131	10748.0	30	30	3	-0.0002057552337646	0.0026039395015686	0.6913051009178162	2.90075937906901e-07	0.0004877885938144	0.000814327399712	positive_shift_means_deleted_embedding_moved_toward_control_centroid	-0.42240698596758425	0.0017896121018565999	False	False
psoriasis_dendritic	SEL1L3	ENSG00000091490	1920.0	30	30	0				2.90075937906901e-07	0.0004877885938144	0.000814327399712	token_not_detected_in_selected_disease_cells			False	False
sjogren_acinar	ATOX1	ENSG00000177556	13923.0	30	30	7	8.144549065036699e-05	-0.0033649429678916	0.408786803483963	-9.232560793558755e-05	0.0011990367216174	0.0003677896398585	positive_shift_means_deleted_embedding_moved_toward_control_centroid	0.1449255852244057	-0.0037327326077500997	False	False
sjogren_acinar	SQLE	ENSG00000104549	2916.0	30	30	1	0.0017040371894836	-0.0238333083689212	0.5840880274772644	-9.232560793558755e-05	0.0011990367216174	0.0003677896398585	positive_shift_means_deleted_embedding_moved_toward_control_centroid	1.4981716281349955	-0.0242010980087797	False	False
sjogren_acinar	TPM4	ENSG00000167460	11886.0	30	30	0				-9.232560793558755e-05	0.0011990367216174	0.0003677896398585	token_not_detected_in_selected_disease_cells			False	False
sjogren_acinar	LDLRAD3	ENSG00000179241	14189.0	30	30	0				-9.232560793558755e-05	0.0011990367216174	0.0003677896398585	token_not_detected_in_selected_disease_cells			False	False
sjogren_acinar	C1QTNF1	ENSG00000173918	13328.0	30	30	0				-9.232560793558755e-05	0.0011990367216174	0.0003677896398585	token_not_detected_in_selected_disease_cells			False	False
sjogren_acinar	HIF1A	ENSG00000100644	2347.0	30	30	1	-0.0001702308654785	0.0157963000237941	0.3666307032108307	-9.232560793558755e-05	0.0011990367216174	0.0003677896398585	positive_shift_means_deleted_embedding_moved_toward_control_centroid	-0.06497320402149552	0.015428510383935602	False	False
sjogren_acinar	CBX3	ENSG00000122565	5228.0	30	30	0				-9.232560793558755e-05	0.0011990367216174	0.0003677896398585	token_not_detected_in_selected_disease_cells			False	False
sjogren_acinar	CFB	ENSG00000243649	18408.0	30	30	0				-9.232560793558755e-05	0.0011990367216174	0.0003677896398585	token_not_detected_in_selected_disease_cells			False	False
sjogren_acinar	TIMP1	ENSG00000102265	2635.0	30	30	5	-0.0005243301275186	-0.0193842202425003	0.5644007325172424	-9.232560793558755e-05	0.0011990367216174	0.0003677896398585	positive_shift_means_deleted_embedding_moved_toward_control_centroid	-0.3602929850224058	-0.0197520098823588	False	False
sjogren_acinar	ACSL3	ENSG00000123983	5378.0	30	30	8	-0.0001465007662773	-0.0129124345257878	0.4019654393196106	-9.232560793558755e-05	0.0011990367216174	0.0003677896398585	positive_shift_means_deleted_embedding_moved_toward_control_centroid	-0.045182234509577576	-0.0132802241656463	False	False
sjogren_acinar	C15ORF48			30	30	0				-9.232560793558755e-05	0.0011990367216174	0.0003677896398585	not_in_geneformer_token_dictionary			False	False
sjogren_acinar	CHI3L1	ENSG00000133048	6605.0	30	30	0				-9.232560793558755e-05	0.0011990367216174	0.0003677896398585	token_not_detected_in_selected_disease_cells			False	False
sjogren_acinar	DAP	ENSG00000112977	4090.0	30	30	8	4.995614290237427e-05	0.0248087607324123	0.4521376192569732	-9.232560793558755e-05	0.0011990367216174	0.0003677896398585	positive_shift_means_deleted_embedding_moved_toward_control_centroid	0.11866338058940817	0.0244409710925538	True	False
sjogren_acinar	FMNL2	ENSG00000157827	9991.0	30	30	0				-9.232560793558755e-05	0.0011990367216174	0.0003677896398585	token_not_detected_in_selected_disease_cells			False	False
sjogren_acinar	SDC4	ENSG00000124145	5402.0	30	30	2	-0.0004952251911163	-0.0460936054587364	0.493606835603714	-9.232560793558755e-05	0.0011990367216174	0.0003677896398585	positive_shift_means_deleted_embedding_moved_toward_control_centroid	-0.33601938615961213	-0.0464613950985949	False	False
sjogren_acinar	CTSL	ENSG00000135047	6899.0	30	30	3	0.000151356056449	0.0162112787365913	0.3810365498065948	-9.232560793558755e-05	0.0011990367216174	0.0003677896398585	positive_shift_means_deleted_embedding_moved_toward_control_centroid	0.2032311938335645	0.0158434890967328	True	False
sjogren_acinar	SNX10	ENSG00000086300	1685.0	30	30	0				-9.232560793558755e-05	0.0011990367216174	0.0003677896398585	token_not_detected_in_selected_disease_cells			False	False
sjogren_acinar	REG1A	ENSG00000115386	4384.0	30	30	0				-9.232560793558755e-05	0.0011990367216174	0.0003677896398585	token_not_detected_in_selected_disease_cells			False	False
sjogren_acinar	COL4A1	ENSG00000187498	15692.0	30	30	1	0.0003319382667541	0.0383130759000778	0.5901162028312683	-9.232560793558755e-05	0.0011990367216174	0.0003677896398585	positive_shift_means_deleted_embedding_moved_toward_control_centroid	0.3538372653986703	0.0379452862602193	False	False
sjogren_acinar	RPL17	ENSG00000265681	19067.0	30	30	0				-9.232560793558755e-05	0.0011990367216174	0.0003677896398585	token_not_detected_in_selected_disease_cells			False	False
sjogren_acinar	MPHOSPH6	ENSG00000135698	7029.0	30	30	2	-0.0003907978534698	-0.0141880791634321	0.3830235600471496	-9.232560793558755e-05	0.0011990367216174	0.0003677896398585	positive_shift_means_deleted_embedding_moved_toward_control_centroid	-0.2489266926967828	-0.0145558688032906	False	False
sjogren_acinar	PDPN	ENSG00000162493	10577.0	30	30	0				-9.232560793558755e-05	0.0011990367216174	0.0003677896398585	token_not_detected_in_selected_disease_cells			False	False
sjogren_acinar	CXCL8	ENSG00000169429	12365.0	30	30	0				-9.232560793558755e-05	0.0011990367216174	0.0003677896398585	token_not_detected_in_selected_disease_cells			False	False
sjogren_acinar	PDLIM7	ENSG00000196923	16354.0	30	30	0				-9.232560793558755e-05	0.0011990367216174	0.0003677896398585	token_not_detected_in_selected_disease_cells			False	False
sjogren_acinar	PTPRE	ENSG00000132334	6474.0	30	30	0				-9.232560793558755e-05	0.0011990367216174	0.0003677896398585	token_not_detected_in_selected_disease_cells			False	False
sjogren_acinar	IL7R	ENSG00000168685	12195.0	30	30	0				-9.232560793558755e-05	0.0011990367216174	0.0003677896398585	token_not_detected_in_selected_disease_cells			False	False
sjogren_acinar	HLA-B	ENSG00000234745	18151.0	30	30	3	-6.935993587831035e-05	-0.0139816245064139	0.9226279258728028	-9.232560793558755e-05	0.0011990367216174	0.0003677896398585	positive_shift_means_deleted_embedding_moved_toward_control_centroid	0.01915343512273622	-0.0143494141462724	False	False
sjogren_acinar	SEC61B	ENSG00000106803	3336.0	30	30	9	0.0012115505523979	0.0295245051383972	0.9232676029205322	-9.232560793558755e-05	0.0011990367216174	0.0003677896398585	positive_shift_means_deleted_embedding_moved_toward_control_centroid	1.0874363869145458	0.0291567154985387	True	True
sjogren_acinar	SEC61A1	ENSG00000058262	783.0	30	30	5	1.1014938536391128e-05	-0.0057674692943692	0.4482035636901855	-9.232560793558755e-05	0.0011990367216174	0.0003677896398585	positive_shift_means_deleted_embedding_moved_toward_control_centroid	0.08618630656497404	-0.0061352589342277	False	False
sjogren_acinar	PPIB	ENSG00000166794	11730.0	30	30	5	0.0004378318844828	0.0672052055597305	0.98919278383255	-9.232560793558755e-05	0.0011990367216174	0.0003677896398585	positive_shift_means_deleted_embedding_moved_toward_control_centroid	0.4421528405762666	0.066837415919872	True	False
sjogren_acinar	NME1	ENSG00000239672	18261.0	30	30	2	-0.0002127885818481	-0.0098585234954953	0.4154714941978454	-9.232560793558755e-05	0.0011990367216174	0.0003677896398585	positive_shift_means_deleted_embedding_moved_toward_control_centroid	-0.10046645923405748	-0.0102263131353538	False	False
sjogren_acinar	TNFAIP8	ENSG00000145779	8626.0	30	30	0				-9.232560793558755e-05	0.0011990367216174	0.0003677896398585	token_not_detected_in_selected_disease_cells			False	False
sjogren_acinar	IFITM3	ENSG00000142089	8085.0	30	30	0				-9.232560793558755e-05	0.0011990367216174	0.0003677896398585	token_not_detected_in_selected_disease_cells			False	False
sjogren_acinar	IFITM2	ENSG00000185201	15228.0	30	30	0				-9.232560793558755e-05	0.0011990367216174	0.0003677896398585	token_not_detected_in_selected_disease_cells			False	False
sjogren_acinar	CASP4	ENSG00000196954	16363.0	30	30	1	0.0012552738189697	0.038227055221796	0.2832498550415039	-9.232560793558755e-05	0.0011990367216174	0.0003677896398585	positive_shift_means_deleted_embedding_moved_toward_control_centroid	1.1239017142756804	0.0378592655819375	False	False
sjogren_acinar	MTHFD2	ENSG00000065911	949.0	30	30	1	0.0001094937324523	0.0507494583725929	0.4315937459468841	-9.232560793558755e-05	0.0011990367216174	0.0003677896398585	positive_shift_means_deleted_embedding_moved_toward_control_centroid	0.1683178978168827	0.0503816687327344	False	False
sjogren_acinar	HLA-DRB1	ENSG00000196126	16125.0	30	30	1	0.0002691745758056	-0.0223592706024646	0.3198524117469787	-9.232560793558755e-05	0.0011990367216174	0.0003677896398585	positive_shift_means_deleted_embedding_moved_toward_control_centroid	0.30149217052631555	-0.0227270602423231	False	False
sjogren_acinar	FKBP1A	ENSG00000088832	1781.0	30	30	1	-0.0007330775260925	-0.0639659017324447	0.6806820631027222	-9.232560793558755e-05	0.0011990367216174	0.0003677896398585	positive_shift_means_deleted_embedding_moved_toward_control_centroid	-0.5343889028624509	-0.0643336913723032	False	False
sjogren_acinar	CD74	ENSG00000019582	395.0	30	30	0				-9.232560793558755e-05	0.0011990367216174	0.0003677896398585	token_not_detected_in_selected_disease_cells			False	False
sjogren_acinar	HAPLN3	ENSG00000140511	7871.0	30	30	0				-9.232560793558755e-05	0.0011990367216174	0.0003677896398585	token_not_detected_in_selected_disease_cells			False	False
sjogren_acinar	ACSL1	ENSG00000151726	9314.0	30	30	0				-9.232560793558755e-05	0.0011990367216174	0.0003677896398585	token_not_detected_in_selected_disease_cells			False	False
sjogren_acinar	PSME1	ENSG00000092010	1941.0	30	30	5	0.0004683136940002	0.1111013293266296	0.8324238061904907	-9.232560793558755e-05	0.0011990367216174	0.0003677896398585	positive_shift_means_deleted_embedding_moved_toward_control_centroid	0.4675747554916685	0.11073353968677109	True	False
sjogren_acinar	TMSB10	ENSG00000034510	511.0	30	30	1	-0.0003194212913513	-0.1190848052501678	0.9555284976959229	-9.232560793558755e-05	0.0011990367216174	0.0003677896398585	positive_shift_means_deleted_embedding_moved_toward_control_centroid	-0.18939843903144132	-0.11945259489002631	False	False
sjogren_acinar	PTPN2	ENSG00000175354	13567.0	30	30	1	0.0003300905227661	0.0313719063997268	0.4017245471477508	-9.232560793558755e-05	0.0011990367216174	0.0003677896398585	positive_shift_means_deleted_embedding_moved_toward_control_centroid	0.3522962417130007	0.0310041167598683	False	False
sjogren_acinar	CNN3	ENSG00000117519	4681.0	30	30	0				-9.232560793558755e-05	0.0011990367216174	0.0003677896398585	token_not_detected_in_selected_disease_cells			False	False
sjogren_acinar	CALR	ENSG00000179218	14186.0	30	30	3	-0.0018654068699106	-0.0489040426909923	0.8245118260383606	-9.232560793558755e-05	0.0011990367216174	0.0003677896398585	positive_shift_means_deleted_embedding_moved_toward_control_centroid	-1.4787547620587251	-0.0492718323308508	False	False
sjogren_acinar	KRTCAP3	ENSG00000157992	10010.0	30	30	7	-0.0005209445953369	-0.0216787792742252	0.4364672601222992	-9.232560793558755e-05	0.0011990367216174	0.0003677896398585	positive_shift_means_deleted_embedding_moved_toward_control_centroid	-0.35746944165574956	-0.0220465689140837	False	False
sjogren_acinar	CTSB	ENSG00000164733	11238.0	30	30	2	-0.0001133978366851	-0.0280864648520946	0.3959872126579284	-9.232560793558755e-05	0.0011990367216174	0.0003677896398585	positive_shift_means_deleted_embedding_moved_toward_control_centroid	-0.017574298075781845	-0.0284542544919531	False	False
sjogren_acinar	LTA4H	ENSG00000111144	3815.0	30	30	0				-9.232560793558755e-05	0.0011990367216174	0.0003677896398585	token_not_detected_in_selected_disease_cells			False	False
sjogren_acinar	IL2RG	ENSG00000147168	8814.0	30	30	0				-9.232560793558755e-05	0.0011990367216174	0.0003677896398585	token_not_detected_in_selected_disease_cells			False	False
sjogren_acinar	CTSS	ENSG00000163131	10748.0	30	30	1	0.0006443858146667	0.0408259779214859	0.4802941679954529	-9.232560793558755e-05	0.0011990367216174	0.0003677896398585	positive_shift_means_deleted_embedding_moved_toward_control_centroid	0.6144193996064822	0.0404581882816274	False	False
sjogren_acinar	SEL1L3	ENSG00000091490	1920.0	30	30	0				-9.232560793558755e-05	0.0011990367216174	0.0003677896398585	token_not_detected_in_selected_disease_cells			False	False
sjogren_duct	ATOX1	ENSG00000177556	13923.0	30	30	4	-5.254149436950683e-05	-0.0076466635800898	0.4137726724147796	-0.0001781865954399	0.0006892292881287	-0.0067122023475045	positive_shift_means_deleted_embedding_moved_toward_control_centroid	0.1822979714218578	-0.0009344612325853001	False	False
sjogren_duct	SQLE	ENSG00000104549	2916.0	30	30	0				-0.0001781865954399	0.0006892292881287	-0.0067122023475045	token_not_detected_in_selected_disease_cells			False	False
sjogren_duct	TPM4	ENSG00000167460	11886.0	30	30	4	-0.0003613829612731	-0.0510592758655548	0.4053046405315399	-0.0001781865954399	0.0006892292881287	-0.0067122023475045	positive_shift_means_deleted_embedding_moved_toward_control_centroid	-0.26579886982253675	-0.044347073518050305	False	False
sjogren_duct	LDLRAD3	ENSG00000179241	14189.0	30	30	1	0.0001198649406433	-0.0345713458955287	0.3593937754631042	-0.0001781865954399	0.0006892292881287	-0.0067122023475045	positive_shift_means_deleted_embedding_moved_toward_control_centroid	0.43244177404652706	-0.027859143548024205	False	False
sjogren_duct	C1QTNF1	ENSG00000173918	13328.0	30	30	0				-0.0001781865954399	0.0006892292881287	-0.0067122023475045	token_not_detected_in_selected_disease_cells			False	False
sjogren_duct	HIF1A	ENSG00000100644	2347.0	30	30	1	-0.0001041889190673	-0.0777771472930908	0.3798159658908844	-0.0001781865954399	0.0006892292881287	-0.0067122023475045	positive_shift_means_deleted_embedding_moved_toward_control_centroid	0.10736293080856768	-0.07106494494558631	False	False
sjogren_duct	CBX3	ENSG00000122565	5228.0	30	30	3	-0.000212709113839	0.0196269284933805	0.4202903211116791	-0.0001781865954399	0.0006892292881287	-0.0067122023475045	positive_shift_means_deleted_embedding_moved_toward_control_centroid	-0.05008858299221551	0.026339130840885003	False	False
sjogren_duct	CFB	ENSG00000243649	18408.0	30	30	0				-0.0001781865954399	0.0006892292881287	-0.0067122023475045	token_not_detected_in_selected_disease_cells			False	False
sjogren_duct	TIMP1	ENSG00000102265	2635.0	30	30	0				-0.0001781865954399	0.0006892292881287	-0.0067122023475045	token_not_detected_in_selected_disease_cells			False	False
sjogren_duct	ACSL3	ENSG00000123983	5378.0	30	30	3	0.0002029935567406	0.0219381526112556	0.4870419204235077	-0.0001781865954399	0.0006892292881287	-0.0067122023475045	positive_shift_means_deleted_embedding_moved_toward_control_centroid	0.5530527485496555	0.028650354958760102	True	True
sjogren_duct	C15ORF48			30	30	0				-0.0001781865954399	0.0006892292881287	-0.0067122023475045	not_in_geneformer_token_dictionary			False	False
sjogren_duct	CHI3L1	ENSG00000133048	6605.0	30	30	0				-0.0001781865954399	0.0006892292881287	-0.0067122023475045	token_not_detected_in_selected_disease_cells			False	False
sjogren_duct	DAP	ENSG00000112977	4090.0	30	30	6	-5.4389238357543945e-05	-0.0026843913365155	0.4039793908596039	-0.0001781865954399	0.0006892292881287	-0.0067122023475045	positive_shift_means_deleted_embedding_moved_toward_control_centroid	0.17961708710677907	0.004027811010989	True	False
sjogren_duct	FMNL2	ENSG00000157827	9991.0	30	30	0				-0.0001781865954399	0.0006892292881287	-0.0067122023475045	token_not_detected_in_selected_disease_cells			False	False
sjogren_duct	SDC4	ENSG00000124145	5402.0	30	30	3	4.945198816130869e-05	-0.0154474107548594	0.6154451966285706	-0.0001781865954399	0.0006892292881287	-0.0067122023475045	positive_shift_means_deleted_embedding_moved_toward_control_centroid	0.33027990470234	-0.008735208407354901	False	False
sjogren_duct	CTSL	ENSG00000135047	6899.0	30	30	2	0.0006546676158905	0.0115490518510341	0.3593519032001495	-0.0001781865954399	0.0006892292881287	-0.0067122023475045	positive_shift_means_deleted_embedding_moved_toward_control_centroid	1.2083848229834377	0.0182612541985386	False	False
sjogren_duct	SNX10	ENSG00000086300	1685.0	30	30	0				-0.0001781865954399	0.0006892292881287	-0.0067122023475045	token_not_detected_in_selected_disease_cells			False	False
sjogren_duct	REG1A	ENSG00000115386	4384.0	30	30	0				-0.0001781865954399	0.0006892292881287	-0.0067122023475045	token_not_detected_in_selected_disease_cells			False	False
sjogren_duct	COL4A1	ENSG00000187498	15692.0	30	30	0				-0.0001781865954399	0.0006892292881287	-0.0067122023475045	token_not_detected_in_selected_disease_cells			False	False
sjogren_duct	RPL17	ENSG00000265681	19067.0	30	30	0				-0.0001781865954399	0.0006892292881287	-0.0067122023475045	token_not_detected_in_selected_disease_cells			False	False
sjogren_duct	MPHOSPH6	ENSG00000135698	7029.0	30	30	1	-0.0001693964004516	0.0100000817328691	0.4368931651115417	-0.0001781865954399	0.0006892292881287	-0.0067122023475045	positive_shift_means_deleted_embedding_moved_toward_control_centroid	0.012753658528014527	0.016712284080373598	False	False
sjogren_duct	PDPN	ENSG00000162493	10577.0	30	30	2	-0.0002625882625579	0.0125985946506261	0.4981145858764648	-0.0001781865954399	0.0006892292881287	-0.0067122023475045	positive_shift_means_deleted_embedding_moved_toward_control_centroid	-0.12245803910503537	0.019310796998130597	False	False
sjogren_duct	CXCL8	ENSG00000169429	12365.0	30	30	0				-0.0001781865954399	0.0006892292881287	-0.0067122023475045	token_not_detected_in_selected_disease_cells			False	False
sjogren_duct	PDLIM7	ENSG00000196923	16354.0	30	30	1	0.0001194477081298	0.0306524261832237	0.44032683968544	-0.0001781865954399	0.0006892292881287	-0.0067122023475045	positive_shift_means_deleted_embedding_moved_toward_control_centroid	0.4318364130720496	0.0373646285307282	False	False
sjogren_duct	PTPRE	ENSG00000132334	6474.0	30	30	0				-0.0001781865954399	0.0006892292881287	-0.0067122023475045	token_not_detected_in_selected_disease_cells			False	False
sjogren_duct	IL7R	ENSG00000168685	12195.0	30	30	0				-0.0001781865954399	0.0006892292881287	-0.0067122023475045	token_not_detected_in_selected_disease_cells			False	False
sjogren_duct	HLA-B	ENSG00000234745	18151.0	30	30	2	-0.0004492104053497	-0.067840963602066	0.4668848812580108	-0.0001781865954399	0.0006892292881287	-0.0067122023475045	positive_shift_means_deleted_embedding_moved_toward_control_centroid	-0.3932273549280623	-0.0611287612545615	False	False
sjogren_duct	SEC61B	ENSG00000106803	3336.0	30	30	4	0.000211626291275	-0.0382821634411811	0.4963648915290832	-0.0001781865954399	0.0006892292881287	-0.0067122023475045	positive_shift_means_deleted_embedding_moved_toward_control_centroid	0.5655779483388844	-0.0315699610936766	False	False
sjogren_duct	SEC61A1	ENSG00000058262	783.0	30	30	5	-0.0005578398704528	-0.0286730118095874	0.4390802383422851	-0.0001781865954399	0.0006892292881287	-0.0067122023475045	positive_shift_means_deleted_embedding_moved_toward_control_centroid	-0.550837408612861	-0.021960809462082898	False	False
sjogren_duct	PPIB	ENSG00000166794	11730.0	30	30	3	-0.0001539389340905	0.0047408766113221	0.5640091896057129	-0.0001781865954399	0.0006892292881287	-0.0067122023475045	positive_shift_means_deleted_embedding_moved_toward_control_centroid	0.03518083425507626	0.0114530789588266	True	False
sjogren_duct	NME1	ENSG00000239672	18261.0	30	30	1	-0.000175654888153	-0.0021420530974864	0.5147950053215027	-0.0001781865954399	0.0006892292881287	-0.0067122023475045	positive_shift_means_deleted_embedding_moved_toward_control_centroid	0.0036732439124485287	0.004570149250018099	False	False
sjogren_duct	TNFAIP8	ENSG00000145779	8626.0	30	30	0				-0.0001781865954399	0.0006892292881287	-0.0067122023475045	token_not_detected_in_selected_disease_cells			False	False
sjogren_duct	IFITM3	ENSG00000142089	8085.0	30	30	1	0.0003575086593627	0.0125000504776835	0.6107842922210693	-0.0001781865954399	0.0006892292881287	-0.0067122023475045	positive_shift_means_deleted_embedding_moved_toward_control_centroid	0.7772380890212104	0.019212252825188	False	False
sjogren_duct	IFITM2	ENSG00000185201	15228.0	30	30	0				-0.0001781865954399	0.0006892292881287	-0.0067122023475045	token_not_detected_in_selected_disease_cells			False	False
sjogren_duct	CASP4	ENSG00000196954	16363.0	30	30	0				-0.0001781865954399	0.0006892292881287	-0.0067122023475045	token_not_detected_in_selected_disease_cells			False	False
sjogren_duct	MTHFD2	ENSG00000065911	949.0	30	30	0				-0.0001781865954399	0.0006892292881287	-0.0067122023475045	token_not_detected_in_selected_disease_cells			False	False
sjogren_duct	HLA-DRB1	ENSG00000196126	16125.0	30	30	1	0.0003466010093688	0.0362799130380153	0.3211876153945923	-0.0001781865954399	0.0006892292881287	-0.0067122023475045	positive_shift_means_deleted_embedding_moved_toward_control_centroid	0.761412223548321	0.0429921153855198	False	False
sjogren_duct	FKBP1A	ENSG00000088832	1781.0	30	30	0				-0.0001781865954399	0.0006892292881287	-0.0067122023475045	token_not_detected_in_selected_disease_cells			False	False
sjogren_duct	CD74	ENSG00000019582	395.0	30	30	2	0.0009576082229614	0.0116090718656778	0.5286670923233032	-0.0001781865954399	0.0006892292881287	-0.0067122023475045	positive_shift_means_deleted_embedding_moved_toward_control_centroid	1.6479201304475217	0.0183212742131823	False	False
sjogren_duct	HAPLN3	ENSG00000140511	7871.0	30	30	0				-0.0001781865954399	0.0006892292881287	-0.0067122023475045	token_not_detected_in_selected_disease_cells			False	False
sjogren_duct	ACSL1	ENSG00000151726	9314.0	30	30	0				-0.0001781865954399	0.0006892292881287	-0.0067122023475045	token_not_detected_in_selected_disease_cells			False	False
sjogren_duct	PSME1	ENSG00000092010	1941.0	30	30	2	-0.0005347728729248	-0.0496775172650814	0.3988945782184601	-0.0001781865954399	0.0006892292881287	-0.0067122023475045	positive_shift_means_deleted_embedding_moved_toward_control_centroid	-0.5173695947440855	-0.0429653149175769	False	False
sjogren_duct	TMSB10	ENSG00000034510	511.0	30	30	1	0.0012908577919006	-0.0828829556703567	0.7339731454849243	-0.0001781865954399	0.0006892292881287	-0.0067122023475045	positive_shift_means_deleted_embedding_moved_toward_control_centroid	2.131430588692837	-0.0761707533228522	False	False
sjogren_duct	PTPN2	ENSG00000175354	13567.0	30	30	2	-0.0004507899284362	-0.0041849073022603	0.4047628045082092	-0.0001781865954399	0.0006892292881287	-0.0067122023475045	positive_shift_means_deleted_embedding_moved_toward_control_centroid	-0.3955190786166891	0.0025272950452441996	False	False
sjogren_duct	CNN3	ENSG00000117519	4681.0	30	30	2	0.0002870559692382	-0.0275678411126136	0.4150286018848419	-0.0001781865954399	0.0006892292881287	-0.0067122023475045	positive_shift_means_deleted_embedding_moved_toward_control_centroid	0.6750185644914514	-0.020855638765109104	False	False
sjogren_duct	CALR	ENSG00000179218	14186.0	30	30	2	3.5375356674194336e-05	-0.0297602247446775	0.4909265339374542	-0.0001781865954399	0.0006892292881287	-0.0067122023475045	positive_shift_means_deleted_embedding_moved_toward_control_centroid	0.3098561767360876	-0.023048022397172997	False	False
sjogren_duct	KRTCAP3	ENSG00000157992	10010.0	30	30	12	-0.0004413475689943	-0.0082701789215207	0.4436417520046234	-0.0001781865954399	0.0006892292881287	-0.0067122023475045	positive_shift_means_deleted_embedding_moved_toward_control_centroid	-0.3818191973079064	-0.0015579765740162	False	False
sjogren_duct	CTSB	ENSG00000164733	11238.0	30	30	0				-0.0001781865954399	0.0006892292881287	-0.0067122023475045	token_not_detected_in_selected_disease_cells			False	False
sjogren_duct	LTA4H	ENSG00000111144	3815.0	30	30	0				-0.0001781865954399	0.0006892292881287	-0.0067122023475045	token_not_detected_in_selected_disease_cells			False	False
sjogren_duct	IL2RG	ENSG00000147168	8814.0	30	30	0				-0.0001781865954399	0.0006892292881287	-0.0067122023475045	token_not_detected_in_selected_disease_cells			False	False
sjogren_duct	CTSS	ENSG00000163131	10748.0	30	30	0				-0.0001781865954399	0.0006892292881287	-0.0067122023475045	token_not_detected_in_selected_disease_cells			False	False
sjogren_duct	SEL1L3	ENSG00000091490	1920.0	30	30	0				-0.0001781865954399	0.0006892292881287	-0.0067122023475045	token_not_detected_in_selected_disease_cells			False	False
sjogren_APC	ATOX1	ENSG00000177556	13923.0	30	30	3	-0.0002562999725341	-0.0065718591213226	0.5552540421485901	-0.000134523709615	0.0008610320518694	-0.0044761885267992	positive_shift_means_deleted_embedding_moved_toward_control_centroid	-0.14143058049315316	-0.0020956705945234	False	False
sjogren_APC	SQLE	ENSG00000104549	2916.0	30	30	0				-0.000134523709615	0.0008610320518694	-0.0044761885267992	token_not_detected_in_selected_disease_cells			False	False
sjogren_APC	TPM4	ENSG00000167460	11886.0	30	30	1	0.0002248287200927	0.0306386686861515	0.3029549419879913	-0.000134523709615	0.0008610320518694	-0.0044761885267992	positive_shift_means_deleted_embedding_moved_toward_control_centroid	0.4173508162994681	0.0351148572129507	False	False
sjogren_APC	LDLRAD3	ENSG00000179241	14189.0	30	30	0				-0.000134523709615	0.0008610320518694	-0.0044761885267992	token_not_detected_in_selected_disease_cells			False	False
sjogren_APC	C1QTNF1	ENSG00000173918	13328.0	30	30	0				-0.000134523709615	0.0008610320518694	-0.0044761885267992	token_not_detected_in_selected_disease_cells			False	False
sjogren_APC	HIF1A	ENSG00000100644	2347.0	30	30	1	-0.0012264847755432	-0.0967608094215393	0.5267928242683411	-0.000134523709615	0.0008610320518694	-0.0044761885267992	positive_shift_means_deleted_embedding_moved_toward_control_centroid	-1.268200252891198	-0.09228462089474011	False	False
sjogren_APC	CBX3	ENSG00000122565	5228.0	30	30	0				-0.000134523709615	0.0008610320518694	-0.0044761885267992	token_not_detected_in_selected_disease_cells			False	False
sjogren_APC	CFB	ENSG00000243649	18408.0	30	30	0				-0.000134523709615	0.0008610320518694	-0.0044761885267992	token_not_detected_in_selected_disease_cells			False	False
sjogren_APC	TIMP1	ENSG00000102265	2635.0	30	30	1	-0.0004612207412719	0.0213204994797706	0.3695931732654571	-0.000134523709615	0.0008610320518694	-0.0044761885267992	positive_shift_means_deleted_embedding_moved_toward_control_centroid	-0.37942493656026277	0.025796688006569802	False	False
sjogren_APC	ACSL3	ENSG00000123983	5378.0	30	30	1	-0.0001877546310424	-0.0465765781700611	0.3807293772697449	-0.000134523709615	0.0008610320518694	-0.0044761885267992	positive_shift_means_deleted_embedding_moved_toward_control_centroid	-0.06182222985988676	-0.0421003896432619	False	False
sjogren_APC	C15ORF48			30	30	0				-0.000134523709615	0.0008610320518694	-0.0044761885267992	not_in_geneformer_token_dictionary			False	False
sjogren_APC	CHI3L1	ENSG00000133048	6605.0	30	30	0				-0.000134523709615	0.0008610320518694	-0.0044761885267992	token_not_detected_in_selected_disease_cells			False	False
sjogren_APC	DAP	ENSG00000112977	4090.0	30	30	2	-0.0006475150585174	-0.0072796954773366	0.3675111532211303	-0.000134523709615	0.0008610320518694	-0.0044761885267992	positive_shift_means_deleted_embedding_moved_toward_control_centroid	-0.5957865886509527	-0.0028035069505374004	False	False
sjogren_APC	FMNL2	ENSG00000157827	9991.0	30	30	0				-0.000134523709615	0.0008610320518694	-0.0044761885267992	token_not_detected_in_selected_disease_cells			False	False
sjogren_APC	SDC4	ENSG00000124145	5402.0	30	30	0				-0.000134523709615	0.0008610320518694	-0.0044761885267992	token_not_detected_in_selected_disease_cells			False	False
sjogren_APC	CTSL	ENSG00000135047	6899.0	30	30	7	-0.0001696177932899	-0.0211626421660184	0.4985429644584656	-0.000134523709615	0.0008610320518694	-0.0044761885267992	positive_shift_means_deleted_embedding_moved_toward_control_centroid	-0.04075816178817813	-0.0166864536392192	False	False
sjogren_APC	SNX10	ENSG00000086300	1685.0	30	30	2	-0.0004074573516845	-0.058252815157175	0.3934212327003479	-0.000134523709615	0.0008610320518694	-0.0044761885267992	positive_shift_means_deleted_embedding_moved_toward_control_centroid	-0.31698429980269555	-0.0537766266303758	False	False
sjogren_APC	REG1A	ENSG00000115386	4384.0	30	30	0				-0.000134523709615	0.0008610320518694	-0.0044761885267992	token_not_detected_in_selected_disease_cells			False	False
sjogren_APC	COL4A1	ENSG00000187498	15692.0	30	30	0				-0.000134523709615	0.0008610320518694	-0.0044761885267992	token_not_detected_in_selected_disease_cells			False	False
sjogren_APC	RPL17	ENSG00000265681	19067.0	30	30	0				-0.000134523709615	0.0008610320518694	-0.0044761885267992	token_not_detected_in_selected_disease_cells			False	False
sjogren_APC	MPHOSPH6	ENSG00000135698	7029.0	30	30	2	-9.375810623168944e-05	0.0190604701638221	0.3785474896430969	-0.000134523709615	0.0008610320518694	-0.0044761885267992	positive_shift_means_deleted_embedding_moved_toward_control_centroid	0.04734504748668036	0.0235366586906213	False	False
sjogren_APC	PDPN	ENSG00000162493	10577.0	30	30	0				-0.000134523709615	0.0008610320518694	-0.0044761885267992	token_not_detected_in_selected_disease_cells			False	False
sjogren_APC	CXCL8	ENSG00000169429	12365.0	30	30	0				-0.000134523709615	0.0008610320518694	-0.0044761885267992	token_not_detected_in_selected_disease_cells			False	False
sjogren_APC	PDLIM7	ENSG00000196923	16354.0	30	30	3	-0.0006150007247924	-0.0531840585172176	0.4445068538188934	-0.000134523709615	0.0008610320518694	-0.0044761885267992	positive_shift_means_deleted_embedding_moved_toward_control_centroid	-0.5580245405896667	-0.0487078699904184	False	False
sjogren_APC	PTPRE	ENSG00000132334	6474.0	30	30	4	0.0002936273813247	0.008820928633213	0.4776673316955566	-0.000134523709615	0.0008610320518694	-0.0044761885267992	positive_shift_means_deleted_embedding_moved_toward_control_centroid	0.4972533717068192	0.013297117160012199	True	False
sjogren_APC	IL7R	ENSG00000168685	12195.0	30	30	0				-0.000134523709615	0.0008610320518694	-0.0044761885267992	token_not_detected_in_selected_disease_cells			False	False
sjogren_APC	HLA-B	ENSG00000234745	18151.0	30	30	2	-0.0001479983329772	-0.0534471720457077	0.5125776529312134	-0.000134523709615	0.0008610320518694	-0.0044761885267992	positive_shift_means_deleted_embedding_moved_toward_control_centroid	-0.01564938649257601	-0.0489709835189085	False	False
sjogren_APC	SEC61B	ENSG00000106803	3336.0	30	30	1	0.000325858592987	0.0405576899647712	0.4567267596721649	-0.000134523709615	0.0008610320518694	-0.0044761885267992	positive_shift_means_deleted_embedding_moved_toward_control_centroid	0.5346866026676439	0.0450338784915704	False	False
sjogren_APC	SEC61A1	ENSG00000058262	783.0	30	30	2	-0.0007577538490295	-0.0395066998898983	0.4517478942871094	-0.000134523709615	0.0008610320518694	-0.0044761885267992	positive_shift_means_deleted_embedding_moved_toward_control_centroid	-0.7238175838650784	-0.0350305113630991	False	False
sjogren_APC	PPIB	ENSG00000166794	11730.0	30	30	1	0.0002915859222412	0.0625084415078163	0.5721864104270935	-0.000134523709615	0.0008610320518694	-0.0044761885267992	positive_shift_means_deleted_embedding_moved_toward_control_centroid	0.49488242735106874	0.0669846300346155	False	False
sjogren_APC	NME1	ENSG00000239672	18261.0	30	30	1	0.0013373494148254	-0.0036589540541172	0.7002084255218506	-0.000134523709615	0.0008610320518694	-0.0044761885267992	positive_shift_means_deleted_embedding_moved_toward_control_centroid	1.7094289594037686	0.0008172344726819995	False	False
sjogren_APC	TNFAIP8	ENSG00000145779	8626.0	30	30	0				-0.000134523709615	0.0008610320518694	-0.0044761885267992	token_not_detected_in_selected_disease_cells			False	False
sjogren_APC	IFITM3	ENSG00000142089	8085.0	30	30	0				-0.000134523709615	0.0008610320518694	-0.0044761885267992	token_not_detected_in_selected_disease_cells			False	False
sjogren_APC	IFITM2	ENSG00000185201	15228.0	30	30	0				-0.000134523709615	0.0008610320518694	-0.0044761885267992	token_not_detected_in_selected_disease_cells			False	False
sjogren_APC	CASP4	ENSG00000196954	16363.0	30	30	2	0.0007994472980499	0.0367773286998271	0.4443488121032715	-0.000134523709615	0.0008610320518694	-0.0044761885267992	positive_shift_means_deleted_embedding_moved_toward_control_centroid	1.084711080890823	0.0412535172266263	False	False
sjogren_APC	MTHFD2	ENSG00000065911	949.0	30	30	3	0.0005833705072291	0.0359832271933555	0.4538997411727905	-0.000134523709615	0.0008610320518694	-0.0044761885267992	positive_shift_means_deleted_embedding_moved_toward_control_centroid	0.8337601547880462	0.0404594157201547	True	True
sjogren_APC	HLA-DRB1	ENSG00000196126	16125.0	30	30	5	4.733800960821099e-05	-0.031418539583683	0.6664155721664429	-0.000134523709615	0.0008610320518694	-0.0044761885267992	positive_shift_means_deleted_embedding_moved_toward_control_centroid	0.21121364626133046	-0.0269423510568838	False	False
sjogren_APC	FKBP1A	ENSG00000088832	1781.0	30	30	1	-0.0002630949020385	-0.0513907968997955	0.3734827041625976	-0.000134523709615	0.0008610320518694	-0.0044761885267992	positive_shift_means_deleted_embedding_moved_toward_control_centroid	-0.14932219090376148	-0.0469146083729963	False	False
sjogren_APC	CD74	ENSG00000019582	395.0	30	30	4	7.131695747375488e-05	-0.2573366165161133	1.3752737045288086	-0.000134523709615	0.0008610320518694	-0.0044761885267992	positive_shift_means_deleted_embedding_moved_toward_control_centroid	0.23906272320740096	-0.2528604279893141	False	False
sjogren_APC	HAPLN3	ENSG00000140511	7871.0	30	30	0				-0.000134523709615	0.0008610320518694	-0.0044761885267992	token_not_detected_in_selected_disease_cells			False	False
sjogren_APC	ACSL1	ENSG00000151726	9314.0	30	30	0				-0.000134523709615	0.0008610320518694	-0.0044761885267992	token_not_detected_in_selected_disease_cells			False	False
sjogren_APC	PSME1	ENSG00000092010	1941.0	30	30	2	0.0002966225147247	-0.0768965631723404	0.4925910830497741	-0.000134523709615	0.0008610320518694	-0.0044761885267992	positive_shift_means_deleted_embedding_moved_toward_control_centroid	0.5007319105062719	-0.0724203746455412	False	False
sjogren_APC	TMSB10	ENSG00000034510	511.0	30	30	2	6.324052810668945e-05	-0.2007009088993072	0.7492882609367371	-0.000134523709615	0.0008610320518694	-0.0044761885267992	positive_shift_means_deleted_embedding_moved_toward_control_centroid	0.22968278276322057	-0.196224720372508	False	False
sjogren_APC	PTPN2	ENSG00000175354	13567.0	30	30	1	-0.0008391141891479	-0.0758771300315857	0.5417089462280273	-0.000134523709615	0.0008610320518694	-0.0044761885267992	positive_shift_means_deleted_embedding_moved_toward_control_centroid	-0.8183092348341188	-0.0714009415047865	False	False
sjogren_APC	CNN3	ENSG00000117519	4681.0	30	30	0				-0.000134523709615	0.0008610320518694	-0.0044761885267992	token_not_detected_in_selected_disease_cells			False	False
sjogren_APC	CALR	ENSG00000179218	14186.0	30	30	2	-0.0009836554527282	-0.0372944511473178	0.6902999877929688	-0.000134523709615	0.0008610320518694	-0.0044761885267992	positive_shift_means_deleted_embedding_moved_toward_control_centroid	-0.9861790176911961	-0.0328182626205186	False	False
sjogren_APC	KRTCAP3	ENSG00000157992	10010.0	30	30	0				-0.000134523709615	0.0008610320518694	-0.0044761885267992	token_not_detected_in_selected_disease_cells			False	False
sjogren_APC	CTSB	ENSG00000164733	11238.0	30	30	5	0.000607562076766	-0.0743504986166954	0.9285635948181152	-0.000134523709615	0.0008610320518694	-0.0044761885267992	positive_shift_means_deleted_embedding_moved_toward_control_centroid	0.8618561698950069	-0.06987431008989621	False	False
sjogren_APC	LTA4H	ENSG00000111144	3815.0	30	30	2	0.0001479983329772	0.020973578095436	0.4221803545951843	-0.000134523709615	0.0008610320518694	-0.0044761885267992	positive_shift_means_deleted_embedding_moved_toward_control_centroid	0.3281202389374612	0.0254497666222352	False	False
sjogren_APC	IL2RG	ENSG00000147168	8814.0	30	30	0				-0.000134523709615	0.0008610320518694	-0.0044761885267992	token_not_detected_in_selected_disease_cells			False	False
sjogren_APC	CTSS	ENSG00000163131	10748.0	30	30	2	-0.00144624710083	-0.040714643895626	0.7920914888381958	-0.000134523709615	0.0008610320518694	-0.0044761885267992	positive_shift_means_deleted_embedding_moved_toward_control_centroid	-1.5234315474866436	-0.0362384553688268	False	False
sjogren_APC	SEL1L3	ENSG00000091490	1920.0	30	30	0				-0.000134523709615	0.0008610320518694	-0.0044761885267992	token_not_detected_in_selected_disease_cells			False	False
t1d_acinar	ATOX1	ENSG00000177556	13923.0	30	30	4	-3.664195537567139e-05	-0.0256569758057594	0.4544199109077453	8.162260055541993e-05	0.0006158845558434	-0.0116091135598253	positive_shift_means_deleted_embedding_moved_toward_control_centroid	-0.19202390254637633	-0.014047862245934099	False	False
t1d_acinar	SQLE	ENSG00000104549	2916.0	30	30	4	0.0002322793006896	-0.0086243376135826	0.454291820526123	8.162260055541993e-05	0.0006158845558434	-0.0116091135598253	positive_shift_means_deleted_embedding_moved_toward_control_centroid	0.2446184089287138	0.002984775946242699	True	False
t1d_acinar	TPM4	ENSG00000167460	11886.0	30	30	0				8.162260055541993e-05	0.0006158845558434	-0.0116091135598253	token_not_detected_in_selected_disease_cells			False	False
t1d_acinar	LDLRAD3	ENSG00000179241	14189.0	30	30	0				8.162260055541993e-05	0.0006158845558434	-0.0116091135598253	token_not_detected_in_selected_disease_cells			False	False
t1d_acinar	C1QTNF1	ENSG00000173918	13328.0	30	30	0				8.162260055541993e-05	0.0006158845558434	-0.0116091135598253	token_not_detected_in_selected_disease_cells			False	False
t1d_acinar	HIF1A	ENSG00000100644	2347.0	30	30	7	0.0002088291366817	0.0230849329382181	0.497832715511322	8.162260055541993e-05	0.0006158845558434	-0.0116091135598253	positive_shift_means_deleted_embedding_moved_toward_control_centroid	0.20654282514371847	0.0346940464980434	True	False
t1d_acinar	CBX3	ENSG00000122565	5228.0	30	30	0				8.162260055541993e-05	0.0006158845558434	-0.0116091135598253	token_not_detected_in_selected_disease_cells			False	False
t1d_acinar	CFB	ENSG00000243649	18408.0	30	30	7	7.363728218479082e-05	0.0151097942143678	0.539995014667511	8.162260055541993e-05	0.0006158845558434	-0.0116091135598253	positive_shift_means_deleted_embedding_moved_toward_control_centroid	-0.012965609049400358	0.0267189077741931	False	False
t1d_acinar	TIMP1	ENSG00000102265	2635.0	30	30	0				8.162260055541993e-05	0.0006158845558434	-0.0116091135598253	token_not_detected_in_selected_disease_cells			False	False
t1d_acinar	ACSL3	ENSG00000123983	5378.0	30	30	2	-0.0002424716949462	-0.0198324397206306	0.3706105351448059	8.162260055541993e-05	0.0006158845558434	-0.0116091135598253	positive_shift_means_deleted_embedding_moved_toward_control_centroid	-0.526225722705128	-0.008223326160805301	False	False
t1d_acinar	C15ORF48			30	30	0				8.162260055541993e-05	0.0006158845558434	-0.0116091135598253	not_in_geneformer_token_dictionary			False	False
t1d_acinar	CHI3L1	ENSG00000133048	6605.0	30	30	0				8.162260055541993e-05	0.0006158845558434	-0.0116091135598253	token_not_detected_in_selected_disease_cells			False	False
t1d_acinar	DAP	ENSG00000112977	4090.0	30	30	18	0.0001463823864469	-0.0084499455988407	0.4696300327777862	8.162260055541993e-05	0.0006158845558434	-0.0116091135598253	positive_shift_means_deleted_embedding_moved_toward_control_centroid	0.10514922849915796	0.0031591679609846	True	False
t1d_acinar	FMNL2	ENSG00000157827	9991.0	30	30	0				8.162260055541993e-05	0.0006158845558434	-0.0116091135598253	token_not_detected_in_selected_disease_cells			False	False
t1d_acinar	SDC4	ENSG00000124145	5402.0	30	30	14	0.0002121797588188	0.0030117891728878	0.6442596316337585	8.162260055541993e-05	0.0006158845558434	-0.0116091135598253	positive_shift_means_deleted_embedding_moved_toward_control_centroid	0.21198316636564052	0.0146209027327131	True	False
t1d_acinar	CTSL	ENSG00000135047	6899.0	30	30	0				8.162260055541993e-05	0.0006158845558434	-0.0116091135598253	token_not_detected_in_selected_disease_cells			False	False
t1d_acinar	SNX10	ENSG00000086300	1685.0	30	30	0				8.162260055541993e-05	0.0006158845558434	-0.0116091135598253	token_not_detected_in_selected_disease_cells			False	False
t1d_acinar	REG1A	ENSG00000115386	4384.0	30	30	18	-0.0002134243695763	0.0748481974005699	1.077038049697876	8.162260055541993e-05	0.0006158845558434	-0.0116091135598253	positive_shift_means_deleted_embedding_moved_toward_control_centroid	-0.47906213483090015	0.0864573109603952	False	False
t1d_acinar	COL4A1	ENSG00000187498	15692.0	30	30	0				8.162260055541993e-05	0.0006158845558434	-0.0116091135598253	token_not_detected_in_selected_disease_cells			False	False
t1d_acinar	RPL17	ENSG00000265681	19067.0	30	30	2	0.0047485530376434	0.0161330215632915	2.2133712768554688	8.162260055541993e-05	0.0006158845558434	-0.0116091135598253	positive_shift_means_deleted_embedding_moved_toward_control_centroid	7.5776058886507185	0.027742135123116803	False	False
t1d_acinar	MPHOSPH6	ENSG00000135698	7029.0	30	30	0				8.162260055541993e-05	0.0006158845558434	-0.0116091135598253	token_not_detected_in_selected_disease_cells			False	False
t1d_acinar	PDPN	ENSG00000162493	10577.0	30	30	0				8.162260055541993e-05	0.0006158845558434	-0.0116091135598253	token_not_detected_in_selected_disease_cells			False	False
t1d_acinar	CXCL8	ENSG00000169429	12365.0	30	30	0				8.162260055541993e-05	0.0006158845558434	-0.0116091135598253	token_not_detected_in_selected_disease_cells			False	False
t1d_acinar	PDLIM7	ENSG00000196923	16354.0	30	30	0				8.162260055541993e-05	0.0006158845558434	-0.0116091135598253	token_not_detected_in_selected_disease_cells			False	False
t1d_acinar	PTPRE	ENSG00000132334	6474.0	30	30	0				8.162260055541993e-05	0.0006158845558434	-0.0116091135598253	token_not_detected_in_selected_disease_cells			False	False
t1d_acinar	IL7R	ENSG00000168685	12195.0	30	30	0				8.162260055541993e-05	0.0006158845558434	-0.0116091135598253	token_not_detected_in_selected_disease_cells			False	False
t1d_acinar	HLA-B	ENSG00000234745	18151.0	30	30	0				8.162260055541993e-05	0.0006158845558434	-0.0116091135598253	token_not_detected_in_selected_disease_cells			False	False
t1d_acinar	SEC61B	ENSG00000106803	3336.0	30	30	23	-0.0007416217122226	-0.1097458973526954	1.4859870672225952	8.162260055541993e-05	0.0006158845558434	-0.0116091135598253	positive_shift_means_deleted_embedding_moved_toward_control_centroid	-1.3366860801545168	-0.0981367837928701	False	False
t1d_acinar	SEC61A1	ENSG00000058262	783.0	30	30	9	0.000228842094657	0.0291625596582889	0.4813099503517151	8.162260055541993e-05	0.0006158845558434	-0.0116091135598253	positive_shift_means_deleted_embedding_moved_toward_control_centroid	0.2390374830880048	0.0407716732181142	True	False
t1d_acinar	PPIB	ENSG00000166794	11730.0	30	30	8	0.0002586394548416	0.0695638209581375	1.1630343198776243	8.162260055541993e-05	0.0006158845558434	-0.0116091135598253	positive_shift_means_deleted_embedding_moved_toward_control_centroid	0.2874188881774621	0.0811729345179628	True	False
t1d_acinar	NME1	ENSG00000239672	18261.0	30	30	5	0.0005750060081481	-0.0259312745183706	0.6277918815612793	8.162260055541993e-05	0.0006158845558434	-0.0116091135598253	positive_shift_means_deleted_embedding_moved_toward_control_centroid	0.8010972233538715	-0.014322160958545301	False	False
t1d_acinar	TNFAIP8	ENSG00000145779	8626.0	30	30	1	-0.0003939270973205	-0.0562483295798301	0.4061138331890106	8.162260055541993e-05	0.0006158845558434	-0.0116091135598253	positive_shift_means_deleted_embedding_moved_toward_control_centroid	-0.7721409692189736	-0.0446392160200048	False	False
t1d_acinar	IFITM3	ENSG00000142089	8085.0	30	30	2	0.0003094673156738	0.0393596738576889	0.4649563729763031	8.162260055541993e-05	0.0006158845558434	-0.0116091135598253	positive_shift_means_deleted_embedding_moved_toward_control_centroid	0.3699471158297949	0.0509687874175142	False	False
t1d_acinar	IFITM2	ENSG00000185201	15228.0	30	30	0				8.162260055541993e-05	0.0006158845558434	-0.0116091135598253	token_not_detected_in_selected_disease_cells			False	False
t1d_acinar	CASP4	ENSG00000196954	16363.0	30	30	7	0.0002786687400657	-0.0115781789645552	0.3865777850151062	8.162260055541993e-05	0.0006158845558434	-0.0116091135598253	positive_shift_means_deleted_embedding_moved_toward_control_centroid	0.31994005636404155	3.0934595270100396e-05	True	False
t1d_acinar	MTHFD2	ENSG00000065911	949.0	30	30	7	0.0005854112678207	-0.0085409265011549	0.5446376800537109	8.162260055541993e-05	0.0006158845558434	-0.0116091135598253	positive_shift_means_deleted_embedding_moved_toward_control_centroid	0.8179920449139784	0.0030681870586704	True	True
t1d_acinar	HLA-DRB1	ENSG00000196126	16125.0	30	30	0				8.162260055541993e-05	0.0006158845558434	-0.0116091135598253	token_not_detected_in_selected_disease_cells			False	False
t1d_acinar	FKBP1A	ENSG00000088832	1781.0	30	30	3	-6.427367770811543e-05	-0.0136062009260058	0.5199755430221558	8.162260055541993e-05	0.0006158845558434	-0.0116091135598253	positive_shift_means_deleted_embedding_moved_toward_control_centroid	-0.23688900278355443	-0.0019970873661805007	False	False
t1d_acinar	CD74	ENSG00000019582	395.0	30	30	0				8.162260055541993e-05	0.0006158845558434	-0.0116091135598253	token_not_detected_in_selected_disease_cells			False	False
t1d_acinar	HAPLN3	ENSG00000140511	7871.0	30	30	0				8.162260055541993e-05	0.0006158845558434	-0.0116091135598253	token_not_detected_in_selected_disease_cells			False	False
t1d_acinar	ACSL1	ENSG00000151726	9314.0	30	30	0				8.162260055541993e-05	0.0006158845558434	-0.0116091135598253	token_not_detected_in_selected_disease_cells			False	False
t1d_acinar	PSME1	ENSG00000092010	1941.0	30	30	0				8.162260055541993e-05	0.0006158845558434	-0.0116091135598253	token_not_detected_in_selected_disease_cells			False	False
t1d_acinar	TMSB10	ENSG00000034510	511.0	30	30	0				8.162260055541993e-05	0.0006158845558434	-0.0116091135598253	token_not_detected_in_selected_disease_cells			False	False
t1d_acinar	PTPN2	ENSG00000175354	13567.0	30	30	1	-0.0005407333374023	-0.0512424185872077	0.4682238399982452	8.162260055541993e-05	0.0006158845558434	-0.0116091135598253	positive_shift_means_deleted_embedding_moved_toward_control_centroid	-1.010507459641455	-0.039633305027382396	False	False
t1d_acinar	CNN3	ENSG00000117519	4681.0	30	30	1	0.0016638040542602	0.0349142402410507	0.5630540251731873	8.162260055541993e-05	0.0006158845558434	-0.0116091135598253	positive_shift_means_deleted_embedding_moved_toward_control_centroid	2.568957832589455	0.046523353800876	False	False
t1d_acinar	CALR	ENSG00000179218	14186.0	30	30	0				8.162260055541993e-05	0.0006158845558434	-0.0116091135598253	token_not_detected_in_selected_disease_cells			False	False
t1d_acinar	KRTCAP3	ENSG00000157992	10010.0	30	30	10	-5.958676410955377e-05	0.000879100349266	0.4584189057350158	8.162260055541993e-05	0.0006158845558434	-0.0116091135598253	positive_shift_means_deleted_embedding_moved_toward_control_centroid	-0.22927895061697048	0.0124882139090913	False	False
t1d_acinar	CTSB	ENSG00000164733	11238.0	30	30	0				8.162260055541993e-05	0.0006158845558434	-0.0116091135598253	token_not_detected_in_selected_disease_cells			False	False
t1d_acinar	LTA4H	ENSG00000111144	3815.0	30	30	3	-0.0001111229285015	-0.0273026954382658	0.3943405151367187	8.162260055541993e-05	0.0006158845558434	-0.0116091135598253	positive_shift_means_deleted_embedding_moved_toward_control_centroid	-0.3129572372422488	-0.0156935818784405	False	False
t1d_acinar	IL2RG	ENSG00000147168	8814.0	30	30	0				8.162260055541993e-05	0.0006158845558434	-0.0116091135598253	token_not_detected_in_selected_disease_cells			False	False
t1d_acinar	CTSS	ENSG00000163131	10748.0	30	30	0				8.162260055541993e-05	0.0006158845558434	-0.0116091135598253	token_not_detected_in_selected_disease_cells			False	False
t1d_acinar	SEL1L3	ENSG00000091490	1920.0	30	30	0				8.162260055541993e-05	0.0006158845558434	-0.0116091135598253	token_not_detected_in_selected_disease_cells			False	False
t1d_ductal	ATOX1	ENSG00000177556	13923.0	30	30	5	0.000343382358551	0.0239734016358852	0.5013652443885803	-7.47576355934143e-05	0.0005466271581149	-0.0028951752348802	positive_shift_means_deleted_embedding_moved_toward_control_centroid	0.7649455171353233	0.026868576870765402	True	True
t1d_ductal	SQLE	ENSG00000104549	2916.0	30	30	8	-2.960115671157837e-05	0.0444662123918533	0.4318819046020508	-7.47576355934143e-05	0.0005466271581149	-0.0028951752348802	positive_shift_means_deleted_embedding_moved_toward_control_centroid	0.08260928534462629	0.047361387626733496	True	False
t1d_ductal	TPM4	ENSG00000167460	11886.0	30	30	1	0.0010155439376831	0.0371684283018112	1.0234087705612185	-7.47576355934143e-05	0.0005466271581149	-0.0028951752348802	positive_shift_means_deleted_embedding_moved_toward_control_centroid	1.9945982505452737	0.040063603536691396	False	False
t1d_ductal	LDLRAD3	ENSG00000179241	14189.0	30	30	0				-7.47576355934143e-05	0.0005466271581149	-0.0028951752348802	token_not_detected_in_selected_disease_cells			False	False
t1d_ductal	C1QTNF1	ENSG00000173918	13328.0	30	30	0				-7.47576355934143e-05	0.0005466271581149	-0.0028951752348802	token_not_detected_in_selected_disease_cells			False	False
t1d_ductal	HIF1A	ENSG00000100644	2347.0	30	30	6	0.0006362696294672	0.047354158014059	0.4915096759796142	-7.47576355934143e-05	0.0005466271581149	-0.0028951752348802	positive_shift_means_deleted_embedding_moved_toward_control_centroid	1.3007536389385865	0.050249333248939196	True	True
t1d_ductal	CBX3	ENSG00000122565	5228.0	30	30	6	-0.0003236333432141	0.023820037022233	0.6543843150138855	-7.47576355934143e-05	0.0005466271581149	-0.0028951752348802	positive_shift_means_deleted_embedding_moved_toward_control_centroid	-0.4552933456123169	0.0267152122571132	False	False
t1d_ductal	CFB	ENSG00000243649	18408.0	30	30	5	0.0002953767834696	0.0044004563242197	0.5655020475387573	-7.47576355934143e-05	0.0005466271581149	-0.0028951752348802	positive_shift_means_deleted_embedding_moved_toward_control_centroid	0.6771240937597409	0.0072956315590999	True	True
t1d_ductal	TIMP1	ENSG00000102265	2635.0	30	30	0				-7.47576355934143e-05	0.0005466271581149	-0.0028951752348802	token_not_detected_in_selected_disease_cells			False	False
t1d_ductal	ACSL3	ENSG00000123983	5378.0	30	30	1	0.0001855492591857	-0.0097408313304185	0.2515342533588409	-7.47576355934143e-05	0.0005466271581149	-0.0028951752348802	positive_shift_means_deleted_embedding_moved_toward_control_centroid	0.47620556519147234	-0.0068456560955383	False	False
t1d_ductal	C15ORF48			30	30	0				-7.47576355934143e-05	0.0005466271581149	-0.0028951752348802	not_in_geneformer_token_dictionary			False	False
t1d_ductal	CHI3L1	ENSG00000133048	6605.0	30	30	0				-7.47576355934143e-05	0.0005466271581149	-0.0028951752348802	token_not_detected_in_selected_disease_cells			False	False
t1d_ductal	DAP	ENSG00000112977	4090.0	30	30	5	-0.0002402663230895	-0.0407103598117828	0.403940349817276	-7.47576355934143e-05	0.0005466271581149	-0.0028951752348802	positive_shift_means_deleted_embedding_moved_toward_control_centroid	-0.3027816767590901	-0.037815184576902604	False	False
t1d_ductal	FMNL2	ENSG00000157827	9991.0	30	30	0				-7.47576355934143e-05	0.0005466271581149	-0.0028951752348802	token_not_detected_in_selected_disease_cells			False	False
t1d_ductal	SDC4	ENSG00000124145	5402.0	30	30	11	-1.179630089609418e-05	-0.0181706473231315	0.6445974111557007	-7.47576355934143e-05	0.0005466271581149	-0.0028951752348802	positive_shift_means_deleted_embedding_moved_toward_control_centroid	0.11518149759417143	-0.015275472088251299	False	False
t1d_ductal	CTSL	ENSG00000135047	6899.0	30	30	0				-7.47576355934143e-05	0.0005466271581149	-0.0028951752348802	token_not_detected_in_selected_disease_cells			False	False
t1d_ductal	SNX10	ENSG00000086300	1685.0	30	30	6	4.060069841216318e-05	0.0127544598653912	0.3388018906116485	-7.47576355934143e-05	0.0005466271581149	-0.0028951752348802	positive_shift_means_deleted_embedding_moved_toward_control_centroid	0.21103659467524916	0.0156496351002714	True	False
t1d_ductal	REG1A	ENSG00000115386	4384.0	30	30	1	-0.002622902393341	-0.0989139974117279	0.8065562844276428	-7.47576355934143e-05	0.0005466271581149	-0.0028951752348802	positive_shift_means_deleted_embedding_moved_toward_control_centroid	-4.661577310822106	-0.0960188221768477	False	False
t1d_ductal	COL4A1	ENSG00000187498	15692.0	30	30	0				-7.47576355934143e-05	0.0005466271581149	-0.0028951752348802	token_not_detected_in_selected_disease_cells			False	False
t1d_ductal	RPL17	ENSG00000265681	19067.0	30	30	0				-7.47576355934143e-05	0.0005466271581149	-0.0028951752348802	token_not_detected_in_selected_disease_cells			False	False
t1d_ductal	MPHOSPH6	ENSG00000135698	7029.0	30	30	3	-0.0002579689025878	-0.0332073755562305	0.4199212491512298	-7.47576355934143e-05	0.0005466271581149	-0.0028951752348802	positive_shift_means_deleted_embedding_moved_toward_control_centroid	-0.33516678466216093	-0.030312200321350305	False	False
t1d_ductal	PDPN	ENSG00000162493	10577.0	30	30	0				-7.47576355934143e-05	0.0005466271581149	-0.0028951752348802	token_not_detected_in_selected_disease_cells			False	False
t1d_ductal	CXCL8	ENSG00000169429	12365.0	30	30	1	0.0009819269180297	-0.0379669815301895	0.4069980978965759	-7.47576355934143e-05	0.0005466271581149	-0.0028951752348802	positive_shift_means_deleted_embedding_moved_toward_control_centroid	1.9330992577595294	-0.0350718062953093	False	False
t1d_ductal	PDLIM7	ENSG00000196923	16354.0	30	30	3	0.0001064141615643	0.0080072795972228	0.3446275293827057	-7.47576355934143e-05	0.0005466271581149	-0.0028951752348802	positive_shift_means_deleted_embedding_moved_toward_control_centroid	0.33143577750967196	0.010902454832103	True	False
t1d_ductal	PTPRE	ENSG00000132334	6474.0	30	30	0				-7.47576355934143e-05	0.0005466271581149	-0.0028951752348802	token_not_detected_in_selected_disease_cells			False	False
t1d_ductal	IL7R	ENSG00000168685	12195.0	30	30	0				-7.47576355934143e-05	0.0005466271581149	-0.0028951752348802	token_not_detected_in_selected_disease_cells			False	False
t1d_ductal	HLA-B	ENSG00000234745	18151.0	30	30	0				-7.47576355934143e-05	0.0005466271581149	-0.0028951752348802	token_not_detected_in_selected_disease_cells			False	False
t1d_ductal	SEC61B	ENSG00000106803	3336.0	30	30	0				-7.47576355934143e-05	0.0005466271581149	-0.0028951752348802	token_not_detected_in_selected_disease_cells			False	False
t1d_ductal	SEC61A1	ENSG00000058262	783.0	30	30	4	0.0002195984125137	0.0282606873661279	0.393261969089508	-7.47576355934143e-05	0.0005466271581149	-0.0028951752348802	positive_shift_means_deleted_embedding_moved_toward_control_centroid	0.5384951035404669	0.031155862601008097	True	True
t1d_ductal	PPIB	ENSG00000166794	11730.0	30	30	0				-7.47576355934143e-05	0.0005466271581149	-0.0028951752348802	token_not_detected_in_selected_disease_cells			False	False
t1d_ductal	NME1	ENSG00000239672	18261.0	30	30	1	-0.00086510181427	-0.0285347159951925	0.5729116201400757	-7.47576355934143e-05	0.0005466271581149	-0.0028951752348802	positive_shift_means_deleted_embedding_moved_toward_control_centroid	-1.4458560408929715	-0.0256395407603123	False	False
t1d_ductal	TNFAIP8	ENSG00000145779	8626.0	30	30	0				-7.47576355934143e-05	0.0005466271581149	-0.0028951752348802	token_not_detected_in_selected_disease_cells			False	False
t1d_ductal	IFITM3	ENSG00000142089	8085.0	30	30	0				-7.47576355934143e-05	0.0005466271581149	-0.0028951752348802	token_not_detected_in_selected_disease_cells			False	False
t1d_ductal	IFITM2	ENSG00000185201	15228.0	30	30	0				-7.47576355934143e-05	0.0005466271581149	-0.0028951752348802	token_not_detected_in_selected_disease_cells			False	False
t1d_ductal	CASP4	ENSG00000196954	16363.0	30	30	2	-5.456805229187012e-05	0.0124407159164547	0.3508633971214294	-7.47576355934143e-05	0.0005466271581149	-0.0028951752348802	positive_shift_means_deleted_embedding_moved_toward_control_centroid	0.036934833920747805	0.0153358911513349	False	False
t1d_ductal	MTHFD2	ENSG00000065911	949.0	30	30	2	-0.0002071559429168	-0.0214759781956672	0.4390240907669067	-7.47576355934143e-05	0.0005466271581149	-0.0028951752348802	positive_shift_means_deleted_embedding_moved_toward_control_centroid	-0.24220953049602378	-0.018580802960787	False	False
t1d_ductal	HLA-DRB1	ENSG00000196126	16125.0	30	30	0				-7.47576355934143e-05	0.0005466271581149	-0.0028951752348802	token_not_detected_in_selected_disease_cells			False	False
t1d_ductal	FKBP1A	ENSG00000088832	1781.0	30	30	0				-7.47576355934143e-05	0.0005466271581149	-0.0028951752348802	token_not_detected_in_selected_disease_cells			False	False
t1d_ductal	CD74	ENSG00000019582	395.0	30	30	0				-7.47576355934143e-05	0.0005466271581149	-0.0028951752348802	token_not_detected_in_selected_disease_cells			False	False
t1d_ductal	HAPLN3	ENSG00000140511	7871.0	30	30	0				-7.47576355934143e-05	0.0005466271581149	-0.0028951752348802	token_not_detected_in_selected_disease_cells			False	False
t1d_ductal	ACSL1	ENSG00000151726	9314.0	30	30	0				-7.47576355934143e-05	0.0005466271581149	-0.0028951752348802	token_not_detected_in_selected_disease_cells			False	False
t1d_ductal	PSME1	ENSG00000092010	1941.0	30	30	0				-7.47576355934143e-05	0.0005466271581149	-0.0028951752348802	token_not_detected_in_selected_disease_cells			False	False
t1d_ductal	TMSB10	ENSG00000034510	511.0	30	30	1	0.0010138154029846	-0.0346409529447555	0.4778022170066833	-7.47576355934143e-05	0.0005466271581149	-0.0028951752348802	positive_shift_means_deleted_embedding_moved_toward_control_centroid	1.9914360682920884	-0.0317457777098753	False	False
t1d_ductal	PTPN2	ENSG00000175354	13567.0	30	30	4	0.0001966655254364	0.0050283363088965	0.4496979415416717	-7.47576355934143e-05	0.0005466271581149	-0.0028951752348802	positive_shift_means_deleted_embedding_moved_toward_control_centroid	0.4965416683024769	0.0079235115437767	True	False
t1d_ductal	CNN3	ENSG00000117519	4681.0	30	30	8	-0.0001142844557762	-0.0196414832025766	0.7202588319778442	-7.47576355934143e-05	0.0005466271581149	-0.0028951752348802	positive_shift_means_deleted_embedding_moved_toward_control_centroid	-0.07231038486835892	-0.016746307967696397	False	False
t1d_ductal	CALR	ENSG00000179218	14186.0	30	30	3	-0.0006080468301661	0.0499704480171203	0.9266414046287536	-7.47576355934143e-05	0.0005466271581149	-0.0028951752348802	positive_shift_means_deleted_embedding_moved_toward_control_centroid	-0.9755995227382926	0.0528656232520005	False	False
t1d_ductal	KRTCAP3	ENSG00000157992	10010.0	30	30	8	-0.0001691430807113	-0.003045137040317	0.48027503490448	-7.47576355934143e-05	0.0005466271581149	-0.0028951752348802	positive_shift_means_deleted_embedding_moved_toward_control_centroid	-0.17266878111834694	-0.00014996180543679983	False	False
t1d_ductal	CTSB	ENSG00000164733	11238.0	30	30	0				-7.47576355934143e-05	0.0005466271581149	-0.0028951752348802	token_not_detected_in_selected_disease_cells			False	False
t1d_ductal	LTA4H	ENSG00000111144	3815.0	30	30	1	-8.505582809448242e-05	0.0218016989529132	0.3437100946903229	-7.47576355934143e-05	0.0005466271581149	-0.0028951752348802	positive_shift_means_deleted_embedding_moved_toward_control_centroid	-0.018839518578956993	0.0246968741877934	False	False
t1d_ductal	IL2RG	ENSG00000147168	8814.0	30	30	0				-7.47576355934143e-05	0.0005466271581149	-0.0028951752348802	token_not_detected_in_selected_disease_cells			False	False
t1d_ductal	CTSS	ENSG00000163131	10748.0	30	30	0				-7.47576355934143e-05	0.0005466271581149	-0.0028951752348802	token_not_detected_in_selected_disease_cells			False	False
t1d_ductal	SEL1L3	ENSG00000091490	1920.0	30	30	1	-6.67572021484375e-05	-0.0106063317507505	0.3484986126422882	-7.47576355934143e-05	0.0005466271581149	-0.0028951752348802	positive_shift_means_deleted_embedding_moved_toward_control_centroid	0.014635996997600922	-0.0077111565158703	False	False
t1d_stellate	ATOX1	ENSG00000177556	13923.0	30	30	12	-0.0002261151821585	-0.0302900094538927	0.5524306893348694	-8.74742865562439e-05	0.0006692878292547	-0.0181002003063137	positive_shift_means_deleted_embedding_moved_toward_control_centroid	-0.2071468948668059	-0.012189809147579	False	False
t1d_stellate	SQLE	ENSG00000104549	2916.0	30	30	10	-0.0003670930746011	-0.0175170041620731	0.4329541623592376	-8.74742865562439e-05	0.0006692878292547	-0.0181002003063137	positive_shift_means_deleted_embedding_moved_toward_control_centroid	-0.41778555626244046	0.0005831961442405997	False	False
t1d_stellate	TPM4	ENSG00000167460	11886.0	30	30	15	-0.0002933780488092	0.0195147115737199	1.0292929410934448	-8.74742865562439e-05	0.0006692878292547	-0.0181002003063137	positive_shift_means_deleted_embedding_moved_toward_control_centroid	-0.30764605787355304	0.0376149118800336	False	False
t1d_stellate	LDLRAD3	ENSG00000179241	14189.0	30	30	0				-8.74742865562439e-05	0.0006692878292547	-0.0181002003063137	token_not_detected_in_selected_disease_cells			False	False
t1d_stellate	C1QTNF1	ENSG00000173918	13328.0	30	30	0				-8.74742865562439e-05	0.0006692878292547	-0.0181002003063137	token_not_detected_in_selected_disease_cells			False	False
t1d_stellate	HIF1A	ENSG00000100644	2347.0	30	30	2	0.0004682838916778	-0.0142513997852802	0.6825541853904724	-8.74742865562439e-05	0.0006692878292547	-0.0181002003063137	positive_shift_means_deleted_embedding_moved_toward_control_centroid	0.830372455529216	0.0038488005210335005	False	False
t1d_stellate	CBX3	ENSG00000122565	5228.0	30	30	10	-0.0003620505449362	-0.0401151180267334	0.5724173188209534	-8.74742865562439e-05	0.0006692878292547	-0.0181002003063137	positive_shift_means_deleted_embedding_moved_toward_control_centroid	-0.41025138420000323	-0.022014917720419698	False	False
t1d_stellate	CFB	ENSG00000243649	18408.0	30	30	0				-8.74742865562439e-05	0.0006692878292547	-0.0181002003063137	token_not_detected_in_selected_disease_cells			False	False
t1d_stellate	TIMP1	ENSG00000102265	2635.0	30	30	24	-0.0007483189110644	0.0351380929350853	0.9761855006217957	-8.74742865562439e-05	0.0006692878292547	-0.0181002003063137	positive_shift_means_deleted_embedding_moved_toward_control_centroid	-0.9873847926445247	0.053238293241399	False	False
t1d_stellate	ACSL3	ENSG00000123983	5378.0	30	30	0				-8.74742865562439e-05	0.0006692878292547	-0.0181002003063137	token_not_detected_in_selected_disease_cells			False	False
t1d_stellate	C15ORF48			30	30	0				-8.74742865562439e-05	0.0006692878292547	-0.0181002003063137	not_in_geneformer_token_dictionary			False	False
t1d_stellate	CHI3L1	ENSG00000133048	6605.0	30	30	6	-0.0008354187011718	-0.0293747428804636	0.4976541697978973	-8.74742865562439e-05	0.0006692878292547	-0.0181002003063137	positive_shift_means_deleted_embedding_moved_toward_control_centroid	-1.1175228084581275	-0.0112745425741499	False	False
t1d_stellate	DAP	ENSG00000112977	4090.0	30	30	2	0.0004428029060363	-0.0033411439508199	0.294167697429657	-8.74742865562439e-05	0.0006692878292547	-0.0181002003063137	positive_shift_means_deleted_embedding_moved_toward_control_centroid	0.792300665594122	0.0147590563554938	False	False
t1d_stellate	FMNL2	ENSG00000157827	9991.0	30	30	0				-8.74742865562439e-05	0.0006692878292547	-0.0181002003063137	token_not_detected_in_selected_disease_cells			False	False
t1d_stellate	SDC4	ENSG00000124145	5402.0	30	30	1	0.0012397766113281	-0.0116323502734303	0.7123981714248657	-8.74742865562439e-05	0.0006692878292547	-0.0181002003063137	positive_shift_means_deleted_embedding_moved_toward_control_centroid	1.9830793865807077	0.0064678500328834	False	False
t1d_stellate	CTSL	ENSG00000135047	6899.0	30	30	12	6.544093048432842e-05	-0.0346089862287044	0.6855864524841309	-8.74742865562439e-05	0.0006692878292547	-0.0181002003063137	positive_shift_means_deleted_embedding_moved_toward_control_centroid	0.228474522255775	-0.016508785922390697	False	False
t1d_stellate	SNX10	ENSG00000086300	1685.0	30	30	0				-8.74742865562439e-05	0.0006692878292547	-0.0181002003063137	token_not_detected_in_selected_disease_cells			False	False
t1d_stellate	REG1A	ENSG00000115386	4384.0	30	30	2	-0.0009182393550872	-0.0330040529370307	0.6524658203125	-8.74742865562439e-05	0.0006692878292547	-0.0181002003063137	positive_shift_means_deleted_embedding_moved_toward_control_centroid	-1.2412672578493957	-0.014903852630717002	False	False
t1d_stellate	COL4A1	ENSG00000187498	15692.0	30	30	14	-0.0009297090000472	0.0122335357591509	1.0777966976165771	-8.74742865562439e-05	0.0006692878292547	-0.0181002003063137	positive_shift_means_deleted_embedding_moved_toward_control_centroid	-1.258404346645366	0.0303337360654646	False	False
t1d_stellate	RPL17	ENSG00000265681	19067.0	30	30	3	0.0005640387535095	0.0106627643108367	0.5773834586143494	-8.74742865562439e-05	0.0006692878292547	-0.0181002003063137	positive_shift_means_deleted_embedding_moved_toward_control_centroid	0.9734422345484012	0.028762964617150402	True	True
t1d_stellate	MPHOSPH6	ENSG00000135698	7029.0	30	30	1	-3.808736801147461e-05	-0.0015226700343191	0.4112933874130249	-8.74742865562439e-05	0.0006692878292547	-0.0181002003063137	positive_shift_means_deleted_embedding_moved_toward_control_centroid	0.07379025343963772	0.0165775302719946	False	False
t1d_stellate	PDPN	ENSG00000162493	10577.0	30	30	4	-0.0008119046688079	-0.0391499809920787	0.5606935024261475	-8.74742865562439e-05	0.0006692878292547	-0.0181002003063137	positive_shift_means_deleted_embedding_moved_toward_control_centroid	-1.082389893535583	-0.021049780685764997	False	False
t1d_stellate	CXCL8	ENSG00000169429	12365.0	30	30	1	0.0003826022148132	-0.0172896329313516	0.3637599945068359	-8.74742865562439e-05	0.0006692878292547	-0.0181002003063137	positive_shift_means_deleted_embedding_moved_toward_control_centroid	0.7023532788470213	0.0008105673749621012	False	False
t1d_stellate	PDLIM7	ENSG00000196923	16354.0	30	30	10	-0.0005291939014568	-0.0386149547994136	0.4764721393585205	-8.74742865562439e-05	0.0006692878292547	-0.0181002003063137	positive_shift_means_deleted_embedding_moved_toward_control_centroid	-0.659984532204093	-0.020514754493099897	False	False
t1d_stellate	PTPRE	ENSG00000132334	6474.0	30	30	0				-8.74742865562439e-05	0.0006692878292547	-0.0181002003063137	token_not_detected_in_selected_disease_cells			False	False
t1d_stellate	IL7R	ENSG00000168685	12195.0	30	30	0				-8.74742865562439e-05	0.0006692878292547	-0.0181002003063137	token_not_detected_in_selected_disease_cells			False	False
t1d_stellate	HLA-B	ENSG00000234745	18151.0	30	30	1	0.0006322264671325	0.0175359919667243	0.4770592451095581	-8.74742865562439e-05	0.0006692878292547	-0.0181002003063137	positive_shift_means_deleted_embedding_moved_toward_control_centroid	1.0753232349827462	0.035636192273038	False	False
t1d_stellate	SEC61B	ENSG00000106803	3336.0	30	30	3	0.0012153983116149	0.0571454763412475	1.1281343698501587	-8.74742865562439e-05	0.0006692878292547	-0.0181002003063137	positive_shift_means_deleted_embedding_moved_toward_control_centroid	1.9466551477889356	0.07524567664756121	True	True
t1d_stellate	SEC61A1	ENSG00000058262	783.0	30	30	10	0.0002927482128143	0.0151843074709177	0.4859372675418854	-8.74742865562439e-05	0.0006692878292547	-0.0181002003063137	positive_shift_means_deleted_embedding_moved_toward_control_centroid	0.5681001248654841	0.0332845077772314	True	True
t1d_stellate	PPIB	ENSG00000166794	11730.0	30	30	8	-0.0007661804556846	0.031732328236103	1.118012309074402	-8.74742865562439e-05	0.0006692878292547	-0.0181002003063137	positive_shift_means_deleted_embedding_moved_toward_control_centroid	-1.0140721815965845	0.0498325285424167	False	False
t1d_stellate	NME1	ENSG00000239672	18261.0	30	30	7	-1.0328633834433276e-05	-0.0025188967119902	0.8214368224143982	-8.74742865562439e-05	0.0006692878292547	-0.0181002003063137	positive_shift_means_deleted_embedding_moved_toward_control_centroid	0.11526528550163215	0.015581303594323501	True	False
t1d_stellate	TNFAIP8	ENSG00000145779	8626.0	30	30	0				-8.74742865562439e-05	0.0006692878292547	-0.0181002003063137	token_not_detected_in_selected_disease_cells			False	False
t1d_stellate	IFITM3	ENSG00000142089	8085.0	30	30	2	-0.000169962644577	-0.026374353095889	0.4765553772449493	-8.74742865562439e-05	0.0006692878292547	-0.0181002003063137	positive_shift_means_deleted_embedding_moved_toward_control_centroid	-0.12324795762775605	-0.008274152789575301	False	False
t1d_stellate	IFITM2	ENSG00000185201	15228.0	30	30	0				-8.74742865562439e-05	0.0006692878292547	-0.0181002003063137	token_not_detected_in_selected_disease_cells			False	False
t1d_stellate	CASP4	ENSG00000196954	16363.0	30	30	0				-8.74742865562439e-05	0.0006692878292547	-0.0181002003063137	token_not_detected_in_selected_disease_cells			False	False
t1d_stellate	MTHFD2	ENSG00000065911	949.0	30	30	12	0.00019187729049	-0.0314350463449955	0.653499186038971	-8.74742865562439e-05	0.0006692878292547	-0.0181002003063137	positive_shift_means_deleted_embedding_moved_toward_control_centroid	0.4173863095005357	-0.013334846038681798	False	False
t1d_stellate	HLA-DRB1	ENSG00000196126	16125.0	30	30	0				-8.74742865562439e-05	0.0006692878292547	-0.0181002003063137	token_not_detected_in_selected_disease_cells			False	False
t1d_stellate	FKBP1A	ENSG00000088832	1781.0	30	30	16	-0.0006107129156589	0.0064258268103003	0.7930431365966797	-8.74742865562439e-05	0.0006692878292547	-0.0181002003063137	positive_shift_means_deleted_embedding_moved_toward_control_centroid	-0.7817841685322737	0.024526027116614002	False	False
t1d_stellate	CD74	ENSG00000019582	395.0	30	30	0				-8.74742865562439e-05	0.0006692878292547	-0.0181002003063137	token_not_detected_in_selected_disease_cells			False	False
t1d_stellate	HAPLN3	ENSG00000140511	7871.0	30	30	0				-8.74742865562439e-05	0.0006692878292547	-0.0181002003063137	token_not_detected_in_selected_disease_cells			False	False
t1d_stellate	ACSL1	ENSG00000151726	9314.0	30	30	1	-2.1219253540039062e-05	-0.0493533313274383	0.4534725248813629	-8.74742865562439e-05	0.0006692878292547	-0.0181002003063137	positive_shift_means_deleted_embedding_moved_toward_control_centroid	0.09899333309255685	-0.0312531310211246	False	False
t1d_stellate	PSME1	ENSG00000092010	1941.0	30	30	0				-8.74742865562439e-05	0.0006692878292547	-0.0181002003063137	token_not_detected_in_selected_disease_cells			False	False
t1d_stellate	TMSB10	ENSG00000034510	511.0	30	30	1	0.0006315112113952	0.0074983024969697	0.7487353682518005	-8.74742865562439e-05	0.0006692878292547	-0.0181002003063137	positive_shift_means_deleted_embedding_moved_toward_control_centroid	1.0742545531600147	0.0255985028032834	False	False
t1d_stellate	PTPN2	ENSG00000175354	13567.0	30	30	0				-8.74742865562439e-05	0.0006692878292547	-0.0181002003063137	token_not_detected_in_selected_disease_cells			False	False
t1d_stellate	CNN3	ENSG00000117519	4681.0	30	30	8	0.0001505091786384	-0.0019160679075866	0.6596965789794922	-8.74742865562439e-05	0.0006692878292547	-0.0181002003063137	positive_shift_means_deleted_embedding_moved_toward_control_centroid	0.3555771594706205	0.0161841323987271	True	False
t1d_stellate	CALR	ENSG00000179218	14186.0	30	30	9	-0.0015466279583051	-0.0731661617755889	1.05138099193573	-8.74742865562439e-05	0.0006692878292547	-0.0181002003063137	positive_shift_means_deleted_embedding_moved_toward_control_centroid	-2.180158682063184	-0.055065961469275206	False	False
t1d_stellate	KRTCAP3	ENSG00000157992	10010.0	30	30	0				-8.74742865562439e-05	0.0006692878292547	-0.0181002003063137	token_not_detected_in_selected_disease_cells			False	False
t1d_stellate	CTSB	ENSG00000164733	11238.0	30	30	11	-0.0001789439847925	0.0251842383295297	0.5475111603736877	-8.74742865562439e-05	0.0006692878292547	-0.0181002003063137	positive_shift_means_deleted_embedding_moved_toward_control_centroid	-0.13666720689977907	0.0432844386358434	False	False
t1d_stellate	LTA4H	ENSG00000111144	3815.0	30	30	1	-0.0004103779792785	-0.0143738090991973	0.3477829396724701	-8.74742865562439e-05	0.0006692878292547	-0.0181002003063137	positive_shift_means_deleted_embedding_moved_toward_control_centroid	-0.48245863529571803	0.003726391207116401	False	False
t1d_stellate	IL2RG	ENSG00000147168	8814.0	30	30	0				-8.74742865562439e-05	0.0006692878292547	-0.0181002003063137	token_not_detected_in_selected_disease_cells			False	False
t1d_stellate	CTSS	ENSG00000163131	10748.0	30	30	0				-8.74742865562439e-05	0.0006692878292547	-0.0181002003063137	token_not_detected_in_selected_disease_cells			False	False
t1d_stellate	SEL1L3	ENSG00000091490	1920.0	30	30	0				-8.74742865562439e-05	0.0006692878292547	-0.0181002003063137	token_not_detected_in_selected_disease_cells			False	False
t1d_endothelial	ATOX1	ENSG00000177556	13923.0	30	30	2	-0.0006314516067504	0.0262294430285692	0.4377528429031372	-8.282562096913655e-05	0.0007962819951889	0.0008340756544688	positive_shift_means_deleted_embedding_moved_toward_control_centroid	-0.6889845420291266	0.025395367374100402	False	False
t1d_endothelial	SQLE	ENSG00000104549	2916.0	30	30	4	0.0003285408020019	0.0174322631210088	0.3543004393577575	-8.282562096913655e-05	0.0007962819951889	0.0008340756544688	positive_shift_means_deleted_embedding_moved_toward_control_centroid	0.5166089720180714	0.01659818746654	True	True
t1d_endothelial	TPM4	ENSG00000167460	11886.0	30	30	2	-0.0003473460674285	-0.0111331678926944	0.3210273087024688	-8.282562096913655e-05	0.0007962819951889	0.0008340756544688	positive_shift_means_deleted_embedding_moved_toward_control_centroid	-0.33219443370261303	-0.0119672435471632	False	False
t1d_endothelial	LDLRAD3	ENSG00000179241	14189.0	30	30	0				-8.282562096913655e-05	0.0007962819951889	0.0008340756544688	token_not_detected_in_selected_disease_cells			False	False
t1d_endothelial	C1QTNF1	ENSG00000173918	13328.0	30	30	0				-8.282562096913655e-05	0.0007962819951889	0.0008340756544688	token_not_detected_in_selected_disease_cells			False	False
t1d_endothelial	HIF1A	ENSG00000100644	2347.0	30	30	5	0.0005008339649066	0.0090665193274617	0.5476438403129578	-8.282562096913655e-05	0.0007962819951889	0.0008340756544688	positive_shift_means_deleted_embedding_moved_toward_control_centroid	0.7329810160247019	0.0082324436729929	True	True
t1d_endothelial	CBX3	ENSG00000122565	5228.0	30	30	1	-0.0016699433326721	0.0052536078728735	0.3077951073646545	-8.282562096913655e-05	0.0007962819951889	0.0008340756544688	positive_shift_means_deleted_embedding_moved_toward_control_centroid	-1.9931603644089122	0.004419532218404699	False	False
t1d_endothelial	CFB	ENSG00000243649	18408.0	30	30	2	-0.0006230175495147	0.0125291505828499	0.4926042556762695	-8.282562096913655e-05	0.0007962819951889	0.0008340756544688	positive_shift_means_deleted_embedding_moved_toward_control_centroid	-0.678392745044317	0.0116950749283811	False	False
t1d_endothelial	TIMP1	ENSG00000102265	2635.0	30	30	4	-0.0001187771558761	-0.0102642625570297	0.5139285326004028	-8.282562096913655e-05	0.0007962819951889	0.0008340756544688	positive_shift_means_deleted_embedding_moved_toward_control_centroid	-0.045149250044809505	-0.0110983382114985	False	False
t1d_endothelial	ACSL3	ENSG00000123983	5378.0	30	30	2	-0.0004853308200836	-0.0315103530883789	0.4438267052173614	-8.282562096913655e-05	0.0007962819951889	0.0008340756544688	positive_shift_means_deleted_embedding_moved_toward_control_centroid	-0.5054807235958891	-0.0323444287428477	False	False
t1d_endothelial	C15ORF48			30	30	0				-8.282562096913655e-05	0.0007962819951889	0.0008340756544688	not_in_geneformer_token_dictionary			False	False
t1d_endothelial	CHI3L1	ENSG00000133048	6605.0	30	30	0				-8.282562096913655e-05	0.0007962819951889	0.0008340756544688	token_not_detected_in_selected_disease_cells			False	False
t1d_endothelial	DAP	ENSG00000112977	4090.0	30	30	0				-8.282562096913655e-05	0.0007962819951889	0.0008340756544688	token_not_detected_in_selected_disease_cells			False	False
t1d_endothelial	FMNL2	ENSG00000157827	9991.0	30	30	1	-0.0009845495223999	-0.0081187468022108	0.2420986443758011	-8.282562096913655e-05	0.0007962819951889	0.0008340756544688	positive_shift_means_deleted_embedding_moved_toward_control_centroid	-1.1324177953023409	-0.008952822456679601	False	False
t1d_endothelial	SDC4	ENSG00000124145	5402.0	30	30	1	-9.447336196899414e-05	0.0266251470893621	0.661679208278656	-8.282562096913655e-05	0.0007962819951889	0.0008340756544688	positive_shift_means_deleted_embedding_moved_toward_control_centroid	-0.01462765838011247	0.0257910714348933	False	False
t1d_endothelial	CTSL	ENSG00000135047	6899.0	30	30	5	-9.728669829200952e-05	-0.0110269989818334	0.4554891586303711	-8.282562096913655e-05	0.0007962819951889	0.0008340756544688	positive_shift_means_deleted_embedding_moved_toward_control_centroid	-0.018160748843055786	-0.011861074636302201	False	False
t1d_endothelial	SNX10	ENSG00000086300	1685.0	30	30	0				-8.282562096913655e-05	0.0007962819951889	0.0008340756544688	token_not_detected_in_selected_disease_cells			False	False
t1d_endothelial	REG1A	ENSG00000115386	4384.0	30	30	6	-0.0016905069351196	-0.0335810631513595	0.6031050086021423	-8.282562096913655e-05	0.0007962819951889	0.0008340756544688	positive_shift_means_deleted_embedding_moved_toward_control_centroid	-2.018984887092766	-0.034415138805828305	False	False
t1d_endothelial	COL4A1	ENSG00000187498	15692.0	30	30	4	-0.0012837499380111	0.0255206730216741	0.6667945384979248	-8.282562096913655e-05	0.0007962819951889	0.0008340756544688	positive_shift_means_deleted_embedding_moved_toward_control_centroid	-1.5081646003525062	0.024686597367205302	False	False
t1d_endothelial	RPL17	ENSG00000265681	19067.0	30	30	4	-7.584691047668457e-05	0.0352773293852806	0.3934234976768493	-8.282562096913655e-05	0.0007962819951889	0.0008340756544688	positive_shift_means_deleted_embedding_moved_toward_control_centroid	0.00876411941324435	0.0344432537308118	True	False
t1d_endothelial	MPHOSPH6	ENSG00000135698	7029.0	30	30	2	0.0004646778106689	-0.0113233998417854	0.4434896409511566	-8.282562096913655e-05	0.0007962819951889	0.0008340756544688	positive_shift_means_deleted_embedding_moved_toward_control_centroid	0.6875747975541676	-0.0121574754962542	False	False
t1d_endothelial	PDPN	ENSG00000162493	10577.0	30	30	0				-8.282562096913655e-05	0.0007962819951889	0.0008340756544688	token_not_detected_in_selected_disease_cells			False	False
t1d_endothelial	CXCL8	ENSG00000169429	12365.0	30	30	2	0.0003304481506347	0.0132128428667783	0.4237569570541382	-8.282562096913655e-05	0.0007962819951889	0.0008340756544688	positive_shift_means_deleted_embedding_moved_toward_control_centroid	0.5190042900640954	0.0123787672123095	False	False
t1d_endothelial	PDLIM7	ENSG00000196923	16354.0	30	30	3	-0.0001909931452246	0.0099134696647524	0.5009831786155701	-8.282562096913655e-05	0.0007962819951889	0.0008340756544688	positive_shift_means_deleted_embedding_moved_toward_control_centroid	-0.13584072590992485	0.0090793940102836	False	False
t1d_endothelial	PTPRE	ENSG00000132334	6474.0	30	30	2	3.889203071594238e-05	0.0030284477397799	0.2927279472351074	-8.282562096913655e-05	0.0007962819951889	0.0008340756544688	positive_shift_means_deleted_embedding_moved_toward_control_centroid	0.15285747062032234	0.0021943720853111	False	False
t1d_endothelial	IL7R	ENSG00000168685	12195.0	30	30	0				-8.282562096913655e-05	0.0007962819951889	0.0008340756544688	token_not_detected_in_selected_disease_cells			False	False
t1d_endothelial	HLA-B	ENSG00000234745	18151.0	30	30	3	-3.129243850708008e-05	9.344735735794528e-05	0.3259799182415008	-8.282562096913655e-05	0.0007962819951889	0.0008340756544688	positive_shift_means_deleted_embedding_moved_toward_control_centroid	0.06471725189495385	-0.0007406282971108547	False	False
t1d_endothelial	SEC61B	ENSG00000106803	3336.0	30	30	3	-0.0010022720089182	-0.0718332827091217	0.8114323616027832	-8.282562096913655e-05	0.0007962819951889	0.0008340756544688	positive_shift_means_deleted_embedding_moved_toward_control_centroid	-1.1546743408796345	-0.0726673583635905	False	False
t1d_endothelial	SEC61A1	ENSG00000058262	783.0	30	30	1	-0.0001196861267089	-0.0098661389201879	0.3714517652988434	-8.282562096913655e-05	0.0007962819951889	0.0008340756544688	positive_shift_means_deleted_embedding_moved_toward_control_centroid	-0.04629076880109429	-0.0107002145746567	False	False
t1d_endothelial	PPIB	ENSG00000166794	11730.0	30	30	2	-0.0004750192165374	0.0157121308147907	0.487565815448761	-8.282562096913655e-05	0.0007962819951889	0.0008340756544688	positive_shift_means_deleted_embedding_moved_toward_control_centroid	-0.49253103540941473	0.014878055160321901	False	False
t1d_endothelial	NME1	ENSG00000239672	18261.0	30	30	1	-6.306171417236328e-05	0.0239278357475996	0.4204771816730499	-8.282562096913655e-05	0.0007962819951889	0.0008340756544688	positive_shift_means_deleted_embedding_moved_toward_control_centroid	0.02482023569060447	0.0230937600931308	False	False
t1d_endothelial	TNFAIP8	ENSG00000145779	8626.0	30	30	0				-8.282562096913655e-05	0.0007962819951889	0.0008340756544688	token_not_detected_in_selected_disease_cells			False	False
t1d_endothelial	IFITM3	ENSG00000142089	8085.0	30	30	6	0.0002910097537096	0.0435213595628738	0.5676887631416321	-8.282562096913655e-05	0.0007962819951889	0.0008340756544688	positive_shift_means_deleted_embedding_moved_toward_control_centroid	0.4694761113995206	0.042687283908405	True	False
t1d_endothelial	IFITM2	ENSG00000185201	15228.0	30	30	3	0.0010782281169667	0.057616751641035	0.5716904997825623	-8.282562096913655e-05	0.0007962819951889	0.0008340756544688	positive_shift_means_deleted_embedding_moved_toward_control_centroid	1.4580936715270107	0.056782675986566195	True	True
t1d_endothelial	CASP4	ENSG00000196954	16363.0	30	30	2	0.0002745389938354	-0.0011698938906192	0.3822447061538696	-8.282562096913655e-05	0.0007962819951889	0.0008340756544688	positive_shift_means_deleted_embedding_moved_toward_control_centroid	0.44879152983957626	-0.0020039695450880003	False	False
t1d_endothelial	MTHFD2	ENSG00000065911	949.0	30	30	4	0.0003279149532318	0.0135507425293326	0.5173667073249817	-8.282562096913655e-05	0.0007962819951889	0.0008340756544688	positive_shift_means_deleted_embedding_moved_toward_control_centroid	0.5158230082842669	0.0127166668748638	True	True
t1d_endothelial	HLA-DRB1	ENSG00000196126	16125.0	30	30	0				-8.282562096913655e-05	0.0007962819951889	0.0008340756544688	token_not_detected_in_selected_disease_cells			False	False
t1d_endothelial	FKBP1A	ENSG00000088832	1781.0	30	30	6	-0.0007644395227544	0.0904578492045402	0.9247239232063292	-8.282562096913655e-05	0.0007962819951889	0.0008340756544688	positive_shift_means_deleted_embedding_moved_toward_control_centroid	-0.8559956220328275	0.0896237735500714	False	False
t1d_endothelial	CD74	ENSG00000019582	395.0	30	30	0				-8.282562096913655e-05	0.0007962819951889	0.0008340756544688	token_not_detected_in_selected_disease_cells			False	False
t1d_endothelial	HAPLN3	ENSG00000140511	7871.0	30	30	3	0.0003348986210767	-0.0281635094434022	0.4561584889888763	-8.282562096913655e-05	0.0007962819951889	0.0008340756544688	positive_shift_means_deleted_embedding_moved_toward_control_centroid	0.5245933533216971	-0.028997585097871	False	False
t1d_endothelial	ACSL1	ENSG00000151726	9314.0	30	30	1	-0.0002970695495605	0.014520744793117	0.4016977846622467	-8.282562096913655e-05	0.0007962819951889	0.0008340756544688	positive_shift_means_deleted_embedding_moved_toward_control_centroid	-0.269055347082837	0.013686669138648199	False	False
t1d_endothelial	PSME1	ENSG00000092010	1941.0	30	30	2	0.000106394290924	-0.0168881826102733	0.3510087132453918	-8.282562096913655e-05	0.0007962819951889	0.0008340756544688	positive_shift_means_deleted_embedding_moved_toward_control_centroid	0.23762927334335668	-0.017722258264742097	False	False
t1d_endothelial	TMSB10	ENSG00000034510	511.0	30	30	3	7.039308547973633e-05	-0.0188564751297235	0.6191888451576233	-8.282562096913655e-05	0.0007962819951889	0.0008340756544688	positive_shift_means_deleted_embedding_moved_toward_control_centroid	0.19241764522444738	-0.0196905507841923	False	False
t1d_endothelial	PTPN2	ENSG00000175354	13567.0	30	30	0				-8.282562096913655e-05	0.0007962819951889	0.0008340756544688	token_not_detected_in_selected_disease_cells			False	False
t1d_endothelial	CNN3	ENSG00000117519	4681.0	30	30	2	0.0012462139129638	0.0337451249361038	0.5290198922157288	-8.282562096913655e-05	0.0007962819951889	0.0008340756544688	positive_shift_means_deleted_embedding_moved_toward_control_centroid	1.6690563669189227	0.032911049281635	False	False
t1d_endothelial	CALR	ENSG00000179218	14186.0	30	30	0				-8.282562096913655e-05	0.0007962819951889	0.0008340756544688	token_not_detected_in_selected_disease_cells			False	False
t1d_endothelial	KRTCAP3	ENSG00000157992	10010.0	30	30	0				-8.282562096913655e-05	0.0007962819951889	0.0008340756544688	token_not_detected_in_selected_disease_cells			False	False
t1d_endothelial	CTSB	ENSG00000164733	11238.0	30	30	0				-8.282562096913655e-05	0.0007962819951889	0.0008340756544688	token_not_detected_in_selected_disease_cells			False	False
t1d_endothelial	LTA4H	ENSG00000111144	3815.0	30	30	0				-8.282562096913655e-05	0.0007962819951889	0.0008340756544688	token_not_detected_in_selected_disease_cells			False	False
t1d_endothelial	IL2RG	ENSG00000147168	8814.0	30	30	0				-8.282562096913655e-05	0.0007962819951889	0.0008340756544688	token_not_detected_in_selected_disease_cells			False	False
t1d_endothelial	CTSS	ENSG00000163131	10748.0	30	30	1	6.562471389770508e-05	-0.0101052233949303	0.2187774628400802	-8.282562096913655e-05	0.0007962819951889	0.0008340756544688	positive_shift_means_deleted_embedding_moved_toward_control_centroid	0.18642935010934802	-0.0109392990493991	False	False
t1d_endothelial	SEL1L3	ENSG00000091490	1920.0	30	30	0				-8.282562096913655e-05	0.0007962819951889	0.0008340756544688	token_not_detected_in_selected_disease_cells			False	False
