gsm	title	patient	group	lesion	timepoint	time_order	marker_compartment	module	dataset	n_cells	mean_score	high_fraction
GSM5550101	Psoriasis01_preTx_LS	Psoriasis01	psoriasis	LS	preTx	0	b_plasma_like	complement_phagocytosis	GSE183047	77	0.054641147754550874	0.19480519480519481
GSM5550101	Psoriasis01_preTx_LS	Psoriasis01	psoriasis	LS	preTx	0	b_plasma_like	hif_nampt_metabolic	GSE183047	77	0.09366710762164931	0.33766233766233766
GSM5550101	Psoriasis01_preTx_LS	Psoriasis01	psoriasis	LS	preTx	0	b_plasma_like	hla_ii_apc	GSE183047	77	0.20995740750973618	0.2727272727272727
GSM5550101	Psoriasis01_preTx_LS	Psoriasis01	psoriasis	LS	preTx	0	b_plasma_like	ifn_apc	GSE183047	77	0.06936637099736347	0.35064935064935066
GSM5550101	Psoriasis01_preTx_LS	Psoriasis01	psoriasis	LS	preTx	0	b_plasma_like	il17_keratinocyte_inflammation	GSE183047	77	0.2985939966820156	0.5584415584415584
GSM5550101	Psoriasis01_preTx_LS	Psoriasis01	psoriasis	LS	preTx	0	b_plasma_like	inflammatory_nfkb	GSE183047	77	0.11383407048385513	0.45454545454545453
GSM5550101	Psoriasis01_preTx_LS	Psoriasis01	psoriasis	LS	preTx	0	b_plasma_like	lipid_loader_repair	GSE183047	77	0.011779160874309165	0.2727272727272727
GSM5550101	Psoriasis01_preTx_LS	Psoriasis01	psoriasis	LS	preTx	0	b_plasma_like	lysosomal_apc	GSE183047	77	0.11258553612906685	0.35064935064935066
GSM5550101	Psoriasis01_preTx_LS	Psoriasis01	psoriasis	LS	preTx	0	b_plasma_like	mif_cd74_receptor_state	GSE183047	77	0.06238177187309927	0.2727272727272727
GSM5550101	Psoriasis01_preTx_LS	Psoriasis01	psoriasis	LS	preTx	0	b_plasma_like	mixscale_validated_ifng_readout	GSE183047	77	0.26376192083393935	0.45454545454545453
GSM5550101	Psoriasis01_preTx_LS	Psoriasis01	psoriasis	LS	preTx	0	b_plasma_like	regulatory_dc_markers	GSE183047	77	0.10696145750527487	0.03896103896103896
GSM5550101	Psoriasis01_preTx_LS	Psoriasis01	psoriasis	LS	preTx	0	keratinocyte_like	complement_phagocytosis	GSE183047	378	0.009824308980842102	0.19576719576719576
GSM5550101	Psoriasis01_preTx_LS	Psoriasis01	psoriasis	LS	preTx	0	keratinocyte_like	hif_nampt_metabolic	GSE183047	378	-0.10981031453155982	0.1164021164021164
GSM5550101	Psoriasis01_preTx_LS	Psoriasis01	psoriasis	LS	preTx	0	keratinocyte_like	hla_ii_apc	GSE183047	378	0.6265865428886747	0.24338624338624337
GSM5550101	Psoriasis01_preTx_LS	Psoriasis01	psoriasis	LS	preTx	0	keratinocyte_like	ifn_apc	GSE183047	378	0.3120845678168109	0.5555555555555556
GSM5550101	Psoriasis01_preTx_LS	Psoriasis01	psoriasis	LS	preTx	0	keratinocyte_like	il17_keratinocyte_inflammation	GSE183047	378	-0.6226456456154165	0.021164021164021163
GSM5550101	Psoriasis01_preTx_LS	Psoriasis01	psoriasis	LS	preTx	0	keratinocyte_like	inflammatory_nfkb	GSE183047	378	0.2215914800408823	0.544973544973545
GSM5550101	Psoriasis01_preTx_LS	Psoriasis01	psoriasis	LS	preTx	0	keratinocyte_like	lipid_loader_repair	GSE183047	378	-0.060877160599530585	0.17989417989417988
GSM5550101	Psoriasis01_preTx_LS	Psoriasis01	psoriasis	LS	preTx	0	keratinocyte_like	lysosomal_apc	GSE183047	378	0.1653996020681487	0.3783068783068783
GSM5550101	Psoriasis01_preTx_LS	Psoriasis01	psoriasis	LS	preTx	0	keratinocyte_like	mif_cd74_receptor_state	GSE183047	378	0.7625603156116406	0.6931216931216931
GSM5550101	Psoriasis01_preTx_LS	Psoriasis01	psoriasis	LS	preTx	0	keratinocyte_like	mixscale_validated_ifng_readout	GSE183047	378	0.7552478150774339	0.9444444444444444
GSM5550101	Psoriasis01_preTx_LS	Psoriasis01	psoriasis	LS	preTx	0	keratinocyte_like	regulatory_dc_markers	GSE183047	378	-0.018907267417514455	0.05026455026455026
GSM5550101	Psoriasis01_preTx_LS	Psoriasis01	psoriasis	LS	preTx	0	myeloid_apc_like	complement_phagocytosis	GSE183047	52	-0.15036727630079155	0.1346153846153846
GSM5550101	Psoriasis01_preTx_LS	Psoriasis01	psoriasis	LS	preTx	0	myeloid_apc_like	hif_nampt_metabolic	GSE183047	52	-0.24779451001536074	0.09615384615384616
GSM5550101	Psoriasis01_preTx_LS	Psoriasis01	psoriasis	LS	preTx	0	myeloid_apc_like	hla_ii_apc	GSE183047	52	-0.17996192374657596	0.19230769230769232
GSM5550101	Psoriasis01_preTx_LS	Psoriasis01	psoriasis	LS	preTx	0	myeloid_apc_like	ifn_apc	GSE183047	52	-0.04960622535828884	0.1346153846153846
GSM5550101	Psoriasis01_preTx_LS	Psoriasis01	psoriasis	LS	preTx	0	myeloid_apc_like	il17_keratinocyte_inflammation	GSE183047	52	0.10878990280860702	0.38461538461538464
GSM5550101	Psoriasis01_preTx_LS	Psoriasis01	psoriasis	LS	preTx	0	myeloid_apc_like	inflammatory_nfkb	GSE183047	52	-0.0085817166150873	0.3076923076923077
GSM5550101	Psoriasis01_preTx_LS	Psoriasis01	psoriasis	LS	preTx	0	myeloid_apc_like	lipid_loader_repair	GSE183047	52	-0.14744570744503957	0.15384615384615385
GSM5550101	Psoriasis01_preTx_LS	Psoriasis01	psoriasis	LS	preTx	0	myeloid_apc_like	lysosomal_apc	GSE183047	52	-0.2276540322191799	0.15384615384615385
GSM5550101	Psoriasis01_preTx_LS	Psoriasis01	psoriasis	LS	preTx	0	myeloid_apc_like	mif_cd74_receptor_state	GSE183047	52	-0.08465171894488692	0.17307692307692307
GSM5550101	Psoriasis01_preTx_LS	Psoriasis01	psoriasis	LS	preTx	0	myeloid_apc_like	mixscale_validated_ifng_readout	GSE183047	52	-0.19257850938922913	0.15384615384615385
GSM5550101	Psoriasis01_preTx_LS	Psoriasis01	psoriasis	LS	preTx	0	myeloid_apc_like	regulatory_dc_markers	GSE183047	52	-0.11848768022034574	0.11538461538461539
GSM5550101	Psoriasis01_preTx_LS	Psoriasis01	psoriasis	LS	preTx	0	t_cell_like	complement_phagocytosis	GSE183047	308	0.06169653001098268	0.1396103896103896
GSM5550101	Psoriasis01_preTx_LS	Psoriasis01	psoriasis	LS	preTx	0	t_cell_like	hif_nampt_metabolic	GSE183047	308	-0.028204412555261706	0.22077922077922077
GSM5550101	Psoriasis01_preTx_LS	Psoriasis01	psoriasis	LS	preTx	0	t_cell_like	hla_ii_apc	GSE183047	308	0.18369467430182287	0.16233766233766234
GSM5550101	Psoriasis01_preTx_LS	Psoriasis01	psoriasis	LS	preTx	0	t_cell_like	ifn_apc	GSE183047	308	-0.02157605968959088	0.21428571428571427
GSM5550101	Psoriasis01_preTx_LS	Psoriasis01	psoriasis	LS	preTx	0	t_cell_like	il17_keratinocyte_inflammation	GSE183047	308	0.2959051976725549	0.551948051948052
GSM5550101	Psoriasis01_preTx_LS	Psoriasis01	psoriasis	LS	preTx	0	t_cell_like	inflammatory_nfkb	GSE183047	308	0.17667402192154436	0.5227272727272727
GSM5550101	Psoriasis01_preTx_LS	Psoriasis01	psoriasis	LS	preTx	0	t_cell_like	lipid_loader_repair	GSE183047	308	0.02173816304036937	0.2662337662337662
GSM5550101	Psoriasis01_preTx_LS	Psoriasis01	psoriasis	LS	preTx	0	t_cell_like	lysosomal_apc	GSE183047	308	0.09693880582393428	0.3181818181818182
GSM5550101	Psoriasis01_preTx_LS	Psoriasis01	psoriasis	LS	preTx	0	t_cell_like	mif_cd74_receptor_state	GSE183047	308	-0.20951243633966213	0.13636363636363635
GSM5550101	Psoriasis01_preTx_LS	Psoriasis01	psoriasis	LS	preTx	0	t_cell_like	mixscale_validated_ifng_readout	GSE183047	308	0.24182422982760218	0.42857142857142855
GSM5550101	Psoriasis01_preTx_LS	Psoriasis01	psoriasis	LS	preTx	0	t_cell_like	regulatory_dc_markers	GSE183047	308	0.009134198587003784	0.022727272727272728
GSM5550102	Psoriasis02_preTx_LS	Psoriasis02	psoriasis	LS	preTx	0	keratinocyte_like	complement_phagocytosis	GSE183047	967	0.40409856660856297	0.39917269906928643
GSM5550102	Psoriasis02_preTx_LS	Psoriasis02	psoriasis	LS	preTx	0	keratinocyte_like	hif_nampt_metabolic	GSE183047	967	0.035358636054391504	0.28024819027921405
GSM5550102	Psoriasis02_preTx_LS	Psoriasis02	psoriasis	LS	preTx	0	keratinocyte_like	hla_ii_apc	GSE183047	967	-0.0028574137773303998	0.07652533609100311
GSM5550102	Psoriasis02_preTx_LS	Psoriasis02	psoriasis	LS	preTx	0	keratinocyte_like	ifn_apc	GSE183047	967	-0.026380842628824508	0.23578076525336092
GSM5550102	Psoriasis02_preTx_LS	Psoriasis02	psoriasis	LS	preTx	0	keratinocyte_like	il17_keratinocyte_inflammation	GSE183047	967	0.22933578558053702	0.23888314374353672
GSM5550102	Psoriasis02_preTx_LS	Psoriasis02	psoriasis	LS	preTx	0	keratinocyte_like	inflammatory_nfkb	GSE183047	967	0.0540613921941394	0.3846949327817994
GSM5550102	Psoriasis02_preTx_LS	Psoriasis02	psoriasis	LS	preTx	0	keratinocyte_like	lipid_loader_repair	GSE183047	967	0.16447805648147057	0.4188210961737332
GSM5550102	Psoriasis02_preTx_LS	Psoriasis02	psoriasis	LS	preTx	0	keratinocyte_like	lysosomal_apc	GSE183047	967	0.32633393434208086	0.4922440537745605
GSM5550102	Psoriasis02_preTx_LS	Psoriasis02	psoriasis	LS	preTx	0	keratinocyte_like	mif_cd74_receptor_state	GSE183047	967	-0.08203894248067994	0.2233712512926577
GSM5550102	Psoriasis02_preTx_LS	Psoriasis02	psoriasis	LS	preTx	0	keratinocyte_like	mixscale_validated_ifng_readout	GSE183047	967	0.07080508570742602	0.27197518097207857
GSM5550102	Psoriasis02_preTx_LS	Psoriasis02	psoriasis	LS	preTx	0	keratinocyte_like	regulatory_dc_markers	GSE183047	967	0.06272480387711535	0.11065149948293691
GSM5550103	Psoriasis03_preTx_LS	Psoriasis03	psoriasis	LS	preTx	0	keratinocyte_like	complement_phagocytosis	GSE183047	1429	0.05777480889537174	0.33939818054583626
GSM5550103	Psoriasis03_preTx_LS	Psoriasis03	psoriasis	LS	preTx	0	keratinocyte_like	hif_nampt_metabolic	GSE183047	1429	0.09655621493167238	0.3372988103568929
GSM5550103	Psoriasis03_preTx_LS	Psoriasis03	psoriasis	LS	preTx	0	keratinocyte_like	hla_ii_apc	GSE183047	1429	0.09994988657278207	0.11336599020293912
GSM5550103	Psoriasis03_preTx_LS	Psoriasis03	psoriasis	LS	preTx	0	keratinocyte_like	ifn_apc	GSE183047	1429	0.0966788455296736	0.33869839048285516
GSM5550103	Psoriasis03_preTx_LS	Psoriasis03	psoriasis	LS	preTx	0	keratinocyte_like	il17_keratinocyte_inflammation	GSE183047	1429	0.6124046577318841	0.5598320503848845
GSM5550103	Psoriasis03_preTx_LS	Psoriasis03	psoriasis	LS	preTx	0	keratinocyte_like	inflammatory_nfkb	GSE183047	1429	0.047238625072514286	0.3184044786564031
GSM5550103	Psoriasis03_preTx_LS	Psoriasis03	psoriasis	LS	preTx	0	keratinocyte_like	lipid_loader_repair	GSE183047	1429	0.01722764643061612	0.27711686494051785
GSM5550103	Psoriasis03_preTx_LS	Psoriasis03	psoriasis	LS	preTx	0	keratinocyte_like	lysosomal_apc	GSE183047	1429	0.14338582156000723	0.34009797060881736
GSM5550103	Psoriasis03_preTx_LS	Psoriasis03	psoriasis	LS	preTx	0	keratinocyte_like	mif_cd74_receptor_state	GSE183047	1429	0.236370228914072	0.36738978306508047
GSM5550103	Psoriasis03_preTx_LS	Psoriasis03	psoriasis	LS	preTx	0	keratinocyte_like	mixscale_validated_ifng_readout	GSE183047	1429	0.16764523837925327	0.34849545136459065
GSM5550103	Psoriasis03_preTx_LS	Psoriasis03	psoriasis	LS	preTx	0	keratinocyte_like	regulatory_dc_markers	GSE183047	1429	0.04791688742727793	0.09167249825052484
GSM5550104	Psoriasis04_postTx_week12_LS	Psoriasis04	psoriasis	LS	postTx_week12	12	b_plasma_like	complement_phagocytosis	GSE183047	81	-0.02115778156438557	0.037037037037037035
GSM5550104	Psoriasis04_postTx_week12_LS	Psoriasis04	psoriasis	LS	postTx_week12	12	b_plasma_like	hif_nampt_metabolic	GSE183047	81	0.17505506340809593	0.4074074074074074
GSM5550104	Psoriasis04_postTx_week12_LS	Psoriasis04	psoriasis	LS	postTx_week12	12	b_plasma_like	hla_ii_apc	GSE183047	81	0.13151995072638906	0.12345679012345678
GSM5550104	Psoriasis04_postTx_week12_LS	Psoriasis04	psoriasis	LS	postTx_week12	12	b_plasma_like	ifn_apc	GSE183047	81	-0.10899738153654405	0.14814814814814814
GSM5550104	Psoriasis04_postTx_week12_LS	Psoriasis04	psoriasis	LS	postTx_week12	12	b_plasma_like	il17_keratinocyte_inflammation	GSE183047	81	0.042148939131015764	0.2345679012345679
GSM5550104	Psoriasis04_postTx_week12_LS	Psoriasis04	psoriasis	LS	postTx_week12	12	b_plasma_like	inflammatory_nfkb	GSE183047	81	-0.015164186219702709	0.2345679012345679
GSM5550104	Psoriasis04_postTx_week12_LS	Psoriasis04	psoriasis	LS	postTx_week12	12	b_plasma_like	lipid_loader_repair	GSE183047	81	0.02534672570275924	0.35802469135802467
GSM5550104	Psoriasis04_postTx_week12_LS	Psoriasis04	psoriasis	LS	postTx_week12	12	b_plasma_like	lysosomal_apc	GSE183047	81	0.08379270632055376	0.32098765432098764
GSM5550104	Psoriasis04_postTx_week12_LS	Psoriasis04	psoriasis	LS	postTx_week12	12	b_plasma_like	mif_cd74_receptor_state	GSE183047	81	-0.2367427663952219	0.2345679012345679
GSM5550104	Psoriasis04_postTx_week12_LS	Psoriasis04	psoriasis	LS	postTx_week12	12	b_plasma_like	mixscale_validated_ifng_readout	GSE183047	81	-0.08266675293550246	0.1111111111111111
GSM5550104	Psoriasis04_postTx_week12_LS	Psoriasis04	psoriasis	LS	postTx_week12	12	b_plasma_like	regulatory_dc_markers	GSE183047	81	-0.048163931157345984	0.0
GSM5550104	Psoriasis04_postTx_week12_LS	Psoriasis04	psoriasis	LS	postTx_week12	12	keratinocyte_like	complement_phagocytosis	GSE183047	961	-0.07245208822426072	0.10926118626430802
GSM5550104	Psoriasis04_postTx_week12_LS	Psoriasis04	psoriasis	LS	postTx_week12	12	keratinocyte_like	hif_nampt_metabolic	GSE183047	961	0.048696364577412415	0.2924037460978148
GSM5550104	Psoriasis04_postTx_week12_LS	Psoriasis04	psoriasis	LS	postTx_week12	12	keratinocyte_like	hla_ii_apc	GSE183047	961	0.2054532475786729	0.11238293444328824
GSM5550104	Psoriasis04_postTx_week12_LS	Psoriasis04	psoriasis	LS	postTx_week12	12	keratinocyte_like	ifn_apc	GSE183047	961	-0.07300027399996677	0.16441207075962538
GSM5550104	Psoriasis04_postTx_week12_LS	Psoriasis04	psoriasis	LS	postTx_week12	12	keratinocyte_like	il17_keratinocyte_inflammation	GSE183047	961	-0.4846978698330988	0.030176899063475548
GSM5550104	Psoriasis04_postTx_week12_LS	Psoriasis04	psoriasis	LS	postTx_week12	12	keratinocyte_like	inflammatory_nfkb	GSE183047	961	0.033080078436136244	0.37148803329864727
GSM5550104	Psoriasis04_postTx_week12_LS	Psoriasis04	psoriasis	LS	postTx_week12	12	keratinocyte_like	lipid_loader_repair	GSE183047	961	-0.01664915498650554	0.2778355879292404
GSM5550104	Psoriasis04_postTx_week12_LS	Psoriasis04	psoriasis	LS	postTx_week12	12	keratinocyte_like	lysosomal_apc	GSE183047	961	0.20002338831179403	0.41519250780437045
GSM5550104	Psoriasis04_postTx_week12_LS	Psoriasis04	psoriasis	LS	postTx_week12	12	keratinocyte_like	mif_cd74_receptor_state	GSE183047	961	-0.09674717139332963	0.21123829344432882
GSM5550104	Psoriasis04_postTx_week12_LS	Psoriasis04	psoriasis	LS	postTx_week12	12	keratinocyte_like	mixscale_validated_ifng_readout	GSE183047	961	0.2261655960718982	0.595213319458897
GSM5550104	Psoriasis04_postTx_week12_LS	Psoriasis04	psoriasis	LS	postTx_week12	12	keratinocyte_like	regulatory_dc_markers	GSE183047	961	-0.03288719949676934	0.04162330905306972
GSM5550104	Psoriasis04_postTx_week12_LS	Psoriasis04	psoriasis	LS	postTx_week12	12	myeloid_apc_like	complement_phagocytosis	GSE183047	408	-0.22492214727969945	0.14705882352941177
GSM5550104	Psoriasis04_postTx_week12_LS	Psoriasis04	psoriasis	LS	postTx_week12	12	myeloid_apc_like	hif_nampt_metabolic	GSE183047	408	-0.06495791336340646	0.19607843137254902
GSM5550104	Psoriasis04_postTx_week12_LS	Psoriasis04	psoriasis	LS	postTx_week12	12	myeloid_apc_like	hla_ii_apc	GSE183047	408	0.05147600843795988	0.24754901960784315
GSM5550104	Psoriasis04_postTx_week12_LS	Psoriasis04	psoriasis	LS	postTx_week12	12	myeloid_apc_like	ifn_apc	GSE183047	408	-0.23124658283646735	0.08333333333333333
GSM5550104	Psoriasis04_postTx_week12_LS	Psoriasis04	psoriasis	LS	postTx_week12	12	myeloid_apc_like	il17_keratinocyte_inflammation	GSE183047	408	-0.049140857827637476	0.1715686274509804
GSM5550104	Psoriasis04_postTx_week12_LS	Psoriasis04	psoriasis	LS	postTx_week12	12	myeloid_apc_like	inflammatory_nfkb	GSE183047	408	-0.1062272676890529	0.14705882352941177
GSM5550104	Psoriasis04_postTx_week12_LS	Psoriasis04	psoriasis	LS	postTx_week12	12	myeloid_apc_like	lipid_loader_repair	GSE183047	408	-0.17047746670144368	0.12990196078431374
GSM5550104	Psoriasis04_postTx_week12_LS	Psoriasis04	psoriasis	LS	postTx_week12	12	myeloid_apc_like	lysosomal_apc	GSE183047	408	-0.11977722915601492	0.17647058823529413
GSM5550104	Psoriasis04_postTx_week12_LS	Psoriasis04	psoriasis	LS	postTx_week12	12	myeloid_apc_like	mif_cd74_receptor_state	GSE183047	408	-0.14806094971976622	0.15931372549019607
GSM5550104	Psoriasis04_postTx_week12_LS	Psoriasis04	psoriasis	LS	postTx_week12	12	myeloid_apc_like	mixscale_validated_ifng_readout	GSE183047	408	-0.036618920344278987	0.17401960784313725
GSM5550104	Psoriasis04_postTx_week12_LS	Psoriasis04	psoriasis	LS	postTx_week12	12	myeloid_apc_like	regulatory_dc_markers	GSE183047	408	-0.20233590821469932	0.0661764705882353
GSM5550104	Psoriasis04_postTx_week12_LS	Psoriasis04	psoriasis	LS	postTx_week12	12	t_cell_like	complement_phagocytosis	GSE183047	168	-0.04119212055527524	0.023809523809523808
GSM5550104	Psoriasis04_postTx_week12_LS	Psoriasis04	psoriasis	LS	postTx_week12	12	t_cell_like	hif_nampt_metabolic	GSE183047	168	0.004744437494401773	0.26785714285714285
GSM5550104	Psoriasis04_postTx_week12_LS	Psoriasis04	psoriasis	LS	postTx_week12	12	t_cell_like	hla_ii_apc	GSE183047	168	0.11545661271008094	0.1130952380952381
GSM5550104	Psoriasis04_postTx_week12_LS	Psoriasis04	psoriasis	LS	postTx_week12	12	t_cell_like	ifn_apc	GSE183047	168	-0.19453401114073157	0.10119047619047619
GSM5550104	Psoriasis04_postTx_week12_LS	Psoriasis04	psoriasis	LS	postTx_week12	12	t_cell_like	il17_keratinocyte_inflammation	GSE183047	168	-0.11184011298015588	0.1488095238095238
GSM5550104	Psoriasis04_postTx_week12_LS	Psoriasis04	psoriasis	LS	postTx_week12	12	t_cell_like	inflammatory_nfkb	GSE183047	168	-0.03203254442962587	0.25
GSM5550104	Psoriasis04_postTx_week12_LS	Psoriasis04	psoriasis	LS	postTx_week12	12	t_cell_like	lipid_loader_repair	GSE183047	168	-0.03505645017328467	0.20833333333333334
GSM5550104	Psoriasis04_postTx_week12_LS	Psoriasis04	psoriasis	LS	postTx_week12	12	t_cell_like	lysosomal_apc	GSE183047	168	-0.0010979643888612014	0.27380952380952384
GSM5550104	Psoriasis04_postTx_week12_LS	Psoriasis04	psoriasis	LS	postTx_week12	12	t_cell_like	mif_cd74_receptor_state	GSE183047	168	0.08611069439070772	0.26785714285714285
GSM5550104	Psoriasis04_postTx_week12_LS	Psoriasis04	psoriasis	LS	postTx_week12	12	t_cell_like	mixscale_validated_ifng_readout	GSE183047	168	0.08319720133181865	0.27976190476190477
GSM5550104	Psoriasis04_postTx_week12_LS	Psoriasis04	psoriasis	LS	postTx_week12	12	t_cell_like	regulatory_dc_markers	GSE183047	168	-0.03772979994922338	0.005952380952380952
GSM5550105	Psoriasis04_preTx_LS	Psoriasis04	psoriasis	LS	preTx	0	b_plasma_like	complement_phagocytosis	GSE183047	40	0.0004860113644651498	0.075
GSM5550105	Psoriasis04_preTx_LS	Psoriasis04	psoriasis	LS	preTx	0	b_plasma_like	hif_nampt_metabolic	GSE183047	40	-0.05874472611947625	0.2
GSM5550105	Psoriasis04_preTx_LS	Psoriasis04	psoriasis	LS	preTx	0	b_plasma_like	hla_ii_apc	GSE183047	40	0.06617095537896703	0.125
GSM5550105	Psoriasis04_preTx_LS	Psoriasis04	psoriasis	LS	preTx	0	b_plasma_like	ifn_apc	GSE183047	40	-0.016141438507812182	0.275
GSM5550105	Psoriasis04_preTx_LS	Psoriasis04	psoriasis	LS	preTx	0	b_plasma_like	il17_keratinocyte_inflammation	GSE183047	40	-0.025928090020721207	0.25
GSM5550105	Psoriasis04_preTx_LS	Psoriasis04	psoriasis	LS	preTx	0	b_plasma_like	inflammatory_nfkb	GSE183047	40	-0.0035644624887444356	0.225
GSM5550105	Psoriasis04_preTx_LS	Psoriasis04	psoriasis	LS	preTx	0	b_plasma_like	lipid_loader_repair	GSE183047	40	-0.044734404893769356	0.125
GSM5550105	Psoriasis04_preTx_LS	Psoriasis04	psoriasis	LS	preTx	0	b_plasma_like	lysosomal_apc	GSE183047	40	0.18211526436543163	0.4
GSM5550105	Psoriasis04_preTx_LS	Psoriasis04	psoriasis	LS	preTx	0	b_plasma_like	mif_cd74_receptor_state	GSE183047	40	0.373423611970643	0.475
GSM5550105	Psoriasis04_preTx_LS	Psoriasis04	psoriasis	LS	preTx	0	b_plasma_like	mixscale_validated_ifng_readout	GSE183047	40	0.10895696739914593	0.325
GSM5550105	Psoriasis04_preTx_LS	Psoriasis04	psoriasis	LS	preTx	0	b_plasma_like	regulatory_dc_markers	GSE183047	40	-0.04816393115734599	0.0
GSM5550105	Psoriasis04_preTx_LS	Psoriasis04	psoriasis	LS	preTx	0	keratinocyte_like	complement_phagocytosis	GSE183047	617	0.12946231326159321	0.29497568881685576
GSM5550105	Psoriasis04_preTx_LS	Psoriasis04	psoriasis	LS	preTx	0	keratinocyte_like	hif_nampt_metabolic	GSE183047	617	0.02578334257449739	0.26580226904376014
GSM5550105	Psoriasis04_preTx_LS	Psoriasis04	psoriasis	LS	preTx	0	keratinocyte_like	hla_ii_apc	GSE183047	617	0.03749935387281813	0.06969205834683954
GSM5550105	Psoriasis04_preTx_LS	Psoriasis04	psoriasis	LS	preTx	0	keratinocyte_like	ifn_apc	GSE183047	617	0.04527646488842666	0.26742301458670986
GSM5550105	Psoriasis04_preTx_LS	Psoriasis04	psoriasis	LS	preTx	0	keratinocyte_like	il17_keratinocyte_inflammation	GSE183047	617	0.04229710910366444	0.3646677471636953
GSM5550105	Psoriasis04_preTx_LS	Psoriasis04	psoriasis	LS	preTx	0	keratinocyte_like	inflammatory_nfkb	GSE183047	617	0.09353703178518329	0.34359805510534847
GSM5550105	Psoriasis04_preTx_LS	Psoriasis04	psoriasis	LS	preTx	0	keratinocyte_like	lipid_loader_repair	GSE183047	617	-0.009933651753041015	0.2171799027552674
GSM5550105	Psoriasis04_preTx_LS	Psoriasis04	psoriasis	LS	preTx	0	keratinocyte_like	lysosomal_apc	GSE183047	617	0.05448589205448602	0.25121555915721233
GSM5550105	Psoriasis04_preTx_LS	Psoriasis04	psoriasis	LS	preTx	0	keratinocyte_like	mif_cd74_receptor_state	GSE183047	617	0.20564142136634372	0.3565640194489465
GSM5550105	Psoriasis04_preTx_LS	Psoriasis04	psoriasis	LS	preTx	0	keratinocyte_like	mixscale_validated_ifng_readout	GSE183047	617	0.16837219856496757	0.3873581847649919
GSM5550105	Psoriasis04_preTx_LS	Psoriasis04	psoriasis	LS	preTx	0	keratinocyte_like	regulatory_dc_markers	GSE183047	617	0.06790693521508084	0.09886547811993517
GSM5550105	Psoriasis04_preTx_LS	Psoriasis04	psoriasis	LS	preTx	0	myeloid_apc_like	complement_phagocytosis	GSE183047	720	0.22219266110994226	0.4152777777777778
GSM5550105	Psoriasis04_preTx_LS	Psoriasis04	psoriasis	LS	preTx	0	myeloid_apc_like	hif_nampt_metabolic	GSE183047	720	-0.06690399203374518	0.19305555555555556
GSM5550105	Psoriasis04_preTx_LS	Psoriasis04	psoriasis	LS	preTx	0	myeloid_apc_like	hla_ii_apc	GSE183047	720	-0.1547743526269544	0.20555555555555555
GSM5550105	Psoriasis04_preTx_LS	Psoriasis04	psoriasis	LS	preTx	0	myeloid_apc_like	ifn_apc	GSE183047	720	-0.11526292439629524	0.20555555555555555
GSM5550105	Psoriasis04_preTx_LS	Psoriasis04	psoriasis	LS	preTx	0	myeloid_apc_like	il17_keratinocyte_inflammation	GSE183047	720	0.3083229789116459	0.45416666666666666
GSM5550105	Psoriasis04_preTx_LS	Psoriasis04	psoriasis	LS	preTx	0	myeloid_apc_like	inflammatory_nfkb	GSE183047	720	0.011783533681009341	0.30694444444444446
GSM5550105	Psoriasis04_preTx_LS	Psoriasis04	psoriasis	LS	preTx	0	myeloid_apc_like	lipid_loader_repair	GSE183047	720	0.03186794575995917	0.31805555555555554
GSM5550105	Psoriasis04_preTx_LS	Psoriasis04	psoriasis	LS	preTx	0	myeloid_apc_like	lysosomal_apc	GSE183047	720	0.05125279357967949	0.3125
GSM5550105	Psoriasis04_preTx_LS	Psoriasis04	psoriasis	LS	preTx	0	myeloid_apc_like	mif_cd74_receptor_state	GSE183047	720	-0.017987868632966773	0.24722222222222223
GSM5550105	Psoriasis04_preTx_LS	Psoriasis04	psoriasis	LS	preTx	0	myeloid_apc_like	mixscale_validated_ifng_readout	GSE183047	720	-0.15129229190011728	0.12222222222222222
GSM5550105	Psoriasis04_preTx_LS	Psoriasis04	psoriasis	LS	preTx	0	myeloid_apc_like	regulatory_dc_markers	GSE183047	720	0.16726285505329422	0.41388888888888886
GSM5550105	Psoriasis04_preTx_LS	Psoriasis04	psoriasis	LS	preTx	0	t_cell_like	complement_phagocytosis	GSE183047	643	0.04331294629540203	0.06842923794712286
GSM5550105	Psoriasis04_preTx_LS	Psoriasis04	psoriasis	LS	preTx	0	t_cell_like	hif_nampt_metabolic	GSE183047	643	-0.10685410314788925	0.17573872472783825
GSM5550105	Psoriasis04_preTx_LS	Psoriasis04	psoriasis	LS	preTx	0	t_cell_like	hla_ii_apc	GSE183047	643	-0.01810106038818253	0.06531881804043546
GSM5550105	Psoriasis04_preTx_LS	Psoriasis04	psoriasis	LS	preTx	0	t_cell_like	ifn_apc	GSE183047	643	-0.05528706269628023	0.2115085536547434
GSM5550105	Psoriasis04_preTx_LS	Psoriasis04	psoriasis	LS	preTx	0	t_cell_like	il17_keratinocyte_inflammation	GSE183047	643	0.00943730247225989	0.24261275272161742
GSM5550105	Psoriasis04_preTx_LS	Psoriasis04	psoriasis	LS	preTx	0	t_cell_like	inflammatory_nfkb	GSE183047	643	-0.028466449857807583	0.2379471228615863
GSM5550105	Psoriasis04_preTx_LS	Psoriasis04	psoriasis	LS	preTx	0	t_cell_like	lipid_loader_repair	GSE183047	643	-0.0641550118099328	0.16018662519440124
GSM5550105	Psoriasis04_preTx_LS	Psoriasis04	psoriasis	LS	preTx	0	t_cell_like	lysosomal_apc	GSE183047	643	-0.08581446575135192	0.18818040435458788
GSM5550105	Psoriasis04_preTx_LS	Psoriasis04	psoriasis	LS	preTx	0	t_cell_like	mif_cd74_receptor_state	GSE183047	643	-0.2164928663482092	0.16018662519440124
GSM5550105	Psoriasis04_preTx_LS	Psoriasis04	psoriasis	LS	preTx	0	t_cell_like	mixscale_validated_ifng_readout	GSE183047	643	-0.011069152346900719	0.223950233281493
GSM5550105	Psoriasis04_preTx_LS	Psoriasis04	psoriasis	LS	preTx	0	t_cell_like	regulatory_dc_markers	GSE183047	643	0.07595151960553313	0.041990668740279936
GSM5550106	Psoriasis05_postTx_week12_LS	Psoriasis05	psoriasis	LS	postTx_week12	12	b_plasma_like	complement_phagocytosis	GSE183047	37	-0.038252105485431814	0.02702702702702703
GSM5550106	Psoriasis05_postTx_week12_LS	Psoriasis05	psoriasis	LS	postTx_week12	12	b_plasma_like	hif_nampt_metabolic	GSE183047	37	0.0076504544875861304	0.2702702702702703
GSM5550106	Psoriasis05_postTx_week12_LS	Psoriasis05	psoriasis	LS	postTx_week12	12	b_plasma_like	hla_ii_apc	GSE183047	37	-0.00021567309388876495	0.08108108108108109
GSM5550106	Psoriasis05_postTx_week12_LS	Psoriasis05	psoriasis	LS	postTx_week12	12	b_plasma_like	ifn_apc	GSE183047	37	-0.01719770991221659	0.10810810810810811
GSM5550106	Psoriasis05_postTx_week12_LS	Psoriasis05	psoriasis	LS	postTx_week12	12	b_plasma_like	il17_keratinocyte_inflammation	GSE183047	37	-0.22251838549925093	0.10810810810810811
GSM5550106	Psoriasis05_postTx_week12_LS	Psoriasis05	psoriasis	LS	postTx_week12	12	b_plasma_like	inflammatory_nfkb	GSE183047	37	0.10792630319013412	0.2702702702702703
GSM5550106	Psoriasis05_postTx_week12_LS	Psoriasis05	psoriasis	LS	postTx_week12	12	b_plasma_like	lipid_loader_repair	GSE183047	37	0.24952415916023815	0.4864864864864865
GSM5550106	Psoriasis05_postTx_week12_LS	Psoriasis05	psoriasis	LS	postTx_week12	12	b_plasma_like	lysosomal_apc	GSE183047	37	0.025247842382846032	0.32432432432432434
GSM5550106	Psoriasis05_postTx_week12_LS	Psoriasis05	psoriasis	LS	postTx_week12	12	b_plasma_like	mif_cd74_receptor_state	GSE183047	37	-0.11521434616639463	0.21621621621621623
GSM5550106	Psoriasis05_postTx_week12_LS	Psoriasis05	psoriasis	LS	postTx_week12	12	b_plasma_like	mixscale_validated_ifng_readout	GSE183047	37	-0.0476139003350699	0.16216216216216217
GSM5550106	Psoriasis05_postTx_week12_LS	Psoriasis05	psoriasis	LS	postTx_week12	12	b_plasma_like	regulatory_dc_markers	GSE183047	37	-0.02012852370437606	0.05405405405405406
GSM5550106	Psoriasis05_postTx_week12_LS	Psoriasis05	psoriasis	LS	postTx_week12	12	keratinocyte_like	complement_phagocytosis	GSE183047	150	-0.07019340525390395	0.09333333333333334
GSM5550106	Psoriasis05_postTx_week12_LS	Psoriasis05	psoriasis	LS	postTx_week12	12	keratinocyte_like	hif_nampt_metabolic	GSE183047	150	-0.05916003294904802	0.18666666666666668
GSM5550106	Psoriasis05_postTx_week12_LS	Psoriasis05	psoriasis	LS	postTx_week12	12	keratinocyte_like	hla_ii_apc	GSE183047	150	-0.0034680303436442138	0.05333333333333334
GSM5550106	Psoriasis05_postTx_week12_LS	Psoriasis05	psoriasis	LS	postTx_week12	12	keratinocyte_like	ifn_apc	GSE183047	150	-0.01849870291536045	0.16666666666666666
GSM5550106	Psoriasis05_postTx_week12_LS	Psoriasis05	psoriasis	LS	postTx_week12	12	keratinocyte_like	il17_keratinocyte_inflammation	GSE183047	150	-0.7481440954270558	0.02
GSM5550106	Psoriasis05_postTx_week12_LS	Psoriasis05	psoriasis	LS	postTx_week12	12	keratinocyte_like	inflammatory_nfkb	GSE183047	150	0.1767390405152952	0.48
GSM5550106	Psoriasis05_postTx_week12_LS	Psoriasis05	psoriasis	LS	postTx_week12	12	keratinocyte_like	lipid_loader_repair	GSE183047	150	0.2322208328205482	0.52
GSM5550106	Psoriasis05_postTx_week12_LS	Psoriasis05	psoriasis	LS	postTx_week12	12	keratinocyte_like	lysosomal_apc	GSE183047	150	0.2333348747189127	0.44
GSM5550106	Psoriasis05_postTx_week12_LS	Psoriasis05	psoriasis	LS	postTx_week12	12	keratinocyte_like	mif_cd74_receptor_state	GSE183047	150	0.16248685708749225	0.36
GSM5550106	Psoriasis05_postTx_week12_LS	Psoriasis05	psoriasis	LS	postTx_week12	12	keratinocyte_like	mixscale_validated_ifng_readout	GSE183047	150	0.1981659883582661	0.5266666666666666
GSM5550106	Psoriasis05_postTx_week12_LS	Psoriasis05	psoriasis	LS	postTx_week12	12	keratinocyte_like	regulatory_dc_markers	GSE183047	150	0.045318619937473305	0.05333333333333334
GSM5550106	Psoriasis05_postTx_week12_LS	Psoriasis05	psoriasis	LS	postTx_week12	12	myeloid_apc_like	complement_phagocytosis	GSE183047	203	-0.12284048021130935	0.22660098522167488
GSM5550106	Psoriasis05_postTx_week12_LS	Psoriasis05	psoriasis	LS	postTx_week12	12	myeloid_apc_like	hif_nampt_metabolic	GSE183047	203	-0.21412812784325985	0.15763546798029557
GSM5550106	Psoriasis05_postTx_week12_LS	Psoriasis05	psoriasis	LS	postTx_week12	12	myeloid_apc_like	hla_ii_apc	GSE183047	203	-0.5972381536302052	0.08374384236453201
GSM5550106	Psoriasis05_postTx_week12_LS	Psoriasis05	psoriasis	LS	postTx_week12	12	myeloid_apc_like	ifn_apc	GSE183047	203	-0.3167922756122922	0.11330049261083744
GSM5550106	Psoriasis05_postTx_week12_LS	Psoriasis05	psoriasis	LS	postTx_week12	12	myeloid_apc_like	il17_keratinocyte_inflammation	GSE183047	203	-0.3488914786282449	0.059113300492610835
GSM5550106	Psoriasis05_postTx_week12_LS	Psoriasis05	psoriasis	LS	postTx_week12	12	myeloid_apc_like	inflammatory_nfkb	GSE183047	203	-0.014176369802772664	0.2955665024630542
GSM5550106	Psoriasis05_postTx_week12_LS	Psoriasis05	psoriasis	LS	postTx_week12	12	myeloid_apc_like	lipid_loader_repair	GSE183047	203	0.1503337007836323	0.6206896551724138
GSM5550106	Psoriasis05_postTx_week12_LS	Psoriasis05	psoriasis	LS	postTx_week12	12	myeloid_apc_like	lysosomal_apc	GSE183047	203	-0.21944890891445276	0.16748768472906403
GSM5550106	Psoriasis05_postTx_week12_LS	Psoriasis05	psoriasis	LS	postTx_week12	12	myeloid_apc_like	mif_cd74_receptor_state	GSE183047	203	-0.11369268515425437	0.21674876847290642
GSM5550106	Psoriasis05_postTx_week12_LS	Psoriasis05	psoriasis	LS	postTx_week12	12	myeloid_apc_like	mixscale_validated_ifng_readout	GSE183047	203	-0.47839514926951776	0.09359605911330049
GSM5550106	Psoriasis05_postTx_week12_LS	Psoriasis05	psoriasis	LS	postTx_week12	12	myeloid_apc_like	regulatory_dc_markers	GSE183047	203	-0.051544975401677864	0.1724137931034483
GSM5550106	Psoriasis05_postTx_week12_LS	Psoriasis05	psoriasis	LS	postTx_week12	12	t_cell_like	complement_phagocytosis	GSE183047	176	0.14024019226721404	0.07954545454545454
GSM5550106	Psoriasis05_postTx_week12_LS	Psoriasis05	psoriasis	LS	postTx_week12	12	t_cell_like	hif_nampt_metabolic	GSE183047	176	-0.19971350345446828	0.14772727272727273
GSM5550106	Psoriasis05_postTx_week12_LS	Psoriasis05	psoriasis	LS	postTx_week12	12	t_cell_like	hla_ii_apc	GSE183047	176	-0.04336926408268515	0.03977272727272727
GSM5550106	Psoriasis05_postTx_week12_LS	Psoriasis05	psoriasis	LS	postTx_week12	12	t_cell_like	ifn_apc	GSE183047	176	-0.21881775766439393	0.19886363636363635
GSM5550106	Psoriasis05_postTx_week12_LS	Psoriasis05	psoriasis	LS	postTx_week12	12	t_cell_like	il17_keratinocyte_inflammation	GSE183047	176	-0.2900000174293868	0.0625
GSM5550106	Psoriasis05_postTx_week12_LS	Psoriasis05	psoriasis	LS	postTx_week12	12	t_cell_like	inflammatory_nfkb	GSE183047	176	0.1479769134618825	0.3806818181818182
GSM5550106	Psoriasis05_postTx_week12_LS	Psoriasis05	psoriasis	LS	postTx_week12	12	t_cell_like	lipid_loader_repair	GSE183047	176	0.271367528993664	0.5738636363636364
GSM5550106	Psoriasis05_postTx_week12_LS	Psoriasis05	psoriasis	LS	postTx_week12	12	t_cell_like	lysosomal_apc	GSE183047	176	-0.0809624860072826	0.2159090909090909
GSM5550106	Psoriasis05_postTx_week12_LS	Psoriasis05	psoriasis	LS	postTx_week12	12	t_cell_like	mif_cd74_receptor_state	GSE183047	176	-0.4124733683545005	0.14204545454545456
GSM5550106	Psoriasis05_postTx_week12_LS	Psoriasis05	psoriasis	LS	postTx_week12	12	t_cell_like	mixscale_validated_ifng_readout	GSE183047	176	-0.03004414148253607	0.20454545454545456
GSM5550106	Psoriasis05_postTx_week12_LS	Psoriasis05	psoriasis	LS	postTx_week12	12	t_cell_like	regulatory_dc_markers	GSE183047	176	0.0013442633544158422	0.017045454545454544
GSM5550107	Psoriasis05_preTx_LS	Psoriasis05	psoriasis	LS	preTx	0	keratinocyte_like	complement_phagocytosis	GSE183047	2121	-0.058827959203243935	0.1305987741631306
GSM5550107	Psoriasis05_preTx_LS	Psoriasis05	psoriasis	LS	preTx	0	keratinocyte_like	hif_nampt_metabolic	GSE183047	2121	0.06010641890819861	0.28524280999528523
GSM5550107	Psoriasis05_preTx_LS	Psoriasis05	psoriasis	LS	preTx	0	keratinocyte_like	hla_ii_apc	GSE183047	2121	0.039465020270038356	0.07779349363507779
GSM5550107	Psoriasis05_preTx_LS	Psoriasis05	psoriasis	LS	preTx	0	keratinocyte_like	ifn_apc	GSE183047	2121	0.07914846442428941	0.280999528524281
GSM5550107	Psoriasis05_preTx_LS	Psoriasis05	psoriasis	LS	preTx	0	keratinocyte_like	il17_keratinocyte_inflammation	GSE183047	2121	0.02664985179856649	0.27722772277227725
GSM5550107	Psoriasis05_preTx_LS	Psoriasis05	psoriasis	LS	preTx	0	keratinocyte_like	inflammatory_nfkb	GSE183047	2121	0.0966840142202308	0.36020744931636023
GSM5550107	Psoriasis05_preTx_LS	Psoriasis05	psoriasis	LS	preTx	0	keratinocyte_like	lipid_loader_repair	GSE183047	2121	0.019869433060864007	0.26544082979726547
GSM5550107	Psoriasis05_preTx_LS	Psoriasis05	psoriasis	LS	preTx	0	keratinocyte_like	lysosomal_apc	GSE183047	2121	0.06950113676397648	0.2838283828382838
GSM5550107	Psoriasis05_preTx_LS	Psoriasis05	psoriasis	LS	preTx	0	keratinocyte_like	mif_cd74_receptor_state	GSE183047	2121	0.29082822920356133	0.3701084394153701
GSM5550107	Psoriasis05_preTx_LS	Psoriasis05	psoriasis	LS	preTx	0	keratinocyte_like	mixscale_validated_ifng_readout	GSE183047	2121	0.17010203035924704	0.38613861386138615
GSM5550107	Psoriasis05_preTx_LS	Psoriasis05	psoriasis	LS	preTx	0	keratinocyte_like	regulatory_dc_markers	GSE183047	2121	-0.004755168387665674	0.05233380480905234
GSM5550107	Psoriasis05_preTx_LS	Psoriasis05	psoriasis	LS	preTx	0	myeloid_apc_like	complement_phagocytosis	GSE183047	183	-0.054974617793669585	0.21311475409836064
GSM5550107	Psoriasis05_preTx_LS	Psoriasis05	psoriasis	LS	preTx	0	myeloid_apc_like	hif_nampt_metabolic	GSE183047	183	-0.042659508352906085	0.23497267759562843
GSM5550107	Psoriasis05_preTx_LS	Psoriasis05	psoriasis	LS	preTx	0	myeloid_apc_like	hla_ii_apc	GSE183047	183	-0.16688744195972663	0.19672131147540983
GSM5550107	Psoriasis05_preTx_LS	Psoriasis05	psoriasis	LS	preTx	0	myeloid_apc_like	ifn_apc	GSE183047	183	-0.1478920977725144	0.16393442622950818
GSM5550107	Psoriasis05_preTx_LS	Psoriasis05	psoriasis	LS	preTx	0	myeloid_apc_like	il17_keratinocyte_inflammation	GSE183047	183	0.7658650573147261	0.9016393442622951
GSM5550107	Psoriasis05_preTx_LS	Psoriasis05	psoriasis	LS	preTx	0	myeloid_apc_like	inflammatory_nfkb	GSE183047	183	0.10805263682287135	0.34972677595628415
GSM5550107	Psoriasis05_preTx_LS	Psoriasis05	psoriasis	LS	preTx	0	myeloid_apc_like	lipid_loader_repair	GSE183047	183	-0.07223929539017686	0.2459016393442623
GSM5550107	Psoriasis05_preTx_LS	Psoriasis05	psoriasis	LS	preTx	0	myeloid_apc_like	lysosomal_apc	GSE183047	183	-0.16526158617505793	0.15846994535519127
GSM5550107	Psoriasis05_preTx_LS	Psoriasis05	psoriasis	LS	preTx	0	myeloid_apc_like	mif_cd74_receptor_state	GSE183047	183	0.009504043668588015	0.25136612021857924
GSM5550107	Psoriasis05_preTx_LS	Psoriasis05	psoriasis	LS	preTx	0	myeloid_apc_like	mixscale_validated_ifng_readout	GSE183047	183	-0.02274098682003234	0.20765027322404372
GSM5550107	Psoriasis05_preTx_LS	Psoriasis05	psoriasis	LS	preTx	0	myeloid_apc_like	regulatory_dc_markers	GSE183047	183	0.029070757429779295	0.25136612021857924
GSM5550107	Psoriasis05_preTx_LS	Psoriasis05	psoriasis	LS	preTx	0	t_cell_like	complement_phagocytosis	GSE183047	425	-0.054096304307543086	0.011764705882352941
GSM5550107	Psoriasis05_preTx_LS	Psoriasis05	psoriasis	LS	preTx	0	t_cell_like	hif_nampt_metabolic	GSE183047	425	-0.054778685375275034	0.18823529411764706
GSM5550107	Psoriasis05_preTx_LS	Psoriasis05	psoriasis	LS	preTx	0	t_cell_like	hla_ii_apc	GSE183047	425	-0.021508166765469072	0.06588235294117648
GSM5550107	Psoriasis05_preTx_LS	Psoriasis05	psoriasis	LS	preTx	0	t_cell_like	ifn_apc	GSE183047	425	-0.15963670681511005	0.14823529411764705
GSM5550107	Psoriasis05_preTx_LS	Psoriasis05	psoriasis	LS	preTx	0	t_cell_like	il17_keratinocyte_inflammation	GSE183047	425	0.7079826620227206	0.8470588235294118
GSM5550107	Psoriasis05_preTx_LS	Psoriasis05	psoriasis	LS	preTx	0	t_cell_like	inflammatory_nfkb	GSE183047	425	0.08516340846227059	0.35294117647058826
GSM5550107	Psoriasis05_preTx_LS	Psoriasis05	psoriasis	LS	preTx	0	t_cell_like	lipid_loader_repair	GSE183047	425	0.030417262085456122	0.2823529411764706
GSM5550107	Psoriasis05_preTx_LS	Psoriasis05	psoriasis	LS	preTx	0	t_cell_like	lysosomal_apc	GSE183047	425	-0.10599197044239006	0.1976470588235294
GSM5550107	Psoriasis05_preTx_LS	Psoriasis05	psoriasis	LS	preTx	0	t_cell_like	mif_cd74_receptor_state	GSE183047	425	-0.035009908896726664	0.2917647058823529
GSM5550107	Psoriasis05_preTx_LS	Psoriasis05	psoriasis	LS	preTx	0	t_cell_like	mixscale_validated_ifng_readout	GSE183047	425	-0.016040504679571622	0.21176470588235294
GSM5550107	Psoriasis05_preTx_LS	Psoriasis05	psoriasis	LS	preTx	0	t_cell_like	regulatory_dc_markers	GSE183047	425	-0.02080894389824807	0.007058823529411765
GSM5550108	Psoriasis06_preTx_LS	Psoriasis06	psoriasis	LS	preTx	0	b_plasma_like	complement_phagocytosis	GSE183047	42	-0.05026237726899375	0.0
GSM5550108	Psoriasis06_preTx_LS	Psoriasis06	psoriasis	LS	preTx	0	b_plasma_like	hif_nampt_metabolic	GSE183047	42	-0.03773822862798159	0.23809523809523808
GSM5550108	Psoriasis06_preTx_LS	Psoriasis06	psoriasis	LS	preTx	0	b_plasma_like	hla_ii_apc	GSE183047	42	-0.24146454224015151	0.0
GSM5550108	Psoriasis06_preTx_LS	Psoriasis06	psoriasis	LS	preTx	0	b_plasma_like	ifn_apc	GSE183047	42	0.018873211804946274	0.23809523809523808
GSM5550108	Psoriasis06_preTx_LS	Psoriasis06	psoriasis	LS	preTx	0	b_plasma_like	il17_keratinocyte_inflammation	GSE183047	42	-0.11103132236244473	0.07142857142857142
GSM5550108	Psoriasis06_preTx_LS	Psoriasis06	psoriasis	LS	preTx	0	b_plasma_like	inflammatory_nfkb	GSE183047	42	-0.07822143686725447	0.11904761904761904
GSM5550108	Psoriasis06_preTx_LS	Psoriasis06	psoriasis	LS	preTx	0	b_plasma_like	lipid_loader_repair	GSE183047	42	-0.01103080459093668	0.2619047619047619
GSM5550108	Psoriasis06_preTx_LS	Psoriasis06	psoriasis	LS	preTx	0	b_plasma_like	lysosomal_apc	GSE183047	42	-0.05861743530029508	0.16666666666666666
GSM5550108	Psoriasis06_preTx_LS	Psoriasis06	psoriasis	LS	preTx	0	b_plasma_like	mif_cd74_receptor_state	GSE183047	42	0.00936618297278459	0.2619047619047619
GSM5550108	Psoriasis06_preTx_LS	Psoriasis06	psoriasis	LS	preTx	0	b_plasma_like	mixscale_validated_ifng_readout	GSE183047	42	-0.0018490567697207233	0.19047619047619047
GSM5550108	Psoriasis06_preTx_LS	Psoriasis06	psoriasis	LS	preTx	0	b_plasma_like	regulatory_dc_markers	GSE183047	42	-0.04816393115734599	0.0
GSM5550108	Psoriasis06_preTx_LS	Psoriasis06	psoriasis	LS	preTx	0	keratinocyte_like	complement_phagocytosis	GSE183047	646	-0.002755460219309978	0.19659442724458204
GSM5550108	Psoriasis06_preTx_LS	Psoriasis06	psoriasis	LS	preTx	0	keratinocyte_like	hif_nampt_metabolic	GSE183047	646	-0.06451430891096736	0.1996904024767802
GSM5550108	Psoriasis06_preTx_LS	Psoriasis06	psoriasis	LS	preTx	0	keratinocyte_like	hla_ii_apc	GSE183047	646	0.009768583789484945	0.06191950464396285
GSM5550108	Psoriasis06_preTx_LS	Psoriasis06	psoriasis	LS	preTx	0	keratinocyte_like	ifn_apc	GSE183047	646	-0.020972981670341312	0.18421052631578946
GSM5550108	Psoriasis06_preTx_LS	Psoriasis06	psoriasis	LS	preTx	0	keratinocyte_like	il17_keratinocyte_inflammation	GSE183047	646	-0.103985348740083	0.21517027863777088
GSM5550108	Psoriasis06_preTx_LS	Psoriasis06	psoriasis	LS	preTx	0	keratinocyte_like	inflammatory_nfkb	GSE183047	646	0.003734144122001705	0.24613003095975233
GSM5550108	Psoriasis06_preTx_LS	Psoriasis06	psoriasis	LS	preTx	0	keratinocyte_like	lipid_loader_repair	GSE183047	646	-0.03179044726373292	0.24303405572755418
GSM5550108	Psoriasis06_preTx_LS	Psoriasis06	psoriasis	LS	preTx	0	keratinocyte_like	lysosomal_apc	GSE183047	646	0.12048785127762134	0.34210526315789475
GSM5550108	Psoriasis06_preTx_LS	Psoriasis06	psoriasis	LS	preTx	0	keratinocyte_like	mif_cd74_receptor_state	GSE183047	646	0.03293160828376707	0.24303405572755418
GSM5550108	Psoriasis06_preTx_LS	Psoriasis06	psoriasis	LS	preTx	0	keratinocyte_like	mixscale_validated_ifng_readout	GSE183047	646	0.13461811566911047	0.369969040247678
GSM5550108	Psoriasis06_preTx_LS	Psoriasis06	psoriasis	LS	preTx	0	keratinocyte_like	regulatory_dc_markers	GSE183047	646	0.00483306489579797	0.05263157894736842
GSM5550108	Psoriasis06_preTx_LS	Psoriasis06	psoriasis	LS	preTx	0	myeloid_apc_like	complement_phagocytosis	GSE183047	548	0.008659039988811172	0.25
GSM5550108	Psoriasis06_preTx_LS	Psoriasis06	psoriasis	LS	preTx	0	myeloid_apc_like	hif_nampt_metabolic	GSE183047	548	-0.15824112307812246	0.12408759124087591
GSM5550108	Psoriasis06_preTx_LS	Psoriasis06	psoriasis	LS	preTx	0	myeloid_apc_like	hla_ii_apc	GSE183047	548	0.07618567386773271	0.31386861313868614
GSM5550108	Psoriasis06_preTx_LS	Psoriasis06	psoriasis	LS	preTx	0	myeloid_apc_like	ifn_apc	GSE183047	548	-0.10806332497606391	0.145985401459854
GSM5550108	Psoriasis06_preTx_LS	Psoriasis06	psoriasis	LS	preTx	0	myeloid_apc_like	il17_keratinocyte_inflammation	GSE183047	548	-0.06487092790782287	0.1624087591240876
GSM5550108	Psoriasis06_preTx_LS	Psoriasis06	psoriasis	LS	preTx	0	myeloid_apc_like	inflammatory_nfkb	GSE183047	548	-0.04237821253007639	0.21532846715328466
GSM5550108	Psoriasis06_preTx_LS	Psoriasis06	psoriasis	LS	preTx	0	myeloid_apc_like	lipid_loader_repair	GSE183047	548	0.005604604135997985	0.25547445255474455
GSM5550108	Psoriasis06_preTx_LS	Psoriasis06	psoriasis	LS	preTx	0	myeloid_apc_like	lysosomal_apc	GSE183047	548	-0.12142862854880213	0.19343065693430658
GSM5550108	Psoriasis06_preTx_LS	Psoriasis06	psoriasis	LS	preTx	0	myeloid_apc_like	mif_cd74_receptor_state	GSE183047	548	0.0006292437400512968	0.23175182481751824
GSM5550108	Psoriasis06_preTx_LS	Psoriasis06	psoriasis	LS	preTx	0	myeloid_apc_like	mixscale_validated_ifng_readout	GSE183047	548	-0.022412904055892864	0.20802919708029197
GSM5550108	Psoriasis06_preTx_LS	Psoriasis06	psoriasis	LS	preTx	0	myeloid_apc_like	regulatory_dc_markers	GSE183047	548	0.014233529634783007	0.2846715328467153
GSM5550108	Psoriasis06_preTx_LS	Psoriasis06	psoriasis	LS	preTx	0	t_cell_like	complement_phagocytosis	GSE183047	630	-0.011134744819508125	0.03650793650793651
GSM5550108	Psoriasis06_preTx_LS	Psoriasis06	psoriasis	LS	preTx	0	t_cell_like	hif_nampt_metabolic	GSE183047	630	-0.08360553596203554	0.20793650793650795
GSM5550108	Psoriasis06_preTx_LS	Psoriasis06	psoriasis	LS	preTx	0	t_cell_like	hla_ii_apc	GSE183047	630	0.08081187942077098	0.11428571428571428
GSM5550108	Psoriasis06_preTx_LS	Psoriasis06	psoriasis	LS	preTx	0	t_cell_like	ifn_apc	GSE183047	630	-0.08373651377528223	0.16825396825396827
GSM5550108	Psoriasis06_preTx_LS	Psoriasis06	psoriasis	LS	preTx	0	t_cell_like	il17_keratinocyte_inflammation	GSE183047	630	-0.08372292190557792	0.18412698412698414
GSM5550108	Psoriasis06_preTx_LS	Psoriasis06	psoriasis	LS	preTx	0	t_cell_like	inflammatory_nfkb	GSE183047	630	-0.01885269718491944	0.21904761904761905
GSM5550108	Psoriasis06_preTx_LS	Psoriasis06	psoriasis	LS	preTx	0	t_cell_like	lipid_loader_repair	GSE183047	630	0.0019152913195086055	0.24603174603174602
GSM5550108	Psoriasis06_preTx_LS	Psoriasis06	psoriasis	LS	preTx	0	t_cell_like	lysosomal_apc	GSE183047	630	-0.03988925089774459	0.23809523809523808
GSM5550108	Psoriasis06_preTx_LS	Psoriasis06	psoriasis	LS	preTx	0	t_cell_like	mif_cd74_receptor_state	GSE183047	630	0.17186932025420384	0.35714285714285715
GSM5550108	Psoriasis06_preTx_LS	Psoriasis06	psoriasis	LS	preTx	0	t_cell_like	mixscale_validated_ifng_readout	GSE183047	630	0.1397587899987943	0.3603174603174603
GSM5550108	Psoriasis06_preTx_LS	Psoriasis06	psoriasis	LS	preTx	0	t_cell_like	regulatory_dc_markers	GSE183047	630	0.040286117881976745	0.025396825396825397
GSM5550109	Psoriasis07_postTx_week12_LS	Psoriasis07	psoriasis	LS	postTx_week12	12	keratinocyte_like	complement_phagocytosis	GSE183047	1870	-0.09199402731291074	0.09411764705882353
GSM5550109	Psoriasis07_postTx_week12_LS	Psoriasis07	psoriasis	LS	postTx_week12	12	keratinocyte_like	hif_nampt_metabolic	GSE183047	1870	-0.03775423260086882	0.24812834224598931
GSM5550109	Psoriasis07_postTx_week12_LS	Psoriasis07	psoriasis	LS	postTx_week12	12	keratinocyte_like	hla_ii_apc	GSE183047	1870	-0.11093897758515579	0.013903743315508022
GSM5550109	Psoriasis07_postTx_week12_LS	Psoriasis07	psoriasis	LS	postTx_week12	12	keratinocyte_like	ifn_apc	GSE183047	1870	-0.07810320833434893	0.16417112299465242
GSM5550109	Psoriasis07_postTx_week12_LS	Psoriasis07	psoriasis	LS	postTx_week12	12	keratinocyte_like	il17_keratinocyte_inflammation	GSE183047	1870	-0.44706680639742197	0.05401069518716577
GSM5550109	Psoriasis07_postTx_week12_LS	Psoriasis07	psoriasis	LS	postTx_week12	12	keratinocyte_like	inflammatory_nfkb	GSE183047	1870	0.01681096403396775	0.3352941176470588
GSM5550109	Psoriasis07_postTx_week12_LS	Psoriasis07	psoriasis	LS	postTx_week12	12	keratinocyte_like	lipid_loader_repair	GSE183047	1870	-0.09315827160880331	0.15828877005347594
GSM5550109	Psoriasis07_postTx_week12_LS	Psoriasis07	psoriasis	LS	postTx_week12	12	keratinocyte_like	lysosomal_apc	GSE183047	1870	-0.11552203030724366	0.19144385026737967
GSM5550109	Psoriasis07_postTx_week12_LS	Psoriasis07	psoriasis	LS	postTx_week12	12	keratinocyte_like	mif_cd74_receptor_state	GSE183047	1870	-0.32586836093567734	0.0732620320855615
GSM5550109	Psoriasis07_postTx_week12_LS	Psoriasis07	psoriasis	LS	postTx_week12	12	keratinocyte_like	mixscale_validated_ifng_readout	GSE183047	1870	-0.2914166572548571	0.05561497326203209
GSM5550109	Psoriasis07_postTx_week12_LS	Psoriasis07	psoriasis	LS	postTx_week12	12	keratinocyte_like	regulatory_dc_markers	GSE183047	1870	-0.06749846024928606	0.017112299465240642
GSM5550109	Psoriasis07_postTx_week12_LS	Psoriasis07	psoriasis	LS	postTx_week12	12	myeloid_apc_like	complement_phagocytosis	GSE183047	189	-0.1459565171447681	0.21164021164021163
GSM5550109	Psoriasis07_postTx_week12_LS	Psoriasis07	psoriasis	LS	postTx_week12	12	myeloid_apc_like	hif_nampt_metabolic	GSE183047	189	0.16264615176214584	0.42328042328042326
GSM5550109	Psoriasis07_postTx_week12_LS	Psoriasis07	psoriasis	LS	postTx_week12	12	myeloid_apc_like	hla_ii_apc	GSE183047	189	0.07846432234664172	0.30687830687830686
GSM5550109	Psoriasis07_postTx_week12_LS	Psoriasis07	psoriasis	LS	postTx_week12	12	myeloid_apc_like	ifn_apc	GSE183047	189	-0.046647831841395905	0.2222222222222222
GSM5550109	Psoriasis07_postTx_week12_LS	Psoriasis07	psoriasis	LS	postTx_week12	12	myeloid_apc_like	il17_keratinocyte_inflammation	GSE183047	189	-0.41955824914557815	0.06349206349206349
GSM5550109	Psoriasis07_postTx_week12_LS	Psoriasis07	psoriasis	LS	postTx_week12	12	myeloid_apc_like	inflammatory_nfkb	GSE183047	189	0.05863436020634426	0.30158730158730157
GSM5550109	Psoriasis07_postTx_week12_LS	Psoriasis07	psoriasis	LS	postTx_week12	12	myeloid_apc_like	lipid_loader_repair	GSE183047	189	-0.005900843211313873	0.2804232804232804
GSM5550109	Psoriasis07_postTx_week12_LS	Psoriasis07	psoriasis	LS	postTx_week12	12	myeloid_apc_like	lysosomal_apc	GSE183047	189	-0.07834488209867613	0.2275132275132275
GSM5550109	Psoriasis07_postTx_week12_LS	Psoriasis07	psoriasis	LS	postTx_week12	12	myeloid_apc_like	mif_cd74_receptor_state	GSE183047	189	-0.00541052048514689	0.2804232804232804
GSM5550109	Psoriasis07_postTx_week12_LS	Psoriasis07	psoriasis	LS	postTx_week12	12	myeloid_apc_like	mixscale_validated_ifng_readout	GSE183047	189	-0.028458134167758494	0.3544973544973545
GSM5550109	Psoriasis07_postTx_week12_LS	Psoriasis07	psoriasis	LS	postTx_week12	12	myeloid_apc_like	regulatory_dc_markers	GSE183047	189	-0.11383055165832656	0.13227513227513227
GSM5550109	Psoriasis07_postTx_week12_LS	Psoriasis07	psoriasis	LS	postTx_week12	12	t_cell_like	complement_phagocytosis	GSE183047	289	-0.051460856010566346	0.01730103806228374
GSM5550109	Psoriasis07_postTx_week12_LS	Psoriasis07	psoriasis	LS	postTx_week12	12	t_cell_like	hif_nampt_metabolic	GSE183047	289	0.10221019345831454	0.33217993079584773
GSM5550109	Psoriasis07_postTx_week12_LS	Psoriasis07	psoriasis	LS	postTx_week12	12	t_cell_like	hla_ii_apc	GSE183047	289	0.035018211822251614	0.11418685121107267
GSM5550109	Psoriasis07_postTx_week12_LS	Psoriasis07	psoriasis	LS	postTx_week12	12	t_cell_like	ifn_apc	GSE183047	289	0.011248047647740317	0.23875432525951557
GSM5550109	Psoriasis07_postTx_week12_LS	Psoriasis07	psoriasis	LS	postTx_week12	12	t_cell_like	il17_keratinocyte_inflammation	GSE183047	289	-0.2694051059766782	0.04844290657439446
GSM5550109	Psoriasis07_postTx_week12_LS	Psoriasis07	psoriasis	LS	postTx_week12	12	t_cell_like	inflammatory_nfkb	GSE183047	289	0.0360045977356715	0.3079584775086505
GSM5550109	Psoriasis07_postTx_week12_LS	Psoriasis07	psoriasis	LS	postTx_week12	12	t_cell_like	lipid_loader_repair	GSE183047	289	-0.015590722093563202	0.2491349480968858
GSM5550109	Psoriasis07_postTx_week12_LS	Psoriasis07	psoriasis	LS	postTx_week12	12	t_cell_like	lysosomal_apc	GSE183047	289	0.06833013733863175	0.3044982698961938
GSM5550109	Psoriasis07_postTx_week12_LS	Psoriasis07	psoriasis	LS	postTx_week12	12	t_cell_like	mif_cd74_receptor_state	GSE183047	289	0.32131224264572383	0.40484429065743943
GSM5550109	Psoriasis07_postTx_week12_LS	Psoriasis07	psoriasis	LS	postTx_week12	12	t_cell_like	mixscale_validated_ifng_readout	GSE183047	289	-0.043765039655658096	0.2179930795847751
GSM5550109	Psoriasis07_postTx_week12_LS	Psoriasis07	psoriasis	LS	postTx_week12	12	t_cell_like	regulatory_dc_markers	GSE183047	289	-0.026161079010478188	0.010380622837370242
GSM5550110	Psoriasis07_postTx_week48_LS	Psoriasis07	psoriasis	LS	postTx_week48	48	keratinocyte_like	complement_phagocytosis	GSE183047	286	-0.0155776609078927	0.13286713286713286
GSM5550110	Psoriasis07_postTx_week48_LS	Psoriasis07	psoriasis	LS	postTx_week48	48	keratinocyte_like	hif_nampt_metabolic	GSE183047	286	-0.1084356485363127	0.1853146853146853
GSM5550110	Psoriasis07_postTx_week48_LS	Psoriasis07	psoriasis	LS	postTx_week48	48	keratinocyte_like	hla_ii_apc	GSE183047	286	-0.039595742624798626	0.045454545454545456
GSM5550110	Psoriasis07_postTx_week48_LS	Psoriasis07	psoriasis	LS	postTx_week48	48	keratinocyte_like	ifn_apc	GSE183047	286	-0.046459380764166495	0.16783216783216784
GSM5550110	Psoriasis07_postTx_week48_LS	Psoriasis07	psoriasis	LS	postTx_week48	48	keratinocyte_like	il17_keratinocyte_inflammation	GSE183047	286	-0.10278727821355786	0.2517482517482518
GSM5550110	Psoriasis07_postTx_week48_LS	Psoriasis07	psoriasis	LS	postTx_week48	48	keratinocyte_like	inflammatory_nfkb	GSE183047	286	0.007863666349585624	0.21678321678321677
GSM5550110	Psoriasis07_postTx_week48_LS	Psoriasis07	psoriasis	LS	postTx_week48	48	keratinocyte_like	lipid_loader_repair	GSE183047	286	-0.06316453479275999	0.14685314685314685
GSM5550110	Psoriasis07_postTx_week48_LS	Psoriasis07	psoriasis	LS	postTx_week48	48	keratinocyte_like	lysosomal_apc	GSE183047	286	-0.03782462372347639	0.2202797202797203
GSM5550110	Psoriasis07_postTx_week48_LS	Psoriasis07	psoriasis	LS	postTx_week48	48	keratinocyte_like	mif_cd74_receptor_state	GSE183047	286	-0.026638725778413412	0.23076923076923078
GSM5550110	Psoriasis07_postTx_week48_LS	Psoriasis07	psoriasis	LS	postTx_week48	48	keratinocyte_like	mixscale_validated_ifng_readout	GSE183047	286	-0.15210201002163973	0.16783216783216784
GSM5550110	Psoriasis07_postTx_week48_LS	Psoriasis07	psoriasis	LS	postTx_week48	48	keratinocyte_like	regulatory_dc_markers	GSE183047	286	-0.006775971255305996	0.045454545454545456
GSM5550110	Psoriasis07_postTx_week48_LS	Psoriasis07	psoriasis	LS	postTx_week48	48	myeloid_apc_like	complement_phagocytosis	GSE183047	223	-0.047849956205963655	0.21076233183856502
GSM5550110	Psoriasis07_postTx_week48_LS	Psoriasis07	psoriasis	LS	postTx_week48	48	myeloid_apc_like	hif_nampt_metabolic	GSE183047	223	0.06324599129124432	0.33183856502242154
GSM5550110	Psoriasis07_postTx_week48_LS	Psoriasis07	psoriasis	LS	postTx_week48	48	myeloid_apc_like	hla_ii_apc	GSE183047	223	0.07664588508961702	0.2825112107623318
GSM5550110	Psoriasis07_postTx_week48_LS	Psoriasis07	psoriasis	LS	postTx_week48	48	myeloid_apc_like	ifn_apc	GSE183047	223	0.2078340352639548	0.38565022421524664
GSM5550110	Psoriasis07_postTx_week48_LS	Psoriasis07	psoriasis	LS	postTx_week48	48	myeloid_apc_like	il17_keratinocyte_inflammation	GSE183047	223	-0.49045999143855834	0.053811659192825115
GSM5550110	Psoriasis07_postTx_week48_LS	Psoriasis07	psoriasis	LS	postTx_week48	48	myeloid_apc_like	inflammatory_nfkb	GSE183047	223	-0.010775645687695904	0.25112107623318386
GSM5550110	Psoriasis07_postTx_week48_LS	Psoriasis07	psoriasis	LS	postTx_week48	48	myeloid_apc_like	lipid_loader_repair	GSE183047	223	0.027262278306542244	0.25112107623318386
GSM5550110	Psoriasis07_postTx_week48_LS	Psoriasis07	psoriasis	LS	postTx_week48	48	myeloid_apc_like	lysosomal_apc	GSE183047	223	0.0808922986021626	0.2914798206278027
GSM5550110	Psoriasis07_postTx_week48_LS	Psoriasis07	psoriasis	LS	postTx_week48	48	myeloid_apc_like	mif_cd74_receptor_state	GSE183047	223	-0.10068495071818155	0.22869955156950672
GSM5550110	Psoriasis07_postTx_week48_LS	Psoriasis07	psoriasis	LS	postTx_week48	48	myeloid_apc_like	mixscale_validated_ifng_readout	GSE183047	223	0.034665732950564514	0.2825112107623318
GSM5550110	Psoriasis07_postTx_week48_LS	Psoriasis07	psoriasis	LS	postTx_week48	48	myeloid_apc_like	regulatory_dc_markers	GSE183047	223	-0.06125574631702595	0.19282511210762332
GSM5550110	Psoriasis07_postTx_week48_LS	Psoriasis07	psoriasis	LS	postTx_week48	48	t_cell_like	complement_phagocytosis	GSE183047	551	-0.036902240373241524	0.014519056261343012
GSM5550110	Psoriasis07_postTx_week48_LS	Psoriasis07	psoriasis	LS	postTx_week48	48	t_cell_like	hif_nampt_metabolic	GSE183047	551	0.036009516391533124	0.2813067150635209
GSM5550110	Psoriasis07_postTx_week48_LS	Psoriasis07	psoriasis	LS	postTx_week48	48	t_cell_like	hla_ii_apc	GSE183047	551	-0.00888634399180953	0.09437386569872959
GSM5550110	Psoriasis07_postTx_week48_LS	Psoriasis07	psoriasis	LS	postTx_week48	48	t_cell_like	ifn_apc	GSE183047	551	0.0363884697951394	0.27586206896551724
GSM5550110	Psoriasis07_postTx_week48_LS	Psoriasis07	psoriasis	LS	postTx_week48	48	t_cell_like	il17_keratinocyte_inflammation	GSE183047	551	-0.3411036416409475	0.045372050816696916
GSM5550110	Psoriasis07_postTx_week48_LS	Psoriasis07	psoriasis	LS	postTx_week48	48	t_cell_like	inflammatory_nfkb	GSE183047	551	0.0640055513210109	0.3248638838475499
GSM5550110	Psoriasis07_postTx_week48_LS	Psoriasis07	psoriasis	LS	postTx_week48	48	t_cell_like	lipid_loader_repair	GSE183047	551	-0.04600062575662769	0.18148820326678766
GSM5550110	Psoriasis07_postTx_week48_LS	Psoriasis07	psoriasis	LS	postTx_week48	48	t_cell_like	lysosomal_apc	GSE183047	551	-0.08915703548088139	0.16696914700544466
GSM5550110	Psoriasis07_postTx_week48_LS	Psoriasis07	psoriasis	LS	postTx_week48	48	t_cell_like	mif_cd74_receptor_state	GSE183047	551	0.1289247721700933	0.32304900181488205
GSM5550110	Psoriasis07_postTx_week48_LS	Psoriasis07	psoriasis	LS	postTx_week48	48	t_cell_like	mixscale_validated_ifng_readout	GSE183047	551	-0.06799118863038818	0.21052631578947367
GSM5550110	Psoriasis07_postTx_week48_LS	Psoriasis07	psoriasis	LS	postTx_week48	48	t_cell_like	regulatory_dc_markers	GSE183047	551	-0.023180767085504626	0.009074410163339383
GSM5550111	Psoriasis07_preTx_LS	Psoriasis07	psoriasis	LS	preTx	0	b_plasma_like	complement_phagocytosis	GSE183047	27	-0.006668265861852989	0.037037037037037035
GSM5550111	Psoriasis07_preTx_LS	Psoriasis07	psoriasis	LS	preTx	0	b_plasma_like	hif_nampt_metabolic	GSE183047	27	-0.19588377616215943	0.07407407407407407
GSM5550111	Psoriasis07_preTx_LS	Psoriasis07	psoriasis	LS	preTx	0	b_plasma_like	hla_ii_apc	GSE183047	27	-0.0773086178068192	0.07407407407407407
GSM5550111	Psoriasis07_preTx_LS	Psoriasis07	psoriasis	LS	preTx	0	b_plasma_like	ifn_apc	GSE183047	27	-0.15924279527860893	0.037037037037037035
GSM5550111	Psoriasis07_preTx_LS	Psoriasis07	psoriasis	LS	preTx	0	b_plasma_like	il17_keratinocyte_inflammation	GSE183047	27	-0.30476901651029303	0.0
GSM5550111	Psoriasis07_preTx_LS	Psoriasis07	psoriasis	LS	preTx	0	b_plasma_like	inflammatory_nfkb	GSE183047	27	-0.06624870570492199	0.14814814814814814
GSM5550111	Psoriasis07_preTx_LS	Psoriasis07	psoriasis	LS	preTx	0	b_plasma_like	lipid_loader_repair	GSE183047	27	0.020458102426269005	0.2962962962962963
GSM5550111	Psoriasis07_preTx_LS	Psoriasis07	psoriasis	LS	preTx	0	b_plasma_like	lysosomal_apc	GSE183047	27	-0.24324902177994912	0.07407407407407407
GSM5550111	Psoriasis07_preTx_LS	Psoriasis07	psoriasis	LS	preTx	0	b_plasma_like	mif_cd74_receptor_state	GSE183047	27	-0.35643720146754104	0.07407407407407407
GSM5550111	Psoriasis07_preTx_LS	Psoriasis07	psoriasis	LS	preTx	0	b_plasma_like	mixscale_validated_ifng_readout	GSE183047	27	-0.34265633990784417	0.0
GSM5550111	Psoriasis07_preTx_LS	Psoriasis07	psoriasis	LS	preTx	0	b_plasma_like	regulatory_dc_markers	GSE183047	27	-0.048163931157346	0.0
GSM5550111	Psoriasis07_preTx_LS	Psoriasis07	psoriasis	LS	preTx	0	keratinocyte_like	complement_phagocytosis	GSE183047	511	-0.0946658982507051	0.10176125244618395
GSM5550111	Psoriasis07_preTx_LS	Psoriasis07	psoriasis	LS	preTx	0	keratinocyte_like	hif_nampt_metabolic	GSE183047	511	-0.18466074358477905	0.1232876712328767
GSM5550111	Psoriasis07_preTx_LS	Psoriasis07	psoriasis	LS	preTx	0	keratinocyte_like	hla_ii_apc	GSE183047	511	-0.07355989399733055	0.033268101761252444
GSM5550111	Psoriasis07_preTx_LS	Psoriasis07	psoriasis	LS	preTx	0	keratinocyte_like	ifn_apc	GSE183047	511	-0.07449427702831955	0.12720156555772993
GSM5550111	Psoriasis07_preTx_LS	Psoriasis07	psoriasis	LS	preTx	0	keratinocyte_like	il17_keratinocyte_inflammation	GSE183047	511	-0.18942453685403718	0.18590998043052837
GSM5550111	Psoriasis07_preTx_LS	Psoriasis07	psoriasis	LS	preTx	0	keratinocyte_like	inflammatory_nfkb	GSE183047	511	-0.11363919529719134	0.09393346379647749
GSM5550111	Psoriasis07_preTx_LS	Psoriasis07	psoriasis	LS	preTx	0	keratinocyte_like	lipid_loader_repair	GSE183047	511	-0.04977401744828073	0.21135029354207435
GSM5550111	Psoriasis07_preTx_LS	Psoriasis07	psoriasis	LS	preTx	0	keratinocyte_like	lysosomal_apc	GSE183047	511	-0.11125699436021456	0.17221135029354206
GSM5550111	Psoriasis07_preTx_LS	Psoriasis07	psoriasis	LS	preTx	0	keratinocyte_like	mif_cd74_receptor_state	GSE183047	511	-0.208788566003505	0.14481409001956946
GSM5550111	Psoriasis07_preTx_LS	Psoriasis07	psoriasis	LS	preTx	0	keratinocyte_like	mixscale_validated_ifng_readout	GSE183047	511	-0.1584288187045049	0.136986301369863
GSM5550111	Psoriasis07_preTx_LS	Psoriasis07	psoriasis	LS	preTx	0	keratinocyte_like	regulatory_dc_markers	GSE183047	511	-0.05189205463673832	0.025440313111545987
GSM5550111	Psoriasis07_preTx_LS	Psoriasis07	psoriasis	LS	preTx	0	myeloid_apc_like	complement_phagocytosis	GSE183047	374	0.015694848553663092	0.28342245989304815
GSM5550111	Psoriasis07_preTx_LS	Psoriasis07	psoriasis	LS	preTx	0	myeloid_apc_like	hif_nampt_metabolic	GSE183047	374	0.02231648288787705	0.25668449197860965
GSM5550111	Psoriasis07_preTx_LS	Psoriasis07	psoriasis	LS	preTx	0	myeloid_apc_like	hla_ii_apc	GSE183047	374	0.06117507228854777	0.2700534759358289
GSM5550111	Psoriasis07_preTx_LS	Psoriasis07	psoriasis	LS	preTx	0	myeloid_apc_like	ifn_apc	GSE183047	374	-0.041562240022347756	0.21657754010695188
GSM5550111	Psoriasis07_preTx_LS	Psoriasis07	psoriasis	LS	preTx	0	myeloid_apc_like	il17_keratinocyte_inflammation	GSE183047	374	-0.37514794137920665	0.06417112299465241
GSM5550111	Psoriasis07_preTx_LS	Psoriasis07	psoriasis	LS	preTx	0	myeloid_apc_like	inflammatory_nfkb	GSE183047	374	-0.0536804059696575	0.23796791443850268
GSM5550111	Psoriasis07_preTx_LS	Psoriasis07	psoriasis	LS	preTx	0	myeloid_apc_like	lipid_loader_repair	GSE183047	374	0.11377783773100665	0.33689839572192515
GSM5550111	Psoriasis07_preTx_LS	Psoriasis07	psoriasis	LS	preTx	0	myeloid_apc_like	lysosomal_apc	GSE183047	374	0.1284874586746942	0.339572192513369
GSM5550111	Psoriasis07_preTx_LS	Psoriasis07	psoriasis	LS	preTx	0	myeloid_apc_like	mif_cd74_receptor_state	GSE183047	374	0.023397362521844267	0.27540106951871657
GSM5550111	Psoriasis07_preTx_LS	Psoriasis07	psoriasis	LS	preTx	0	myeloid_apc_like	mixscale_validated_ifng_readout	GSE183047	374	0.1095316097835761	0.4358288770053476
GSM5550111	Psoriasis07_preTx_LS	Psoriasis07	psoriasis	LS	preTx	0	myeloid_apc_like	regulatory_dc_markers	GSE183047	374	-0.09612802732146496	0.1657754010695187
GSM5550111	Psoriasis07_preTx_LS	Psoriasis07	psoriasis	LS	preTx	0	t_cell_like	complement_phagocytosis	GSE183047	697	-0.018218457664399387	0.05021520803443329
GSM5550111	Psoriasis07_preTx_LS	Psoriasis07	psoriasis	LS	preTx	0	t_cell_like	hif_nampt_metabolic	GSE183047	697	-0.004150495637358881	0.24390243902439024
GSM5550111	Psoriasis07_preTx_LS	Psoriasis07	psoriasis	LS	preTx	0	t_cell_like	hla_ii_apc	GSE183047	697	-0.048203487853479915	0.07173601147776183
GSM5550111	Psoriasis07_preTx_LS	Psoriasis07	psoriasis	LS	preTx	0	t_cell_like	ifn_apc	GSE183047	697	-0.031107840720868824	0.22812051649928264
GSM5550111	Psoriasis07_preTx_LS	Psoriasis07	psoriasis	LS	preTx	0	t_cell_like	il17_keratinocyte_inflammation	GSE183047	697	-0.2847355359050703	0.04447632711621234
GSM5550111	Psoriasis07_preTx_LS	Psoriasis07	psoriasis	LS	preTx	0	t_cell_like	inflammatory_nfkb	GSE183047	697	-0.045805140962811144	0.20946915351506457
GSM5550111	Psoriasis07_preTx_LS	Psoriasis07	psoriasis	LS	preTx	0	t_cell_like	lipid_loader_repair	GSE183047	697	0.028859207585840103	0.30559540889526543
GSM5550111	Psoriasis07_preTx_LS	Psoriasis07	psoriasis	LS	preTx	0	t_cell_like	lysosomal_apc	GSE183047	697	0.009754578428112285	0.2654232424677188
GSM5550111	Psoriasis07_preTx_LS	Psoriasis07	psoriasis	LS	preTx	0	t_cell_like	mif_cd74_receptor_state	GSE183047	697	-0.06233954663344863	0.21233859397417504
GSM5550111	Psoriasis07_preTx_LS	Psoriasis07	psoriasis	LS	preTx	0	t_cell_like	mixscale_validated_ifng_readout	GSE183047	697	-0.03068016171950399	0.21951219512195122
GSM5550111	Psoriasis07_preTx_LS	Psoriasis07	psoriasis	LS	preTx	0	t_cell_like	regulatory_dc_markers	GSE183047	697	-0.02772635217352332	0.011477761836441894
GSM5550112	Psoriasis07_preTx_LS_02	Psoriasis07	psoriasis	LS	preTx	0	keratinocyte_like	complement_phagocytosis	GSE183047	1360	-0.04034638062764229	0.1411764705882353
GSM5550112	Psoriasis07_preTx_LS_02	Psoriasis07	psoriasis	LS	preTx	0	keratinocyte_like	hif_nampt_metabolic	GSE183047	1360	-0.11484349299371574	0.1610294117647059
GSM5550112	Psoriasis07_preTx_LS_02	Psoriasis07	psoriasis	LS	preTx	0	keratinocyte_like	hla_ii_apc	GSE183047	1360	-0.0484927856293369	0.04779411764705882
GSM5550112	Psoriasis07_preTx_LS_02	Psoriasis07	psoriasis	LS	preTx	0	keratinocyte_like	ifn_apc	GSE183047	1360	-0.05772691841585348	0.15441176470588236
GSM5550112	Psoriasis07_preTx_LS_02	Psoriasis07	psoriasis	LS	preTx	0	keratinocyte_like	il17_keratinocyte_inflammation	GSE183047	1360	0.020373548006384197	0.2875
GSM5550112	Psoriasis07_preTx_LS_02	Psoriasis07	psoriasis	LS	preTx	0	keratinocyte_like	inflammatory_nfkb	GSE183047	1360	-0.04454863766128509	0.19558823529411765
GSM5550112	Psoriasis07_preTx_LS_02	Psoriasis07	psoriasis	LS	preTx	0	keratinocyte_like	lipid_loader_repair	GSE183047	1360	-0.07965325700677815	0.13455882352941176
GSM5550112	Psoriasis07_preTx_LS_02	Psoriasis07	psoriasis	LS	preTx	0	keratinocyte_like	lysosomal_apc	GSE183047	1360	-0.1087064812310055	0.1713235294117647
GSM5550112	Psoriasis07_preTx_LS_02	Psoriasis07	psoriasis	LS	preTx	0	keratinocyte_like	mif_cd74_receptor_state	GSE183047	1360	-0.2027063440245188	0.1338235294117647
GSM5550112	Psoriasis07_preTx_LS_02	Psoriasis07	psoriasis	LS	preTx	0	keratinocyte_like	mixscale_validated_ifng_readout	GSE183047	1360	-0.13134050250431797	0.1411764705882353
GSM5550112	Psoriasis07_preTx_LS_02	Psoriasis07	psoriasis	LS	preTx	0	keratinocyte_like	regulatory_dc_markers	GSE183047	1360	-0.043237240758468125	0.03161764705882353
GSM5550112	Psoriasis07_preTx_LS_02	Psoriasis07	psoriasis	LS	preTx	0	myeloid_apc_like	complement_phagocytosis	GSE183047	459	-0.17932869729825873	0.1655773420479303
GSM5550112	Psoriasis07_preTx_LS_02	Psoriasis07	psoriasis	LS	preTx	0	myeloid_apc_like	hif_nampt_metabolic	GSE183047	459	0.1418942547861447	0.3769063180827887
GSM5550112	Psoriasis07_preTx_LS_02	Psoriasis07	psoriasis	LS	preTx	0	myeloid_apc_like	hla_ii_apc	GSE183047	459	0.08793919825413794	0.2701525054466231
GSM5550112	Psoriasis07_preTx_LS_02	Psoriasis07	psoriasis	LS	preTx	0	myeloid_apc_like	ifn_apc	GSE183047	459	0.1782069980155887	0.3812636165577342
GSM5550112	Psoriasis07_preTx_LS_02	Psoriasis07	psoriasis	LS	preTx	0	myeloid_apc_like	il17_keratinocyte_inflammation	GSE183047	459	-0.08835175958049352	0.1328976034858388
GSM5550112	Psoriasis07_preTx_LS_02	Psoriasis07	psoriasis	LS	preTx	0	myeloid_apc_like	inflammatory_nfkb	GSE183047	459	0.02208995793838512	0.2549019607843137
GSM5550112	Psoriasis07_preTx_LS_02	Psoriasis07	psoriasis	LS	preTx	0	myeloid_apc_like	lipid_loader_repair	GSE183047	459	-0.07051406460251741	0.19825708061002179
GSM5550112	Psoriasis07_preTx_LS_02	Psoriasis07	psoriasis	LS	preTx	0	myeloid_apc_like	lysosomal_apc	GSE183047	459	-0.0010006572043450073	0.19825708061002179
GSM5550112	Psoriasis07_preTx_LS_02	Psoriasis07	psoriasis	LS	preTx	0	myeloid_apc_like	mif_cd74_receptor_state	GSE183047	459	0.05708144340043158	0.26143790849673204
GSM5550112	Psoriasis07_preTx_LS_02	Psoriasis07	psoriasis	LS	preTx	0	myeloid_apc_like	mixscale_validated_ifng_readout	GSE183047	459	0.10538953700716404	0.3202614379084967
GSM5550112	Psoriasis07_preTx_LS_02	Psoriasis07	psoriasis	LS	preTx	0	myeloid_apc_like	regulatory_dc_markers	GSE183047	459	-0.14689369099872782	0.11982570806100218
GSM5550112	Psoriasis07_preTx_LS_02	Psoriasis07	psoriasis	LS	preTx	0	t_cell_like	complement_phagocytosis	GSE183047	569	-0.017609764469623816	0.033391915641476276
GSM5550112	Psoriasis07_preTx_LS_02	Psoriasis07	psoriasis	LS	preTx	0	t_cell_like	hif_nampt_metabolic	GSE183047	569	0.07259134392801651	0.31985940246045697
GSM5550112	Psoriasis07_preTx_LS_02	Psoriasis07	psoriasis	LS	preTx	0	t_cell_like	hla_ii_apc	GSE183047	569	-0.03230336149799612	0.08084358523725835
GSM5550112	Psoriasis07_preTx_LS_02	Psoriasis07	psoriasis	LS	preTx	0	t_cell_like	ifn_apc	GSE183047	569	0.08514242712531044	0.3233743409490334
GSM5550112	Psoriasis07_preTx_LS_02	Psoriasis07	psoriasis	LS	preTx	0	t_cell_like	il17_keratinocyte_inflammation	GSE183047	569	-0.00855281663936069	0.22495606326889278
GSM5550112	Psoriasis07_preTx_LS_02	Psoriasis07	psoriasis	LS	preTx	0	t_cell_like	inflammatory_nfkb	GSE183047	569	0.055132285977518965	0.31985940246045697
GSM5550112	Psoriasis07_preTx_LS_02	Psoriasis07	psoriasis	LS	preTx	0	t_cell_like	lipid_loader_repair	GSE183047	569	-0.00032400660898607576	0.2460456942003515
GSM5550112	Psoriasis07_preTx_LS_02	Psoriasis07	psoriasis	LS	preTx	0	t_cell_like	lysosomal_apc	GSE183047	569	0.02672523571161367	0.2671353251318102
GSM5550112	Psoriasis07_preTx_LS_02	Psoriasis07	psoriasis	LS	preTx	0	t_cell_like	mif_cd74_receptor_state	GSE183047	569	0.1794165320408596	0.3409490333919156
GSM5550112	Psoriasis07_preTx_LS_02	Psoriasis07	psoriasis	LS	preTx	0	t_cell_like	mixscale_validated_ifng_readout	GSE183047	569	0.022202822107829027	0.2741652021089631
GSM5550112	Psoriasis07_preTx_LS_02	Psoriasis07	psoriasis	LS	preTx	0	t_cell_like	regulatory_dc_markers	GSE183047	569	-0.036631075303106296	0.008787346221441126
GSM5550113	Psoriasis07_preTx_NL_02	Psoriasis07	psoriasis	NL	preTx	0	keratinocyte_like	complement_phagocytosis	GSE183047	1436	-0.11461150117295868	0.060584958217270196
GSM5550113	Psoriasis07_preTx_NL_02	Psoriasis07	psoriasis	NL	preTx	0	keratinocyte_like	hif_nampt_metabolic	GSE183047	1436	-0.09560872132531727	0.2116991643454039
GSM5550113	Psoriasis07_preTx_NL_02	Psoriasis07	psoriasis	NL	preTx	0	keratinocyte_like	hla_ii_apc	GSE183047	1436	-0.1251967243655652	0.016016713091922007
GSM5550113	Psoriasis07_preTx_NL_02	Psoriasis07	psoriasis	NL	preTx	0	keratinocyte_like	ifn_apc	GSE183047	1436	-0.08263295334122642	0.15598885793871867
GSM5550113	Psoriasis07_preTx_NL_02	Psoriasis07	psoriasis	NL	preTx	0	keratinocyte_like	il17_keratinocyte_inflammation	GSE183047	1436	-0.6471406704930824	0.0201949860724234
GSM5550113	Psoriasis07_preTx_NL_02	Psoriasis07	psoriasis	NL	preTx	0	keratinocyte_like	inflammatory_nfkb	GSE183047	1436	-0.012220102001085066	0.29596100278551535
GSM5550113	Psoriasis07_preTx_NL_02	Psoriasis07	psoriasis	NL	preTx	0	keratinocyte_like	lipid_loader_repair	GSE183047	1436	-0.10566727593377666	0.14832869080779945
GSM5550113	Psoriasis07_preTx_NL_02	Psoriasis07	psoriasis	NL	preTx	0	keratinocyte_like	lysosomal_apc	GSE183047	1436	-0.16066117947119737	0.16225626740947074
GSM5550113	Psoriasis07_preTx_NL_02	Psoriasis07	psoriasis	NL	preTx	0	keratinocyte_like	mif_cd74_receptor_state	GSE183047	1436	-0.37170997190130595	0.05083565459610028
GSM5550113	Psoriasis07_preTx_NL_02	Psoriasis07	psoriasis	NL	preTx	0	keratinocyte_like	mixscale_validated_ifng_readout	GSE183047	1436	-0.3381765158727649	0.04178272980501393
GSM5550113	Psoriasis07_preTx_NL_02	Psoriasis07	psoriasis	NL	preTx	0	keratinocyte_like	regulatory_dc_markers	GSE183047	1436	-0.06809063446459111	0.019498607242339833
GSM5550113	Psoriasis07_preTx_NL_02	Psoriasis07	psoriasis	NL	preTx	0	myeloid_apc_like	complement_phagocytosis	GSE183047	176	-0.10833075426485794	0.26704545454545453
GSM5550113	Psoriasis07_preTx_NL_02	Psoriasis07	psoriasis	NL	preTx	0	myeloid_apc_like	hif_nampt_metabolic	GSE183047	176	0.07937931688888025	0.36363636363636365
GSM5550113	Psoriasis07_preTx_NL_02	Psoriasis07	psoriasis	NL	preTx	0	myeloid_apc_like	hla_ii_apc	GSE183047	176	0.11322922357999342	0.3352272727272727
GSM5550113	Psoriasis07_preTx_NL_02	Psoriasis07	psoriasis	NL	preTx	0	myeloid_apc_like	ifn_apc	GSE183047	176	-0.07006689463245909	0.18181818181818182
GSM5550113	Psoriasis07_preTx_NL_02	Psoriasis07	psoriasis	NL	preTx	0	myeloid_apc_like	il17_keratinocyte_inflammation	GSE183047	176	-0.377469040583974	0.05113636363636364
GSM5550113	Psoriasis07_preTx_NL_02	Psoriasis07	psoriasis	NL	preTx	0	myeloid_apc_like	inflammatory_nfkb	GSE183047	176	0.012228593048488258	0.2897727272727273
GSM5550113	Psoriasis07_preTx_NL_02	Psoriasis07	psoriasis	NL	preTx	0	myeloid_apc_like	lipid_loader_repair	GSE183047	176	-0.05478193781882443	0.23863636363636365
GSM5550113	Psoriasis07_preTx_NL_02	Psoriasis07	psoriasis	NL	preTx	0	myeloid_apc_like	lysosomal_apc	GSE183047	176	-0.07636252918540438	0.19318181818181818
GSM5550113	Psoriasis07_preTx_NL_02	Psoriasis07	psoriasis	NL	preTx	0	myeloid_apc_like	mif_cd74_receptor_state	GSE183047	176	-0.042706178485983376	0.25
GSM5550113	Psoriasis07_preTx_NL_02	Psoriasis07	psoriasis	NL	preTx	0	myeloid_apc_like	mixscale_validated_ifng_readout	GSE183047	176	-0.11272668340889412	0.2897727272727273
GSM5550113	Psoriasis07_preTx_NL_02	Psoriasis07	psoriasis	NL	preTx	0	myeloid_apc_like	regulatory_dc_markers	GSE183047	176	-0.1721772465199545	0.10227272727272728
GSM5550113	Psoriasis07_preTx_NL_02	Psoriasis07	psoriasis	NL	preTx	0	t_cell_like	complement_phagocytosis	GSE183047	153	0.003963627232806883	0.06535947712418301
GSM5550113	Psoriasis07_preTx_NL_02	Psoriasis07	psoriasis	NL	preTx	0	t_cell_like	hif_nampt_metabolic	GSE183047	153	0.12971135066430792	0.39215686274509803
GSM5550113	Psoriasis07_preTx_NL_02	Psoriasis07	psoriasis	NL	preTx	0	t_cell_like	hla_ii_apc	GSE183047	153	0.04115561935584621	0.13725490196078433
GSM5550113	Psoriasis07_preTx_NL_02	Psoriasis07	psoriasis	NL	preTx	0	t_cell_like	ifn_apc	GSE183047	153	0.016041909856234954	0.2549019607843137
GSM5550113	Psoriasis07_preTx_NL_02	Psoriasis07	psoriasis	NL	preTx	0	t_cell_like	il17_keratinocyte_inflammation	GSE183047	153	-0.29657790610636064	0.032679738562091505
GSM5550113	Psoriasis07_preTx_NL_02	Psoriasis07	psoriasis	NL	preTx	0	t_cell_like	inflammatory_nfkb	GSE183047	153	0.007340284083382114	0.23529411764705882
GSM5550113	Psoriasis07_preTx_NL_02	Psoriasis07	psoriasis	NL	preTx	0	t_cell_like	lipid_loader_repair	GSE183047	153	0.02744925706844608	0.3137254901960784
GSM5550113	Psoriasis07_preTx_NL_02	Psoriasis07	psoriasis	NL	preTx	0	t_cell_like	lysosomal_apc	GSE183047	153	0.06602808811154806	0.30718954248366015
GSM5550113	Psoriasis07_preTx_NL_02	Psoriasis07	psoriasis	NL	preTx	0	t_cell_like	mif_cd74_receptor_state	GSE183047	153	0.34528181406288116	0.40522875816993464
GSM5550113	Psoriasis07_preTx_NL_02	Psoriasis07	psoriasis	NL	preTx	0	t_cell_like	mixscale_validated_ifng_readout	GSE183047	153	-0.0639806936822243	0.22875816993464052
GSM5550113	Psoriasis07_preTx_NL_02	Psoriasis07	psoriasis	NL	preTx	0	t_cell_like	regulatory_dc_markers	GSE183047	153	-0.0515312500612321	0.0
GSM5550114	Psoriasis08_postTx_week12_LS	Psoriasis08	psoriasis	LS	postTx_week12	12	keratinocyte_like	complement_phagocytosis	GSE183047	1078	-0.09687494605169494	0.08905380333951762
GSM5550114	Psoriasis08_postTx_week12_LS	Psoriasis08	psoriasis	LS	postTx_week12	12	keratinocyte_like	hif_nampt_metabolic	GSE183047	1078	-0.09252056232908189	0.20686456400742115
GSM5550114	Psoriasis08_postTx_week12_LS	Psoriasis08	psoriasis	LS	postTx_week12	12	keratinocyte_like	hla_ii_apc	GSE183047	1078	-0.14896172667918045	0.006493506493506494
GSM5550114	Psoriasis08_postTx_week12_LS	Psoriasis08	psoriasis	LS	postTx_week12	12	keratinocyte_like	ifn_apc	GSE183047	1078	-0.1299094798665691	0.10575139146567718
GSM5550114	Psoriasis08_postTx_week12_LS	Psoriasis08	psoriasis	LS	postTx_week12	12	keratinocyte_like	il17_keratinocyte_inflammation	GSE183047	1078	-0.7280358689115588	0.022263450834879406
GSM5550114	Psoriasis08_postTx_week12_LS	Psoriasis08	psoriasis	LS	postTx_week12	12	keratinocyte_like	inflammatory_nfkb	GSE183047	1078	-0.04680437255844848	0.22170686456400743
GSM5550114	Psoriasis08_postTx_week12_LS	Psoriasis08	psoriasis	LS	postTx_week12	12	keratinocyte_like	lipid_loader_repair	GSE183047	1078	-0.08420425910891478	0.14656771799628943
GSM5550114	Psoriasis08_postTx_week12_LS	Psoriasis08	psoriasis	LS	postTx_week12	12	keratinocyte_like	lysosomal_apc	GSE183047	1078	-0.1754608068797911	0.1345083487940631
GSM5550114	Psoriasis08_postTx_week12_LS	Psoriasis08	psoriasis	LS	postTx_week12	12	keratinocyte_like	mif_cd74_receptor_state	GSE183047	1078	-0.33009304509859344	0.08163265306122448
GSM5550114	Psoriasis08_postTx_week12_LS	Psoriasis08	psoriasis	LS	postTx_week12	12	keratinocyte_like	mixscale_validated_ifng_readout	GSE183047	1078	-0.41298026268940463	0.03896103896103896
GSM5550114	Psoriasis08_postTx_week12_LS	Psoriasis08	psoriasis	LS	postTx_week12	12	keratinocyte_like	regulatory_dc_markers	GSE183047	1078	-0.047704705516748346	0.032467532467532464
GSM5550114	Psoriasis08_postTx_week12_LS	Psoriasis08	psoriasis	LS	postTx_week12	12	myeloid_apc_like	complement_phagocytosis	GSE183047	80	-0.3115511867857114	0.025
GSM5550114	Psoriasis08_postTx_week12_LS	Psoriasis08	psoriasis	LS	postTx_week12	12	myeloid_apc_like	hif_nampt_metabolic	GSE183047	80	0.0056126507931769124	0.25
GSM5550114	Psoriasis08_postTx_week12_LS	Psoriasis08	psoriasis	LS	postTx_week12	12	myeloid_apc_like	hla_ii_apc	GSE183047	80	-0.042693128738734466	0.1875
GSM5550114	Psoriasis08_postTx_week12_LS	Psoriasis08	psoriasis	LS	postTx_week12	12	myeloid_apc_like	ifn_apc	GSE183047	80	-0.13704433404787317	0.1375
GSM5550114	Psoriasis08_postTx_week12_LS	Psoriasis08	psoriasis	LS	postTx_week12	12	myeloid_apc_like	il17_keratinocyte_inflammation	GSE183047	80	-0.6052876977871625	0.0
GSM5550114	Psoriasis08_postTx_week12_LS	Psoriasis08	psoriasis	LS	postTx_week12	12	myeloid_apc_like	inflammatory_nfkb	GSE183047	80	-0.14420062865643507	0.15
GSM5550114	Psoriasis08_postTx_week12_LS	Psoriasis08	psoriasis	LS	postTx_week12	12	myeloid_apc_like	lipid_loader_repair	GSE183047	80	-0.2150540467485773	0.1
GSM5550114	Psoriasis08_postTx_week12_LS	Psoriasis08	psoriasis	LS	postTx_week12	12	myeloid_apc_like	lysosomal_apc	GSE183047	80	-0.3293581154371059	0.025
GSM5550114	Psoriasis08_postTx_week12_LS	Psoriasis08	psoriasis	LS	postTx_week12	12	myeloid_apc_like	mif_cd74_receptor_state	GSE183047	80	-0.5271797745510108	0.075
GSM5550114	Psoriasis08_postTx_week12_LS	Psoriasis08	psoriasis	LS	postTx_week12	12	myeloid_apc_like	mixscale_validated_ifng_readout	GSE183047	80	-0.21518599646368464	0.1125
GSM5550114	Psoriasis08_postTx_week12_LS	Psoriasis08	psoriasis	LS	postTx_week12	12	myeloid_apc_like	regulatory_dc_markers	GSE183047	80	-0.25294409686599184	0.025
GSM5550114	Psoriasis08_postTx_week12_LS	Psoriasis08	psoriasis	LS	postTx_week12	12	t_cell_like	complement_phagocytosis	GSE183047	54	-0.051372856678345215	0.037037037037037035
GSM5550114	Psoriasis08_postTx_week12_LS	Psoriasis08	psoriasis	LS	postTx_week12	12	t_cell_like	hif_nampt_metabolic	GSE183047	54	0.05010283219191179	0.35185185185185186
GSM5550114	Psoriasis08_postTx_week12_LS	Psoriasis08	psoriasis	LS	postTx_week12	12	t_cell_like	hla_ii_apc	GSE183047	54	-0.10699141942035142	0.05555555555555555
GSM5550114	Psoriasis08_postTx_week12_LS	Psoriasis08	psoriasis	LS	postTx_week12	12	t_cell_like	ifn_apc	GSE183047	54	-0.05292841263623263	0.18518518518518517
GSM5550114	Psoriasis08_postTx_week12_LS	Psoriasis08	psoriasis	LS	postTx_week12	12	t_cell_like	il17_keratinocyte_inflammation	GSE183047	54	-0.39094134578652623	0.018518518518518517
GSM5550114	Psoriasis08_postTx_week12_LS	Psoriasis08	psoriasis	LS	postTx_week12	12	t_cell_like	inflammatory_nfkb	GSE183047	54	0.0503486799798052	0.3148148148148148
GSM5550114	Psoriasis08_postTx_week12_LS	Psoriasis08	psoriasis	LS	postTx_week12	12	t_cell_like	lipid_loader_repair	GSE183047	54	-0.04858199836445773	0.14814814814814814
GSM5550114	Psoriasis08_postTx_week12_LS	Psoriasis08	psoriasis	LS	postTx_week12	12	t_cell_like	lysosomal_apc	GSE183047	54	-0.056517708417462016	0.16666666666666666
GSM5550114	Psoriasis08_postTx_week12_LS	Psoriasis08	psoriasis	LS	postTx_week12	12	t_cell_like	mif_cd74_receptor_state	GSE183047	54	0.0922867623760099	0.2777777777777778
GSM5550114	Psoriasis08_postTx_week12_LS	Psoriasis08	psoriasis	LS	postTx_week12	12	t_cell_like	mixscale_validated_ifng_readout	GSE183047	54	-0.2537968548170881	0.037037037037037035
GSM5550114	Psoriasis08_postTx_week12_LS	Psoriasis08	psoriasis	LS	postTx_week12	12	t_cell_like	regulatory_dc_markers	GSE183047	54	-0.05153125006123208	0.0
GSM5550115	Psoriasis08_postTx_week24_LS	Psoriasis08	psoriasis	LS	postTx_week24	24	b_plasma_like	complement_phagocytosis	GSE183047	28	-0.050262377268993755	0.0
GSM5550115	Psoriasis08_postTx_week24_LS	Psoriasis08	psoriasis	LS	postTx_week24	24	b_plasma_like	hif_nampt_metabolic	GSE183047	28	-0.023301528502076885	0.10714285714285714
GSM5550115	Psoriasis08_postTx_week24_LS	Psoriasis08	psoriasis	LS	postTx_week24	24	b_plasma_like	hla_ii_apc	GSE183047	28	-0.1599458645836723	0.03571428571428571
GSM5550115	Psoriasis08_postTx_week24_LS	Psoriasis08	psoriasis	LS	postTx_week24	24	b_plasma_like	ifn_apc	GSE183047	28	-0.10558349410281576	0.10714285714285714
GSM5550115	Psoriasis08_postTx_week24_LS	Psoriasis08	psoriasis	LS	postTx_week24	24	b_plasma_like	il17_keratinocyte_inflammation	GSE183047	28	-0.15314761893431061	0.14285714285714285
GSM5550115	Psoriasis08_postTx_week24_LS	Psoriasis08	psoriasis	LS	postTx_week24	24	b_plasma_like	inflammatory_nfkb	GSE183047	28	-0.028279643285291558	0.2857142857142857
GSM5550115	Psoriasis08_postTx_week24_LS	Psoriasis08	psoriasis	LS	postTx_week24	24	b_plasma_like	lipid_loader_repair	GSE183047	28	-0.04082022490050234	0.2857142857142857
GSM5550115	Psoriasis08_postTx_week24_LS	Psoriasis08	psoriasis	LS	postTx_week24	24	b_plasma_like	lysosomal_apc	GSE183047	28	-0.27096286509833667	0.10714285714285714
GSM5550115	Psoriasis08_postTx_week24_LS	Psoriasis08	psoriasis	LS	postTx_week24	24	b_plasma_like	mif_cd74_receptor_state	GSE183047	28	-0.6506453176895982	0.03571428571428571
GSM5550115	Psoriasis08_postTx_week24_LS	Psoriasis08	psoriasis	LS	postTx_week24	24	b_plasma_like	mixscale_validated_ifng_readout	GSE183047	28	-0.434801444956134	0.03571428571428571
GSM5550115	Psoriasis08_postTx_week24_LS	Psoriasis08	psoriasis	LS	postTx_week24	24	b_plasma_like	regulatory_dc_markers	GSE183047	28	-0.048163931157346004	0.0
GSM5550115	Psoriasis08_postTx_week24_LS	Psoriasis08	psoriasis	LS	postTx_week24	24	keratinocyte_like	complement_phagocytosis	GSE183047	3663	-0.09047432428002292	0.08763308763308764
GSM5550115	Psoriasis08_postTx_week24_LS	Psoriasis08	psoriasis	LS	postTx_week24	24	keratinocyte_like	hif_nampt_metabolic	GSE183047	3663	-0.002713042631428961	0.2590772590772591
GSM5550115	Psoriasis08_postTx_week24_LS	Psoriasis08	psoriasis	LS	postTx_week24	24	keratinocyte_like	hla_ii_apc	GSE183047	3663	-0.10056787371576541	0.027846027846027847
GSM5550115	Psoriasis08_postTx_week24_LS	Psoriasis08	psoriasis	LS	postTx_week24	24	keratinocyte_like	ifn_apc	GSE183047	3663	-0.07654389718671073	0.16625716625716624
GSM5550115	Psoriasis08_postTx_week24_LS	Psoriasis08	psoriasis	LS	postTx_week24	24	keratinocyte_like	il17_keratinocyte_inflammation	GSE183047	3663	-0.5754519914864643	0.02265902265902266
GSM5550115	Psoriasis08_postTx_week24_LS	Psoriasis08	psoriasis	LS	postTx_week24	24	keratinocyte_like	inflammatory_nfkb	GSE183047	3663	0.006475332049696752	0.33306033306033306
GSM5550115	Psoriasis08_postTx_week24_LS	Psoriasis08	psoriasis	LS	postTx_week24	24	keratinocyte_like	lipid_loader_repair	GSE183047	3663	-0.00677009848801801	0.22058422058422059
GSM5550115	Psoriasis08_postTx_week24_LS	Psoriasis08	psoriasis	LS	postTx_week24	24	keratinocyte_like	lysosomal_apc	GSE183047	3663	-0.071625961410252	0.2042042042042042
GSM5550115	Psoriasis08_postTx_week24_LS	Psoriasis08	psoriasis	LS	postTx_week24	24	keratinocyte_like	mif_cd74_receptor_state	GSE183047	3663	-0.22470042874388768	0.1414141414141414
GSM5550115	Psoriasis08_postTx_week24_LS	Psoriasis08	psoriasis	LS	postTx_week24	24	keratinocyte_like	mixscale_validated_ifng_readout	GSE183047	3663	-0.2699604082864051	0.07534807534807535
GSM5550115	Psoriasis08_postTx_week24_LS	Psoriasis08	psoriasis	LS	postTx_week24	24	keratinocyte_like	regulatory_dc_markers	GSE183047	3663	-0.032996372349293694	0.0414960414960415
GSM5550115	Psoriasis08_postTx_week24_LS	Psoriasis08	psoriasis	LS	postTx_week24	24	myeloid_apc_like	complement_phagocytosis	GSE183047	224	-0.10087098217724812	0.14732142857142858
GSM5550115	Psoriasis08_postTx_week24_LS	Psoriasis08	psoriasis	LS	postTx_week24	24	myeloid_apc_like	hif_nampt_metabolic	GSE183047	224	0.15310758534085428	0.42857142857142855
GSM5550115	Psoriasis08_postTx_week24_LS	Psoriasis08	psoriasis	LS	postTx_week24	24	myeloid_apc_like	hla_ii_apc	GSE183047	224	-0.21950897578235137	0.17410714285714285
GSM5550115	Psoriasis08_postTx_week24_LS	Psoriasis08	psoriasis	LS	postTx_week24	24	myeloid_apc_like	ifn_apc	GSE183047	224	-0.07387678584069857	0.17857142857142858
GSM5550115	Psoriasis08_postTx_week24_LS	Psoriasis08	psoriasis	LS	postTx_week24	24	myeloid_apc_like	il17_keratinocyte_inflammation	GSE183047	224	-0.1647176642651538	0.125
GSM5550115	Psoriasis08_postTx_week24_LS	Psoriasis08	psoriasis	LS	postTx_week24	24	myeloid_apc_like	inflammatory_nfkb	GSE183047	224	0.025383122702367977	0.28125
GSM5550115	Psoriasis08_postTx_week24_LS	Psoriasis08	psoriasis	LS	postTx_week24	24	myeloid_apc_like	lipid_loader_repair	GSE183047	224	-0.0382840917603529	0.23214285714285715
GSM5550115	Psoriasis08_postTx_week24_LS	Psoriasis08	psoriasis	LS	postTx_week24	24	myeloid_apc_like	lysosomal_apc	GSE183047	224	-0.18246574254962938	0.14732142857142858
GSM5550115	Psoriasis08_postTx_week24_LS	Psoriasis08	psoriasis	LS	postTx_week24	24	myeloid_apc_like	mif_cd74_receptor_state	GSE183047	224	-0.23426104702994827	0.15178571428571427
GSM5550115	Psoriasis08_postTx_week24_LS	Psoriasis08	psoriasis	LS	postTx_week24	24	myeloid_apc_like	mixscale_validated_ifng_readout	GSE183047	224	-0.2378659067585427	0.15625
GSM5550115	Psoriasis08_postTx_week24_LS	Psoriasis08	psoriasis	LS	postTx_week24	24	myeloid_apc_like	regulatory_dc_markers	GSE183047	224	-0.023351218421174432	0.15178571428571427
GSM5550115	Psoriasis08_postTx_week24_LS	Psoriasis08	psoriasis	LS	postTx_week24	24	t_cell_like	complement_phagocytosis	GSE183047	200	-0.054725033008720836	0.025
GSM5550115	Psoriasis08_postTx_week24_LS	Psoriasis08	psoriasis	LS	postTx_week24	24	t_cell_like	hif_nampt_metabolic	GSE183047	200	0.1659327584953403	0.405
GSM5550115	Psoriasis08_postTx_week24_LS	Psoriasis08	psoriasis	LS	postTx_week24	24	t_cell_like	hla_ii_apc	GSE183047	200	-0.05067991162949245	0.075
GSM5550115	Psoriasis08_postTx_week24_LS	Psoriasis08	psoriasis	LS	postTx_week24	24	t_cell_like	ifn_apc	GSE183047	200	0.08692495427170216	0.33
GSM5550115	Psoriasis08_postTx_week24_LS	Psoriasis08	psoriasis	LS	postTx_week24	24	t_cell_like	il17_keratinocyte_inflammation	GSE183047	200	-0.021296521074738405	0.225
GSM5550115	Psoriasis08_postTx_week24_LS	Psoriasis08	psoriasis	LS	postTx_week24	24	t_cell_like	inflammatory_nfkb	GSE183047	200	0.004715261235666168	0.255
GSM5550115	Psoriasis08_postTx_week24_LS	Psoriasis08	psoriasis	LS	postTx_week24	24	t_cell_like	lipid_loader_repair	GSE183047	200	-0.03684252133652533	0.245
GSM5550115	Psoriasis08_postTx_week24_LS	Psoriasis08	psoriasis	LS	postTx_week24	24	t_cell_like	lysosomal_apc	GSE183047	200	0.03046426336341706	0.31
GSM5550115	Psoriasis08_postTx_week24_LS	Psoriasis08	psoriasis	LS	postTx_week24	24	t_cell_like	mif_cd74_receptor_state	GSE183047	200	0.2057455727088376	0.325
GSM5550115	Psoriasis08_postTx_week24_LS	Psoriasis08	psoriasis	LS	postTx_week24	24	t_cell_like	mixscale_validated_ifng_readout	GSE183047	200	-0.12776897341068852	0.155
GSM5550115	Psoriasis08_postTx_week24_LS	Psoriasis08	psoriasis	LS	postTx_week24	24	t_cell_like	regulatory_dc_markers	GSE183047	200	0.003460191300293878	0.015
GSM5550116	Psoriasis08_preTx_LS	Psoriasis08	psoriasis	LS	preTx	0	keratinocyte_like	complement_phagocytosis	GSE183047	2699	-0.04384360794494493	0.14968506854390515
GSM5550116	Psoriasis08_preTx_LS	Psoriasis08	psoriasis	LS	preTx	0	keratinocyte_like	hif_nampt_metabolic	GSE183047	2699	0.05383955450919073	0.3008521674694331
GSM5550116	Psoriasis08_preTx_LS	Psoriasis08	psoriasis	LS	preTx	0	keratinocyte_like	hla_ii_apc	GSE183047	2699	-0.054080835930811776	0.04520192663949611
GSM5550116	Psoriasis08_preTx_LS	Psoriasis08	psoriasis	LS	preTx	0	keratinocyte_like	ifn_apc	GSE183047	2699	-0.07172954955283803	0.15376065209336792
GSM5550116	Psoriasis08_preTx_LS	Psoriasis08	psoriasis	LS	preTx	0	keratinocyte_like	il17_keratinocyte_inflammation	GSE183047	2699	-0.19049756698743175	0.1463505001852538
GSM5550116	Psoriasis08_preTx_LS	Psoriasis08	psoriasis	LS	preTx	0	keratinocyte_like	inflammatory_nfkb	GSE183047	2699	-0.05342944934534006	0.15524268247499073
GSM5550116	Psoriasis08_preTx_LS	Psoriasis08	psoriasis	LS	preTx	0	keratinocyte_like	lipid_loader_repair	GSE183047	2699	0.04515434163551166	0.31493145609484996
GSM5550116	Psoriasis08_preTx_LS	Psoriasis08	psoriasis	LS	preTx	0	keratinocyte_like	lysosomal_apc	GSE183047	2699	-0.1082530457088104	0.18636532048907004
GSM5550116	Psoriasis08_preTx_LS	Psoriasis08	psoriasis	LS	preTx	0	keratinocyte_like	mif_cd74_receptor_state	GSE183047	2699	-0.08980352904230816	0.21859948128936643
GSM5550116	Psoriasis08_preTx_LS	Psoriasis08	psoriasis	LS	preTx	0	keratinocyte_like	mixscale_validated_ifng_readout	GSE183047	2699	-0.12719445803859664	0.16228232678769916
GSM5550116	Psoriasis08_preTx_LS	Psoriasis08	psoriasis	LS	preTx	0	keratinocyte_like	regulatory_dc_markers	GSE183047	2699	-0.0034113930237592927	0.060763245646535756
GSM5550116	Psoriasis08_preTx_LS	Psoriasis08	psoriasis	LS	preTx	0	myeloid_apc_like	complement_phagocytosis	GSE183047	572	-0.06861842158118188	0.18181818181818182
GSM5550116	Psoriasis08_preTx_LS	Psoriasis08	psoriasis	LS	preTx	0	myeloid_apc_like	hif_nampt_metabolic	GSE183047	572	0.08978982197216426	0.2867132867132867
GSM5550116	Psoriasis08_preTx_LS	Psoriasis08	psoriasis	LS	preTx	0	myeloid_apc_like	hla_ii_apc	GSE183047	572	0.033982491652558636	0.23251748251748253
GSM5550116	Psoriasis08_preTx_LS	Psoriasis08	psoriasis	LS	preTx	0	myeloid_apc_like	ifn_apc	GSE183047	572	0.08719031732225652	0.3006993006993007
GSM5550116	Psoriasis08_preTx_LS	Psoriasis08	psoriasis	LS	preTx	0	myeloid_apc_like	il17_keratinocyte_inflammation	GSE183047	572	-0.12632291183782332	0.1381118881118881
GSM5550116	Psoriasis08_preTx_LS	Psoriasis08	psoriasis	LS	preTx	0	myeloid_apc_like	inflammatory_nfkb	GSE183047	572	0.01003586957724624	0.20804195804195805
GSM5550116	Psoriasis08_preTx_LS	Psoriasis08	psoriasis	LS	preTx	0	myeloid_apc_like	lipid_loader_repair	GSE183047	572	-0.015752018666524464	0.21503496503496503
GSM5550116	Psoriasis08_preTx_LS	Psoriasis08	psoriasis	LS	preTx	0	myeloid_apc_like	lysosomal_apc	GSE183047	572	0.005561371881366814	0.24475524475524477
GSM5550116	Psoriasis08_preTx_LS	Psoriasis08	psoriasis	LS	preTx	0	myeloid_apc_like	mif_cd74_receptor_state	GSE183047	572	0.059941468112268956	0.291958041958042
GSM5550116	Psoriasis08_preTx_LS	Psoriasis08	psoriasis	LS	preTx	0	myeloid_apc_like	mixscale_validated_ifng_readout	GSE183047	572	0.0239986881073941	0.229020979020979
GSM5550116	Psoriasis08_preTx_LS	Psoriasis08	psoriasis	LS	preTx	0	myeloid_apc_like	regulatory_dc_markers	GSE183047	572	0.010338185645033297	0.22552447552447552
GSM5550116	Psoriasis08_preTx_LS	Psoriasis08	psoriasis	LS	preTx	0	t_cell_like	complement_phagocytosis	GSE183047	902	0.01488642751814111	0.0975609756097561
GSM5550116	Psoriasis08_preTx_LS	Psoriasis08	psoriasis	LS	preTx	0	t_cell_like	hif_nampt_metabolic	GSE183047	902	0.06827368804643912	0.2860310421286031
GSM5550116	Psoriasis08_preTx_LS	Psoriasis08	psoriasis	LS	preTx	0	t_cell_like	hla_ii_apc	GSE183047	902	-0.009670321660866685	0.10199556541019955
GSM5550116	Psoriasis08_preTx_LS	Psoriasis08	psoriasis	LS	preTx	0	t_cell_like	ifn_apc	GSE183047	902	0.11903022672362674	0.3392461197339246
GSM5550116	Psoriasis08_preTx_LS	Psoriasis08	psoriasis	LS	preTx	0	t_cell_like	il17_keratinocyte_inflammation	GSE183047	902	-0.0830705643501138	0.1541019955654102
GSM5550116	Psoriasis08_preTx_LS	Psoriasis08	psoriasis	LS	preTx	0	t_cell_like	inflammatory_nfkb	GSE183047	902	-0.08408205431632747	0.12305986696230599
GSM5550116	Psoriasis08_preTx_LS	Psoriasis08	psoriasis	LS	preTx	0	t_cell_like	lipid_loader_repair	GSE183047	902	0.005366843565397825	0.27605321507760533
GSM5550116	Psoriasis08_preTx_LS	Psoriasis08	psoriasis	LS	preTx	0	t_cell_like	lysosomal_apc	GSE183047	902	0.049617706694430073	0.27161862527716185
GSM5550116	Psoriasis08_preTx_LS	Psoriasis08	psoriasis	LS	preTx	0	t_cell_like	mif_cd74_receptor_state	GSE183047	902	0.050339383172158664	0.23059866962305986
GSM5550116	Psoriasis08_preTx_LS	Psoriasis08	psoriasis	LS	preTx	0	t_cell_like	mixscale_validated_ifng_readout	GSE183047	902	-0.06352651810268177	0.22394678492239467
GSM5550116	Psoriasis08_preTx_LS	Psoriasis08	psoriasis	LS	preTx	0	t_cell_like	regulatory_dc_markers	GSE183047	902	-0.020724253161508523	0.017738359201773836
GSM5550117	Psoriasis09_preTx_LS	Psoriasis09	psoriasis	LS	preTx	0	keratinocyte_like	complement_phagocytosis	GSE183047	1841	-0.07320541854760712	0.14285714285714285
GSM5550117	Psoriasis09_preTx_LS	Psoriasis09	psoriasis	LS	preTx	0	keratinocyte_like	hif_nampt_metabolic	GSE183047	1841	-0.0270115794957443	0.22433460076045628
GSM5550117	Psoriasis09_preTx_LS	Psoriasis09	psoriasis	LS	preTx	0	keratinocyte_like	hla_ii_apc	GSE183047	1841	-0.07520188013950874	0.04345464421510049
GSM5550117	Psoriasis09_preTx_LS	Psoriasis09	psoriasis	LS	preTx	0	keratinocyte_like	ifn_apc	GSE183047	1841	-0.021455702291435817	0.15317762085822922
GSM5550117	Psoriasis09_preTx_LS	Psoriasis09	psoriasis	LS	preTx	0	keratinocyte_like	il17_keratinocyte_inflammation	GSE183047	1841	0.082138645760933	0.2623574144486692
GSM5550117	Psoriasis09_preTx_LS	Psoriasis09	psoriasis	LS	preTx	0	keratinocyte_like	inflammatory_nfkb	GSE183047	1841	-0.08534587904187438	0.13688212927756654
GSM5550117	Psoriasis09_preTx_LS	Psoriasis09	psoriasis	LS	preTx	0	keratinocyte_like	lipid_loader_repair	GSE183047	1841	-0.04078060759533307	0.20640956002172733
GSM5550117	Psoriasis09_preTx_LS	Psoriasis09	psoriasis	LS	preTx	0	keratinocyte_like	lysosomal_apc	GSE183047	1841	-0.1601814357552009	0.14774579033134166
GSM5550117	Psoriasis09_preTx_LS	Psoriasis09	psoriasis	LS	preTx	0	keratinocyte_like	mif_cd74_receptor_state	GSE183047	1841	-0.20682044081913617	0.15860945138511678
GSM5550117	Psoriasis09_preTx_LS	Psoriasis09	psoriasis	LS	preTx	0	keratinocyte_like	mixscale_validated_ifng_readout	GSE183047	1841	-0.17720139545743582	0.11243889190657251
GSM5550117	Psoriasis09_preTx_LS	Psoriasis09	psoriasis	LS	preTx	0	keratinocyte_like	regulatory_dc_markers	GSE183047	1841	-0.026899860804259376	0.04345464421510049
GSM5550117	Psoriasis09_preTx_LS	Psoriasis09	psoriasis	LS	preTx	0	myeloid_apc_like	complement_phagocytosis	GSE183047	132	-0.12098676849444506	0.14393939393939395
GSM5550117	Psoriasis09_preTx_LS	Psoriasis09	psoriasis	LS	preTx	0	myeloid_apc_like	hif_nampt_metabolic	GSE183047	132	0.22423224417681756	0.5
GSM5550117	Psoriasis09_preTx_LS	Psoriasis09	psoriasis	LS	preTx	0	myeloid_apc_like	hla_ii_apc	GSE183047	132	0.22594311821319168	0.3409090909090909
GSM5550117	Psoriasis09_preTx_LS	Psoriasis09	psoriasis	LS	preTx	0	myeloid_apc_like	ifn_apc	GSE183047	132	0.18306077928527184	0.3787878787878788
GSM5550117	Psoriasis09_preTx_LS	Psoriasis09	psoriasis	LS	preTx	0	myeloid_apc_like	il17_keratinocyte_inflammation	GSE183047	132	0.1276467356985303	0.32575757575757575
GSM5550117	Psoriasis09_preTx_LS	Psoriasis09	psoriasis	LS	preTx	0	myeloid_apc_like	inflammatory_nfkb	GSE183047	132	-0.01995041312126945	0.21212121212121213
GSM5550117	Psoriasis09_preTx_LS	Psoriasis09	psoriasis	LS	preTx	0	myeloid_apc_like	lipid_loader_repair	GSE183047	132	-0.05821563876595416	0.10606060606060606
GSM5550117	Psoriasis09_preTx_LS	Psoriasis09	psoriasis	LS	preTx	0	myeloid_apc_like	lysosomal_apc	GSE183047	132	0.039418268128066286	0.1893939393939394
GSM5550117	Psoriasis09_preTx_LS	Psoriasis09	psoriasis	LS	preTx	0	myeloid_apc_like	mif_cd74_receptor_state	GSE183047	132	0.003250717997734035	0.25757575757575757
GSM5550117	Psoriasis09_preTx_LS	Psoriasis09	psoriasis	LS	preTx	0	myeloid_apc_like	mixscale_validated_ifng_readout	GSE183047	132	0.24751679114053754	0.4090909090909091
GSM5550117	Psoriasis09_preTx_LS	Psoriasis09	psoriasis	LS	preTx	0	myeloid_apc_like	regulatory_dc_markers	GSE183047	132	-0.07979352192357296	0.20454545454545456
GSM5550117	Psoriasis09_preTx_LS	Psoriasis09	psoriasis	LS	preTx	0	t_cell_like	complement_phagocytosis	GSE183047	141	-0.04081800698352016	0.06382978723404255
GSM5550117	Psoriasis09_preTx_LS	Psoriasis09	psoriasis	LS	preTx	0	t_cell_like	hif_nampt_metabolic	GSE183047	141	0.1794141869978444	0.40425531914893614
GSM5550117	Psoriasis09_preTx_LS	Psoriasis09	psoriasis	LS	preTx	0	t_cell_like	hla_ii_apc	GSE183047	141	0.041961690996779266	0.1347517730496454
GSM5550117	Psoriasis09_preTx_LS	Psoriasis09	psoriasis	LS	preTx	0	t_cell_like	ifn_apc	GSE183047	141	0.06206802941825257	0.2695035460992908
GSM5550117	Psoriasis09_preTx_LS	Psoriasis09	psoriasis	LS	preTx	0	t_cell_like	il17_keratinocyte_inflammation	GSE183047	141	0.19769548845518525	0.3900709219858156
GSM5550117	Psoriasis09_preTx_LS	Psoriasis09	psoriasis	LS	preTx	0	t_cell_like	inflammatory_nfkb	GSE183047	141	0.06366219190019175	0.3262411347517731
GSM5550117	Psoriasis09_preTx_LS	Psoriasis09	psoriasis	LS	preTx	0	t_cell_like	lipid_loader_repair	GSE183047	141	-0.03618649328683083	0.18439716312056736
GSM5550117	Psoriasis09_preTx_LS	Psoriasis09	psoriasis	LS	preTx	0	t_cell_like	lysosomal_apc	GSE183047	141	0.18134661354621173	0.3829787234042553
GSM5550117	Psoriasis09_preTx_LS	Psoriasis09	psoriasis	LS	preTx	0	t_cell_like	mif_cd74_receptor_state	GSE183047	141	-0.03845672921894665	0.23404255319148937
GSM5550117	Psoriasis09_preTx_LS	Psoriasis09	psoriasis	LS	preTx	0	t_cell_like	mixscale_validated_ifng_readout	GSE183047	141	-0.09604408827853178	0.19148936170212766
GSM5550117	Psoriasis09_preTx_LS	Psoriasis09	psoriasis	LS	preTx	0	t_cell_like	regulatory_dc_markers	GSE183047	141	0.022111043508461024	0.02127659574468085
GSM5550118	Psoriasis10_preTx_LS	Psoriasis10	psoriasis	LS	preTx	0	b_plasma_like	complement_phagocytosis	GSE183047	26	-0.03582876125138655	0.038461538461538464
GSM5550118	Psoriasis10_preTx_LS	Psoriasis10	psoriasis	LS	preTx	0	b_plasma_like	hif_nampt_metabolic	GSE183047	26	-0.055812457912848466	0.23076923076923078
GSM5550118	Psoriasis10_preTx_LS	Psoriasis10	psoriasis	LS	preTx	0	b_plasma_like	hla_ii_apc	GSE183047	26	-0.04430962885585617	0.038461538461538464
GSM5550118	Psoriasis10_preTx_LS	Psoriasis10	psoriasis	LS	preTx	0	b_plasma_like	ifn_apc	GSE183047	26	-0.027449464684064357	0.19230769230769232
GSM5550118	Psoriasis10_preTx_LS	Psoriasis10	psoriasis	LS	preTx	0	b_plasma_like	il17_keratinocyte_inflammation	GSE183047	26	-0.1741673459669622	0.07692307692307693
GSM5550118	Psoriasis10_preTx_LS	Psoriasis10	psoriasis	LS	preTx	0	b_plasma_like	inflammatory_nfkb	GSE183047	26	-0.14142804593735733	0.038461538461538464
GSM5550118	Psoriasis10_preTx_LS	Psoriasis10	psoriasis	LS	preTx	0	b_plasma_like	lipid_loader_repair	GSE183047	26	0.008631499199786568	0.23076923076923078
GSM5550118	Psoriasis10_preTx_LS	Psoriasis10	psoriasis	LS	preTx	0	b_plasma_like	lysosomal_apc	GSE183047	26	-0.02820116617527565	0.19230769230769232
GSM5550118	Psoriasis10_preTx_LS	Psoriasis10	psoriasis	LS	preTx	0	b_plasma_like	mif_cd74_receptor_state	GSE183047	26	-0.2742481829586147	0.11538461538461539
GSM5550118	Psoriasis10_preTx_LS	Psoriasis10	psoriasis	LS	preTx	0	b_plasma_like	mixscale_validated_ifng_readout	GSE183047	26	-0.3346394327933882	0.038461538461538464
GSM5550118	Psoriasis10_preTx_LS	Psoriasis10	psoriasis	LS	preTx	0	b_plasma_like	regulatory_dc_markers	GSE183047	26	-0.048163931157346	0.0
GSM5550118	Psoriasis10_preTx_LS	Psoriasis10	psoriasis	LS	preTx	0	keratinocyte_like	complement_phagocytosis	GSE183047	1102	-0.06716043382769389	0.13520871143375682
GSM5550118	Psoriasis10_preTx_LS	Psoriasis10	psoriasis	LS	preTx	0	keratinocyte_like	hif_nampt_metabolic	GSE183047	1102	-0.07025043189715137	0.19600725952813067
GSM5550118	Psoriasis10_preTx_LS	Psoriasis10	psoriasis	LS	preTx	0	keratinocyte_like	hla_ii_apc	GSE183047	1102	-0.09266584814827847	0.025408348457350273
GSM5550118	Psoriasis10_preTx_LS	Psoriasis10	psoriasis	LS	preTx	0	keratinocyte_like	ifn_apc	GSE183047	1102	-0.05734981944368951	0.17604355716878403
GSM5550118	Psoriasis10_preTx_LS	Psoriasis10	psoriasis	LS	preTx	0	keratinocyte_like	il17_keratinocyte_inflammation	GSE183047	1102	-0.40377261679792203	0.05716878402903811
GSM5550118	Psoriasis10_preTx_LS	Psoriasis10	psoriasis	LS	preTx	0	keratinocyte_like	inflammatory_nfkb	GSE183047	1102	-0.044238400812898294	0.24047186932849365
GSM5550118	Psoriasis10_preTx_LS	Psoriasis10	psoriasis	LS	preTx	0	keratinocyte_like	lipid_loader_repair	GSE183047	1102	-0.08091280686420364	0.15789473684210525
GSM5550118	Psoriasis10_preTx_LS	Psoriasis10	psoriasis	LS	preTx	0	keratinocyte_like	lysosomal_apc	GSE183047	1102	-0.045451024785405164	0.21687840290381125
GSM5550118	Psoriasis10_preTx_LS	Psoriasis10	psoriasis	LS	preTx	0	keratinocyte_like	mif_cd74_receptor_state	GSE183047	1102	-0.277842747351486	0.10435571687840291
GSM5550118	Psoriasis10_preTx_LS	Psoriasis10	psoriasis	LS	preTx	0	keratinocyte_like	mixscale_validated_ifng_readout	GSE183047	1102	-0.1960497025443836	0.08711433756805807
GSM5550118	Psoriasis10_preTx_LS	Psoriasis10	psoriasis	LS	preTx	0	keratinocyte_like	regulatory_dc_markers	GSE183047	1102	-0.011675786149205176	0.030852994555353903
GSM5550118	Psoriasis10_preTx_LS	Psoriasis10	psoriasis	LS	preTx	0	myeloid_apc_like	complement_phagocytosis	GSE183047	255	-0.058762102572607	0.1450980392156863
GSM5550118	Psoriasis10_preTx_LS	Psoriasis10	psoriasis	LS	preTx	0	myeloid_apc_like	hif_nampt_metabolic	GSE183047	255	0.005517511801876101	0.27450980392156865
GSM5550118	Psoriasis10_preTx_LS	Psoriasis10	psoriasis	LS	preTx	0	myeloid_apc_like	hla_ii_apc	GSE183047	255	-0.01369698536101756	0.21176470588235294
GSM5550118	Psoriasis10_preTx_LS	Psoriasis10	psoriasis	LS	preTx	0	myeloid_apc_like	ifn_apc	GSE183047	255	0.12608701720828228	0.3176470588235294
GSM5550118	Psoriasis10_preTx_LS	Psoriasis10	psoriasis	LS	preTx	0	myeloid_apc_like	il17_keratinocyte_inflammation	GSE183047	255	-0.3829402632425916	0.058823529411764705
GSM5550118	Psoriasis10_preTx_LS	Psoriasis10	psoriasis	LS	preTx	0	myeloid_apc_like	inflammatory_nfkb	GSE183047	255	0.008724469527552245	0.20392156862745098
GSM5550118	Psoriasis10_preTx_LS	Psoriasis10	psoriasis	LS	preTx	0	myeloid_apc_like	lipid_loader_repair	GSE183047	255	0.006435801906710201	0.18823529411764706
GSM5550118	Psoriasis10_preTx_LS	Psoriasis10	psoriasis	LS	preTx	0	myeloid_apc_like	lysosomal_apc	GSE183047	255	0.06178427924107359	0.28627450980392155
GSM5550118	Psoriasis10_preTx_LS	Psoriasis10	psoriasis	LS	preTx	0	myeloid_apc_like	mif_cd74_receptor_state	GSE183047	255	-0.21074606014838387	0.1568627450980392
GSM5550118	Psoriasis10_preTx_LS	Psoriasis10	psoriasis	LS	preTx	0	myeloid_apc_like	mixscale_validated_ifng_readout	GSE183047	255	-0.001188608481010625	0.3176470588235294
GSM5550118	Psoriasis10_preTx_LS	Psoriasis10	psoriasis	LS	preTx	0	myeloid_apc_like	regulatory_dc_markers	GSE183047	255	-0.07740734343918859	0.17254901960784313
GSM5550118	Psoriasis10_preTx_LS	Psoriasis10	psoriasis	LS	preTx	0	t_cell_like	complement_phagocytosis	GSE183047	364	-0.006784129045911011	0.04120879120879121
GSM5550118	Psoriasis10_preTx_LS	Psoriasis10	psoriasis	LS	preTx	0	t_cell_like	hif_nampt_metabolic	GSE183047	364	0.0779598034475696	0.30494505494505497
GSM5550118	Psoriasis10_preTx_LS	Psoriasis10	psoriasis	LS	preTx	0	t_cell_like	hla_ii_apc	GSE183047	364	-0.08653062684800293	0.06318681318681318
GSM5550118	Psoriasis10_preTx_LS	Psoriasis10	psoriasis	LS	preTx	0	t_cell_like	ifn_apc	GSE183047	364	0.054191227711723675	0.3076923076923077
GSM5550118	Psoriasis10_preTx_LS	Psoriasis10	psoriasis	LS	preTx	0	t_cell_like	il17_keratinocyte_inflammation	GSE183047	364	-0.27381175694396476	0.03571428571428571
GSM5550118	Psoriasis10_preTx_LS	Psoriasis10	psoriasis	LS	preTx	0	t_cell_like	inflammatory_nfkb	GSE183047	364	0.014420775284751906	0.22252747252747251
GSM5550118	Psoriasis10_preTx_LS	Psoriasis10	psoriasis	LS	preTx	0	t_cell_like	lipid_loader_repair	GSE183047	364	0.003016248098350543	0.22527472527472528
GSM5550118	Psoriasis10_preTx_LS	Psoriasis10	psoriasis	LS	preTx	0	t_cell_like	lysosomal_apc	GSE183047	364	0.006884209911187223	0.21978021978021978
GSM5550118	Psoriasis10_preTx_LS	Psoriasis10	psoriasis	LS	preTx	0	t_cell_like	mif_cd74_receptor_state	GSE183047	364	0.03348288719055273	0.2554945054945055
GSM5550118	Psoriasis10_preTx_LS	Psoriasis10	psoriasis	LS	preTx	0	t_cell_like	mixscale_validated_ifng_readout	GSE183047	364	-0.1889916556754192	0.10714285714285714
GSM5550118	Psoriasis10_preTx_LS	Psoriasis10	psoriasis	LS	preTx	0	t_cell_like	regulatory_dc_markers	GSE183047	364	-0.03389995151242177	0.008241758241758242
GSM5550119	Control01	Control01	control	control	control	-1	keratinocyte_like	complement_phagocytosis	GSE183047	2537	-0.08073076320191902	0.18407567993693338
GSM5550119	Control01	Control01	control	control	control	-1	keratinocyte_like	hif_nampt_metabolic	GSE183047	2537	0.2969916386482999	0.5206937327552227
GSM5550119	Control01	Control01	control	control	control	-1	keratinocyte_like	hla_ii_apc	GSE183047	2537	-0.017845785055184124	0.061884115096570755
GSM5550119	Control01	Control01	control	control	control	-1	keratinocyte_like	ifn_apc	GSE183047	2537	0.11470737207846668	0.42451714623571146
GSM5550119	Control01	Control01	control	control	control	-1	keratinocyte_like	il17_keratinocyte_inflammation	GSE183047	2537	0.018359793057244524	0.11391407173827355
GSM5550119	Control01	Control01	control	control	control	-1	keratinocyte_like	inflammatory_nfkb	GSE183047	2537	0.5067345917594305	0.8679542767047694
GSM5550119	Control01	Control01	control	control	control	-1	keratinocyte_like	lipid_loader_repair	GSE183047	2537	-0.0920051519319685	0.15727236893969254
GSM5550119	Control01	Control01	control	control	control	-1	keratinocyte_like	lysosomal_apc	GSE183047	2537	0.07956701152955142	0.3094205754828538
GSM5550119	Control01	Control01	control	control	control	-1	keratinocyte_like	mif_cd74_receptor_state	GSE183047	2537	-0.29337619811105253	0.08356326369728025
GSM5550119	Control01	Control01	control	control	control	-1	keratinocyte_like	mixscale_validated_ifng_readout	GSE183047	2537	-0.07253562347507701	0.12219156484036263
GSM5550119	Control01	Control01	control	control	control	-1	keratinocyte_like	regulatory_dc_markers	GSE183047	2537	-0.049232916324209945	0.0390224674812771
GSM5550119	Control01	Control01	control	control	control	-1	t_cell_like	complement_phagocytosis	GSE183047	26	-0.07003417432525241	0.0
GSM5550119	Control01	Control01	control	control	control	-1	t_cell_like	hif_nampt_metabolic	GSE183047	26	0.2543156492366955	0.5769230769230769
GSM5550119	Control01	Control01	control	control	control	-1	t_cell_like	hla_ii_apc	GSE183047	26	-0.1429975581816743	0.038461538461538464
GSM5550119	Control01	Control01	control	control	control	-1	t_cell_like	ifn_apc	GSE183047	26	-0.16432047280862985	0.15384615384615385
GSM5550119	Control01	Control01	control	control	control	-1	t_cell_like	il17_keratinocyte_inflammation	GSE183047	26	1.1085445685945348	1.0
GSM5550119	Control01	Control01	control	control	control	-1	t_cell_like	inflammatory_nfkb	GSE183047	26	0.5302715438224644	0.7692307692307693
GSM5550119	Control01	Control01	control	control	control	-1	t_cell_like	lipid_loader_repair	GSE183047	26	-0.028633696603510752	0.15384615384615385
GSM5550119	Control01	Control01	control	control	control	-1	t_cell_like	lysosomal_apc	GSE183047	26	-0.19454512886102762	0.07692307692307693
GSM5550119	Control01	Control01	control	control	control	-1	t_cell_like	mif_cd74_receptor_state	GSE183047	26	0.30963774814821193	0.4230769230769231
GSM5550119	Control01	Control01	control	control	control	-1	t_cell_like	mixscale_validated_ifng_readout	GSE183047	26	-0.00967989481420143	0.2692307692307692
GSM5550119	Control01	Control01	control	control	control	-1	t_cell_like	regulatory_dc_markers	GSE183047	26	-0.05153125006123211	0.0
GSM5550120	Control02	Control02	control	control	control	-1	b_plasma_like	complement_phagocytosis	GSE183047	53	-0.039277580185062576	0.018867924528301886
GSM5550120	Control02	Control02	control	control	control	-1	b_plasma_like	hif_nampt_metabolic	GSE183047	53	-0.05880931436582919	0.11320754716981132
GSM5550120	Control02	Control02	control	control	control	-1	b_plasma_like	hla_ii_apc	GSE183047	53	-0.005979968382053812	0.05660377358490566
GSM5550120	Control02	Control02	control	control	control	-1	b_plasma_like	ifn_apc	GSE183047	53	-0.08269691957129353	0.09433962264150944
GSM5550120	Control02	Control02	control	control	control	-1	b_plasma_like	il17_keratinocyte_inflammation	GSE183047	53	-0.23235998424723864	0.03773584905660377
GSM5550120	Control02	Control02	control	control	control	-1	b_plasma_like	inflammatory_nfkb	GSE183047	53	0.09924171769272919	0.3584905660377358
GSM5550120	Control02	Control02	control	control	control	-1	b_plasma_like	lipid_loader_repair	GSE183047	53	0.03256469761193017	0.33962264150943394
GSM5550120	Control02	Control02	control	control	control	-1	b_plasma_like	lysosomal_apc	GSE183047	53	-0.27482253407928564	0.018867924528301886
GSM5550120	Control02	Control02	control	control	control	-1	b_plasma_like	mif_cd74_receptor_state	GSE183047	53	-0.4794256916798083	0.11320754716981132
GSM5550120	Control02	Control02	control	control	control	-1	b_plasma_like	mixscale_validated_ifng_readout	GSE183047	53	-0.2299163225324862	0.018867924528301886
GSM5550120	Control02	Control02	control	control	control	-1	b_plasma_like	regulatory_dc_markers	GSE183047	53	-0.048163931157346	0.0
GSM5550120	Control02	Control02	control	control	control	-1	keratinocyte_like	complement_phagocytosis	GSE183047	560	0.003087754328515843	0.11785714285714285
GSM5550120	Control02	Control02	control	control	control	-1	keratinocyte_like	hif_nampt_metabolic	GSE183047	560	-0.04434056221033084	0.16964285714285715
GSM5550120	Control02	Control02	control	control	control	-1	keratinocyte_like	hla_ii_apc	GSE183047	560	-0.017412500524251553	0.04285714285714286
GSM5550120	Control02	Control02	control	control	control	-1	keratinocyte_like	ifn_apc	GSE183047	560	0.0683016386828552	0.1625
GSM5550120	Control02	Control02	control	control	control	-1	keratinocyte_like	il17_keratinocyte_inflammation	GSE183047	560	-0.8538299320727127	0.0
GSM5550120	Control02	Control02	control	control	control	-1	keratinocyte_like	inflammatory_nfkb	GSE183047	560	0.2337979888013779	0.6285714285714286
GSM5550120	Control02	Control02	control	control	control	-1	keratinocyte_like	lipid_loader_repair	GSE183047	560	0.026137539541731612	0.3392857142857143
GSM5550120	Control02	Control02	control	control	control	-1	keratinocyte_like	lysosomal_apc	GSE183047	560	-0.09342916879976507	0.19285714285714287
GSM5550120	Control02	Control02	control	control	control	-1	keratinocyte_like	mif_cd74_receptor_state	GSE183047	560	-0.044798301447436524	0.25
GSM5550120	Control02	Control02	control	control	control	-1	keratinocyte_like	mixscale_validated_ifng_readout	GSE183047	560	0.1553705374368308	0.5464285714285714
GSM5550120	Control02	Control02	control	control	control	-1	keratinocyte_like	regulatory_dc_markers	GSE183047	560	0.1616226394709648	0.12321428571428572
GSM5550120	Control02	Control02	control	control	control	-1	myeloid_apc_like	complement_phagocytosis	GSE183047	203	-0.24531417678072248	0.12315270935960591
GSM5550120	Control02	Control02	control	control	control	-1	myeloid_apc_like	hif_nampt_metabolic	GSE183047	203	-0.31375254787811147	0.11822660098522167
GSM5550120	Control02	Control02	control	control	control	-1	myeloid_apc_like	hla_ii_apc	GSE183047	203	-0.7531830336475528	0.054187192118226604
GSM5550120	Control02	Control02	control	control	control	-1	myeloid_apc_like	ifn_apc	GSE183047	203	-0.17129039617035333	0.11330049261083744
GSM5550120	Control02	Control02	control	control	control	-1	myeloid_apc_like	il17_keratinocyte_inflammation	GSE183047	203	-0.35057656760255573	0.07389162561576355
GSM5550120	Control02	Control02	control	control	control	-1	myeloid_apc_like	inflammatory_nfkb	GSE183047	203	-0.005213724534417946	0.35467980295566504
GSM5550120	Control02	Control02	control	control	control	-1	myeloid_apc_like	lipid_loader_repair	GSE183047	203	-0.1679970390560935	0.1625615763546798
GSM5550120	Control02	Control02	control	control	control	-1	myeloid_apc_like	lysosomal_apc	GSE183047	203	-0.6483728140224221	0.019704433497536946
GSM5550120	Control02	Control02	control	control	control	-1	myeloid_apc_like	mif_cd74_receptor_state	GSE183047	203	-0.4369486067177774	0.19704433497536947
GSM5550120	Control02	Control02	control	control	control	-1	myeloid_apc_like	mixscale_validated_ifng_readout	GSE183047	203	-0.6220550958256811	0.054187192118226604
GSM5550120	Control02	Control02	control	control	control	-1	myeloid_apc_like	regulatory_dc_markers	GSE183047	203	-0.1384084249826138	0.1477832512315271
GSM5550120	Control02	Control02	control	control	control	-1	t_cell_like	complement_phagocytosis	GSE183047	46	0.09193957354604017	0.1956521739130435
GSM5550120	Control02	Control02	control	control	control	-1	t_cell_like	hif_nampt_metabolic	GSE183047	46	0.10867274382347361	0.2608695652173913
GSM5550120	Control02	Control02	control	control	control	-1	t_cell_like	hla_ii_apc	GSE183047	46	-0.13257391985132766	0.043478260869565216
GSM5550120	Control02	Control02	control	control	control	-1	t_cell_like	ifn_apc	GSE183047	46	-0.04704094886635017	0.21739130434782608
GSM5550120	Control02	Control02	control	control	control	-1	t_cell_like	il17_keratinocyte_inflammation	GSE183047	46	-0.2747426985676092	0.043478260869565216
GSM5550120	Control02	Control02	control	control	control	-1	t_cell_like	inflammatory_nfkb	GSE183047	46	0.17652967073276718	0.45652173913043476
GSM5550120	Control02	Control02	control	control	control	-1	t_cell_like	lipid_loader_repair	GSE183047	46	0.0561873206542196	0.391304347826087
GSM5550120	Control02	Control02	control	control	control	-1	t_cell_like	lysosomal_apc	GSE183047	46	-0.008284618749102223	0.21739130434782608
GSM5550120	Control02	Control02	control	control	control	-1	t_cell_like	mif_cd74_receptor_state	GSE183047	46	-0.07326602805971873	0.17391304347826086
GSM5550120	Control02	Control02	control	control	control	-1	t_cell_like	mixscale_validated_ifng_readout	GSE183047	46	-0.14673797502150315	0.2391304347826087
GSM5550120	Control02	Control02	control	control	control	-1	t_cell_like	regulatory_dc_markers	GSE183047	46	0.21127508498587205	0.08695652173913043
GSM5550121	Control03	Control03	control	control	control	-1	keratinocyte_like	complement_phagocytosis	GSE183047	354	-0.10262168109015095	0.06497175141242938
GSM5550121	Control03	Control03	control	control	control	-1	keratinocyte_like	hif_nampt_metabolic	GSE183047	354	-0.09085112127673467	0.16101694915254236
GSM5550121	Control03	Control03	control	control	control	-1	keratinocyte_like	hla_ii_apc	GSE183047	354	-0.10223311688370673	0.011299435028248588
GSM5550121	Control03	Control03	control	control	control	-1	keratinocyte_like	ifn_apc	GSE183047	354	-0.1689282687532389	0.05367231638418079
GSM5550121	Control03	Control03	control	control	control	-1	keratinocyte_like	il17_keratinocyte_inflammation	GSE183047	354	-0.022261387115298095	0.00847457627118644
GSM5550121	Control03	Control03	control	control	control	-1	keratinocyte_like	inflammatory_nfkb	GSE183047	354	-0.0010297650482943928	0.3389830508474576
GSM5550121	Control03	Control03	control	control	control	-1	keratinocyte_like	lipid_loader_repair	GSE183047	354	-0.02596497549962531	0.2655367231638418
GSM5550121	Control03	Control03	control	control	control	-1	keratinocyte_like	lysosomal_apc	GSE183047	354	0.02804378421278349	0.2344632768361582
GSM5550121	Control03	Control03	control	control	control	-1	keratinocyte_like	mif_cd74_receptor_state	GSE183047	354	-0.23143045715523622	0.1497175141242938
GSM5550121	Control03	Control03	control	control	control	-1	keratinocyte_like	mixscale_validated_ifng_readout	GSE183047	354	-0.4330467607947651	0.014124293785310734
GSM5550121	Control03	Control03	control	control	control	-1	keratinocyte_like	regulatory_dc_markers	GSE183047	354	-0.05568997252593824	0.03672316384180791
GSM5550122	Control04	Control04	control	control	control	-1	keratinocyte_like	complement_phagocytosis	GSE183047	1417	0.26104825308828883	0.2582921665490473
GSM5550122	Control04	Control04	control	control	control	-1	keratinocyte_like	hif_nampt_metabolic	GSE183047	1417	0.01858627931655729	0.22865208186309105
GSM5550122	Control04	Control04	control	control	control	-1	keratinocyte_like	hla_ii_apc	GSE183047	1417	0.0162667844774811	0.07833450952717008
GSM5550122	Control04	Control04	control	control	control	-1	keratinocyte_like	ifn_apc	GSE183047	1417	-0.025892132527318694	0.20606916019760058
GSM5550122	Control04	Control04	control	control	control	-1	keratinocyte_like	il17_keratinocyte_inflammation	GSE183047	1417	-0.5933598566797931	0.009880028228652082
GSM5550122	Control04	Control04	control	control	control	-1	keratinocyte_like	inflammatory_nfkb	GSE183047	1417	0.2550572636547987	0.5469301340860974
GSM5550122	Control04	Control04	control	control	control	-1	keratinocyte_like	lipid_loader_repair	GSE183047	1417	0.3324745406638164	0.5765702187720536
GSM5550122	Control04	Control04	control	control	control	-1	keratinocyte_like	lysosomal_apc	GSE183047	1417	0.11536896024710527	0.31827805222300637
GSM5550122	Control04	Control04	control	control	control	-1	keratinocyte_like	mif_cd74_receptor_state	GSE183047	1417	0.16960208797135184	0.3796753705010586
GSM5550122	Control04	Control04	control	control	control	-1	keratinocyte_like	mixscale_validated_ifng_readout	GSE183047	1417	0.1904146288789645	0.4347212420606916
GSM5550122	Control04	Control04	control	control	control	-1	keratinocyte_like	regulatory_dc_markers	GSE183047	1417	0.2132855619902235	0.15666901905434016
GSM5550122	Control04	Control04	control	control	control	-1	myeloid_apc_like	complement_phagocytosis	GSE183047	41	0.11757128425453395	0.43902439024390244
GSM5550122	Control04	Control04	control	control	control	-1	myeloid_apc_like	hif_nampt_metabolic	GSE183047	41	-0.16572536223354814	0.17073170731707318
GSM5550122	Control04	Control04	control	control	control	-1	myeloid_apc_like	hla_ii_apc	GSE183047	41	-0.4955606180052451	0.17073170731707318
GSM5550122	Control04	Control04	control	control	control	-1	myeloid_apc_like	ifn_apc	GSE183047	41	-0.22341433564185031	0.07317073170731707
GSM5550122	Control04	Control04	control	control	control	-1	myeloid_apc_like	il17_keratinocyte_inflammation	GSE183047	41	0.4673395447111381	0.7317073170731707
GSM5550122	Control04	Control04	control	control	control	-1	myeloid_apc_like	inflammatory_nfkb	GSE183047	41	0.05385629128782203	0.5365853658536586
GSM5550122	Control04	Control04	control	control	control	-1	myeloid_apc_like	lipid_loader_repair	GSE183047	41	0.1890782755026502	0.43902439024390244
GSM5550122	Control04	Control04	control	control	control	-1	myeloid_apc_like	lysosomal_apc	GSE183047	41	-0.2533401575356608	0.24390243902439024
GSM5550122	Control04	Control04	control	control	control	-1	myeloid_apc_like	mif_cd74_receptor_state	GSE183047	41	-0.5127854919483519	0.07317073170731707
GSM5550122	Control04	Control04	control	control	control	-1	myeloid_apc_like	mixscale_validated_ifng_readout	GSE183047	41	-0.22876506947331027	0.0975609756097561
GSM5550122	Control04	Control04	control	control	control	-1	myeloid_apc_like	regulatory_dc_markers	GSE183047	41	0.423663318433791	0.3170731707317073
GSM5550123	Control05	Control05	control	control	control	-1	keratinocyte_like	complement_phagocytosis	GSE183047	130	-0.05611778518746405	0.05384615384615385
GSM5550123	Control05	Control05	control	control	control	-1	keratinocyte_like	hif_nampt_metabolic	GSE183047	130	-0.016126809913017442	0.2692307692307692
GSM5550123	Control05	Control05	control	control	control	-1	keratinocyte_like	hla_ii_apc	GSE183047	130	-0.14193729924971812	0.015384615384615385
GSM5550123	Control05	Control05	control	control	control	-1	keratinocyte_like	ifn_apc	GSE183047	130	-0.05288939656449473	0.14615384615384616
GSM5550123	Control05	Control05	control	control	control	-1	keratinocyte_like	il17_keratinocyte_inflammation	GSE183047	130	-0.7039095237640872	0.0
GSM5550123	Control05	Control05	control	control	control	-1	keratinocyte_like	inflammatory_nfkb	GSE183047	130	0.17374692993363458	0.5384615384615384
GSM5550123	Control05	Control05	control	control	control	-1	keratinocyte_like	lipid_loader_repair	GSE183047	130	-0.008709637718470048	0.27692307692307694
GSM5550123	Control05	Control05	control	control	control	-1	keratinocyte_like	lysosomal_apc	GSE183047	130	-0.15980871551937334	0.2
GSM5550123	Control05	Control05	control	control	control	-1	keratinocyte_like	mif_cd74_receptor_state	GSE183047	130	-0.15157850750337168	0.15384615384615385
GSM5550123	Control05	Control05	control	control	control	-1	keratinocyte_like	mixscale_validated_ifng_readout	GSE183047	130	-0.14506810697891556	0.16153846153846155
GSM5550123	Control05	Control05	control	control	control	-1	keratinocyte_like	regulatory_dc_markers	GSE183047	130	-0.020440636256024016	0.038461538461538464
GSM5550124	Control06	Control06	control	control	control	-1	keratinocyte_like	complement_phagocytosis	GSE183047	815	-0.1149455020185802	0.05030674846625767
GSM5550124	Control06	Control06	control	control	control	-1	keratinocyte_like	hif_nampt_metabolic	GSE183047	815	0.0043274464451096145	0.3006134969325153
GSM5550124	Control06	Control06	control	control	control	-1	keratinocyte_like	hla_ii_apc	GSE183047	815	-0.12513634142949528	0.018404907975460124
GSM5550124	Control06	Control06	control	control	control	-1	keratinocyte_like	ifn_apc	GSE183047	815	-0.006702968636340248	0.2282208588957055
GSM5550124	Control06	Control06	control	control	control	-1	keratinocyte_like	il17_keratinocyte_inflammation	GSE183047	815	-0.7435514920347766	0.014723926380368098
GSM5550124	Control06	Control06	control	control	control	-1	keratinocyte_like	inflammatory_nfkb	GSE183047	815	0.1054939974239199	0.45766871165644174
GSM5550124	Control06	Control06	control	control	control	-1	keratinocyte_like	lipid_loader_repair	GSE183047	815	-0.05490721069223474	0.20736196319018405
GSM5550124	Control06	Control06	control	control	control	-1	keratinocyte_like	lysosomal_apc	GSE183047	815	-0.1257745756239948	0.20122699386503068
GSM5550124	Control06	Control06	control	control	control	-1	keratinocyte_like	mif_cd74_receptor_state	GSE183047	815	-0.31508497224659143	0.09447852760736196
GSM5550124	Control06	Control06	control	control	control	-1	keratinocyte_like	mixscale_validated_ifng_readout	GSE183047	815	-0.33215623989067256	0.06257668711656442
GSM5550124	Control06	Control06	control	control	control	-1	keratinocyte_like	regulatory_dc_markers	GSE183047	815	-0.07758552065695581	0.018404907975460124
GSM5550124	Control06	Control06	control	control	control	-1	myeloid_apc_like	complement_phagocytosis	GSE183047	39	-0.25567339439088016	0.10256410256410256
GSM5550124	Control06	Control06	control	control	control	-1	myeloid_apc_like	hif_nampt_metabolic	GSE183047	39	0.0714995302644328	0.3076923076923077
GSM5550124	Control06	Control06	control	control	control	-1	myeloid_apc_like	hla_ii_apc	GSE183047	39	-0.29930614337696115	0.15384615384615385
GSM5550124	Control06	Control06	control	control	control	-1	myeloid_apc_like	ifn_apc	GSE183047	39	-0.16306391827210642	0.15384615384615385
GSM5550124	Control06	Control06	control	control	control	-1	myeloid_apc_like	il17_keratinocyte_inflammation	GSE183047	39	-0.4336083978832708	0.10256410256410256
GSM5550124	Control06	Control06	control	control	control	-1	myeloid_apc_like	inflammatory_nfkb	GSE183047	39	-0.012875695612993968	0.4358974358974359
GSM5550124	Control06	Control06	control	control	control	-1	myeloid_apc_like	lipid_loader_repair	GSE183047	39	-0.09857032143358645	0.1794871794871795
GSM5550124	Control06	Control06	control	control	control	-1	myeloid_apc_like	lysosomal_apc	GSE183047	39	-0.30217527639108294	0.10256410256410256
GSM5550124	Control06	Control06	control	control	control	-1	myeloid_apc_like	mif_cd74_receptor_state	GSE183047	39	-0.46755458518889054	0.10256410256410256
GSM5550124	Control06	Control06	control	control	control	-1	myeloid_apc_like	mixscale_validated_ifng_readout	GSE183047	39	-0.4094839874804633	0.28205128205128205
GSM5550124	Control06	Control06	control	control	control	-1	myeloid_apc_like	regulatory_dc_markers	GSE183047	39	-0.13084304773146543	0.07692307692307693
GSM5550124	Control06	Control06	control	control	control	-1	t_cell_like	complement_phagocytosis	GSE183047	90	-0.06322472448926673	0.011111111111111112
GSM5550124	Control06	Control06	control	control	control	-1	t_cell_like	hif_nampt_metabolic	GSE183047	90	0.18544528534943017	0.3888888888888889
GSM5550124	Control06	Control06	control	control	control	-1	t_cell_like	hla_ii_apc	GSE183047	90	-0.13374141185555996	0.044444444444444446
GSM5550124	Control06	Control06	control	control	control	-1	t_cell_like	ifn_apc	GSE183047	90	-0.028833216013213904	0.2222222222222222
GSM5550124	Control06	Control06	control	control	control	-1	t_cell_like	il17_keratinocyte_inflammation	GSE183047	90	-0.3818863920657475	0.011111111111111112
GSM5550124	Control06	Control06	control	control	control	-1	t_cell_like	inflammatory_nfkb	GSE183047	90	0.1056772675290721	0.43333333333333335
GSM5550124	Control06	Control06	control	control	control	-1	t_cell_like	lipid_loader_repair	GSE183047	90	0.00841001617830672	0.3
GSM5550124	Control06	Control06	control	control	control	-1	t_cell_like	lysosomal_apc	GSE183047	90	-0.08064532373461263	0.18888888888888888
GSM5550124	Control06	Control06	control	control	control	-1	t_cell_like	mif_cd74_receptor_state	GSE183047	90	0.23120920174236737	0.36666666666666664
GSM5550124	Control06	Control06	control	control	control	-1	t_cell_like	mixscale_validated_ifng_readout	GSE183047	90	-0.3937126766164813	0.03333333333333333
GSM5550124	Control06	Control06	control	control	control	-1	t_cell_like	regulatory_dc_markers	GSE183047	90	-0.051531250061232096	0.0
GSM5550125	Control07	Control07	control	control	control	-1	keratinocyte_like	complement_phagocytosis	GSE183047	607	-0.10019384821594156	0.1400329489291598
GSM5550125	Control07	Control07	control	control	control	-1	keratinocyte_like	hif_nampt_metabolic	GSE183047	607	0.04690558780731657	0.31466227347611203
GSM5550125	Control07	Control07	control	control	control	-1	keratinocyte_like	hla_ii_apc	GSE183047	607	-0.12681013575976086	0.019769357495881382
GSM5550125	Control07	Control07	control	control	control	-1	keratinocyte_like	ifn_apc	GSE183047	607	-0.07617990481533171	0.1927512355848435
GSM5550125	Control07	Control07	control	control	control	-1	keratinocyte_like	il17_keratinocyte_inflammation	GSE183047	607	-0.5747331903175493	0.06260296540362438
GSM5550125	Control07	Control07	control	control	control	-1	keratinocyte_like	inflammatory_nfkb	GSE183047	607	-0.012911646727899294	0.2883031301482702
GSM5550125	Control07	Control07	control	control	control	-1	keratinocyte_like	lipid_loader_repair	GSE183047	607	-0.044892845999159374	0.22075782537067545
GSM5550125	Control07	Control07	control	control	control	-1	keratinocyte_like	lysosomal_apc	GSE183047	607	-0.05671871484667369	0.22240527182866557
GSM5550125	Control07	Control07	control	control	control	-1	keratinocyte_like	mif_cd74_receptor_state	GSE183047	607	-0.23231688059614378	0.13838550247116968
GSM5550125	Control07	Control07	control	control	control	-1	keratinocyte_like	mixscale_validated_ifng_readout	GSE183047	607	-0.3490053247925638	0.05271828665568369
GSM5550125	Control07	Control07	control	control	control	-1	keratinocyte_like	regulatory_dc_markers	GSE183047	607	-0.05619852071202873	0.04118616144975288
GSM5550125	Control07	Control07	control	control	control	-1	myeloid_apc_like	complement_phagocytosis	GSE183047	49	-0.2972995623831539	0.10204081632653061
GSM5550125	Control07	Control07	control	control	control	-1	myeloid_apc_like	hif_nampt_metabolic	GSE183047	49	0.01469541672135363	0.40816326530612246
GSM5550125	Control07	Control07	control	control	control	-1	myeloid_apc_like	hla_ii_apc	GSE183047	49	-0.2864577732391502	0.16326530612244897
GSM5550125	Control07	Control07	control	control	control	-1	myeloid_apc_like	ifn_apc	GSE183047	49	-0.1156057236387404	0.16326530612244897
GSM5550125	Control07	Control07	control	control	control	-1	myeloid_apc_like	il17_keratinocyte_inflammation	GSE183047	49	-0.5371804920269022	0.061224489795918366
GSM5550125	Control07	Control07	control	control	control	-1	myeloid_apc_like	inflammatory_nfkb	GSE183047	49	-0.1457506863797749	0.1836734693877551
GSM5550125	Control07	Control07	control	control	control	-1	myeloid_apc_like	lipid_loader_repair	GSE183047	49	-0.11714093296962967	0.14285714285714285
GSM5550125	Control07	Control07	control	control	control	-1	myeloid_apc_like	lysosomal_apc	GSE183047	49	-0.3955128044375386	0.061224489795918366
GSM5550125	Control07	Control07	control	control	control	-1	myeloid_apc_like	mif_cd74_receptor_state	GSE183047	49	-0.5415508951071868	0.12244897959183673
GSM5550125	Control07	Control07	control	control	control	-1	myeloid_apc_like	mixscale_validated_ifng_readout	GSE183047	49	-0.2564674220831867	0.14285714285714285
GSM5550125	Control07	Control07	control	control	control	-1	myeloid_apc_like	regulatory_dc_markers	GSE183047	49	-0.246284517285298	0.061224489795918366
GSM5550125	Control07	Control07	control	control	control	-1	t_cell_like	complement_phagocytosis	GSE183047	52	-0.07003417432525241	0.0
GSM5550125	Control07	Control07	control	control	control	-1	t_cell_like	hif_nampt_metabolic	GSE183047	52	0.07437642162730113	0.3076923076923077
GSM5550125	Control07	Control07	control	control	control	-1	t_cell_like	hla_ii_apc	GSE183047	52	-0.105424859239215	0.038461538461538464
GSM5550125	Control07	Control07	control	control	control	-1	t_cell_like	ifn_apc	GSE183047	52	-0.11468233001293539	0.15384615384615385
GSM5550125	Control07	Control07	control	control	control	-1	t_cell_like	il17_keratinocyte_inflammation	GSE183047	52	-0.4581274460838257	0.0
GSM5550125	Control07	Control07	control	control	control	-1	t_cell_like	inflammatory_nfkb	GSE183047	52	0.13489013325637125	0.34615384615384615
GSM5550125	Control07	Control07	control	control	control	-1	t_cell_like	lipid_loader_repair	GSE183047	52	-0.0783811943543261	0.17307692307692307
GSM5550125	Control07	Control07	control	control	control	-1	t_cell_like	lysosomal_apc	GSE183047	52	-0.023314384718971688	0.21153846153846154
GSM5550125	Control07	Control07	control	control	control	-1	t_cell_like	mif_cd74_receptor_state	GSE183047	52	0.2162564073771231	0.3076923076923077
GSM5550125	Control07	Control07	control	control	control	-1	t_cell_like	mixscale_validated_ifng_readout	GSE183047	52	-0.09048614724403785	0.17307692307692307
GSM5550125	Control07	Control07	control	control	control	-1	t_cell_like	regulatory_dc_markers	GSE183047	52	-0.05153125006123209	0.0
GSM5550126	Control08	Control08	control	control	control	-1	b_plasma_like	complement_phagocytosis	GSE183047	63	-0.022554927745946196	0.031746031746031744
GSM5550126	Control08	Control08	control	control	control	-1	b_plasma_like	hif_nampt_metabolic	GSE183047	63	0.1777790452855234	0.2857142857142857
GSM5550126	Control08	Control08	control	control	control	-1	b_plasma_like	hla_ii_apc	GSE183047	63	-0.24146454224015157	0.0
GSM5550126	Control08	Control08	control	control	control	-1	b_plasma_like	ifn_apc	GSE183047	63	-0.10394302758384846	0.09523809523809523
GSM5550126	Control08	Control08	control	control	control	-1	b_plasma_like	il17_keratinocyte_inflammation	GSE183047	63	0.05533224738025086	0.20634920634920634
GSM5550126	Control08	Control08	control	control	control	-1	b_plasma_like	inflammatory_nfkb	GSE183047	63	0.1850487133694638	0.4603174603174603
GSM5550126	Control08	Control08	control	control	control	-1	b_plasma_like	lipid_loader_repair	GSE183047	63	-0.04740605123710584	0.23809523809523808
GSM5550126	Control08	Control08	control	control	control	-1	b_plasma_like	lysosomal_apc	GSE183047	63	-0.25055573715583174	0.07936507936507936
GSM5550126	Control08	Control08	control	control	control	-1	b_plasma_like	mif_cd74_receptor_state	GSE183047	63	-0.6657474183189106	0.047619047619047616
GSM5550126	Control08	Control08	control	control	control	-1	b_plasma_like	mixscale_validated_ifng_readout	GSE183047	63	-0.4314653571604102	0.0
GSM5550126	Control08	Control08	control	control	control	-1	b_plasma_like	regulatory_dc_markers	GSE183047	63	-0.042262441975221936	0.015873015873015872
GSM5550126	Control08	Control08	control	control	control	-1	keratinocyte_like	complement_phagocytosis	GSE183047	3011	-0.10688596047950866	0.06343407505812022
GSM5550126	Control08	Control08	control	control	control	-1	keratinocyte_like	hif_nampt_metabolic	GSE183047	3011	-0.006310301459583081	0.2600464961806709
GSM5550126	Control08	Control08	control	control	control	-1	keratinocyte_like	hla_ii_apc	GSE183047	3011	-0.07227870009132042	0.029226170707406178
GSM5550126	Control08	Control08	control	control	control	-1	keratinocyte_like	ifn_apc	GSE183047	3011	-0.07674219875527469	0.13882431086017935
GSM5550126	Control08	Control08	control	control	control	-1	keratinocyte_like	il17_keratinocyte_inflammation	GSE183047	3011	-0.612254400718527	0.024908668216539354
GSM5550126	Control08	Control08	control	control	control	-1	keratinocyte_like	inflammatory_nfkb	GSE183047	3011	0.10941442516314046	0.42344735968116903
GSM5550126	Control08	Control08	control	control	control	-1	keratinocyte_like	lipid_loader_repair	GSE183047	3011	-0.0550449327811449	0.17701760212553969
GSM5550126	Control08	Control08	control	control	control	-1	keratinocyte_like	lysosomal_apc	GSE183047	3011	-0.10946548906137146	0.17801394885420127
GSM5550126	Control08	Control08	control	control	control	-1	keratinocyte_like	mif_cd74_receptor_state	GSE183047	3011	-0.2860898157001235	0.11491198937230156
GSM5550126	Control08	Control08	control	control	control	-1	keratinocyte_like	mixscale_validated_ifng_readout	GSE183047	3011	-0.24430224813746687	0.10594486881434739
GSM5550126	Control08	Control08	control	control	control	-1	keratinocyte_like	regulatory_dc_markers	GSE183047	3011	-0.06534983978478538	0.018266356692128862
GSM5550126	Control08	Control08	control	control	control	-1	myeloid_apc_like	complement_phagocytosis	GSE183047	409	-0.31328663809790624	0.034229828850855744
GSM5550126	Control08	Control08	control	control	control	-1	myeloid_apc_like	hif_nampt_metabolic	GSE183047	409	-0.07370417983227609	0.2762836185819071
GSM5550126	Control08	Control08	control	control	control	-1	myeloid_apc_like	hla_ii_apc	GSE183047	409	-0.1444659748278314	0.26894865525672373
GSM5550126	Control08	Control08	control	control	control	-1	myeloid_apc_like	ifn_apc	GSE183047	409	-0.3363403191653684	0.06356968215158924
GSM5550126	Control08	Control08	control	control	control	-1	myeloid_apc_like	il17_keratinocyte_inflammation	GSE183047	409	-0.3817332339845143	0.06845965770171149
GSM5550126	Control08	Control08	control	control	control	-1	myeloid_apc_like	inflammatory_nfkb	GSE183047	409	-0.12253610856247144	0.20048899755501223
GSM5550126	Control08	Control08	control	control	control	-1	myeloid_apc_like	lipid_loader_repair	GSE183047	409	-0.21338623975577475	0.06356968215158924
GSM5550126	Control08	Control08	control	control	control	-1	myeloid_apc_like	lysosomal_apc	GSE183047	409	-0.3918307196901713	0.07579462102689487
GSM5550126	Control08	Control08	control	control	control	-1	myeloid_apc_like	mif_cd74_receptor_state	GSE183047	409	-0.740172998091269	0.05867970660146699
GSM5550126	Control08	Control08	control	control	control	-1	myeloid_apc_like	mixscale_validated_ifng_readout	GSE183047	409	-0.2577844621035949	0.10024449877750612
GSM5550126	Control08	Control08	control	control	control	-1	myeloid_apc_like	regulatory_dc_markers	GSE183047	409	-0.26503260418556934	0.014669926650366748
GSM5550127	Control09	Control09	control	control	control	-1	keratinocyte_like	complement_phagocytosis	GSE183047	1995	-0.10373068130255914	0.0837092731829574
GSM5550127	Control09	Control09	control	control	control	-1	keratinocyte_like	hif_nampt_metabolic	GSE183047	1995	0.1360135060311702	0.39598997493734334
GSM5550127	Control09	Control09	control	control	control	-1	keratinocyte_like	hla_ii_apc	GSE183047	1995	-0.11034734957149966	0.018546365914786967
GSM5550127	Control09	Control09	control	control	control	-1	keratinocyte_like	ifn_apc	GSE183047	1995	-0.050044759767270394	0.18596491228070175
GSM5550127	Control09	Control09	control	control	control	-1	keratinocyte_like	il17_keratinocyte_inflammation	GSE183047	1995	-0.3221175880672304	0.060651629072681706
GSM5550127	Control09	Control09	control	control	control	-1	keratinocyte_like	inflammatory_nfkb	GSE183047	1995	0.0857307125136718	0.46115288220551376
GSM5550127	Control09	Control09	control	control	control	-1	keratinocyte_like	lipid_loader_repair	GSE183047	1995	-0.026350197058275543	0.23007518796992482
GSM5550127	Control09	Control09	control	control	control	-1	keratinocyte_like	lysosomal_apc	GSE183047	1995	0.04026433630344338	0.28922305764411027
GSM5550127	Control09	Control09	control	control	control	-1	keratinocyte_like	mif_cd74_receptor_state	GSE183047	1995	-0.22618498414799484	0.14736842105263157
GSM5550127	Control09	Control09	control	control	control	-1	keratinocyte_like	mixscale_validated_ifng_readout	GSE183047	1995	-0.2522483511337247	0.11278195488721804
GSM5550127	Control09	Control09	control	control	control	-1	keratinocyte_like	regulatory_dc_markers	GSE183047	1995	-0.0430369106287776	0.036591478696741855
GSM5550127	Control09	Control09	control	control	control	-1	myeloid_apc_like	complement_phagocytosis	GSE183047	140	-0.27983973055937694	0.09285714285714286
GSM5550127	Control09	Control09	control	control	control	-1	myeloid_apc_like	hif_nampt_metabolic	GSE183047	140	0.09385028786472875	0.4357142857142857
GSM5550127	Control09	Control09	control	control	control	-1	myeloid_apc_like	hla_ii_apc	GSE183047	140	-0.2742267689226929	0.15
GSM5550127	Control09	Control09	control	control	control	-1	myeloid_apc_like	ifn_apc	GSE183047	140	0.04861100711023725	0.30714285714285716
GSM5550127	Control09	Control09	control	control	control	-1	myeloid_apc_like	il17_keratinocyte_inflammation	GSE183047	140	-0.47292958523818285	0.04285714285714286
GSM5550127	Control09	Control09	control	control	control	-1	myeloid_apc_like	inflammatory_nfkb	GSE183047	140	-0.0533183466280141	0.2
GSM5550127	Control09	Control09	control	control	control	-1	myeloid_apc_like	lipid_loader_repair	GSE183047	140	-0.164072633934248	0.14285714285714285
GSM5550127	Control09	Control09	control	control	control	-1	myeloid_apc_like	lysosomal_apc	GSE183047	140	-0.32050063481636343	0.09285714285714286
GSM5550127	Control09	Control09	control	control	control	-1	myeloid_apc_like	mif_cd74_receptor_state	GSE183047	140	-0.36125545829005595	0.15714285714285714
GSM5550127	Control09	Control09	control	control	control	-1	myeloid_apc_like	mixscale_validated_ifng_readout	GSE183047	140	-0.1585380607715859	0.18571428571428572
GSM5550127	Control09	Control09	control	control	control	-1	myeloid_apc_like	regulatory_dc_markers	GSE183047	140	-0.23733190189978046	0.04285714285714286
GSM5550127	Control09	Control09	control	control	control	-1	t_cell_like	complement_phagocytosis	GSE183047	326	-0.04688493460665181	0.02147239263803681
GSM5550127	Control09	Control09	control	control	control	-1	t_cell_like	hif_nampt_metabolic	GSE183047	326	0.07278625492663586	0.30368098159509205
GSM5550127	Control09	Control09	control	control	control	-1	t_cell_like	hla_ii_apc	GSE183047	326	-0.09159805201827825	0.049079754601226995
GSM5550127	Control09	Control09	control	control	control	-1	t_cell_like	ifn_apc	GSE183047	326	0.052560870139681436	0.29754601226993865
GSM5550127	Control09	Control09	control	control	control	-1	t_cell_like	il17_keratinocyte_inflammation	GSE183047	326	-0.3335041765435206	0.03374233128834356
GSM5550127	Control09	Control09	control	control	control	-1	t_cell_like	inflammatory_nfkb	GSE183047	326	-0.04666310524832988	0.13803680981595093
GSM5550127	Control09	Control09	control	control	control	-1	t_cell_like	lipid_loader_repair	GSE183047	326	-0.06954082406982126	0.17484662576687116
GSM5550127	Control09	Control09	control	control	control	-1	t_cell_like	lysosomal_apc	GSE183047	326	-0.08067679081732425	0.18404907975460122
GSM5550127	Control09	Control09	control	control	control	-1	t_cell_like	mif_cd74_receptor_state	GSE183047	326	0.2734413454745606	0.3773006134969325
GSM5550127	Control09	Control09	control	control	control	-1	t_cell_like	mixscale_validated_ifng_readout	GSE183047	326	-0.12172977327341523	0.17177914110429449
GSM5550127	Control09	Control09	control	control	control	-1	t_cell_like	regulatory_dc_markers	GSE183047	326	-0.02924310389577768	0.009202453987730062
GSM5550128	Control10	Control10	control	control	control	-1	keratinocyte_like	complement_phagocytosis	GSE183047	2245	-0.11634482920120148	0.044543429844097995
GSM5550128	Control10	Control10	control	control	control	-1	keratinocyte_like	hif_nampt_metabolic	GSE183047	2245	0.08051621390643963	0.3510022271714922
GSM5550128	Control10	Control10	control	control	control	-1	keratinocyte_like	hla_ii_apc	GSE183047	2245	-0.13281123069216622	0.010690423162583519
GSM5550128	Control10	Control10	control	control	control	-1	keratinocyte_like	ifn_apc	GSE183047	2245	-0.035013327217593974	0.1870824053452116
GSM5550128	Control10	Control10	control	control	control	-1	keratinocyte_like	il17_keratinocyte_inflammation	GSE183047	2245	-0.632344896138071	0.016926503340757237
GSM5550128	Control10	Control10	control	control	control	-1	keratinocyte_like	inflammatory_nfkb	GSE183047	2245	0.1435120947291794	0.5474387527839644
GSM5550128	Control10	Control10	control	control	control	-1	keratinocyte_like	lipid_loader_repair	GSE183047	2245	-0.07592423666505435	0.17683741648106904
GSM5550128	Control10	Control10	control	control	control	-1	keratinocyte_like	lysosomal_apc	GSE183047	2245	-0.09252250160790243	0.1973273942093541
GSM5550128	Control10	Control10	control	control	control	-1	keratinocyte_like	mif_cd74_receptor_state	GSE183047	2245	-0.3065578802814311	0.10200445434298441
GSM5550128	Control10	Control10	control	control	control	-1	keratinocyte_like	mixscale_validated_ifng_readout	GSE183047	2245	-0.3272968311115833	0.06948775055679288
GSM5550128	Control10	Control10	control	control	control	-1	keratinocyte_like	regulatory_dc_markers	GSE183047	2245	-0.06686560923046941	0.02093541202672606
GSM5550128	Control10	Control10	control	control	control	-1	myeloid_apc_like	complement_phagocytosis	GSE183047	71	-0.3007034065154148	0.056338028169014086
GSM5550128	Control10	Control10	control	control	control	-1	myeloid_apc_like	hif_nampt_metabolic	GSE183047	71	-0.16074209908355297	0.22535211267605634
GSM5550128	Control10	Control10	control	control	control	-1	myeloid_apc_like	hla_ii_apc	GSE183047	71	-0.09106931557137951	0.30985915492957744
GSM5550128	Control10	Control10	control	control	control	-1	myeloid_apc_like	ifn_apc	GSE183047	71	-0.20050533299027096	0.15492957746478872
GSM5550128	Control10	Control10	control	control	control	-1	myeloid_apc_like	il17_keratinocyte_inflammation	GSE183047	71	-0.47159511852386554	0.07042253521126761
GSM5550128	Control10	Control10	control	control	control	-1	myeloid_apc_like	inflammatory_nfkb	GSE183047	71	-0.15093905128027593	0.15492957746478872
GSM5550128	Control10	Control10	control	control	control	-1	myeloid_apc_like	lipid_loader_repair	GSE183047	71	-0.23518665014550127	0.08450704225352113
GSM5550128	Control10	Control10	control	control	control	-1	myeloid_apc_like	lysosomal_apc	GSE183047	71	-0.3706004229891901	0.056338028169014086
GSM5550128	Control10	Control10	control	control	control	-1	myeloid_apc_like	mif_cd74_receptor_state	GSE183047	71	-0.37888245210907356	0.1267605633802817
GSM5550128	Control10	Control10	control	control	control	-1	myeloid_apc_like	mixscale_validated_ifng_readout	GSE183047	71	-0.16451762026690156	0.23943661971830985
GSM5550128	Control10	Control10	control	control	control	-1	myeloid_apc_like	regulatory_dc_markers	GSE183047	71	-0.2534969167224975	0.028169014084507043
