allocation	site_shares	seed	gross_total	n_replicates	joint_target_count	joint_target_probability	joint_target_ci_low	joint_target_ci_high
balanced_in_expectation	0.33/0.33/0.33	54071	450	5000	0	0.0	0.0	0.0007677019450571244
balanced_in_expectation	0.33/0.33/0.33	54071	465	5000	0	0.0	0.0	0.0007677019450571244
balanced_in_expectation	0.33/0.33/0.33	54071	480	5000	0	0.0	0.0	0.0007677019450571244
balanced_in_expectation	0.33/0.33/0.33	54071	495	5000	0	0.0	0.0	0.0007677019450571244
balanced_in_expectation	0.33/0.33/0.33	54071	510	5000	0	0.0	0.0	0.0007677019450571244
balanced_in_expectation	0.33/0.33/0.33	54071	525	5000	0	0.0	0.0	0.0007677019450571244
balanced_in_expectation	0.33/0.33/0.33	54071	540	5000	3	0.0006	0.00020407465419434642	0.001762706048528709
balanced_in_expectation	0.33/0.33/0.33	54071	555	5000	15	0.003	0.0018189297776376753	0.004944165955749107
balanced_in_expectation	0.33/0.33/0.33	54071	570	5000	182	0.0364	0.03155457545035066	0.04195723779310631
balanced_in_expectation	0.33/0.33/0.33	54071	585	5000	632	0.1264	0.11747517708062455	0.1358984498127222
balanced_in_expectation	0.33/0.33/0.33	54071	600	5000	1221	0.2442	0.2324913154552801	0.2563014408598112
balanced_in_expectation	0.33/0.33/0.33	54071	615	5000	2083	0.4166	0.4030042390563258	0.43032381362810984
balanced_in_expectation	0.33/0.33/0.33	54071	630	5000	2895	0.579	0.565259514681081	0.5926191884115999
balanced_in_expectation	0.33/0.33/0.33	54071	645	5000	3544	0.7088	0.6960507665619001	0.7212286411058441
balanced_in_expectation	0.33/0.33/0.33	54071	660	5000	4036	0.8072	0.7960311083763296	0.8178972155486275
balanced_in_expectation	0.33/0.33/0.33	54071	675	5000	4423	0.8846	0.8754471816593572	0.893162302004505
balanced_in_expectation	0.33/0.33/0.33	54071	690	5000	4659	0.9318	0.9244759105924472	0.9384611020078015
balanced_in_expectation	0.33/0.33/0.33	54071	705	5000	4836	0.9672	0.9618932650037165	0.9717893942988222
balanced_in_expectation	0.33/0.33/0.33	54071	720	5000	4915	0.983	0.9790282889823105	0.9862301109387643
balanced_in_expectation	0.33/0.33/0.33	54071	735	5000	4973	0.9946	0.9921545307176877	0.9962860585182619
balanced_in_expectation	0.33/0.33/0.33	54071	750	5000	4978	0.9956	0.9933466185850587	0.9970924352470009
balanced_in_expectation	0.33/0.33/0.33	54071	765	5000	4987	0.9974	0.9955564171048898	0.9984798730001674
balanced_in_expectation	0.33/0.33/0.33	54071	780	5000	4995	0.999	0.9976610469499418	0.9995727865088913
balanced_in_expectation	0.33/0.33/0.33	54071	795	5000	4996	0.9992	0.9979446733541565	0.9996888530238984
balanced_in_expectation	0.33/0.33/0.33	54071	810	5000	5000	1.0	0.9992322980549431	1.0
balanced_in_expectation	0.33/0.33/0.33	54071	825	5000	5000	1.0	0.9992322980549431	1.0
balanced_in_expectation	0.33/0.33/0.33	54071	840	5000	5000	1.0	0.9992322980549431	1.0
balanced_in_expectation	0.33/0.33/0.33	54071	855	5000	5000	1.0	0.9992322980549431	1.0
balanced_in_expectation	0.33/0.33/0.33	54071	870	5000	5000	1.0	0.9992322980549431	1.0
balanced_in_expectation	0.33/0.33/0.33	54071	885	5000	5000	1.0	0.9992322980549431	1.0
balanced_in_expectation	0.33/0.33/0.33	54071	900	5000	5000	1.0	0.9992322980549431	1.0
balanced_in_expectation	0.33/0.33/0.33	54071	915	5000	5000	1.0	0.9992322980549431	1.0
balanced_in_expectation	0.33/0.33/0.33	54071	930	5000	5000	1.0	0.9992322980549431	1.0
balanced_in_expectation	0.33/0.33/0.33	54071	945	5000	5000	1.0	0.9992322980549431	1.0
balanced_in_expectation	0.33/0.33/0.33	54071	960	5000	5000	1.0	0.9992322980549431	1.0
balanced_in_expectation	0.33/0.33/0.33	54071	975	5000	5000	1.0	0.9992322980549431	1.0
balanced_in_expectation	0.33/0.33/0.33	54071	990	5000	5000	1.0	0.9992322980549431	1.0
balanced_in_expectation	0.33/0.33/0.33	54071	1005	5000	5000	1.0	0.9992322980549431	1.0
balanced_in_expectation	0.33/0.33/0.33	54071	1020	5000	5000	1.0	0.9992322980549431	1.0
balanced_in_expectation	0.33/0.33/0.33	54071	1035	5000	5000	1.0	0.9992322980549431	1.0
balanced_in_expectation	0.33/0.33/0.33	54071	1050	5000	5000	1.0	0.9992322980549431	1.0
balanced_in_expectation	0.33/0.33/0.33	54071	1065	5000	5000	1.0	0.9992322980549431	1.0
balanced_in_expectation	0.33/0.33/0.33	54071	1080	5000	5000	1.0	0.9992322980549431	1.0
balanced_in_expectation	0.33/0.33/0.33	54071	1095	5000	5000	1.0	0.9992322980549431	1.0
balanced_in_expectation	0.33/0.33/0.33	54071	1110	5000	5000	1.0	0.9992322980549431	1.0
balanced_in_expectation	0.33/0.33/0.33	54071	1125	5000	5000	1.0	0.9992322980549431	1.0
balanced_in_expectation	0.33/0.33/0.33	54071	1140	5000	5000	1.0	0.9992322980549431	1.0
balanced_in_expectation	0.33/0.33/0.33	54071	1155	5000	5000	1.0	0.9992322980549431	1.0
balanced_in_expectation	0.33/0.33/0.33	54071	1170	5000	5000	1.0	0.9992322980549431	1.0
balanced_in_expectation	0.33/0.33/0.33	54071	1185	5000	5000	1.0	0.9992322980549431	1.0
balanced_in_expectation	0.33/0.33/0.33	54071	1200	5000	5000	1.0	0.9992322980549431	1.0
balanced_in_expectation	0.33/0.33/0.33	54071	1215	5000	5000	1.0	0.9992322980549431	1.0
balanced_in_expectation	0.33/0.33/0.33	54071	1230	5000	5000	1.0	0.9992322980549431	1.0
balanced_in_expectation	0.33/0.33/0.33	54071	1245	5000	5000	1.0	0.9992322980549431	1.0
balanced_in_expectation	0.33/0.33/0.33	54071	1260	5000	5000	1.0	0.9992322980549431	1.0
balanced_in_expectation	0.33/0.33/0.33	54071	1275	5000	5000	1.0	0.9992322980549431	1.0
balanced_in_expectation	0.33/0.33/0.33	54071	1290	5000	5000	1.0	0.9992322980549431	1.0
balanced_in_expectation	0.33/0.33/0.33	54071	1305	5000	5000	1.0	0.9992322980549431	1.0
balanced_in_expectation	0.33/0.33/0.33	54071	1320	5000	5000	1.0	0.9992322980549431	1.0
balanced_in_expectation	0.33/0.33/0.33	54071	1335	5000	5000	1.0	0.9992322980549431	1.0
balanced_in_expectation	0.33/0.33/0.33	54071	1350	5000	5000	1.0	0.9992322980549431	1.0
balanced_in_expectation	0.33/0.33/0.33	54071	1365	5000	5000	1.0	0.9992322980549431	1.0
balanced_in_expectation	0.33/0.33/0.33	54071	1380	5000	5000	1.0	0.9992322980549431	1.0
balanced_in_expectation	0.33/0.33/0.33	54071	1395	5000	5000	1.0	0.9992322980549431	1.0
balanced_in_expectation	0.33/0.33/0.33	54071	1410	5000	5000	1.0	0.9992322980549431	1.0
balanced_in_expectation	0.33/0.33/0.33	54071	1425	5000	5000	1.0	0.9992322980549431	1.0
balanced_in_expectation	0.33/0.33/0.33	54071	1440	5000	5000	1.0	0.9992322980549431	1.0
balanced_in_expectation	0.33/0.33/0.33	54071	1455	5000	5000	1.0	0.9992322980549431	1.0
balanced_in_expectation	0.33/0.33/0.33	54071	1470	5000	5000	1.0	0.9992322980549431	1.0
balanced_in_expectation	0.33/0.33/0.33	54071	1485	5000	5000	1.0	0.9992322980549431	1.0
balanced_in_expectation	0.33/0.33/0.33	54071	1500	5000	5000	1.0	0.9992322980549431	1.0
balanced_in_expectation	0.33/0.33/0.33	54071	1515	5000	5000	1.0	0.9992322980549431	1.0
balanced_in_expectation	0.33/0.33/0.33	54071	1530	5000	5000	1.0	0.9992322980549431	1.0
balanced_in_expectation	0.33/0.33/0.33	54071	1545	5000	5000	1.0	0.9992322980549431	1.0
balanced_in_expectation	0.33/0.33/0.33	54071	1560	5000	5000	1.0	0.9992322980549431	1.0
balanced_in_expectation	0.33/0.33/0.33	54071	1575	5000	5000	1.0	0.9992322980549431	1.0
balanced_in_expectation	0.33/0.33/0.33	54071	1590	5000	5000	1.0	0.9992322980549431	1.0
balanced_in_expectation	0.33/0.33/0.33	54071	1605	5000	5000	1.0	0.9992322980549431	1.0
balanced_in_expectation	0.33/0.33/0.33	54071	1620	5000	5000	1.0	0.9992322980549431	1.0
balanced_in_expectation	0.33/0.33/0.33	54071	1635	5000	5000	1.0	0.9992322980549431	1.0
balanced_in_expectation	0.33/0.33/0.33	54071	1650	5000	5000	1.0	0.9992322980549431	1.0
balanced_in_expectation	0.33/0.33/0.33	54071	1665	5000	5000	1.0	0.9992322980549431	1.0
balanced_in_expectation	0.33/0.33/0.33	54071	1680	5000	5000	1.0	0.9992322980549431	1.0
balanced_in_expectation	0.33/0.33/0.33	54071	1695	5000	5000	1.0	0.9992322980549431	1.0
balanced_in_expectation	0.33/0.33/0.33	54071	1710	5000	5000	1.0	0.9992322980549431	1.0
balanced_in_expectation	0.33/0.33/0.33	54071	1725	5000	5000	1.0	0.9992322980549431	1.0
balanced_in_expectation	0.33/0.33/0.33	54071	1740	5000	5000	1.0	0.9992322980549431	1.0
balanced_in_expectation	0.33/0.33/0.33	54071	1755	5000	5000	1.0	0.9992322980549431	1.0
balanced_in_expectation	0.33/0.33/0.33	54071	1770	5000	5000	1.0	0.9992322980549431	1.0
balanced_in_expectation	0.33/0.33/0.33	54071	1785	5000	5000	1.0	0.9992322980549431	1.0
balanced_in_expectation	0.33/0.33/0.33	54071	1800	5000	5000	1.0	0.9992322980549431	1.0
balanced_in_expectation	0.33/0.33/0.33	54071	1815	5000	5000	1.0	0.9992322980549431	1.0
balanced_in_expectation	0.33/0.33/0.33	54071	1830	5000	5000	1.0	0.9992322980549431	1.0
balanced_in_expectation	0.33/0.33/0.33	54071	1845	5000	5000	1.0	0.9992322980549431	1.0
balanced_in_expectation	0.33/0.33/0.33	54071	1860	5000	5000	1.0	0.9992322980549431	1.0
balanced_in_expectation	0.33/0.33/0.33	54071	1875	5000	5000	1.0	0.9992322980549431	1.0
balanced_in_expectation	0.33/0.33/0.33	54071	1890	5000	5000	1.0	0.9992322980549431	1.0
balanced_in_expectation	0.33/0.33/0.33	54071	1905	5000	5000	1.0	0.9992322980549431	1.0
balanced_in_expectation	0.33/0.33/0.33	54071	1920	5000	5000	1.0	0.9992322980549431	1.0
balanced_in_expectation	0.33/0.33/0.33	54071	1935	5000	5000	1.0	0.9992322980549431	1.0
balanced_in_expectation	0.33/0.33/0.33	54071	1950	5000	5000	1.0	0.9992322980549431	1.0
balanced_in_expectation	0.33/0.33/0.33	54071	1965	5000	5000	1.0	0.9992322980549431	1.0
balanced_in_expectation	0.33/0.33/0.33	54071	1980	5000	5000	1.0	0.9992322980549431	1.0
balanced_in_expectation	0.33/0.33/0.33	54071	1995	5000	5000	1.0	0.9992322980549431	1.0
balanced_in_expectation	0.33/0.33/0.33	54071	2010	5000	5000	1.0	0.9992322980549431	1.0
balanced_in_expectation	0.33/0.33/0.33	54071	2025	5000	5000	1.0	0.9992322980549431	1.0
balanced_in_expectation	0.33/0.33/0.33	54071	2040	5000	5000	1.0	0.9992322980549431	1.0
balanced_in_expectation	0.33/0.33/0.33	54071	2055	5000	5000	1.0	0.9992322980549431	1.0
balanced_in_expectation	0.33/0.33/0.33	54071	2070	5000	5000	1.0	0.9992322980549431	1.0
balanced_in_expectation	0.33/0.33/0.33	54071	2085	5000	5000	1.0	0.9992322980549431	1.0
balanced_in_expectation	0.33/0.33/0.33	54071	2100	5000	5000	1.0	0.9992322980549431	1.0
balanced_in_expectation	0.33/0.33/0.33	54071	2115	5000	5000	1.0	0.9992322980549431	1.0
balanced_in_expectation	0.33/0.33/0.33	54071	2130	5000	5000	1.0	0.9992322980549431	1.0
balanced_in_expectation	0.33/0.33/0.33	54071	2145	5000	5000	1.0	0.9992322980549431	1.0
balanced_in_expectation	0.33/0.33/0.33	54071	2160	5000	5000	1.0	0.9992322980549431	1.0
balanced_in_expectation	0.33/0.33/0.33	54071	2175	5000	5000	1.0	0.9992322980549431	1.0
balanced_in_expectation	0.33/0.33/0.33	54071	2190	5000	5000	1.0	0.9992322980549431	1.0
balanced_in_expectation	0.33/0.33/0.33	54071	2205	5000	5000	1.0	0.9992322980549431	1.0
balanced_in_expectation	0.33/0.33/0.33	54071	2220	5000	5000	1.0	0.9992322980549431	1.0
balanced_in_expectation	0.33/0.33/0.33	54071	2235	5000	5000	1.0	0.9992322980549431	1.0
balanced_in_expectation	0.33/0.33/0.33	54071	2250	5000	5000	1.0	0.9992322980549431	1.0
balanced_in_expectation	0.33/0.33/0.33	54071	2265	5000	5000	1.0	0.9992322980549431	1.0
balanced_in_expectation	0.33/0.33/0.33	54071	2280	5000	5000	1.0	0.9992322980549431	1.0
balanced_in_expectation	0.33/0.33/0.33	54071	2295	5000	5000	1.0	0.9992322980549431	1.0
balanced_in_expectation	0.33/0.33/0.33	54071	2310	5000	5000	1.0	0.9992322980549431	1.0
balanced_in_expectation	0.33/0.33/0.33	54071	2325	5000	5000	1.0	0.9992322980549431	1.0
balanced_in_expectation	0.33/0.33/0.33	54071	2340	5000	5000	1.0	0.9992322980549431	1.0
balanced_in_expectation	0.33/0.33/0.33	54071	2355	5000	5000	1.0	0.9992322980549431	1.0
balanced_in_expectation	0.33/0.33/0.33	54071	2370	5000	5000	1.0	0.9992322980549431	1.0
balanced_in_expectation	0.33/0.33/0.33	54071	2385	5000	5000	1.0	0.9992322980549431	1.0
balanced_in_expectation	0.33/0.33/0.33	54071	2400	5000	5000	1.0	0.9992322980549431	1.0
balanced_in_expectation	0.33/0.33/0.33	54071	2415	5000	5000	1.0	0.9992322980549431	1.0
balanced_in_expectation	0.33/0.33/0.33	54071	2430	5000	5000	1.0	0.9992322980549431	1.0
balanced_in_expectation	0.33/0.33/0.33	54071	2445	5000	5000	1.0	0.9992322980549431	1.0
balanced_in_expectation	0.33/0.33/0.33	54071	2460	5000	5000	1.0	0.9992322980549431	1.0
balanced_in_expectation	0.33/0.33/0.33	54071	2475	5000	5000	1.0	0.9992322980549431	1.0
balanced_in_expectation	0.33/0.33/0.33	54071	2490	5000	5000	1.0	0.9992322980549431	1.0
balanced_in_expectation	0.33/0.33/0.33	54071	2505	5000	5000	1.0	0.9992322980549431	1.0
balanced_in_expectation	0.33/0.33/0.33	54071	2520	5000	5000	1.0	0.9992322980549431	1.0
balanced_in_expectation	0.33/0.33/0.33	54071	2535	5000	5000	1.0	0.9992322980549431	1.0
balanced_in_expectation	0.33/0.33/0.33	54071	2550	5000	5000	1.0	0.9992322980549431	1.0
balanced_in_expectation	0.33/0.33/0.33	54071	2565	5000	5000	1.0	0.9992322980549431	1.0
balanced_in_expectation	0.33/0.33/0.33	54071	2580	5000	5000	1.0	0.9992322980549431	1.0
balanced_in_expectation	0.33/0.33/0.33	54071	2595	5000	5000	1.0	0.9992322980549431	1.0
balanced_in_expectation	0.33/0.33/0.33	54071	2610	5000	5000	1.0	0.9992322980549431	1.0
balanced_in_expectation	0.33/0.33/0.33	54071	2625	5000	5000	1.0	0.9992322980549431	1.0
balanced_in_expectation	0.33/0.33/0.33	54071	2640	5000	5000	1.0	0.9992322980549431	1.0
balanced_in_expectation	0.33/0.33/0.33	54071	2655	5000	5000	1.0	0.9992322980549431	1.0
balanced_in_expectation	0.33/0.33/0.33	54071	2670	5000	5000	1.0	0.9992322980549431	1.0
balanced_in_expectation	0.33/0.33/0.33	54071	2685	5000	5000	1.0	0.9992322980549431	1.0
balanced_in_expectation	0.33/0.33/0.33	54071	2700	5000	5000	1.0	0.9992322980549431	1.0
balanced_in_expectation	0.33/0.33/0.33	54071	2715	5000	5000	1.0	0.9992322980549431	1.0
balanced_in_expectation	0.33/0.33/0.33	54071	2730	5000	5000	1.0	0.9992322980549431	1.0
balanced_in_expectation	0.33/0.33/0.33	54071	2745	5000	5000	1.0	0.9992322980549431	1.0
balanced_in_expectation	0.33/0.33/0.33	54071	2760	5000	5000	1.0	0.9992322980549431	1.0
balanced_in_expectation	0.33/0.33/0.33	54071	2775	5000	5000	1.0	0.9992322980549431	1.0
balanced_in_expectation	0.33/0.33/0.33	54071	2790	5000	5000	1.0	0.9992322980549431	1.0
balanced_in_expectation	0.33/0.33/0.33	54071	2805	5000	5000	1.0	0.9992322980549431	1.0
balanced_in_expectation	0.33/0.33/0.33	54071	2820	5000	5000	1.0	0.9992322980549431	1.0
balanced_in_expectation	0.33/0.33/0.33	54071	2835	5000	5000	1.0	0.9992322980549431	1.0
balanced_in_expectation	0.33/0.33/0.33	54071	2850	5000	5000	1.0	0.9992322980549431	1.0
balanced_in_expectation	0.33/0.33/0.33	54071	2865	5000	5000	1.0	0.9992322980549431	1.0
balanced_in_expectation	0.33/0.33/0.33	54071	2880	5000	5000	1.0	0.9992322980549431	1.0
balanced_in_expectation	0.33/0.33/0.33	54071	2895	5000	5000	1.0	0.9992322980549431	1.0
balanced_in_expectation	0.33/0.33/0.33	54071	2910	5000	5000	1.0	0.9992322980549431	1.0
balanced_in_expectation	0.33/0.33/0.33	54071	2925	5000	5000	1.0	0.9992322980549431	1.0
balanced_in_expectation	0.33/0.33/0.33	54071	2940	5000	5000	1.0	0.9992322980549431	1.0
balanced_in_expectation	0.33/0.33/0.33	54071	2955	5000	5000	1.0	0.9992322980549431	1.0
balanced_in_expectation	0.33/0.33/0.33	54071	2970	5000	5000	1.0	0.9992322980549431	1.0
balanced_in_expectation	0.33/0.33/0.33	54071	2985	5000	5000	1.0	0.9992322980549431	1.0
balanced_in_expectation	0.33/0.33/0.33	54071	3000	5000	5000	1.0	0.9992322980549431	1.0
balanced_in_expectation	0.33/0.33/0.33	54071	3015	5000	5000	1.0	0.9992322980549431	1.0
balanced_in_expectation	0.33/0.33/0.33	54071	3030	5000	5000	1.0	0.9992322980549431	1.0
balanced_in_expectation	0.33/0.33/0.33	54071	3045	5000	5000	1.0	0.9992322980549431	1.0
balanced_in_expectation	0.33/0.33/0.33	54071	3060	5000	5000	1.0	0.9992322980549431	1.0
balanced_in_expectation	0.33/0.33/0.33	54071	3075	5000	5000	1.0	0.9992322980549431	1.0
balanced_in_expectation	0.33/0.33/0.33	54071	3090	5000	5000	1.0	0.9992322980549431	1.0
balanced_in_expectation	0.33/0.33/0.33	54071	3105	5000	5000	1.0	0.9992322980549431	1.0
balanced_in_expectation	0.33/0.33/0.33	54071	3120	5000	5000	1.0	0.9992322980549431	1.0
balanced_in_expectation	0.33/0.33/0.33	54071	3135	5000	5000	1.0	0.9992322980549431	1.0
balanced_in_expectation	0.33/0.33/0.33	54071	3150	5000	5000	1.0	0.9992322980549431	1.0
balanced_in_expectation	0.33/0.33/0.33	54071	3165	5000	5000	1.0	0.9992322980549431	1.0
balanced_in_expectation	0.33/0.33/0.33	54071	3180	5000	5000	1.0	0.9992322980549431	1.0
balanced_in_expectation	0.33/0.33/0.33	54071	3195	5000	5000	1.0	0.9992322980549431	1.0
balanced_in_expectation	0.33/0.33/0.33	54071	3210	5000	5000	1.0	0.9992322980549431	1.0
balanced_in_expectation	0.33/0.33/0.33	54071	3225	5000	5000	1.0	0.9992322980549431	1.0
balanced_in_expectation	0.33/0.33/0.33	54071	3240	5000	5000	1.0	0.9992322980549431	1.0
balanced_in_expectation	0.33/0.33/0.33	54071	3255	5000	5000	1.0	0.9992322980549431	1.0
balanced_in_expectation	0.33/0.33/0.33	54071	3270	5000	5000	1.0	0.9992322980549431	1.0
balanced_in_expectation	0.33/0.33/0.33	54071	3285	5000	5000	1.0	0.9992322980549431	1.0
balanced_in_expectation	0.33/0.33/0.33	54071	3300	5000	5000	1.0	0.9992322980549431	1.0
balanced_in_expectation	0.33/0.33/0.33	54071	3315	5000	5000	1.0	0.9992322980549431	1.0
balanced_in_expectation	0.33/0.33/0.33	54071	3330	5000	5000	1.0	0.9992322980549431	1.0
balanced_in_expectation	0.33/0.33/0.33	54071	3345	5000	5000	1.0	0.9992322980549431	1.0
balanced_in_expectation	0.33/0.33/0.33	54071	3360	5000	5000	1.0	0.9992322980549431	1.0
balanced_in_expectation	0.33/0.33/0.33	54071	3375	5000	5000	1.0	0.9992322980549431	1.0
balanced_in_expectation	0.33/0.33/0.33	54071	3390	5000	5000	1.0	0.9992322980549431	1.0
balanced_in_expectation	0.33/0.33/0.33	54071	3405	5000	5000	1.0	0.9992322980549431	1.0
balanced_in_expectation	0.33/0.33/0.33	54071	3420	5000	5000	1.0	0.9992322980549431	1.0
balanced_in_expectation	0.33/0.33/0.33	54071	3435	5000	5000	1.0	0.9992322980549431	1.0
balanced_in_expectation	0.33/0.33/0.33	54071	3450	5000	5000	1.0	0.9992322980549431	1.0
balanced_in_expectation	0.33/0.33/0.33	54071	3465	5000	5000	1.0	0.9992322980549431	1.0
balanced_in_expectation	0.33/0.33/0.33	54071	3480	5000	5000	1.0	0.9992322980549431	1.0
balanced_in_expectation	0.33/0.33/0.33	54071	3495	5000	5000	1.0	0.9992322980549431	1.0
balanced_in_expectation	0.33/0.33/0.33	54071	3510	5000	5000	1.0	0.9992322980549431	1.0
balanced_in_expectation	0.33/0.33/0.33	54071	3525	5000	5000	1.0	0.9992322980549431	1.0
balanced_in_expectation	0.33/0.33/0.33	54071	3540	5000	5000	1.0	0.9992322980549431	1.0
balanced_in_expectation	0.33/0.33/0.33	54071	3555	5000	5000	1.0	0.9992322980549431	1.0
balanced_in_expectation	0.33/0.33/0.33	54071	3570	5000	5000	1.0	0.9992322980549431	1.0
balanced_in_expectation	0.33/0.33/0.33	54071	3585	5000	5000	1.0	0.9992322980549431	1.0
balanced_in_expectation	0.33/0.33/0.33	54071	3600	5000	5000	1.0	0.9992322980549431	1.0
balanced_in_expectation	0.33/0.33/0.33	54071	3615	5000	5000	1.0	0.9992322980549431	1.0
balanced_in_expectation	0.33/0.33/0.33	54071	3630	5000	5000	1.0	0.9992322980549431	1.0
balanced_in_expectation	0.33/0.33/0.33	54071	3645	5000	5000	1.0	0.9992322980549431	1.0
balanced_in_expectation	0.33/0.33/0.33	54071	3660	5000	5000	1.0	0.9992322980549431	1.0
balanced_in_expectation	0.33/0.33/0.33	54071	3675	5000	5000	1.0	0.9992322980549431	1.0
balanced_in_expectation	0.33/0.33/0.33	54071	3690	5000	5000	1.0	0.9992322980549431	1.0
balanced_in_expectation	0.33/0.33/0.33	54071	3705	5000	5000	1.0	0.9992322980549431	1.0
balanced_in_expectation	0.33/0.33/0.33	54071	3720	5000	5000	1.0	0.9992322980549431	1.0
balanced_in_expectation	0.33/0.33/0.33	54071	3735	5000	5000	1.0	0.9992322980549431	1.0
balanced_in_expectation	0.33/0.33/0.33	54071	3750	5000	5000	1.0	0.9992322980549431	1.0
balanced_in_expectation	0.33/0.33/0.33	54071	3765	5000	5000	1.0	0.9992322980549431	1.0
balanced_in_expectation	0.33/0.33/0.33	54071	3780	5000	5000	1.0	0.9992322980549431	1.0
balanced_in_expectation	0.33/0.33/0.33	54071	3795	5000	5000	1.0	0.9992322980549431	1.0
balanced_in_expectation	0.33/0.33/0.33	54071	3810	5000	5000	1.0	0.9992322980549431	1.0
balanced_in_expectation	0.33/0.33/0.33	54071	3825	5000	5000	1.0	0.9992322980549431	1.0
balanced_in_expectation	0.33/0.33/0.33	54071	3840	5000	5000	1.0	0.9992322980549431	1.0
balanced_in_expectation	0.33/0.33/0.33	54071	3855	5000	5000	1.0	0.9992322980549431	1.0
balanced_in_expectation	0.33/0.33/0.33	54071	3870	5000	5000	1.0	0.9992322980549431	1.0
balanced_in_expectation	0.33/0.33/0.33	54071	3885	5000	5000	1.0	0.9992322980549431	1.0
balanced_in_expectation	0.33/0.33/0.33	54071	3900	5000	5000	1.0	0.9992322980549431	1.0
balanced_in_expectation	0.33/0.33/0.33	54071	3915	5000	5000	1.0	0.9992322980549431	1.0
balanced_in_expectation	0.33/0.33/0.33	54071	3930	5000	5000	1.0	0.9992322980549431	1.0
balanced_in_expectation	0.33/0.33/0.33	54071	3945	5000	5000	1.0	0.9992322980549431	1.0
balanced_in_expectation	0.33/0.33/0.33	54071	3960	5000	5000	1.0	0.9992322980549431	1.0
balanced_in_expectation	0.33/0.33/0.33	54071	3975	5000	5000	1.0	0.9992322980549431	1.0
balanced_in_expectation	0.33/0.33/0.33	54071	3990	5000	5000	1.0	0.9992322980549431	1.0
balanced_in_expectation	0.33/0.33/0.33	54071	4005	5000	5000	1.0	0.9992322980549431	1.0
balanced_in_expectation	0.33/0.33/0.33	54071	4020	5000	5000	1.0	0.9992322980549431	1.0
balanced_in_expectation	0.33/0.33/0.33	54071	4035	5000	5000	1.0	0.9992322980549431	1.0
balanced_in_expectation	0.33/0.33/0.33	54071	4050	5000	5000	1.0	0.9992322980549431	1.0
balanced_in_expectation	0.33/0.33/0.33	54071	4065	5000	5000	1.0	0.9992322980549431	1.0
balanced_in_expectation	0.33/0.33/0.33	54071	4080	5000	5000	1.0	0.9992322980549431	1.0
balanced_in_expectation	0.33/0.33/0.33	54071	4095	5000	5000	1.0	0.9992322980549431	1.0
balanced_in_expectation	0.33/0.33/0.33	54071	4110	5000	5000	1.0	0.9992322980549431	1.0
balanced_in_expectation	0.33/0.33/0.33	54071	4125	5000	5000	1.0	0.9992322980549431	1.0
balanced_in_expectation	0.33/0.33/0.33	54071	4140	5000	5000	1.0	0.9992322980549431	1.0
balanced_in_expectation	0.33/0.33/0.33	54071	4155	5000	5000	1.0	0.9992322980549431	1.0
balanced_in_expectation	0.33/0.33/0.33	54071	4170	5000	5000	1.0	0.9992322980549431	1.0
balanced_in_expectation	0.33/0.33/0.33	54071	4185	5000	5000	1.0	0.9992322980549431	1.0
balanced_in_expectation	0.33/0.33/0.33	54071	4200	5000	5000	1.0	0.9992322980549431	1.0
balanced_in_expectation	0.33/0.33/0.33	54071	4215	5000	5000	1.0	0.9992322980549431	1.0
balanced_in_expectation	0.33/0.33/0.33	54071	4230	5000	5000	1.0	0.9992322980549431	1.0
balanced_in_expectation	0.33/0.33/0.33	54071	4245	5000	5000	1.0	0.9992322980549431	1.0
balanced_in_expectation	0.33/0.33/0.33	54071	4260	5000	5000	1.0	0.9992322980549431	1.0
balanced_in_expectation	0.33/0.33/0.33	54071	4275	5000	5000	1.0	0.9992322980549431	1.0
balanced_in_expectation	0.33/0.33/0.33	54071	4290	5000	5000	1.0	0.9992322980549431	1.0
balanced_in_expectation	0.33/0.33/0.33	54071	4305	5000	5000	1.0	0.9992322980549431	1.0
balanced_in_expectation	0.33/0.33/0.33	54071	4320	5000	5000	1.0	0.9992322980549431	1.0
balanced_in_expectation	0.33/0.33/0.33	54071	4335	5000	5000	1.0	0.9992322980549431	1.0
balanced_in_expectation	0.33/0.33/0.33	54071	4350	5000	5000	1.0	0.9992322980549431	1.0
balanced_in_expectation	0.33/0.33/0.33	54071	4365	5000	5000	1.0	0.9992322980549431	1.0
balanced_in_expectation	0.33/0.33/0.33	54071	4380	5000	5000	1.0	0.9992322980549431	1.0
balanced_in_expectation	0.33/0.33/0.33	54071	4395	5000	5000	1.0	0.9992322980549431	1.0
balanced_in_expectation	0.33/0.33/0.33	54071	4410	5000	5000	1.0	0.9992322980549431	1.0
balanced_in_expectation	0.33/0.33/0.33	54071	4425	5000	5000	1.0	0.9992322980549431	1.0
balanced_in_expectation	0.33/0.33/0.33	54071	4440	5000	5000	1.0	0.9992322980549431	1.0
balanced_in_expectation	0.33/0.33/0.33	54071	4455	5000	5000	1.0	0.9992322980549431	1.0
balanced_in_expectation	0.33/0.33/0.33	54071	4470	5000	5000	1.0	0.9992322980549431	1.0
balanced_in_expectation	0.33/0.33/0.33	54071	4485	5000	5000	1.0	0.9992322980549431	1.0
balanced_in_expectation	0.33/0.33/0.33	54071	4500	5000	5000	1.0	0.9992322980549431	1.0
balanced_in_expectation	0.33/0.33/0.33	54071	4515	5000	5000	1.0	0.9992322980549431	1.0
balanced_in_expectation	0.33/0.33/0.33	54071	4530	5000	5000	1.0	0.9992322980549431	1.0
balanced_in_expectation	0.33/0.33/0.33	54071	4545	5000	5000	1.0	0.9992322980549431	1.0
balanced_in_expectation	0.33/0.33/0.33	54071	4560	5000	5000	1.0	0.9992322980549431	1.0
balanced_in_expectation	0.33/0.33/0.33	54071	4575	5000	5000	1.0	0.9992322980549431	1.0
balanced_in_expectation	0.33/0.33/0.33	54071	4590	5000	5000	1.0	0.9992322980549431	1.0
balanced_in_expectation	0.33/0.33/0.33	54071	4605	5000	5000	1.0	0.9992322980549431	1.0
balanced_in_expectation	0.33/0.33/0.33	54071	4620	5000	5000	1.0	0.9992322980549431	1.0
balanced_in_expectation	0.33/0.33/0.33	54071	4635	5000	5000	1.0	0.9992322980549431	1.0
balanced_in_expectation	0.33/0.33/0.33	54071	4650	5000	5000	1.0	0.9992322980549431	1.0
balanced_in_expectation	0.33/0.33/0.33	54071	4665	5000	5000	1.0	0.9992322980549431	1.0
balanced_in_expectation	0.33/0.33/0.33	54071	4680	5000	5000	1.0	0.9992322980549431	1.0
balanced_in_expectation	0.33/0.33/0.33	54071	4695	5000	5000	1.0	0.9992322980549431	1.0
balanced_in_expectation	0.33/0.33/0.33	54071	4710	5000	5000	1.0	0.9992322980549431	1.0
balanced_in_expectation	0.33/0.33/0.33	54071	4725	5000	5000	1.0	0.9992322980549431	1.0
balanced_in_expectation	0.33/0.33/0.33	54071	4740	5000	5000	1.0	0.9992322980549431	1.0
balanced_in_expectation	0.33/0.33/0.33	54071	4755	5000	5000	1.0	0.9992322980549431	1.0
balanced_in_expectation	0.33/0.33/0.33	54071	4770	5000	5000	1.0	0.9992322980549431	1.0
balanced_in_expectation	0.33/0.33/0.33	54071	4785	5000	5000	1.0	0.9992322980549431	1.0
balanced_in_expectation	0.33/0.33/0.33	54071	4800	5000	5000	1.0	0.9992322980549431	1.0
balanced_in_expectation	0.33/0.33/0.33	54071	4815	5000	5000	1.0	0.9992322980549431	1.0
balanced_in_expectation	0.33/0.33/0.33	54071	4830	5000	5000	1.0	0.9992322980549431	1.0
balanced_in_expectation	0.33/0.33/0.33	54071	4845	5000	5000	1.0	0.9992322980549431	1.0
balanced_in_expectation	0.33/0.33/0.33	54071	4860	5000	5000	1.0	0.9992322980549431	1.0
balanced_in_expectation	0.33/0.33/0.33	54071	4875	5000	5000	1.0	0.9992322980549431	1.0
balanced_in_expectation	0.33/0.33/0.33	54071	4890	5000	5000	1.0	0.9992322980549431	1.0
balanced_in_expectation	0.33/0.33/0.33	54071	4905	5000	5000	1.0	0.9992322980549431	1.0
balanced_in_expectation	0.33/0.33/0.33	54071	4920	5000	5000	1.0	0.9992322980549431	1.0
balanced_in_expectation	0.33/0.33/0.33	54071	4935	5000	5000	1.0	0.9992322980549431	1.0
balanced_in_expectation	0.33/0.33/0.33	54071	4950	5000	5000	1.0	0.9992322980549431	1.0
balanced_in_expectation	0.33/0.33/0.33	54071	4965	5000	5000	1.0	0.9992322980549431	1.0
balanced_in_expectation	0.33/0.33/0.33	54071	4980	5000	5000	1.0	0.9992322980549431	1.0
balanced_in_expectation	0.33/0.33/0.33	54071	4995	5000	5000	1.0	0.9992322980549431	1.0
balanced_in_expectation	0.33/0.33/0.33	54071	5010	5000	5000	1.0	0.9992322980549431	1.0
balanced_in_expectation	0.33/0.33/0.33	54071	5025	5000	5000	1.0	0.9992322980549431	1.0
balanced_in_expectation	0.33/0.33/0.33	54071	5040	5000	5000	1.0	0.9992322980549431	1.0
balanced_in_expectation	0.33/0.33/0.33	54071	5055	5000	5000	1.0	0.9992322980549431	1.0
balanced_in_expectation	0.33/0.33/0.33	54071	5070	5000	5000	1.0	0.9992322980549431	1.0
balanced_in_expectation	0.33/0.33/0.33	54071	5085	5000	5000	1.0	0.9992322980549431	1.0
balanced_in_expectation	0.33/0.33/0.33	54071	5100	5000	5000	1.0	0.9992322980549431	1.0
balanced_in_expectation	0.33/0.33/0.33	54071	5115	5000	5000	1.0	0.9992322980549431	1.0
balanced_in_expectation	0.33/0.33/0.33	54071	5130	5000	5000	1.0	0.9992322980549431	1.0
balanced_in_expectation	0.33/0.33/0.33	54071	5145	5000	5000	1.0	0.9992322980549431	1.0
balanced_in_expectation	0.33/0.33/0.33	54071	5160	5000	5000	1.0	0.9992322980549431	1.0
balanced_in_expectation	0.33/0.33/0.33	54071	5175	5000	5000	1.0	0.9992322980549431	1.0
balanced_in_expectation	0.33/0.33/0.33	54071	5190	5000	5000	1.0	0.9992322980549431	1.0
balanced_in_expectation	0.33/0.33/0.33	54071	5205	5000	5000	1.0	0.9992322980549431	1.0
balanced_in_expectation	0.33/0.33/0.33	54071	5220	5000	5000	1.0	0.9992322980549431	1.0
balanced_in_expectation	0.33/0.33/0.33	54071	5235	5000	5000	1.0	0.9992322980549431	1.0
balanced_in_expectation	0.33/0.33/0.33	54071	5250	5000	5000	1.0	0.9992322980549431	1.0
balanced_in_expectation	0.33/0.33/0.33	54071	5265	5000	5000	1.0	0.9992322980549431	1.0
balanced_in_expectation	0.33/0.33/0.33	54071	5280	5000	5000	1.0	0.9992322980549431	1.0
balanced_in_expectation	0.33/0.33/0.33	54071	5295	5000	5000	1.0	0.9992322980549431	1.0
balanced_in_expectation	0.33/0.33/0.33	54071	5310	5000	5000	1.0	0.9992322980549431	1.0
balanced_in_expectation	0.33/0.33/0.33	54071	5325	5000	5000	1.0	0.9992322980549431	1.0
balanced_in_expectation	0.33/0.33/0.33	54071	5340	5000	5000	1.0	0.9992322980549431	1.0
balanced_in_expectation	0.33/0.33/0.33	54071	5355	5000	5000	1.0	0.9992322980549431	1.0
balanced_in_expectation	0.33/0.33/0.33	54071	5370	5000	5000	1.0	0.9992322980549431	1.0
balanced_in_expectation	0.33/0.33/0.33	54071	5385	5000	5000	1.0	0.9992322980549431	1.0
balanced_in_expectation	0.33/0.33/0.33	54071	5400	5000	5000	1.0	0.9992322980549431	1.0
balanced_in_expectation	0.33/0.33/0.33	54071	5415	5000	5000	1.0	0.9992322980549431	1.0
balanced_in_expectation	0.33/0.33/0.33	54071	5430	5000	5000	1.0	0.9992322980549431	1.0
balanced_in_expectation	0.33/0.33/0.33	54071	5445	5000	5000	1.0	0.9992322980549431	1.0
balanced_in_expectation	0.33/0.33/0.33	54071	5460	5000	5000	1.0	0.9992322980549431	1.0
balanced_in_expectation	0.33/0.33/0.33	54071	5475	5000	5000	1.0	0.9992322980549431	1.0
balanced_in_expectation	0.33/0.33/0.33	54071	5490	5000	5000	1.0	0.9992322980549431	1.0
balanced_in_expectation	0.33/0.33/0.33	54071	5505	5000	5000	1.0	0.9992322980549431	1.0
balanced_in_expectation	0.33/0.33/0.33	54071	5520	5000	5000	1.0	0.9992322980549431	1.0
balanced_in_expectation	0.33/0.33/0.33	54071	5535	5000	5000	1.0	0.9992322980549431	1.0
balanced_in_expectation	0.33/0.33/0.33	54071	5550	5000	5000	1.0	0.9992322980549431	1.0
balanced_in_expectation	0.33/0.33/0.33	54071	5565	5000	5000	1.0	0.9992322980549431	1.0
balanced_in_expectation	0.33/0.33/0.33	54071	5580	5000	5000	1.0	0.9992322980549431	1.0
balanced_in_expectation	0.33/0.33/0.33	54071	5595	5000	5000	1.0	0.9992322980549431	1.0
balanced_in_expectation	0.33/0.33/0.33	54071	5610	5000	5000	1.0	0.9992322980549431	1.0
balanced_in_expectation	0.33/0.33/0.33	54071	5625	5000	5000	1.0	0.9992322980549431	1.0
balanced_in_expectation	0.33/0.33/0.33	54071	5640	5000	5000	1.0	0.9992322980549431	1.0
balanced_in_expectation	0.33/0.33/0.33	54071	5655	5000	5000	1.0	0.9992322980549431	1.0
balanced_in_expectation	0.33/0.33/0.33	54071	5670	5000	5000	1.0	0.9992322980549431	1.0
balanced_in_expectation	0.33/0.33/0.33	54071	5685	5000	5000	1.0	0.9992322980549431	1.0
balanced_in_expectation	0.33/0.33/0.33	54071	5700	5000	5000	1.0	0.9992322980549431	1.0
balanced_in_expectation	0.33/0.33/0.33	54071	5715	5000	5000	1.0	0.9992322980549431	1.0
balanced_in_expectation	0.33/0.33/0.33	54071	5730	5000	5000	1.0	0.9992322980549431	1.0
balanced_in_expectation	0.33/0.33/0.33	54071	5745	5000	5000	1.0	0.9992322980549431	1.0
balanced_in_expectation	0.33/0.33/0.33	54071	5760	5000	5000	1.0	0.9992322980549431	1.0
balanced_in_expectation	0.33/0.33/0.33	54071	5775	5000	5000	1.0	0.9992322980549431	1.0
balanced_in_expectation	0.33/0.33/0.33	54071	5790	5000	5000	1.0	0.9992322980549431	1.0
balanced_in_expectation	0.33/0.33/0.33	54071	5805	5000	5000	1.0	0.9992322980549431	1.0
balanced_in_expectation	0.33/0.33/0.33	54071	5820	5000	5000	1.0	0.9992322980549431	1.0
balanced_in_expectation	0.33/0.33/0.33	54071	5835	5000	5000	1.0	0.9992322980549431	1.0
balanced_in_expectation	0.33/0.33/0.33	54071	5850	5000	5000	1.0	0.9992322980549431	1.0
balanced_in_expectation	0.33/0.33/0.33	54071	5865	5000	5000	1.0	0.9992322980549431	1.0
balanced_in_expectation	0.33/0.33/0.33	54071	5880	5000	5000	1.0	0.9992322980549431	1.0
balanced_in_expectation	0.33/0.33/0.33	54071	5895	5000	5000	1.0	0.9992322980549431	1.0
balanced_in_expectation	0.33/0.33/0.33	54071	5910	5000	5000	1.0	0.9992322980549431	1.0
balanced_in_expectation	0.33/0.33/0.33	54071	5925	5000	5000	1.0	0.9992322980549431	1.0
balanced_in_expectation	0.33/0.33/0.33	54071	5940	5000	5000	1.0	0.9992322980549431	1.0
balanced_in_expectation	0.33/0.33/0.33	54071	5955	5000	5000	1.0	0.9992322980549431	1.0
balanced_in_expectation	0.33/0.33/0.33	54071	5970	5000	5000	1.0	0.9992322980549431	1.0
balanced_in_expectation	0.33/0.33/0.33	54071	5985	5000	5000	1.0	0.9992322980549431	1.0
balanced_in_expectation	0.33/0.33/0.33	54071	6000	5000	5000	1.0	0.9992322980549431	1.0
balanced_in_expectation	0.33/0.33/0.33	54079	450	5000	0	0.0	0.0	0.0007677019450571244
balanced_in_expectation	0.33/0.33/0.33	54079	465	5000	0	0.0	0.0	0.0007677019450571244
balanced_in_expectation	0.33/0.33/0.33	54079	480	5000	0	0.0	0.0	0.0007677019450571244
balanced_in_expectation	0.33/0.33/0.33	54079	495	5000	0	0.0	0.0	0.0007677019450571244
balanced_in_expectation	0.33/0.33/0.33	54079	510	5000	0	0.0	0.0	0.0007677019450571244
balanced_in_expectation	0.33/0.33/0.33	54079	525	5000	0	0.0	0.0	0.0007677019450571244
balanced_in_expectation	0.33/0.33/0.33	54079	540	5000	3	0.0006	0.00020407465419434642	0.001762706048528709
balanced_in_expectation	0.33/0.33/0.33	54079	555	5000	21	0.0042	0.002748774410314672	0.006412478838403972
balanced_in_expectation	0.33/0.33/0.33	54079	570	5000	187	0.0374	0.032485950592838445	0.04302432724672842
balanced_in_expectation	0.33/0.33/0.33	54079	585	5000	599	0.1198	0.11108978063043591	0.12909397992858557
balanced_in_expectation	0.33/0.33/0.33	54079	600	5000	1267	0.2534	0.24153625868927195	0.2656423719100303
balanced_in_expectation	0.33/0.33/0.33	54079	615	5000	2088	0.4176	0.40399881661136505	0.43132770066918047
balanced_in_expectation	0.33/0.33/0.33	54079	630	5000	2849	0.5698	0.5560282482332062	0.5834645805752638
balanced_in_expectation	0.33/0.33/0.33	54079	645	5000	3478	0.6956	0.6826992982971373	0.7082003767019563
balanced_in_expectation	0.33/0.33/0.33	54079	660	5000	4009	0.8018	0.790520484819783	0.8126161302861804
balanced_in_expectation	0.33/0.33/0.33	54079	675	5000	4400	0.88	0.8706996979080075	0.8887168486137491
balanced_in_expectation	0.33/0.33/0.33	54079	690	5000	4654	0.9308	0.9234295221569059	0.9375090258472328
balanced_in_expectation	0.33/0.33/0.33	54079	705	5000	4823	0.9646	0.9591108981747711	0.9693757531778819
balanced_in_expectation	0.33/0.33/0.33	54079	720	5000	4905	0.981	0.9768300047866302	0.984431465942225
balanced_in_expectation	0.33/0.33/0.33	54079	735	5000	4963	0.9926	0.989817257800601	0.9946264022431288
balanced_in_expectation	0.33/0.33/0.33	54079	750	5000	4975	0.995	0.9926290765274967	0.9966108985468968
balanced_in_expectation	0.33/0.33/0.33	54079	765	5000	4993	0.9986	0.9971127802223416	0.9993216673980476
balanced_in_expectation	0.33/0.33/0.33	54079	780	5000	4995	0.999	0.9976610469499418	0.9995727865088913
balanced_in_expectation	0.33/0.33/0.33	54079	795	5000	4998	0.9996	0.9985426134985768	0.9998902987179225
balanced_in_expectation	0.33/0.33/0.33	54079	810	5000	5000	1.0	0.9992322980549431	1.0
balanced_in_expectation	0.33/0.33/0.33	54079	825	5000	5000	1.0	0.9992322980549431	1.0
balanced_in_expectation	0.33/0.33/0.33	54079	840	5000	5000	1.0	0.9992322980549431	1.0
balanced_in_expectation	0.33/0.33/0.33	54079	855	5000	5000	1.0	0.9992322980549431	1.0
balanced_in_expectation	0.33/0.33/0.33	54079	870	5000	5000	1.0	0.9992322980549431	1.0
balanced_in_expectation	0.33/0.33/0.33	54079	885	5000	5000	1.0	0.9992322980549431	1.0
balanced_in_expectation	0.33/0.33/0.33	54079	900	5000	5000	1.0	0.9992322980549431	1.0
balanced_in_expectation	0.33/0.33/0.33	54079	915	5000	5000	1.0	0.9992322980549431	1.0
balanced_in_expectation	0.33/0.33/0.33	54079	930	5000	5000	1.0	0.9992322980549431	1.0
balanced_in_expectation	0.33/0.33/0.33	54079	945	5000	5000	1.0	0.9992322980549431	1.0
balanced_in_expectation	0.33/0.33/0.33	54079	960	5000	5000	1.0	0.9992322980549431	1.0
balanced_in_expectation	0.33/0.33/0.33	54079	975	5000	5000	1.0	0.9992322980549431	1.0
balanced_in_expectation	0.33/0.33/0.33	54079	990	5000	5000	1.0	0.9992322980549431	1.0
balanced_in_expectation	0.33/0.33/0.33	54079	1005	5000	5000	1.0	0.9992322980549431	1.0
balanced_in_expectation	0.33/0.33/0.33	54079	1020	5000	5000	1.0	0.9992322980549431	1.0
balanced_in_expectation	0.33/0.33/0.33	54079	1035	5000	5000	1.0	0.9992322980549431	1.0
balanced_in_expectation	0.33/0.33/0.33	54079	1050	5000	5000	1.0	0.9992322980549431	1.0
balanced_in_expectation	0.33/0.33/0.33	54079	1065	5000	5000	1.0	0.9992322980549431	1.0
balanced_in_expectation	0.33/0.33/0.33	54079	1080	5000	5000	1.0	0.9992322980549431	1.0
balanced_in_expectation	0.33/0.33/0.33	54079	1095	5000	5000	1.0	0.9992322980549431	1.0
balanced_in_expectation	0.33/0.33/0.33	54079	1110	5000	5000	1.0	0.9992322980549431	1.0
balanced_in_expectation	0.33/0.33/0.33	54079	1125	5000	5000	1.0	0.9992322980549431	1.0
balanced_in_expectation	0.33/0.33/0.33	54079	1140	5000	5000	1.0	0.9992322980549431	1.0
balanced_in_expectation	0.33/0.33/0.33	54079	1155	5000	5000	1.0	0.9992322980549431	1.0
balanced_in_expectation	0.33/0.33/0.33	54079	1170	5000	5000	1.0	0.9992322980549431	1.0
balanced_in_expectation	0.33/0.33/0.33	54079	1185	5000	5000	1.0	0.9992322980549431	1.0
balanced_in_expectation	0.33/0.33/0.33	54079	1200	5000	5000	1.0	0.9992322980549431	1.0
balanced_in_expectation	0.33/0.33/0.33	54079	1215	5000	5000	1.0	0.9992322980549431	1.0
balanced_in_expectation	0.33/0.33/0.33	54079	1230	5000	5000	1.0	0.9992322980549431	1.0
balanced_in_expectation	0.33/0.33/0.33	54079	1245	5000	5000	1.0	0.9992322980549431	1.0
balanced_in_expectation	0.33/0.33/0.33	54079	1260	5000	5000	1.0	0.9992322980549431	1.0
balanced_in_expectation	0.33/0.33/0.33	54079	1275	5000	5000	1.0	0.9992322980549431	1.0
balanced_in_expectation	0.33/0.33/0.33	54079	1290	5000	5000	1.0	0.9992322980549431	1.0
balanced_in_expectation	0.33/0.33/0.33	54079	1305	5000	5000	1.0	0.9992322980549431	1.0
balanced_in_expectation	0.33/0.33/0.33	54079	1320	5000	5000	1.0	0.9992322980549431	1.0
balanced_in_expectation	0.33/0.33/0.33	54079	1335	5000	5000	1.0	0.9992322980549431	1.0
balanced_in_expectation	0.33/0.33/0.33	54079	1350	5000	5000	1.0	0.9992322980549431	1.0
balanced_in_expectation	0.33/0.33/0.33	54079	1365	5000	5000	1.0	0.9992322980549431	1.0
balanced_in_expectation	0.33/0.33/0.33	54079	1380	5000	5000	1.0	0.9992322980549431	1.0
balanced_in_expectation	0.33/0.33/0.33	54079	1395	5000	5000	1.0	0.9992322980549431	1.0
balanced_in_expectation	0.33/0.33/0.33	54079	1410	5000	5000	1.0	0.9992322980549431	1.0
balanced_in_expectation	0.33/0.33/0.33	54079	1425	5000	5000	1.0	0.9992322980549431	1.0
balanced_in_expectation	0.33/0.33/0.33	54079	1440	5000	5000	1.0	0.9992322980549431	1.0
balanced_in_expectation	0.33/0.33/0.33	54079	1455	5000	5000	1.0	0.9992322980549431	1.0
balanced_in_expectation	0.33/0.33/0.33	54079	1470	5000	5000	1.0	0.9992322980549431	1.0
balanced_in_expectation	0.33/0.33/0.33	54079	1485	5000	5000	1.0	0.9992322980549431	1.0
balanced_in_expectation	0.33/0.33/0.33	54079	1500	5000	5000	1.0	0.9992322980549431	1.0
balanced_in_expectation	0.33/0.33/0.33	54079	1515	5000	5000	1.0	0.9992322980549431	1.0
balanced_in_expectation	0.33/0.33/0.33	54079	1530	5000	5000	1.0	0.9992322980549431	1.0
balanced_in_expectation	0.33/0.33/0.33	54079	1545	5000	5000	1.0	0.9992322980549431	1.0
balanced_in_expectation	0.33/0.33/0.33	54079	1560	5000	5000	1.0	0.9992322980549431	1.0
balanced_in_expectation	0.33/0.33/0.33	54079	1575	5000	5000	1.0	0.9992322980549431	1.0
balanced_in_expectation	0.33/0.33/0.33	54079	1590	5000	5000	1.0	0.9992322980549431	1.0
balanced_in_expectation	0.33/0.33/0.33	54079	1605	5000	5000	1.0	0.9992322980549431	1.0
balanced_in_expectation	0.33/0.33/0.33	54079	1620	5000	5000	1.0	0.9992322980549431	1.0
balanced_in_expectation	0.33/0.33/0.33	54079	1635	5000	5000	1.0	0.9992322980549431	1.0
balanced_in_expectation	0.33/0.33/0.33	54079	1650	5000	5000	1.0	0.9992322980549431	1.0
balanced_in_expectation	0.33/0.33/0.33	54079	1665	5000	5000	1.0	0.9992322980549431	1.0
balanced_in_expectation	0.33/0.33/0.33	54079	1680	5000	5000	1.0	0.9992322980549431	1.0
balanced_in_expectation	0.33/0.33/0.33	54079	1695	5000	5000	1.0	0.9992322980549431	1.0
balanced_in_expectation	0.33/0.33/0.33	54079	1710	5000	5000	1.0	0.9992322980549431	1.0
balanced_in_expectation	0.33/0.33/0.33	54079	1725	5000	5000	1.0	0.9992322980549431	1.0
balanced_in_expectation	0.33/0.33/0.33	54079	1740	5000	5000	1.0	0.9992322980549431	1.0
balanced_in_expectation	0.33/0.33/0.33	54079	1755	5000	5000	1.0	0.9992322980549431	1.0
balanced_in_expectation	0.33/0.33/0.33	54079	1770	5000	5000	1.0	0.9992322980549431	1.0
balanced_in_expectation	0.33/0.33/0.33	54079	1785	5000	5000	1.0	0.9992322980549431	1.0
balanced_in_expectation	0.33/0.33/0.33	54079	1800	5000	5000	1.0	0.9992322980549431	1.0
balanced_in_expectation	0.33/0.33/0.33	54079	1815	5000	5000	1.0	0.9992322980549431	1.0
balanced_in_expectation	0.33/0.33/0.33	54079	1830	5000	5000	1.0	0.9992322980549431	1.0
balanced_in_expectation	0.33/0.33/0.33	54079	1845	5000	5000	1.0	0.9992322980549431	1.0
balanced_in_expectation	0.33/0.33/0.33	54079	1860	5000	5000	1.0	0.9992322980549431	1.0
balanced_in_expectation	0.33/0.33/0.33	54079	1875	5000	5000	1.0	0.9992322980549431	1.0
balanced_in_expectation	0.33/0.33/0.33	54079	1890	5000	5000	1.0	0.9992322980549431	1.0
balanced_in_expectation	0.33/0.33/0.33	54079	1905	5000	5000	1.0	0.9992322980549431	1.0
balanced_in_expectation	0.33/0.33/0.33	54079	1920	5000	5000	1.0	0.9992322980549431	1.0
balanced_in_expectation	0.33/0.33/0.33	54079	1935	5000	5000	1.0	0.9992322980549431	1.0
balanced_in_expectation	0.33/0.33/0.33	54079	1950	5000	5000	1.0	0.9992322980549431	1.0
balanced_in_expectation	0.33/0.33/0.33	54079	1965	5000	5000	1.0	0.9992322980549431	1.0
balanced_in_expectation	0.33/0.33/0.33	54079	1980	5000	5000	1.0	0.9992322980549431	1.0
balanced_in_expectation	0.33/0.33/0.33	54079	1995	5000	5000	1.0	0.9992322980549431	1.0
balanced_in_expectation	0.33/0.33/0.33	54079	2010	5000	5000	1.0	0.9992322980549431	1.0
balanced_in_expectation	0.33/0.33/0.33	54079	2025	5000	5000	1.0	0.9992322980549431	1.0
balanced_in_expectation	0.33/0.33/0.33	54079	2040	5000	5000	1.0	0.9992322980549431	1.0
balanced_in_expectation	0.33/0.33/0.33	54079	2055	5000	5000	1.0	0.9992322980549431	1.0
balanced_in_expectation	0.33/0.33/0.33	54079	2070	5000	5000	1.0	0.9992322980549431	1.0
balanced_in_expectation	0.33/0.33/0.33	54079	2085	5000	5000	1.0	0.9992322980549431	1.0
balanced_in_expectation	0.33/0.33/0.33	54079	2100	5000	5000	1.0	0.9992322980549431	1.0
balanced_in_expectation	0.33/0.33/0.33	54079	2115	5000	5000	1.0	0.9992322980549431	1.0
balanced_in_expectation	0.33/0.33/0.33	54079	2130	5000	5000	1.0	0.9992322980549431	1.0
balanced_in_expectation	0.33/0.33/0.33	54079	2145	5000	5000	1.0	0.9992322980549431	1.0
balanced_in_expectation	0.33/0.33/0.33	54079	2160	5000	5000	1.0	0.9992322980549431	1.0
balanced_in_expectation	0.33/0.33/0.33	54079	2175	5000	5000	1.0	0.9992322980549431	1.0
balanced_in_expectation	0.33/0.33/0.33	54079	2190	5000	5000	1.0	0.9992322980549431	1.0
balanced_in_expectation	0.33/0.33/0.33	54079	2205	5000	5000	1.0	0.9992322980549431	1.0
balanced_in_expectation	0.33/0.33/0.33	54079	2220	5000	5000	1.0	0.9992322980549431	1.0
balanced_in_expectation	0.33/0.33/0.33	54079	2235	5000	5000	1.0	0.9992322980549431	1.0
balanced_in_expectation	0.33/0.33/0.33	54079	2250	5000	5000	1.0	0.9992322980549431	1.0
balanced_in_expectation	0.33/0.33/0.33	54079	2265	5000	5000	1.0	0.9992322980549431	1.0
balanced_in_expectation	0.33/0.33/0.33	54079	2280	5000	5000	1.0	0.9992322980549431	1.0
balanced_in_expectation	0.33/0.33/0.33	54079	2295	5000	5000	1.0	0.9992322980549431	1.0
balanced_in_expectation	0.33/0.33/0.33	54079	2310	5000	5000	1.0	0.9992322980549431	1.0
balanced_in_expectation	0.33/0.33/0.33	54079	2325	5000	5000	1.0	0.9992322980549431	1.0
balanced_in_expectation	0.33/0.33/0.33	54079	2340	5000	5000	1.0	0.9992322980549431	1.0
balanced_in_expectation	0.33/0.33/0.33	54079	2355	5000	5000	1.0	0.9992322980549431	1.0
balanced_in_expectation	0.33/0.33/0.33	54079	2370	5000	5000	1.0	0.9992322980549431	1.0
balanced_in_expectation	0.33/0.33/0.33	54079	2385	5000	5000	1.0	0.9992322980549431	1.0
balanced_in_expectation	0.33/0.33/0.33	54079	2400	5000	5000	1.0	0.9992322980549431	1.0
balanced_in_expectation	0.33/0.33/0.33	54079	2415	5000	5000	1.0	0.9992322980549431	1.0
balanced_in_expectation	0.33/0.33/0.33	54079	2430	5000	5000	1.0	0.9992322980549431	1.0
balanced_in_expectation	0.33/0.33/0.33	54079	2445	5000	5000	1.0	0.9992322980549431	1.0
balanced_in_expectation	0.33/0.33/0.33	54079	2460	5000	5000	1.0	0.9992322980549431	1.0
balanced_in_expectation	0.33/0.33/0.33	54079	2475	5000	5000	1.0	0.9992322980549431	1.0
balanced_in_expectation	0.33/0.33/0.33	54079	2490	5000	5000	1.0	0.9992322980549431	1.0
balanced_in_expectation	0.33/0.33/0.33	54079	2505	5000	5000	1.0	0.9992322980549431	1.0
balanced_in_expectation	0.33/0.33/0.33	54079	2520	5000	5000	1.0	0.9992322980549431	1.0
balanced_in_expectation	0.33/0.33/0.33	54079	2535	5000	5000	1.0	0.9992322980549431	1.0
balanced_in_expectation	0.33/0.33/0.33	54079	2550	5000	5000	1.0	0.9992322980549431	1.0
balanced_in_expectation	0.33/0.33/0.33	54079	2565	5000	5000	1.0	0.9992322980549431	1.0
balanced_in_expectation	0.33/0.33/0.33	54079	2580	5000	5000	1.0	0.9992322980549431	1.0
balanced_in_expectation	0.33/0.33/0.33	54079	2595	5000	5000	1.0	0.9992322980549431	1.0
balanced_in_expectation	0.33/0.33/0.33	54079	2610	5000	5000	1.0	0.9992322980549431	1.0
balanced_in_expectation	0.33/0.33/0.33	54079	2625	5000	5000	1.0	0.9992322980549431	1.0
balanced_in_expectation	0.33/0.33/0.33	54079	2640	5000	5000	1.0	0.9992322980549431	1.0
balanced_in_expectation	0.33/0.33/0.33	54079	2655	5000	5000	1.0	0.9992322980549431	1.0
balanced_in_expectation	0.33/0.33/0.33	54079	2670	5000	5000	1.0	0.9992322980549431	1.0
balanced_in_expectation	0.33/0.33/0.33	54079	2685	5000	5000	1.0	0.9992322980549431	1.0
balanced_in_expectation	0.33/0.33/0.33	54079	2700	5000	5000	1.0	0.9992322980549431	1.0
balanced_in_expectation	0.33/0.33/0.33	54079	2715	5000	5000	1.0	0.9992322980549431	1.0
balanced_in_expectation	0.33/0.33/0.33	54079	2730	5000	5000	1.0	0.9992322980549431	1.0
balanced_in_expectation	0.33/0.33/0.33	54079	2745	5000	5000	1.0	0.9992322980549431	1.0
balanced_in_expectation	0.33/0.33/0.33	54079	2760	5000	5000	1.0	0.9992322980549431	1.0
balanced_in_expectation	0.33/0.33/0.33	54079	2775	5000	5000	1.0	0.9992322980549431	1.0
balanced_in_expectation	0.33/0.33/0.33	54079	2790	5000	5000	1.0	0.9992322980549431	1.0
balanced_in_expectation	0.33/0.33/0.33	54079	2805	5000	5000	1.0	0.9992322980549431	1.0
balanced_in_expectation	0.33/0.33/0.33	54079	2820	5000	5000	1.0	0.9992322980549431	1.0
balanced_in_expectation	0.33/0.33/0.33	54079	2835	5000	5000	1.0	0.9992322980549431	1.0
balanced_in_expectation	0.33/0.33/0.33	54079	2850	5000	5000	1.0	0.9992322980549431	1.0
balanced_in_expectation	0.33/0.33/0.33	54079	2865	5000	5000	1.0	0.9992322980549431	1.0
balanced_in_expectation	0.33/0.33/0.33	54079	2880	5000	5000	1.0	0.9992322980549431	1.0
balanced_in_expectation	0.33/0.33/0.33	54079	2895	5000	5000	1.0	0.9992322980549431	1.0
balanced_in_expectation	0.33/0.33/0.33	54079	2910	5000	5000	1.0	0.9992322980549431	1.0
balanced_in_expectation	0.33/0.33/0.33	54079	2925	5000	5000	1.0	0.9992322980549431	1.0
balanced_in_expectation	0.33/0.33/0.33	54079	2940	5000	5000	1.0	0.9992322980549431	1.0
balanced_in_expectation	0.33/0.33/0.33	54079	2955	5000	5000	1.0	0.9992322980549431	1.0
balanced_in_expectation	0.33/0.33/0.33	54079	2970	5000	5000	1.0	0.9992322980549431	1.0
balanced_in_expectation	0.33/0.33/0.33	54079	2985	5000	5000	1.0	0.9992322980549431	1.0
balanced_in_expectation	0.33/0.33/0.33	54079	3000	5000	5000	1.0	0.9992322980549431	1.0
balanced_in_expectation	0.33/0.33/0.33	54079	3015	5000	5000	1.0	0.9992322980549431	1.0
balanced_in_expectation	0.33/0.33/0.33	54079	3030	5000	5000	1.0	0.9992322980549431	1.0
balanced_in_expectation	0.33/0.33/0.33	54079	3045	5000	5000	1.0	0.9992322980549431	1.0
balanced_in_expectation	0.33/0.33/0.33	54079	3060	5000	5000	1.0	0.9992322980549431	1.0
balanced_in_expectation	0.33/0.33/0.33	54079	3075	5000	5000	1.0	0.9992322980549431	1.0
balanced_in_expectation	0.33/0.33/0.33	54079	3090	5000	5000	1.0	0.9992322980549431	1.0
balanced_in_expectation	0.33/0.33/0.33	54079	3105	5000	5000	1.0	0.9992322980549431	1.0
balanced_in_expectation	0.33/0.33/0.33	54079	3120	5000	5000	1.0	0.9992322980549431	1.0
balanced_in_expectation	0.33/0.33/0.33	54079	3135	5000	5000	1.0	0.9992322980549431	1.0
balanced_in_expectation	0.33/0.33/0.33	54079	3150	5000	5000	1.0	0.9992322980549431	1.0
balanced_in_expectation	0.33/0.33/0.33	54079	3165	5000	5000	1.0	0.9992322980549431	1.0
balanced_in_expectation	0.33/0.33/0.33	54079	3180	5000	5000	1.0	0.9992322980549431	1.0
balanced_in_expectation	0.33/0.33/0.33	54079	3195	5000	5000	1.0	0.9992322980549431	1.0
balanced_in_expectation	0.33/0.33/0.33	54079	3210	5000	5000	1.0	0.9992322980549431	1.0
balanced_in_expectation	0.33/0.33/0.33	54079	3225	5000	5000	1.0	0.9992322980549431	1.0
balanced_in_expectation	0.33/0.33/0.33	54079	3240	5000	5000	1.0	0.9992322980549431	1.0
balanced_in_expectation	0.33/0.33/0.33	54079	3255	5000	5000	1.0	0.9992322980549431	1.0
balanced_in_expectation	0.33/0.33/0.33	54079	3270	5000	5000	1.0	0.9992322980549431	1.0
balanced_in_expectation	0.33/0.33/0.33	54079	3285	5000	5000	1.0	0.9992322980549431	1.0
balanced_in_expectation	0.33/0.33/0.33	54079	3300	5000	5000	1.0	0.9992322980549431	1.0
balanced_in_expectation	0.33/0.33/0.33	54079	3315	5000	5000	1.0	0.9992322980549431	1.0
balanced_in_expectation	0.33/0.33/0.33	54079	3330	5000	5000	1.0	0.9992322980549431	1.0
balanced_in_expectation	0.33/0.33/0.33	54079	3345	5000	5000	1.0	0.9992322980549431	1.0
balanced_in_expectation	0.33/0.33/0.33	54079	3360	5000	5000	1.0	0.9992322980549431	1.0
balanced_in_expectation	0.33/0.33/0.33	54079	3375	5000	5000	1.0	0.9992322980549431	1.0
balanced_in_expectation	0.33/0.33/0.33	54079	3390	5000	5000	1.0	0.9992322980549431	1.0
balanced_in_expectation	0.33/0.33/0.33	54079	3405	5000	5000	1.0	0.9992322980549431	1.0
balanced_in_expectation	0.33/0.33/0.33	54079	3420	5000	5000	1.0	0.9992322980549431	1.0
balanced_in_expectation	0.33/0.33/0.33	54079	3435	5000	5000	1.0	0.9992322980549431	1.0
balanced_in_expectation	0.33/0.33/0.33	54079	3450	5000	5000	1.0	0.9992322980549431	1.0
balanced_in_expectation	0.33/0.33/0.33	54079	3465	5000	5000	1.0	0.9992322980549431	1.0
balanced_in_expectation	0.33/0.33/0.33	54079	3480	5000	5000	1.0	0.9992322980549431	1.0
balanced_in_expectation	0.33/0.33/0.33	54079	3495	5000	5000	1.0	0.9992322980549431	1.0
balanced_in_expectation	0.33/0.33/0.33	54079	3510	5000	5000	1.0	0.9992322980549431	1.0
balanced_in_expectation	0.33/0.33/0.33	54079	3525	5000	5000	1.0	0.9992322980549431	1.0
balanced_in_expectation	0.33/0.33/0.33	54079	3540	5000	5000	1.0	0.9992322980549431	1.0
balanced_in_expectation	0.33/0.33/0.33	54079	3555	5000	5000	1.0	0.9992322980549431	1.0
balanced_in_expectation	0.33/0.33/0.33	54079	3570	5000	5000	1.0	0.9992322980549431	1.0
balanced_in_expectation	0.33/0.33/0.33	54079	3585	5000	5000	1.0	0.9992322980549431	1.0
balanced_in_expectation	0.33/0.33/0.33	54079	3600	5000	5000	1.0	0.9992322980549431	1.0
balanced_in_expectation	0.33/0.33/0.33	54079	3615	5000	5000	1.0	0.9992322980549431	1.0
balanced_in_expectation	0.33/0.33/0.33	54079	3630	5000	5000	1.0	0.9992322980549431	1.0
balanced_in_expectation	0.33/0.33/0.33	54079	3645	5000	5000	1.0	0.9992322980549431	1.0
balanced_in_expectation	0.33/0.33/0.33	54079	3660	5000	5000	1.0	0.9992322980549431	1.0
balanced_in_expectation	0.33/0.33/0.33	54079	3675	5000	5000	1.0	0.9992322980549431	1.0
balanced_in_expectation	0.33/0.33/0.33	54079	3690	5000	5000	1.0	0.9992322980549431	1.0
balanced_in_expectation	0.33/0.33/0.33	54079	3705	5000	5000	1.0	0.9992322980549431	1.0
balanced_in_expectation	0.33/0.33/0.33	54079	3720	5000	5000	1.0	0.9992322980549431	1.0
balanced_in_expectation	0.33/0.33/0.33	54079	3735	5000	5000	1.0	0.9992322980549431	1.0
balanced_in_expectation	0.33/0.33/0.33	54079	3750	5000	5000	1.0	0.9992322980549431	1.0
balanced_in_expectation	0.33/0.33/0.33	54079	3765	5000	5000	1.0	0.9992322980549431	1.0
balanced_in_expectation	0.33/0.33/0.33	54079	3780	5000	5000	1.0	0.9992322980549431	1.0
balanced_in_expectation	0.33/0.33/0.33	54079	3795	5000	5000	1.0	0.9992322980549431	1.0
balanced_in_expectation	0.33/0.33/0.33	54079	3810	5000	5000	1.0	0.9992322980549431	1.0
balanced_in_expectation	0.33/0.33/0.33	54079	3825	5000	5000	1.0	0.9992322980549431	1.0
balanced_in_expectation	0.33/0.33/0.33	54079	3840	5000	5000	1.0	0.9992322980549431	1.0
balanced_in_expectation	0.33/0.33/0.33	54079	3855	5000	5000	1.0	0.9992322980549431	1.0
balanced_in_expectation	0.33/0.33/0.33	54079	3870	5000	5000	1.0	0.9992322980549431	1.0
balanced_in_expectation	0.33/0.33/0.33	54079	3885	5000	5000	1.0	0.9992322980549431	1.0
balanced_in_expectation	0.33/0.33/0.33	54079	3900	5000	5000	1.0	0.9992322980549431	1.0
balanced_in_expectation	0.33/0.33/0.33	54079	3915	5000	5000	1.0	0.9992322980549431	1.0
balanced_in_expectation	0.33/0.33/0.33	54079	3930	5000	5000	1.0	0.9992322980549431	1.0
balanced_in_expectation	0.33/0.33/0.33	54079	3945	5000	5000	1.0	0.9992322980549431	1.0
balanced_in_expectation	0.33/0.33/0.33	54079	3960	5000	5000	1.0	0.9992322980549431	1.0
balanced_in_expectation	0.33/0.33/0.33	54079	3975	5000	5000	1.0	0.9992322980549431	1.0
balanced_in_expectation	0.33/0.33/0.33	54079	3990	5000	5000	1.0	0.9992322980549431	1.0
balanced_in_expectation	0.33/0.33/0.33	54079	4005	5000	5000	1.0	0.9992322980549431	1.0
balanced_in_expectation	0.33/0.33/0.33	54079	4020	5000	5000	1.0	0.9992322980549431	1.0
balanced_in_expectation	0.33/0.33/0.33	54079	4035	5000	5000	1.0	0.9992322980549431	1.0
balanced_in_expectation	0.33/0.33/0.33	54079	4050	5000	5000	1.0	0.9992322980549431	1.0
balanced_in_expectation	0.33/0.33/0.33	54079	4065	5000	5000	1.0	0.9992322980549431	1.0
balanced_in_expectation	0.33/0.33/0.33	54079	4080	5000	5000	1.0	0.9992322980549431	1.0
balanced_in_expectation	0.33/0.33/0.33	54079	4095	5000	5000	1.0	0.9992322980549431	1.0
balanced_in_expectation	0.33/0.33/0.33	54079	4110	5000	5000	1.0	0.9992322980549431	1.0
balanced_in_expectation	0.33/0.33/0.33	54079	4125	5000	5000	1.0	0.9992322980549431	1.0
balanced_in_expectation	0.33/0.33/0.33	54079	4140	5000	5000	1.0	0.9992322980549431	1.0
balanced_in_expectation	0.33/0.33/0.33	54079	4155	5000	5000	1.0	0.9992322980549431	1.0
balanced_in_expectation	0.33/0.33/0.33	54079	4170	5000	5000	1.0	0.9992322980549431	1.0
balanced_in_expectation	0.33/0.33/0.33	54079	4185	5000	5000	1.0	0.9992322980549431	1.0
balanced_in_expectation	0.33/0.33/0.33	54079	4200	5000	5000	1.0	0.9992322980549431	1.0
balanced_in_expectation	0.33/0.33/0.33	54079	4215	5000	5000	1.0	0.9992322980549431	1.0
balanced_in_expectation	0.33/0.33/0.33	54079	4230	5000	5000	1.0	0.9992322980549431	1.0
balanced_in_expectation	0.33/0.33/0.33	54079	4245	5000	5000	1.0	0.9992322980549431	1.0
balanced_in_expectation	0.33/0.33/0.33	54079	4260	5000	5000	1.0	0.9992322980549431	1.0
balanced_in_expectation	0.33/0.33/0.33	54079	4275	5000	5000	1.0	0.9992322980549431	1.0
balanced_in_expectation	0.33/0.33/0.33	54079	4290	5000	5000	1.0	0.9992322980549431	1.0
balanced_in_expectation	0.33/0.33/0.33	54079	4305	5000	5000	1.0	0.9992322980549431	1.0
balanced_in_expectation	0.33/0.33/0.33	54079	4320	5000	5000	1.0	0.9992322980549431	1.0
balanced_in_expectation	0.33/0.33/0.33	54079	4335	5000	5000	1.0	0.9992322980549431	1.0
balanced_in_expectation	0.33/0.33/0.33	54079	4350	5000	5000	1.0	0.9992322980549431	1.0
balanced_in_expectation	0.33/0.33/0.33	54079	4365	5000	5000	1.0	0.9992322980549431	1.0
balanced_in_expectation	0.33/0.33/0.33	54079	4380	5000	5000	1.0	0.9992322980549431	1.0
balanced_in_expectation	0.33/0.33/0.33	54079	4395	5000	5000	1.0	0.9992322980549431	1.0
balanced_in_expectation	0.33/0.33/0.33	54079	4410	5000	5000	1.0	0.9992322980549431	1.0
balanced_in_expectation	0.33/0.33/0.33	54079	4425	5000	5000	1.0	0.9992322980549431	1.0
balanced_in_expectation	0.33/0.33/0.33	54079	4440	5000	5000	1.0	0.9992322980549431	1.0
balanced_in_expectation	0.33/0.33/0.33	54079	4455	5000	5000	1.0	0.9992322980549431	1.0
balanced_in_expectation	0.33/0.33/0.33	54079	4470	5000	5000	1.0	0.9992322980549431	1.0
balanced_in_expectation	0.33/0.33/0.33	54079	4485	5000	5000	1.0	0.9992322980549431	1.0
balanced_in_expectation	0.33/0.33/0.33	54079	4500	5000	5000	1.0	0.9992322980549431	1.0
balanced_in_expectation	0.33/0.33/0.33	54079	4515	5000	5000	1.0	0.9992322980549431	1.0
balanced_in_expectation	0.33/0.33/0.33	54079	4530	5000	5000	1.0	0.9992322980549431	1.0
balanced_in_expectation	0.33/0.33/0.33	54079	4545	5000	5000	1.0	0.9992322980549431	1.0
balanced_in_expectation	0.33/0.33/0.33	54079	4560	5000	5000	1.0	0.9992322980549431	1.0
balanced_in_expectation	0.33/0.33/0.33	54079	4575	5000	5000	1.0	0.9992322980549431	1.0
balanced_in_expectation	0.33/0.33/0.33	54079	4590	5000	5000	1.0	0.9992322980549431	1.0
balanced_in_expectation	0.33/0.33/0.33	54079	4605	5000	5000	1.0	0.9992322980549431	1.0
balanced_in_expectation	0.33/0.33/0.33	54079	4620	5000	5000	1.0	0.9992322980549431	1.0
balanced_in_expectation	0.33/0.33/0.33	54079	4635	5000	5000	1.0	0.9992322980549431	1.0
balanced_in_expectation	0.33/0.33/0.33	54079	4650	5000	5000	1.0	0.9992322980549431	1.0
balanced_in_expectation	0.33/0.33/0.33	54079	4665	5000	5000	1.0	0.9992322980549431	1.0
balanced_in_expectation	0.33/0.33/0.33	54079	4680	5000	5000	1.0	0.9992322980549431	1.0
balanced_in_expectation	0.33/0.33/0.33	54079	4695	5000	5000	1.0	0.9992322980549431	1.0
balanced_in_expectation	0.33/0.33/0.33	54079	4710	5000	5000	1.0	0.9992322980549431	1.0
balanced_in_expectation	0.33/0.33/0.33	54079	4725	5000	5000	1.0	0.9992322980549431	1.0
balanced_in_expectation	0.33/0.33/0.33	54079	4740	5000	5000	1.0	0.9992322980549431	1.0
balanced_in_expectation	0.33/0.33/0.33	54079	4755	5000	5000	1.0	0.9992322980549431	1.0
balanced_in_expectation	0.33/0.33/0.33	54079	4770	5000	5000	1.0	0.9992322980549431	1.0
balanced_in_expectation	0.33/0.33/0.33	54079	4785	5000	5000	1.0	0.9992322980549431	1.0
balanced_in_expectation	0.33/0.33/0.33	54079	4800	5000	5000	1.0	0.9992322980549431	1.0
balanced_in_expectation	0.33/0.33/0.33	54079	4815	5000	5000	1.0	0.9992322980549431	1.0
balanced_in_expectation	0.33/0.33/0.33	54079	4830	5000	5000	1.0	0.9992322980549431	1.0
balanced_in_expectation	0.33/0.33/0.33	54079	4845	5000	5000	1.0	0.9992322980549431	1.0
balanced_in_expectation	0.33/0.33/0.33	54079	4860	5000	5000	1.0	0.9992322980549431	1.0
balanced_in_expectation	0.33/0.33/0.33	54079	4875	5000	5000	1.0	0.9992322980549431	1.0
balanced_in_expectation	0.33/0.33/0.33	54079	4890	5000	5000	1.0	0.9992322980549431	1.0
balanced_in_expectation	0.33/0.33/0.33	54079	4905	5000	5000	1.0	0.9992322980549431	1.0
balanced_in_expectation	0.33/0.33/0.33	54079	4920	5000	5000	1.0	0.9992322980549431	1.0
balanced_in_expectation	0.33/0.33/0.33	54079	4935	5000	5000	1.0	0.9992322980549431	1.0
balanced_in_expectation	0.33/0.33/0.33	54079	4950	5000	5000	1.0	0.9992322980549431	1.0
balanced_in_expectation	0.33/0.33/0.33	54079	4965	5000	5000	1.0	0.9992322980549431	1.0
balanced_in_expectation	0.33/0.33/0.33	54079	4980	5000	5000	1.0	0.9992322980549431	1.0
balanced_in_expectation	0.33/0.33/0.33	54079	4995	5000	5000	1.0	0.9992322980549431	1.0
balanced_in_expectation	0.33/0.33/0.33	54079	5010	5000	5000	1.0	0.9992322980549431	1.0
balanced_in_expectation	0.33/0.33/0.33	54079	5025	5000	5000	1.0	0.9992322980549431	1.0
balanced_in_expectation	0.33/0.33/0.33	54079	5040	5000	5000	1.0	0.9992322980549431	1.0
balanced_in_expectation	0.33/0.33/0.33	54079	5055	5000	5000	1.0	0.9992322980549431	1.0
balanced_in_expectation	0.33/0.33/0.33	54079	5070	5000	5000	1.0	0.9992322980549431	1.0
balanced_in_expectation	0.33/0.33/0.33	54079	5085	5000	5000	1.0	0.9992322980549431	1.0
balanced_in_expectation	0.33/0.33/0.33	54079	5100	5000	5000	1.0	0.9992322980549431	1.0
balanced_in_expectation	0.33/0.33/0.33	54079	5115	5000	5000	1.0	0.9992322980549431	1.0
balanced_in_expectation	0.33/0.33/0.33	54079	5130	5000	5000	1.0	0.9992322980549431	1.0
balanced_in_expectation	0.33/0.33/0.33	54079	5145	5000	5000	1.0	0.9992322980549431	1.0
balanced_in_expectation	0.33/0.33/0.33	54079	5160	5000	5000	1.0	0.9992322980549431	1.0
balanced_in_expectation	0.33/0.33/0.33	54079	5175	5000	5000	1.0	0.9992322980549431	1.0
balanced_in_expectation	0.33/0.33/0.33	54079	5190	5000	5000	1.0	0.9992322980549431	1.0
balanced_in_expectation	0.33/0.33/0.33	54079	5205	5000	5000	1.0	0.9992322980549431	1.0
balanced_in_expectation	0.33/0.33/0.33	54079	5220	5000	5000	1.0	0.9992322980549431	1.0
balanced_in_expectation	0.33/0.33/0.33	54079	5235	5000	5000	1.0	0.9992322980549431	1.0
balanced_in_expectation	0.33/0.33/0.33	54079	5250	5000	5000	1.0	0.9992322980549431	1.0
balanced_in_expectation	0.33/0.33/0.33	54079	5265	5000	5000	1.0	0.9992322980549431	1.0
balanced_in_expectation	0.33/0.33/0.33	54079	5280	5000	5000	1.0	0.9992322980549431	1.0
balanced_in_expectation	0.33/0.33/0.33	54079	5295	5000	5000	1.0	0.9992322980549431	1.0
balanced_in_expectation	0.33/0.33/0.33	54079	5310	5000	5000	1.0	0.9992322980549431	1.0
balanced_in_expectation	0.33/0.33/0.33	54079	5325	5000	5000	1.0	0.9992322980549431	1.0
balanced_in_expectation	0.33/0.33/0.33	54079	5340	5000	5000	1.0	0.9992322980549431	1.0
balanced_in_expectation	0.33/0.33/0.33	54079	5355	5000	5000	1.0	0.9992322980549431	1.0
balanced_in_expectation	0.33/0.33/0.33	54079	5370	5000	5000	1.0	0.9992322980549431	1.0
balanced_in_expectation	0.33/0.33/0.33	54079	5385	5000	5000	1.0	0.9992322980549431	1.0
balanced_in_expectation	0.33/0.33/0.33	54079	5400	5000	5000	1.0	0.9992322980549431	1.0
balanced_in_expectation	0.33/0.33/0.33	54079	5415	5000	5000	1.0	0.9992322980549431	1.0
balanced_in_expectation	0.33/0.33/0.33	54079	5430	5000	5000	1.0	0.9992322980549431	1.0
balanced_in_expectation	0.33/0.33/0.33	54079	5445	5000	5000	1.0	0.9992322980549431	1.0
balanced_in_expectation	0.33/0.33/0.33	54079	5460	5000	5000	1.0	0.9992322980549431	1.0
balanced_in_expectation	0.33/0.33/0.33	54079	5475	5000	5000	1.0	0.9992322980549431	1.0
balanced_in_expectation	0.33/0.33/0.33	54079	5490	5000	5000	1.0	0.9992322980549431	1.0
balanced_in_expectation	0.33/0.33/0.33	54079	5505	5000	5000	1.0	0.9992322980549431	1.0
balanced_in_expectation	0.33/0.33/0.33	54079	5520	5000	5000	1.0	0.9992322980549431	1.0
balanced_in_expectation	0.33/0.33/0.33	54079	5535	5000	5000	1.0	0.9992322980549431	1.0
balanced_in_expectation	0.33/0.33/0.33	54079	5550	5000	5000	1.0	0.9992322980549431	1.0
balanced_in_expectation	0.33/0.33/0.33	54079	5565	5000	5000	1.0	0.9992322980549431	1.0
balanced_in_expectation	0.33/0.33/0.33	54079	5580	5000	5000	1.0	0.9992322980549431	1.0
balanced_in_expectation	0.33/0.33/0.33	54079	5595	5000	5000	1.0	0.9992322980549431	1.0
balanced_in_expectation	0.33/0.33/0.33	54079	5610	5000	5000	1.0	0.9992322980549431	1.0
balanced_in_expectation	0.33/0.33/0.33	54079	5625	5000	5000	1.0	0.9992322980549431	1.0
balanced_in_expectation	0.33/0.33/0.33	54079	5640	5000	5000	1.0	0.9992322980549431	1.0
balanced_in_expectation	0.33/0.33/0.33	54079	5655	5000	5000	1.0	0.9992322980549431	1.0
balanced_in_expectation	0.33/0.33/0.33	54079	5670	5000	5000	1.0	0.9992322980549431	1.0
balanced_in_expectation	0.33/0.33/0.33	54079	5685	5000	5000	1.0	0.9992322980549431	1.0
balanced_in_expectation	0.33/0.33/0.33	54079	5700	5000	5000	1.0	0.9992322980549431	1.0
balanced_in_expectation	0.33/0.33/0.33	54079	5715	5000	5000	1.0	0.9992322980549431	1.0
balanced_in_expectation	0.33/0.33/0.33	54079	5730	5000	5000	1.0	0.9992322980549431	1.0
balanced_in_expectation	0.33/0.33/0.33	54079	5745	5000	5000	1.0	0.9992322980549431	1.0
balanced_in_expectation	0.33/0.33/0.33	54079	5760	5000	5000	1.0	0.9992322980549431	1.0
balanced_in_expectation	0.33/0.33/0.33	54079	5775	5000	5000	1.0	0.9992322980549431	1.0
balanced_in_expectation	0.33/0.33/0.33	54079	5790	5000	5000	1.0	0.9992322980549431	1.0
balanced_in_expectation	0.33/0.33/0.33	54079	5805	5000	5000	1.0	0.9992322980549431	1.0
balanced_in_expectation	0.33/0.33/0.33	54079	5820	5000	5000	1.0	0.9992322980549431	1.0
balanced_in_expectation	0.33/0.33/0.33	54079	5835	5000	5000	1.0	0.9992322980549431	1.0
balanced_in_expectation	0.33/0.33/0.33	54079	5850	5000	5000	1.0	0.9992322980549431	1.0
balanced_in_expectation	0.33/0.33/0.33	54079	5865	5000	5000	1.0	0.9992322980549431	1.0
balanced_in_expectation	0.33/0.33/0.33	54079	5880	5000	5000	1.0	0.9992322980549431	1.0
balanced_in_expectation	0.33/0.33/0.33	54079	5895	5000	5000	1.0	0.9992322980549431	1.0
balanced_in_expectation	0.33/0.33/0.33	54079	5910	5000	5000	1.0	0.9992322980549431	1.0
balanced_in_expectation	0.33/0.33/0.33	54079	5925	5000	5000	1.0	0.9992322980549431	1.0
balanced_in_expectation	0.33/0.33/0.33	54079	5940	5000	5000	1.0	0.9992322980549431	1.0
balanced_in_expectation	0.33/0.33/0.33	54079	5955	5000	5000	1.0	0.9992322980549431	1.0
balanced_in_expectation	0.33/0.33/0.33	54079	5970	5000	5000	1.0	0.9992322980549431	1.0
balanced_in_expectation	0.33/0.33/0.33	54079	5985	5000	5000	1.0	0.9992322980549431	1.0
balanced_in_expectation	0.33/0.33/0.33	54079	6000	5000	5000	1.0	0.9992322980549431	1.0
balanced_in_expectation	0.33/0.33/0.33	54083	450	5000	0	0.0	0.0	0.0007677019450571244
balanced_in_expectation	0.33/0.33/0.33	54083	465	5000	0	0.0	0.0	0.0007677019450571244
balanced_in_expectation	0.33/0.33/0.33	54083	480	5000	0	0.0	0.0	0.0007677019450571244
balanced_in_expectation	0.33/0.33/0.33	54083	495	5000	0	0.0	0.0	0.0007677019450571244
balanced_in_expectation	0.33/0.33/0.33	54083	510	5000	0	0.0	0.0	0.0007677019450571244
balanced_in_expectation	0.33/0.33/0.33	54083	525	5000	0	0.0	0.0	0.0007677019450571244
balanced_in_expectation	0.33/0.33/0.33	54083	540	5000	2	0.0004	0.00010970128207763504	0.0014573865014234437
balanced_in_expectation	0.33/0.33/0.33	54083	555	5000	35	0.007	0.005037635094103144	0.009719319023723182
balanced_in_expectation	0.33/0.33/0.33	54083	570	5000	208	0.0416	0.03640829747606612	0.04749553166716225
balanced_in_expectation	0.33/0.33/0.33	54083	585	5000	605	0.121	0.11225012564994705	0.13033179242440626
balanced_in_expectation	0.33/0.33/0.33	54083	600	5000	1274	0.2548	0.2429132934774688	0.2670631875563874
balanced_in_expectation	0.33/0.33/0.33	54083	615	5000	2054	0.4108	0.39723683026378986	0.42450012776320845
balanced_in_expectation	0.33/0.33/0.33	54083	630	5000	2882	0.5764	0.5626501868891749	0.5900325082536204
balanced_in_expectation	0.33/0.33/0.33	54083	645	5000	3552	0.7104	0.6976699901649116	0.7228069608566084
balanced_in_expectation	0.33/0.33/0.33	54083	660	5000	4057	0.8114	0.8003194151112463	0.8220024601173723
balanced_in_expectation	0.33/0.33/0.33	54083	675	5000	4402	0.8804	0.871112350307555	0.8891035820526455
balanced_in_expectation	0.33/0.33/0.33	54083	690	5000	4688	0.9376	0.9305537470628006	0.9439743601948855
balanced_in_expectation	0.33/0.33/0.33	54083	705	5000	4819	0.9638	0.9582563043540389	0.9686315753217263
balanced_in_expectation	0.33/0.33/0.33	54083	720	5000	4901	0.9802	0.9759537946503457	0.9837089044016215
balanced_in_expectation	0.33/0.33/0.33	54083	735	5000	4957	0.9914	0.9884366781599928	0.993608824368405
balanced_in_expectation	0.33/0.33/0.33	54083	750	5000	4977	0.9954	0.9931066129381813	0.9969327479746563
balanced_in_expectation	0.33/0.33/0.33	54083	765	5000	4993	0.9986	0.9971127802223416	0.9993216673980476
balanced_in_expectation	0.33/0.33/0.33	54083	780	5000	4997	0.9994	0.9982372939514713	0.9997959253458056
balanced_in_expectation	0.33/0.33/0.33	54083	795	5000	4998	0.9996	0.9985426134985768	0.9998902987179225
balanced_in_expectation	0.33/0.33/0.33	54083	810	5000	5000	1.0	0.9992322980549431	1.0
balanced_in_expectation	0.33/0.33/0.33	54083	825	5000	5000	1.0	0.9992322980549431	1.0
balanced_in_expectation	0.33/0.33/0.33	54083	840	5000	5000	1.0	0.9992322980549431	1.0
balanced_in_expectation	0.33/0.33/0.33	54083	855	5000	5000	1.0	0.9992322980549431	1.0
balanced_in_expectation	0.33/0.33/0.33	54083	870	5000	5000	1.0	0.9992322980549431	1.0
balanced_in_expectation	0.33/0.33/0.33	54083	885	5000	5000	1.0	0.9992322980549431	1.0
balanced_in_expectation	0.33/0.33/0.33	54083	900	5000	5000	1.0	0.9992322980549431	1.0
balanced_in_expectation	0.33/0.33/0.33	54083	915	5000	5000	1.0	0.9992322980549431	1.0
balanced_in_expectation	0.33/0.33/0.33	54083	930	5000	5000	1.0	0.9992322980549431	1.0
balanced_in_expectation	0.33/0.33/0.33	54083	945	5000	5000	1.0	0.9992322980549431	1.0
balanced_in_expectation	0.33/0.33/0.33	54083	960	5000	5000	1.0	0.9992322980549431	1.0
balanced_in_expectation	0.33/0.33/0.33	54083	975	5000	5000	1.0	0.9992322980549431	1.0
balanced_in_expectation	0.33/0.33/0.33	54083	990	5000	5000	1.0	0.9992322980549431	1.0
balanced_in_expectation	0.33/0.33/0.33	54083	1005	5000	5000	1.0	0.9992322980549431	1.0
balanced_in_expectation	0.33/0.33/0.33	54083	1020	5000	5000	1.0	0.9992322980549431	1.0
balanced_in_expectation	0.33/0.33/0.33	54083	1035	5000	5000	1.0	0.9992322980549431	1.0
balanced_in_expectation	0.33/0.33/0.33	54083	1050	5000	5000	1.0	0.9992322980549431	1.0
balanced_in_expectation	0.33/0.33/0.33	54083	1065	5000	5000	1.0	0.9992322980549431	1.0
balanced_in_expectation	0.33/0.33/0.33	54083	1080	5000	5000	1.0	0.9992322980549431	1.0
balanced_in_expectation	0.33/0.33/0.33	54083	1095	5000	5000	1.0	0.9992322980549431	1.0
balanced_in_expectation	0.33/0.33/0.33	54083	1110	5000	5000	1.0	0.9992322980549431	1.0
balanced_in_expectation	0.33/0.33/0.33	54083	1125	5000	5000	1.0	0.9992322980549431	1.0
balanced_in_expectation	0.33/0.33/0.33	54083	1140	5000	5000	1.0	0.9992322980549431	1.0
balanced_in_expectation	0.33/0.33/0.33	54083	1155	5000	5000	1.0	0.9992322980549431	1.0
balanced_in_expectation	0.33/0.33/0.33	54083	1170	5000	5000	1.0	0.9992322980549431	1.0
balanced_in_expectation	0.33/0.33/0.33	54083	1185	5000	5000	1.0	0.9992322980549431	1.0
balanced_in_expectation	0.33/0.33/0.33	54083	1200	5000	5000	1.0	0.9992322980549431	1.0
balanced_in_expectation	0.33/0.33/0.33	54083	1215	5000	5000	1.0	0.9992322980549431	1.0
balanced_in_expectation	0.33/0.33/0.33	54083	1230	5000	5000	1.0	0.9992322980549431	1.0
balanced_in_expectation	0.33/0.33/0.33	54083	1245	5000	5000	1.0	0.9992322980549431	1.0
balanced_in_expectation	0.33/0.33/0.33	54083	1260	5000	5000	1.0	0.9992322980549431	1.0
balanced_in_expectation	0.33/0.33/0.33	54083	1275	5000	5000	1.0	0.9992322980549431	1.0
balanced_in_expectation	0.33/0.33/0.33	54083	1290	5000	5000	1.0	0.9992322980549431	1.0
balanced_in_expectation	0.33/0.33/0.33	54083	1305	5000	5000	1.0	0.9992322980549431	1.0
balanced_in_expectation	0.33/0.33/0.33	54083	1320	5000	5000	1.0	0.9992322980549431	1.0
balanced_in_expectation	0.33/0.33/0.33	54083	1335	5000	5000	1.0	0.9992322980549431	1.0
balanced_in_expectation	0.33/0.33/0.33	54083	1350	5000	5000	1.0	0.9992322980549431	1.0
balanced_in_expectation	0.33/0.33/0.33	54083	1365	5000	5000	1.0	0.9992322980549431	1.0
balanced_in_expectation	0.33/0.33/0.33	54083	1380	5000	5000	1.0	0.9992322980549431	1.0
balanced_in_expectation	0.33/0.33/0.33	54083	1395	5000	5000	1.0	0.9992322980549431	1.0
balanced_in_expectation	0.33/0.33/0.33	54083	1410	5000	5000	1.0	0.9992322980549431	1.0
balanced_in_expectation	0.33/0.33/0.33	54083	1425	5000	5000	1.0	0.9992322980549431	1.0
balanced_in_expectation	0.33/0.33/0.33	54083	1440	5000	5000	1.0	0.9992322980549431	1.0
balanced_in_expectation	0.33/0.33/0.33	54083	1455	5000	5000	1.0	0.9992322980549431	1.0
balanced_in_expectation	0.33/0.33/0.33	54083	1470	5000	5000	1.0	0.9992322980549431	1.0
balanced_in_expectation	0.33/0.33/0.33	54083	1485	5000	5000	1.0	0.9992322980549431	1.0
balanced_in_expectation	0.33/0.33/0.33	54083	1500	5000	5000	1.0	0.9992322980549431	1.0
balanced_in_expectation	0.33/0.33/0.33	54083	1515	5000	5000	1.0	0.9992322980549431	1.0
balanced_in_expectation	0.33/0.33/0.33	54083	1530	5000	5000	1.0	0.9992322980549431	1.0
balanced_in_expectation	0.33/0.33/0.33	54083	1545	5000	5000	1.0	0.9992322980549431	1.0
balanced_in_expectation	0.33/0.33/0.33	54083	1560	5000	5000	1.0	0.9992322980549431	1.0
balanced_in_expectation	0.33/0.33/0.33	54083	1575	5000	5000	1.0	0.9992322980549431	1.0
balanced_in_expectation	0.33/0.33/0.33	54083	1590	5000	5000	1.0	0.9992322980549431	1.0
balanced_in_expectation	0.33/0.33/0.33	54083	1605	5000	5000	1.0	0.9992322980549431	1.0
balanced_in_expectation	0.33/0.33/0.33	54083	1620	5000	5000	1.0	0.9992322980549431	1.0
balanced_in_expectation	0.33/0.33/0.33	54083	1635	5000	5000	1.0	0.9992322980549431	1.0
balanced_in_expectation	0.33/0.33/0.33	54083	1650	5000	5000	1.0	0.9992322980549431	1.0
balanced_in_expectation	0.33/0.33/0.33	54083	1665	5000	5000	1.0	0.9992322980549431	1.0
balanced_in_expectation	0.33/0.33/0.33	54083	1680	5000	5000	1.0	0.9992322980549431	1.0
balanced_in_expectation	0.33/0.33/0.33	54083	1695	5000	5000	1.0	0.9992322980549431	1.0
balanced_in_expectation	0.33/0.33/0.33	54083	1710	5000	5000	1.0	0.9992322980549431	1.0
balanced_in_expectation	0.33/0.33/0.33	54083	1725	5000	5000	1.0	0.9992322980549431	1.0
balanced_in_expectation	0.33/0.33/0.33	54083	1740	5000	5000	1.0	0.9992322980549431	1.0
balanced_in_expectation	0.33/0.33/0.33	54083	1755	5000	5000	1.0	0.9992322980549431	1.0
balanced_in_expectation	0.33/0.33/0.33	54083	1770	5000	5000	1.0	0.9992322980549431	1.0
balanced_in_expectation	0.33/0.33/0.33	54083	1785	5000	5000	1.0	0.9992322980549431	1.0
balanced_in_expectation	0.33/0.33/0.33	54083	1800	5000	5000	1.0	0.9992322980549431	1.0
balanced_in_expectation	0.33/0.33/0.33	54083	1815	5000	5000	1.0	0.9992322980549431	1.0
balanced_in_expectation	0.33/0.33/0.33	54083	1830	5000	5000	1.0	0.9992322980549431	1.0
balanced_in_expectation	0.33/0.33/0.33	54083	1845	5000	5000	1.0	0.9992322980549431	1.0
balanced_in_expectation	0.33/0.33/0.33	54083	1860	5000	5000	1.0	0.9992322980549431	1.0
balanced_in_expectation	0.33/0.33/0.33	54083	1875	5000	5000	1.0	0.9992322980549431	1.0
balanced_in_expectation	0.33/0.33/0.33	54083	1890	5000	5000	1.0	0.9992322980549431	1.0
balanced_in_expectation	0.33/0.33/0.33	54083	1905	5000	5000	1.0	0.9992322980549431	1.0
balanced_in_expectation	0.33/0.33/0.33	54083	1920	5000	5000	1.0	0.9992322980549431	1.0
balanced_in_expectation	0.33/0.33/0.33	54083	1935	5000	5000	1.0	0.9992322980549431	1.0
balanced_in_expectation	0.33/0.33/0.33	54083	1950	5000	5000	1.0	0.9992322980549431	1.0
balanced_in_expectation	0.33/0.33/0.33	54083	1965	5000	5000	1.0	0.9992322980549431	1.0
balanced_in_expectation	0.33/0.33/0.33	54083	1980	5000	5000	1.0	0.9992322980549431	1.0
balanced_in_expectation	0.33/0.33/0.33	54083	1995	5000	5000	1.0	0.9992322980549431	1.0
balanced_in_expectation	0.33/0.33/0.33	54083	2010	5000	5000	1.0	0.9992322980549431	1.0
balanced_in_expectation	0.33/0.33/0.33	54083	2025	5000	5000	1.0	0.9992322980549431	1.0
balanced_in_expectation	0.33/0.33/0.33	54083	2040	5000	5000	1.0	0.9992322980549431	1.0
balanced_in_expectation	0.33/0.33/0.33	54083	2055	5000	5000	1.0	0.9992322980549431	1.0
balanced_in_expectation	0.33/0.33/0.33	54083	2070	5000	5000	1.0	0.9992322980549431	1.0
balanced_in_expectation	0.33/0.33/0.33	54083	2085	5000	5000	1.0	0.9992322980549431	1.0
balanced_in_expectation	0.33/0.33/0.33	54083	2100	5000	5000	1.0	0.9992322980549431	1.0
balanced_in_expectation	0.33/0.33/0.33	54083	2115	5000	5000	1.0	0.9992322980549431	1.0
balanced_in_expectation	0.33/0.33/0.33	54083	2130	5000	5000	1.0	0.9992322980549431	1.0
balanced_in_expectation	0.33/0.33/0.33	54083	2145	5000	5000	1.0	0.9992322980549431	1.0
balanced_in_expectation	0.33/0.33/0.33	54083	2160	5000	5000	1.0	0.9992322980549431	1.0
balanced_in_expectation	0.33/0.33/0.33	54083	2175	5000	5000	1.0	0.9992322980549431	1.0
balanced_in_expectation	0.33/0.33/0.33	54083	2190	5000	5000	1.0	0.9992322980549431	1.0
balanced_in_expectation	0.33/0.33/0.33	54083	2205	5000	5000	1.0	0.9992322980549431	1.0
balanced_in_expectation	0.33/0.33/0.33	54083	2220	5000	5000	1.0	0.9992322980549431	1.0
balanced_in_expectation	0.33/0.33/0.33	54083	2235	5000	5000	1.0	0.9992322980549431	1.0
balanced_in_expectation	0.33/0.33/0.33	54083	2250	5000	5000	1.0	0.9992322980549431	1.0
balanced_in_expectation	0.33/0.33/0.33	54083	2265	5000	5000	1.0	0.9992322980549431	1.0
balanced_in_expectation	0.33/0.33/0.33	54083	2280	5000	5000	1.0	0.9992322980549431	1.0
balanced_in_expectation	0.33/0.33/0.33	54083	2295	5000	5000	1.0	0.9992322980549431	1.0
balanced_in_expectation	0.33/0.33/0.33	54083	2310	5000	5000	1.0	0.9992322980549431	1.0
balanced_in_expectation	0.33/0.33/0.33	54083	2325	5000	5000	1.0	0.9992322980549431	1.0
balanced_in_expectation	0.33/0.33/0.33	54083	2340	5000	5000	1.0	0.9992322980549431	1.0
balanced_in_expectation	0.33/0.33/0.33	54083	2355	5000	5000	1.0	0.9992322980549431	1.0
balanced_in_expectation	0.33/0.33/0.33	54083	2370	5000	5000	1.0	0.9992322980549431	1.0
balanced_in_expectation	0.33/0.33/0.33	54083	2385	5000	5000	1.0	0.9992322980549431	1.0
balanced_in_expectation	0.33/0.33/0.33	54083	2400	5000	5000	1.0	0.9992322980549431	1.0
balanced_in_expectation	0.33/0.33/0.33	54083	2415	5000	5000	1.0	0.9992322980549431	1.0
balanced_in_expectation	0.33/0.33/0.33	54083	2430	5000	5000	1.0	0.9992322980549431	1.0
balanced_in_expectation	0.33/0.33/0.33	54083	2445	5000	5000	1.0	0.9992322980549431	1.0
balanced_in_expectation	0.33/0.33/0.33	54083	2460	5000	5000	1.0	0.9992322980549431	1.0
balanced_in_expectation	0.33/0.33/0.33	54083	2475	5000	5000	1.0	0.9992322980549431	1.0
balanced_in_expectation	0.33/0.33/0.33	54083	2490	5000	5000	1.0	0.9992322980549431	1.0
balanced_in_expectation	0.33/0.33/0.33	54083	2505	5000	5000	1.0	0.9992322980549431	1.0
balanced_in_expectation	0.33/0.33/0.33	54083	2520	5000	5000	1.0	0.9992322980549431	1.0
balanced_in_expectation	0.33/0.33/0.33	54083	2535	5000	5000	1.0	0.9992322980549431	1.0
balanced_in_expectation	0.33/0.33/0.33	54083	2550	5000	5000	1.0	0.9992322980549431	1.0
balanced_in_expectation	0.33/0.33/0.33	54083	2565	5000	5000	1.0	0.9992322980549431	1.0
balanced_in_expectation	0.33/0.33/0.33	54083	2580	5000	5000	1.0	0.9992322980549431	1.0
balanced_in_expectation	0.33/0.33/0.33	54083	2595	5000	5000	1.0	0.9992322980549431	1.0
balanced_in_expectation	0.33/0.33/0.33	54083	2610	5000	5000	1.0	0.9992322980549431	1.0
balanced_in_expectation	0.33/0.33/0.33	54083	2625	5000	5000	1.0	0.9992322980549431	1.0
balanced_in_expectation	0.33/0.33/0.33	54083	2640	5000	5000	1.0	0.9992322980549431	1.0
balanced_in_expectation	0.33/0.33/0.33	54083	2655	5000	5000	1.0	0.9992322980549431	1.0
balanced_in_expectation	0.33/0.33/0.33	54083	2670	5000	5000	1.0	0.9992322980549431	1.0
balanced_in_expectation	0.33/0.33/0.33	54083	2685	5000	5000	1.0	0.9992322980549431	1.0
balanced_in_expectation	0.33/0.33/0.33	54083	2700	5000	5000	1.0	0.9992322980549431	1.0
balanced_in_expectation	0.33/0.33/0.33	54083	2715	5000	5000	1.0	0.9992322980549431	1.0
balanced_in_expectation	0.33/0.33/0.33	54083	2730	5000	5000	1.0	0.9992322980549431	1.0
balanced_in_expectation	0.33/0.33/0.33	54083	2745	5000	5000	1.0	0.9992322980549431	1.0
balanced_in_expectation	0.33/0.33/0.33	54083	2760	5000	5000	1.0	0.9992322980549431	1.0
balanced_in_expectation	0.33/0.33/0.33	54083	2775	5000	5000	1.0	0.9992322980549431	1.0
balanced_in_expectation	0.33/0.33/0.33	54083	2790	5000	5000	1.0	0.9992322980549431	1.0
balanced_in_expectation	0.33/0.33/0.33	54083	2805	5000	5000	1.0	0.9992322980549431	1.0
balanced_in_expectation	0.33/0.33/0.33	54083	2820	5000	5000	1.0	0.9992322980549431	1.0
balanced_in_expectation	0.33/0.33/0.33	54083	2835	5000	5000	1.0	0.9992322980549431	1.0
balanced_in_expectation	0.33/0.33/0.33	54083	2850	5000	5000	1.0	0.9992322980549431	1.0
balanced_in_expectation	0.33/0.33/0.33	54083	2865	5000	5000	1.0	0.9992322980549431	1.0
balanced_in_expectation	0.33/0.33/0.33	54083	2880	5000	5000	1.0	0.9992322980549431	1.0
balanced_in_expectation	0.33/0.33/0.33	54083	2895	5000	5000	1.0	0.9992322980549431	1.0
balanced_in_expectation	0.33/0.33/0.33	54083	2910	5000	5000	1.0	0.9992322980549431	1.0
balanced_in_expectation	0.33/0.33/0.33	54083	2925	5000	5000	1.0	0.9992322980549431	1.0
balanced_in_expectation	0.33/0.33/0.33	54083	2940	5000	5000	1.0	0.9992322980549431	1.0
balanced_in_expectation	0.33/0.33/0.33	54083	2955	5000	5000	1.0	0.9992322980549431	1.0
balanced_in_expectation	0.33/0.33/0.33	54083	2970	5000	5000	1.0	0.9992322980549431	1.0
balanced_in_expectation	0.33/0.33/0.33	54083	2985	5000	5000	1.0	0.9992322980549431	1.0
balanced_in_expectation	0.33/0.33/0.33	54083	3000	5000	5000	1.0	0.9992322980549431	1.0
balanced_in_expectation	0.33/0.33/0.33	54083	3015	5000	5000	1.0	0.9992322980549431	1.0
balanced_in_expectation	0.33/0.33/0.33	54083	3030	5000	5000	1.0	0.9992322980549431	1.0
balanced_in_expectation	0.33/0.33/0.33	54083	3045	5000	5000	1.0	0.9992322980549431	1.0
balanced_in_expectation	0.33/0.33/0.33	54083	3060	5000	5000	1.0	0.9992322980549431	1.0
balanced_in_expectation	0.33/0.33/0.33	54083	3075	5000	5000	1.0	0.9992322980549431	1.0
balanced_in_expectation	0.33/0.33/0.33	54083	3090	5000	5000	1.0	0.9992322980549431	1.0
balanced_in_expectation	0.33/0.33/0.33	54083	3105	5000	5000	1.0	0.9992322980549431	1.0
balanced_in_expectation	0.33/0.33/0.33	54083	3120	5000	5000	1.0	0.9992322980549431	1.0
balanced_in_expectation	0.33/0.33/0.33	54083	3135	5000	5000	1.0	0.9992322980549431	1.0
balanced_in_expectation	0.33/0.33/0.33	54083	3150	5000	5000	1.0	0.9992322980549431	1.0
balanced_in_expectation	0.33/0.33/0.33	54083	3165	5000	5000	1.0	0.9992322980549431	1.0
balanced_in_expectation	0.33/0.33/0.33	54083	3180	5000	5000	1.0	0.9992322980549431	1.0
balanced_in_expectation	0.33/0.33/0.33	54083	3195	5000	5000	1.0	0.9992322980549431	1.0
balanced_in_expectation	0.33/0.33/0.33	54083	3210	5000	5000	1.0	0.9992322980549431	1.0
balanced_in_expectation	0.33/0.33/0.33	54083	3225	5000	5000	1.0	0.9992322980549431	1.0
balanced_in_expectation	0.33/0.33/0.33	54083	3240	5000	5000	1.0	0.9992322980549431	1.0
balanced_in_expectation	0.33/0.33/0.33	54083	3255	5000	5000	1.0	0.9992322980549431	1.0
balanced_in_expectation	0.33/0.33/0.33	54083	3270	5000	5000	1.0	0.9992322980549431	1.0
balanced_in_expectation	0.33/0.33/0.33	54083	3285	5000	5000	1.0	0.9992322980549431	1.0
balanced_in_expectation	0.33/0.33/0.33	54083	3300	5000	5000	1.0	0.9992322980549431	1.0
balanced_in_expectation	0.33/0.33/0.33	54083	3315	5000	5000	1.0	0.9992322980549431	1.0
balanced_in_expectation	0.33/0.33/0.33	54083	3330	5000	5000	1.0	0.9992322980549431	1.0
balanced_in_expectation	0.33/0.33/0.33	54083	3345	5000	5000	1.0	0.9992322980549431	1.0
balanced_in_expectation	0.33/0.33/0.33	54083	3360	5000	5000	1.0	0.9992322980549431	1.0
balanced_in_expectation	0.33/0.33/0.33	54083	3375	5000	5000	1.0	0.9992322980549431	1.0
balanced_in_expectation	0.33/0.33/0.33	54083	3390	5000	5000	1.0	0.9992322980549431	1.0
balanced_in_expectation	0.33/0.33/0.33	54083	3405	5000	5000	1.0	0.9992322980549431	1.0
balanced_in_expectation	0.33/0.33/0.33	54083	3420	5000	5000	1.0	0.9992322980549431	1.0
balanced_in_expectation	0.33/0.33/0.33	54083	3435	5000	5000	1.0	0.9992322980549431	1.0
balanced_in_expectation	0.33/0.33/0.33	54083	3450	5000	5000	1.0	0.9992322980549431	1.0
balanced_in_expectation	0.33/0.33/0.33	54083	3465	5000	5000	1.0	0.9992322980549431	1.0
balanced_in_expectation	0.33/0.33/0.33	54083	3480	5000	5000	1.0	0.9992322980549431	1.0
balanced_in_expectation	0.33/0.33/0.33	54083	3495	5000	5000	1.0	0.9992322980549431	1.0
balanced_in_expectation	0.33/0.33/0.33	54083	3510	5000	5000	1.0	0.9992322980549431	1.0
balanced_in_expectation	0.33/0.33/0.33	54083	3525	5000	5000	1.0	0.9992322980549431	1.0
balanced_in_expectation	0.33/0.33/0.33	54083	3540	5000	5000	1.0	0.9992322980549431	1.0
balanced_in_expectation	0.33/0.33/0.33	54083	3555	5000	5000	1.0	0.9992322980549431	1.0
balanced_in_expectation	0.33/0.33/0.33	54083	3570	5000	5000	1.0	0.9992322980549431	1.0
balanced_in_expectation	0.33/0.33/0.33	54083	3585	5000	5000	1.0	0.9992322980549431	1.0
balanced_in_expectation	0.33/0.33/0.33	54083	3600	5000	5000	1.0	0.9992322980549431	1.0
balanced_in_expectation	0.33/0.33/0.33	54083	3615	5000	5000	1.0	0.9992322980549431	1.0
balanced_in_expectation	0.33/0.33/0.33	54083	3630	5000	5000	1.0	0.9992322980549431	1.0
balanced_in_expectation	0.33/0.33/0.33	54083	3645	5000	5000	1.0	0.9992322980549431	1.0
balanced_in_expectation	0.33/0.33/0.33	54083	3660	5000	5000	1.0	0.9992322980549431	1.0
balanced_in_expectation	0.33/0.33/0.33	54083	3675	5000	5000	1.0	0.9992322980549431	1.0
balanced_in_expectation	0.33/0.33/0.33	54083	3690	5000	5000	1.0	0.9992322980549431	1.0
balanced_in_expectation	0.33/0.33/0.33	54083	3705	5000	5000	1.0	0.9992322980549431	1.0
balanced_in_expectation	0.33/0.33/0.33	54083	3720	5000	5000	1.0	0.9992322980549431	1.0
balanced_in_expectation	0.33/0.33/0.33	54083	3735	5000	5000	1.0	0.9992322980549431	1.0
balanced_in_expectation	0.33/0.33/0.33	54083	3750	5000	5000	1.0	0.9992322980549431	1.0
balanced_in_expectation	0.33/0.33/0.33	54083	3765	5000	5000	1.0	0.9992322980549431	1.0
balanced_in_expectation	0.33/0.33/0.33	54083	3780	5000	5000	1.0	0.9992322980549431	1.0
balanced_in_expectation	0.33/0.33/0.33	54083	3795	5000	5000	1.0	0.9992322980549431	1.0
balanced_in_expectation	0.33/0.33/0.33	54083	3810	5000	5000	1.0	0.9992322980549431	1.0
balanced_in_expectation	0.33/0.33/0.33	54083	3825	5000	5000	1.0	0.9992322980549431	1.0
balanced_in_expectation	0.33/0.33/0.33	54083	3840	5000	5000	1.0	0.9992322980549431	1.0
balanced_in_expectation	0.33/0.33/0.33	54083	3855	5000	5000	1.0	0.9992322980549431	1.0
balanced_in_expectation	0.33/0.33/0.33	54083	3870	5000	5000	1.0	0.9992322980549431	1.0
balanced_in_expectation	0.33/0.33/0.33	54083	3885	5000	5000	1.0	0.9992322980549431	1.0
balanced_in_expectation	0.33/0.33/0.33	54083	3900	5000	5000	1.0	0.9992322980549431	1.0
balanced_in_expectation	0.33/0.33/0.33	54083	3915	5000	5000	1.0	0.9992322980549431	1.0
balanced_in_expectation	0.33/0.33/0.33	54083	3930	5000	5000	1.0	0.9992322980549431	1.0
balanced_in_expectation	0.33/0.33/0.33	54083	3945	5000	5000	1.0	0.9992322980549431	1.0
balanced_in_expectation	0.33/0.33/0.33	54083	3960	5000	5000	1.0	0.9992322980549431	1.0
balanced_in_expectation	0.33/0.33/0.33	54083	3975	5000	5000	1.0	0.9992322980549431	1.0
balanced_in_expectation	0.33/0.33/0.33	54083	3990	5000	5000	1.0	0.9992322980549431	1.0
balanced_in_expectation	0.33/0.33/0.33	54083	4005	5000	5000	1.0	0.9992322980549431	1.0
balanced_in_expectation	0.33/0.33/0.33	54083	4020	5000	5000	1.0	0.9992322980549431	1.0
balanced_in_expectation	0.33/0.33/0.33	54083	4035	5000	5000	1.0	0.9992322980549431	1.0
balanced_in_expectation	0.33/0.33/0.33	54083	4050	5000	5000	1.0	0.9992322980549431	1.0
balanced_in_expectation	0.33/0.33/0.33	54083	4065	5000	5000	1.0	0.9992322980549431	1.0
balanced_in_expectation	0.33/0.33/0.33	54083	4080	5000	5000	1.0	0.9992322980549431	1.0
balanced_in_expectation	0.33/0.33/0.33	54083	4095	5000	5000	1.0	0.9992322980549431	1.0
balanced_in_expectation	0.33/0.33/0.33	54083	4110	5000	5000	1.0	0.9992322980549431	1.0
balanced_in_expectation	0.33/0.33/0.33	54083	4125	5000	5000	1.0	0.9992322980549431	1.0
balanced_in_expectation	0.33/0.33/0.33	54083	4140	5000	5000	1.0	0.9992322980549431	1.0
balanced_in_expectation	0.33/0.33/0.33	54083	4155	5000	5000	1.0	0.9992322980549431	1.0
balanced_in_expectation	0.33/0.33/0.33	54083	4170	5000	5000	1.0	0.9992322980549431	1.0
balanced_in_expectation	0.33/0.33/0.33	54083	4185	5000	5000	1.0	0.9992322980549431	1.0
balanced_in_expectation	0.33/0.33/0.33	54083	4200	5000	5000	1.0	0.9992322980549431	1.0
balanced_in_expectation	0.33/0.33/0.33	54083	4215	5000	5000	1.0	0.9992322980549431	1.0
balanced_in_expectation	0.33/0.33/0.33	54083	4230	5000	5000	1.0	0.9992322980549431	1.0
balanced_in_expectation	0.33/0.33/0.33	54083	4245	5000	5000	1.0	0.9992322980549431	1.0
balanced_in_expectation	0.33/0.33/0.33	54083	4260	5000	5000	1.0	0.9992322980549431	1.0
balanced_in_expectation	0.33/0.33/0.33	54083	4275	5000	5000	1.0	0.9992322980549431	1.0
balanced_in_expectation	0.33/0.33/0.33	54083	4290	5000	5000	1.0	0.9992322980549431	1.0
balanced_in_expectation	0.33/0.33/0.33	54083	4305	5000	5000	1.0	0.9992322980549431	1.0
balanced_in_expectation	0.33/0.33/0.33	54083	4320	5000	5000	1.0	0.9992322980549431	1.0
balanced_in_expectation	0.33/0.33/0.33	54083	4335	5000	5000	1.0	0.9992322980549431	1.0
balanced_in_expectation	0.33/0.33/0.33	54083	4350	5000	5000	1.0	0.9992322980549431	1.0
balanced_in_expectation	0.33/0.33/0.33	54083	4365	5000	5000	1.0	0.9992322980549431	1.0
balanced_in_expectation	0.33/0.33/0.33	54083	4380	5000	5000	1.0	0.9992322980549431	1.0
balanced_in_expectation	0.33/0.33/0.33	54083	4395	5000	5000	1.0	0.9992322980549431	1.0
balanced_in_expectation	0.33/0.33/0.33	54083	4410	5000	5000	1.0	0.9992322980549431	1.0
balanced_in_expectation	0.33/0.33/0.33	54083	4425	5000	5000	1.0	0.9992322980549431	1.0
balanced_in_expectation	0.33/0.33/0.33	54083	4440	5000	5000	1.0	0.9992322980549431	1.0
balanced_in_expectation	0.33/0.33/0.33	54083	4455	5000	5000	1.0	0.9992322980549431	1.0
balanced_in_expectation	0.33/0.33/0.33	54083	4470	5000	5000	1.0	0.9992322980549431	1.0
balanced_in_expectation	0.33/0.33/0.33	54083	4485	5000	5000	1.0	0.9992322980549431	1.0
balanced_in_expectation	0.33/0.33/0.33	54083	4500	5000	5000	1.0	0.9992322980549431	1.0
balanced_in_expectation	0.33/0.33/0.33	54083	4515	5000	5000	1.0	0.9992322980549431	1.0
balanced_in_expectation	0.33/0.33/0.33	54083	4530	5000	5000	1.0	0.9992322980549431	1.0
balanced_in_expectation	0.33/0.33/0.33	54083	4545	5000	5000	1.0	0.9992322980549431	1.0
balanced_in_expectation	0.33/0.33/0.33	54083	4560	5000	5000	1.0	0.9992322980549431	1.0
balanced_in_expectation	0.33/0.33/0.33	54083	4575	5000	5000	1.0	0.9992322980549431	1.0
balanced_in_expectation	0.33/0.33/0.33	54083	4590	5000	5000	1.0	0.9992322980549431	1.0
balanced_in_expectation	0.33/0.33/0.33	54083	4605	5000	5000	1.0	0.9992322980549431	1.0
balanced_in_expectation	0.33/0.33/0.33	54083	4620	5000	5000	1.0	0.9992322980549431	1.0
balanced_in_expectation	0.33/0.33/0.33	54083	4635	5000	5000	1.0	0.9992322980549431	1.0
balanced_in_expectation	0.33/0.33/0.33	54083	4650	5000	5000	1.0	0.9992322980549431	1.0
balanced_in_expectation	0.33/0.33/0.33	54083	4665	5000	5000	1.0	0.9992322980549431	1.0
balanced_in_expectation	0.33/0.33/0.33	54083	4680	5000	5000	1.0	0.9992322980549431	1.0
balanced_in_expectation	0.33/0.33/0.33	54083	4695	5000	5000	1.0	0.9992322980549431	1.0
balanced_in_expectation	0.33/0.33/0.33	54083	4710	5000	5000	1.0	0.9992322980549431	1.0
balanced_in_expectation	0.33/0.33/0.33	54083	4725	5000	5000	1.0	0.9992322980549431	1.0
balanced_in_expectation	0.33/0.33/0.33	54083	4740	5000	5000	1.0	0.9992322980549431	1.0
balanced_in_expectation	0.33/0.33/0.33	54083	4755	5000	5000	1.0	0.9992322980549431	1.0
balanced_in_expectation	0.33/0.33/0.33	54083	4770	5000	5000	1.0	0.9992322980549431	1.0
balanced_in_expectation	0.33/0.33/0.33	54083	4785	5000	5000	1.0	0.9992322980549431	1.0
balanced_in_expectation	0.33/0.33/0.33	54083	4800	5000	5000	1.0	0.9992322980549431	1.0
balanced_in_expectation	0.33/0.33/0.33	54083	4815	5000	5000	1.0	0.9992322980549431	1.0
balanced_in_expectation	0.33/0.33/0.33	54083	4830	5000	5000	1.0	0.9992322980549431	1.0
balanced_in_expectation	0.33/0.33/0.33	54083	4845	5000	5000	1.0	0.9992322980549431	1.0
balanced_in_expectation	0.33/0.33/0.33	54083	4860	5000	5000	1.0	0.9992322980549431	1.0
balanced_in_expectation	0.33/0.33/0.33	54083	4875	5000	5000	1.0	0.9992322980549431	1.0
balanced_in_expectation	0.33/0.33/0.33	54083	4890	5000	5000	1.0	0.9992322980549431	1.0
balanced_in_expectation	0.33/0.33/0.33	54083	4905	5000	5000	1.0	0.9992322980549431	1.0
balanced_in_expectation	0.33/0.33/0.33	54083	4920	5000	5000	1.0	0.9992322980549431	1.0
balanced_in_expectation	0.33/0.33/0.33	54083	4935	5000	5000	1.0	0.9992322980549431	1.0
balanced_in_expectation	0.33/0.33/0.33	54083	4950	5000	5000	1.0	0.9992322980549431	1.0
balanced_in_expectation	0.33/0.33/0.33	54083	4965	5000	5000	1.0	0.9992322980549431	1.0
balanced_in_expectation	0.33/0.33/0.33	54083	4980	5000	5000	1.0	0.9992322980549431	1.0
balanced_in_expectation	0.33/0.33/0.33	54083	4995	5000	5000	1.0	0.9992322980549431	1.0
balanced_in_expectation	0.33/0.33/0.33	54083	5010	5000	5000	1.0	0.9992322980549431	1.0
balanced_in_expectation	0.33/0.33/0.33	54083	5025	5000	5000	1.0	0.9992322980549431	1.0
balanced_in_expectation	0.33/0.33/0.33	54083	5040	5000	5000	1.0	0.9992322980549431	1.0
balanced_in_expectation	0.33/0.33/0.33	54083	5055	5000	5000	1.0	0.9992322980549431	1.0
balanced_in_expectation	0.33/0.33/0.33	54083	5070	5000	5000	1.0	0.9992322980549431	1.0
balanced_in_expectation	0.33/0.33/0.33	54083	5085	5000	5000	1.0	0.9992322980549431	1.0
balanced_in_expectation	0.33/0.33/0.33	54083	5100	5000	5000	1.0	0.9992322980549431	1.0
balanced_in_expectation	0.33/0.33/0.33	54083	5115	5000	5000	1.0	0.9992322980549431	1.0
balanced_in_expectation	0.33/0.33/0.33	54083	5130	5000	5000	1.0	0.9992322980549431	1.0
balanced_in_expectation	0.33/0.33/0.33	54083	5145	5000	5000	1.0	0.9992322980549431	1.0
balanced_in_expectation	0.33/0.33/0.33	54083	5160	5000	5000	1.0	0.9992322980549431	1.0
balanced_in_expectation	0.33/0.33/0.33	54083	5175	5000	5000	1.0	0.9992322980549431	1.0
balanced_in_expectation	0.33/0.33/0.33	54083	5190	5000	5000	1.0	0.9992322980549431	1.0
balanced_in_expectation	0.33/0.33/0.33	54083	5205	5000	5000	1.0	0.9992322980549431	1.0
balanced_in_expectation	0.33/0.33/0.33	54083	5220	5000	5000	1.0	0.9992322980549431	1.0
balanced_in_expectation	0.33/0.33/0.33	54083	5235	5000	5000	1.0	0.9992322980549431	1.0
balanced_in_expectation	0.33/0.33/0.33	54083	5250	5000	5000	1.0	0.9992322980549431	1.0
balanced_in_expectation	0.33/0.33/0.33	54083	5265	5000	5000	1.0	0.9992322980549431	1.0
balanced_in_expectation	0.33/0.33/0.33	54083	5280	5000	5000	1.0	0.9992322980549431	1.0
balanced_in_expectation	0.33/0.33/0.33	54083	5295	5000	5000	1.0	0.9992322980549431	1.0
balanced_in_expectation	0.33/0.33/0.33	54083	5310	5000	5000	1.0	0.9992322980549431	1.0
balanced_in_expectation	0.33/0.33/0.33	54083	5325	5000	5000	1.0	0.9992322980549431	1.0
balanced_in_expectation	0.33/0.33/0.33	54083	5340	5000	5000	1.0	0.9992322980549431	1.0
balanced_in_expectation	0.33/0.33/0.33	54083	5355	5000	5000	1.0	0.9992322980549431	1.0
balanced_in_expectation	0.33/0.33/0.33	54083	5370	5000	5000	1.0	0.9992322980549431	1.0
balanced_in_expectation	0.33/0.33/0.33	54083	5385	5000	5000	1.0	0.9992322980549431	1.0
balanced_in_expectation	0.33/0.33/0.33	54083	5400	5000	5000	1.0	0.9992322980549431	1.0
balanced_in_expectation	0.33/0.33/0.33	54083	5415	5000	5000	1.0	0.9992322980549431	1.0
balanced_in_expectation	0.33/0.33/0.33	54083	5430	5000	5000	1.0	0.9992322980549431	1.0
balanced_in_expectation	0.33/0.33/0.33	54083	5445	5000	5000	1.0	0.9992322980549431	1.0
balanced_in_expectation	0.33/0.33/0.33	54083	5460	5000	5000	1.0	0.9992322980549431	1.0
balanced_in_expectation	0.33/0.33/0.33	54083	5475	5000	5000	1.0	0.9992322980549431	1.0
balanced_in_expectation	0.33/0.33/0.33	54083	5490	5000	5000	1.0	0.9992322980549431	1.0
balanced_in_expectation	0.33/0.33/0.33	54083	5505	5000	5000	1.0	0.9992322980549431	1.0
balanced_in_expectation	0.33/0.33/0.33	54083	5520	5000	5000	1.0	0.9992322980549431	1.0
balanced_in_expectation	0.33/0.33/0.33	54083	5535	5000	5000	1.0	0.9992322980549431	1.0
balanced_in_expectation	0.33/0.33/0.33	54083	5550	5000	5000	1.0	0.9992322980549431	1.0
balanced_in_expectation	0.33/0.33/0.33	54083	5565	5000	5000	1.0	0.9992322980549431	1.0
balanced_in_expectation	0.33/0.33/0.33	54083	5580	5000	5000	1.0	0.9992322980549431	1.0
balanced_in_expectation	0.33/0.33/0.33	54083	5595	5000	5000	1.0	0.9992322980549431	1.0
balanced_in_expectation	0.33/0.33/0.33	54083	5610	5000	5000	1.0	0.9992322980549431	1.0
balanced_in_expectation	0.33/0.33/0.33	54083	5625	5000	5000	1.0	0.9992322980549431	1.0
balanced_in_expectation	0.33/0.33/0.33	54083	5640	5000	5000	1.0	0.9992322980549431	1.0
balanced_in_expectation	0.33/0.33/0.33	54083	5655	5000	5000	1.0	0.9992322980549431	1.0
balanced_in_expectation	0.33/0.33/0.33	54083	5670	5000	5000	1.0	0.9992322980549431	1.0
balanced_in_expectation	0.33/0.33/0.33	54083	5685	5000	5000	1.0	0.9992322980549431	1.0
balanced_in_expectation	0.33/0.33/0.33	54083	5700	5000	5000	1.0	0.9992322980549431	1.0
balanced_in_expectation	0.33/0.33/0.33	54083	5715	5000	5000	1.0	0.9992322980549431	1.0
balanced_in_expectation	0.33/0.33/0.33	54083	5730	5000	5000	1.0	0.9992322980549431	1.0
balanced_in_expectation	0.33/0.33/0.33	54083	5745	5000	5000	1.0	0.9992322980549431	1.0
balanced_in_expectation	0.33/0.33/0.33	54083	5760	5000	5000	1.0	0.9992322980549431	1.0
balanced_in_expectation	0.33/0.33/0.33	54083	5775	5000	5000	1.0	0.9992322980549431	1.0
balanced_in_expectation	0.33/0.33/0.33	54083	5790	5000	5000	1.0	0.9992322980549431	1.0
balanced_in_expectation	0.33/0.33/0.33	54083	5805	5000	5000	1.0	0.9992322980549431	1.0
balanced_in_expectation	0.33/0.33/0.33	54083	5820	5000	5000	1.0	0.9992322980549431	1.0
balanced_in_expectation	0.33/0.33/0.33	54083	5835	5000	5000	1.0	0.9992322980549431	1.0
balanced_in_expectation	0.33/0.33/0.33	54083	5850	5000	5000	1.0	0.9992322980549431	1.0
balanced_in_expectation	0.33/0.33/0.33	54083	5865	5000	5000	1.0	0.9992322980549431	1.0
balanced_in_expectation	0.33/0.33/0.33	54083	5880	5000	5000	1.0	0.9992322980549431	1.0
balanced_in_expectation	0.33/0.33/0.33	54083	5895	5000	5000	1.0	0.9992322980549431	1.0
balanced_in_expectation	0.33/0.33/0.33	54083	5910	5000	5000	1.0	0.9992322980549431	1.0
balanced_in_expectation	0.33/0.33/0.33	54083	5925	5000	5000	1.0	0.9992322980549431	1.0
balanced_in_expectation	0.33/0.33/0.33	54083	5940	5000	5000	1.0	0.9992322980549431	1.0
balanced_in_expectation	0.33/0.33/0.33	54083	5955	5000	5000	1.0	0.9992322980549431	1.0
balanced_in_expectation	0.33/0.33/0.33	54083	5970	5000	5000	1.0	0.9992322980549431	1.0
balanced_in_expectation	0.33/0.33/0.33	54083	5985	5000	5000	1.0	0.9992322980549431	1.0
balanced_in_expectation	0.33/0.33/0.33	54083	6000	5000	5000	1.0	0.9992322980549431	1.0
moderate_45_35_20	0.45/0.35/0.20	54071	450	5000	0	0.0	0.0	0.0007677019450571244
moderate_45_35_20	0.45/0.35/0.20	54071	465	5000	0	0.0	0.0	0.0007677019450571244
moderate_45_35_20	0.45/0.35/0.20	54071	480	5000	0	0.0	0.0	0.0007677019450571244
moderate_45_35_20	0.45/0.35/0.20	54071	495	5000	0	0.0	0.0	0.0007677019450571244
moderate_45_35_20	0.45/0.35/0.20	54071	510	5000	0	0.0	0.0	0.0007677019450571244
moderate_45_35_20	0.45/0.35/0.20	54071	525	5000	0	0.0	0.0	0.0007677019450571244
moderate_45_35_20	0.45/0.35/0.20	54071	540	5000	0	0.0	0.0	0.0007677019450571244
moderate_45_35_20	0.45/0.35/0.20	54071	555	5000	0	0.0	0.0	0.0007677019450571244
moderate_45_35_20	0.45/0.35/0.20	54071	570	5000	0	0.0	0.0	0.0007677019450571244
moderate_45_35_20	0.45/0.35/0.20	54071	585	5000	0	0.0	0.0	0.0007677019450571244
moderate_45_35_20	0.45/0.35/0.20	54071	600	5000	0	0.0	0.0	0.0007677019450571244
moderate_45_35_20	0.45/0.35/0.20	54071	615	5000	0	0.0	0.0	0.0007677019450571244
moderate_45_35_20	0.45/0.35/0.20	54071	630	5000	0	0.0	0.0	0.0007677019450571244
moderate_45_35_20	0.45/0.35/0.20	54071	645	5000	0	0.0	0.0	0.0007677019450571244
moderate_45_35_20	0.45/0.35/0.20	54071	660	5000	0	0.0	0.0	0.0007677019450571244
moderate_45_35_20	0.45/0.35/0.20	54071	675	5000	0	0.0	0.0	0.0007677019450571244
moderate_45_35_20	0.45/0.35/0.20	54071	690	5000	0	0.0	0.0	0.0007677019450571244
moderate_45_35_20	0.45/0.35/0.20	54071	705	5000	0	0.0	0.0	0.0007677019450571244
moderate_45_35_20	0.45/0.35/0.20	54071	720	5000	1	0.0002	3.530578343936526e-05	0.0011320890808397363
moderate_45_35_20	0.45/0.35/0.20	54071	735	5000	6	0.0012	0.0005500831677591556	0.002615776292629832
moderate_45_35_20	0.45/0.35/0.20	54071	750	5000	11	0.0022	0.001228915407138813	0.003935408649360061
moderate_45_35_20	0.45/0.35/0.20	54071	765	5000	38	0.0076	0.0055422231900968295	0.010413809685395427
moderate_45_35_20	0.45/0.35/0.20	54071	780	5000	69	0.0138	0.010919427213083529	0.01742708615829002
moderate_45_35_20	0.45/0.35/0.20	54071	795	5000	133	0.0266	0.022490203302556452	0.031436656899023634
moderate_45_35_20	0.45/0.35/0.20	54071	810	5000	221	0.0442	0.03884421475711896	0.05025562233599513
moderate_45_35_20	0.45/0.35/0.20	54071	825	5000	325	0.065	0.05849519252435276	0.07217270816784693
moderate_45_35_20	0.45/0.35/0.20	54071	840	5000	559	0.1118	0.10336176390622993	0.12083427988391242
moderate_45_35_20	0.45/0.35/0.20	54071	855	5000	765	0.153	0.14328850563601445	0.16324427951385526
moderate_45_35_20	0.45/0.35/0.20	54071	870	5000	1044	0.2088	0.19775961662333694	0.2202874929894644
moderate_45_35_20	0.45/0.35/0.20	54071	885	5000	1375	0.275	0.2627997619135261	0.28754570396174967
moderate_45_35_20	0.45/0.35/0.20	54071	900	5000	1874	0.3748	0.361483399709039	0.38830883285800344
moderate_45_35_20	0.45/0.35/0.20	54071	915	5000	2257	0.4514	0.43764914158051355	0.4652254790485461
moderate_45_35_20	0.45/0.35/0.20	54071	930	5000	2684	0.5368	0.5229555757363532	0.5505879214004906
moderate_45_35_20	0.45/0.35/0.20	54071	945	5000	3054	0.6108	0.5972053893612769	0.6242244878876985
moderate_45_35_20	0.45/0.35/0.20	54071	960	5000	3447	0.6894	0.6764324543855431	0.7020767401176693
moderate_45_35_20	0.45/0.35/0.20	54071	975	5000	3844	0.7688	0.7569103646263818	0.7802769188079556
moderate_45_35_20	0.45/0.35/0.20	54071	990	5000	4196	0.8392	0.8287580391139054	0.8491211518865677
moderate_45_35_20	0.45/0.35/0.20	54071	1005	5000	4356	0.8712	0.861629261777443	0.8802007962985465
moderate_45_35_20	0.45/0.35/0.20	54071	1020	5000	4525	0.905	0.8965588995623771	0.9128192618621268
moderate_45_35_20	0.45/0.35/0.20	54071	1035	5000	4722	0.9444	0.9377005803660425	0.9504170861451908
moderate_45_35_20	0.45/0.35/0.20	54071	1050	5000	4798	0.9596	0.9537802967754346	0.964714031596669
moderate_45_35_20	0.45/0.35/0.20	54071	1065	5000	4855	0.971	0.9659748874643569	0.9753019373033994
moderate_45_35_20	0.45/0.35/0.20	54071	1080	5000	4918	0.9836	0.979690142829181	0.98676733584956
moderate_45_35_20	0.45/0.35/0.20	54071	1095	5000	4956	0.9912	0.9882078470491492	0.9934379625600268
moderate_45_35_20	0.45/0.35/0.20	54071	1110	5000	4966	0.9932	0.9905130722319657	0.99512966656943
moderate_45_35_20	0.45/0.35/0.20	54071	1125	5000	4975	0.995	0.9926290765274967	0.9966108985468968
moderate_45_35_20	0.45/0.35/0.20	54071	1140	5000	4992	0.9984	0.9968457298408953	0.9991890248602717
moderate_45_35_20	0.45/0.35/0.20	54071	1155	5000	4996	0.9992	0.9979446733541565	0.9996888530238984
moderate_45_35_20	0.45/0.35/0.20	54071	1170	5000	4999	0.9998	0.9988679109191605	0.9999646942165608
moderate_45_35_20	0.45/0.35/0.20	54071	1185	5000	4996	0.9992	0.9979446733541565	0.9996888530238984
moderate_45_35_20	0.45/0.35/0.20	54071	1200	5000	5000	1.0	0.9992322980549431	1.0
moderate_45_35_20	0.45/0.35/0.20	54071	1215	5000	4999	0.9998	0.9988679109191605	0.9999646942165608
moderate_45_35_20	0.45/0.35/0.20	54071	1230	5000	5000	1.0	0.9992322980549431	1.0
moderate_45_35_20	0.45/0.35/0.20	54071	1245	5000	5000	1.0	0.9992322980549431	1.0
moderate_45_35_20	0.45/0.35/0.20	54071	1260	5000	5000	1.0	0.9992322980549431	1.0
moderate_45_35_20	0.45/0.35/0.20	54071	1275	5000	5000	1.0	0.9992322980549431	1.0
moderate_45_35_20	0.45/0.35/0.20	54071	1290	5000	5000	1.0	0.9992322980549431	1.0
moderate_45_35_20	0.45/0.35/0.20	54071	1305	5000	5000	1.0	0.9992322980549431	1.0
moderate_45_35_20	0.45/0.35/0.20	54071	1320	5000	5000	1.0	0.9992322980549431	1.0
moderate_45_35_20	0.45/0.35/0.20	54071	1335	5000	5000	1.0	0.9992322980549431	1.0
moderate_45_35_20	0.45/0.35/0.20	54071	1350	5000	5000	1.0	0.9992322980549431	1.0
moderate_45_35_20	0.45/0.35/0.20	54071	1365	5000	5000	1.0	0.9992322980549431	1.0
moderate_45_35_20	0.45/0.35/0.20	54071	1380	5000	5000	1.0	0.9992322980549431	1.0
moderate_45_35_20	0.45/0.35/0.20	54071	1395	5000	5000	1.0	0.9992322980549431	1.0
moderate_45_35_20	0.45/0.35/0.20	54071	1410	5000	5000	1.0	0.9992322980549431	1.0
moderate_45_35_20	0.45/0.35/0.20	54071	1425	5000	5000	1.0	0.9992322980549431	1.0
moderate_45_35_20	0.45/0.35/0.20	54071	1440	5000	5000	1.0	0.9992322980549431	1.0
moderate_45_35_20	0.45/0.35/0.20	54071	1455	5000	5000	1.0	0.9992322980549431	1.0
moderate_45_35_20	0.45/0.35/0.20	54071	1470	5000	5000	1.0	0.9992322980549431	1.0
moderate_45_35_20	0.45/0.35/0.20	54071	1485	5000	5000	1.0	0.9992322980549431	1.0
moderate_45_35_20	0.45/0.35/0.20	54071	1500	5000	5000	1.0	0.9992322980549431	1.0
moderate_45_35_20	0.45/0.35/0.20	54071	1515	5000	5000	1.0	0.9992322980549431	1.0
moderate_45_35_20	0.45/0.35/0.20	54071	1530	5000	5000	1.0	0.9992322980549431	1.0
moderate_45_35_20	0.45/0.35/0.20	54071	1545	5000	5000	1.0	0.9992322980549431	1.0
moderate_45_35_20	0.45/0.35/0.20	54071	1560	5000	5000	1.0	0.9992322980549431	1.0
moderate_45_35_20	0.45/0.35/0.20	54071	1575	5000	5000	1.0	0.9992322980549431	1.0
moderate_45_35_20	0.45/0.35/0.20	54071	1590	5000	5000	1.0	0.9992322980549431	1.0
moderate_45_35_20	0.45/0.35/0.20	54071	1605	5000	5000	1.0	0.9992322980549431	1.0
moderate_45_35_20	0.45/0.35/0.20	54071	1620	5000	5000	1.0	0.9992322980549431	1.0
moderate_45_35_20	0.45/0.35/0.20	54071	1635	5000	5000	1.0	0.9992322980549431	1.0
moderate_45_35_20	0.45/0.35/0.20	54071	1650	5000	5000	1.0	0.9992322980549431	1.0
moderate_45_35_20	0.45/0.35/0.20	54071	1665	5000	5000	1.0	0.9992322980549431	1.0
moderate_45_35_20	0.45/0.35/0.20	54071	1680	5000	5000	1.0	0.9992322980549431	1.0
moderate_45_35_20	0.45/0.35/0.20	54071	1695	5000	5000	1.0	0.9992322980549431	1.0
moderate_45_35_20	0.45/0.35/0.20	54071	1710	5000	5000	1.0	0.9992322980549431	1.0
moderate_45_35_20	0.45/0.35/0.20	54071	1725	5000	5000	1.0	0.9992322980549431	1.0
moderate_45_35_20	0.45/0.35/0.20	54071	1740	5000	5000	1.0	0.9992322980549431	1.0
moderate_45_35_20	0.45/0.35/0.20	54071	1755	5000	5000	1.0	0.9992322980549431	1.0
moderate_45_35_20	0.45/0.35/0.20	54071	1770	5000	5000	1.0	0.9992322980549431	1.0
moderate_45_35_20	0.45/0.35/0.20	54071	1785	5000	5000	1.0	0.9992322980549431	1.0
moderate_45_35_20	0.45/0.35/0.20	54071	1800	5000	5000	1.0	0.9992322980549431	1.0
moderate_45_35_20	0.45/0.35/0.20	54071	1815	5000	5000	1.0	0.9992322980549431	1.0
moderate_45_35_20	0.45/0.35/0.20	54071	1830	5000	5000	1.0	0.9992322980549431	1.0
moderate_45_35_20	0.45/0.35/0.20	54071	1845	5000	5000	1.0	0.9992322980549431	1.0
moderate_45_35_20	0.45/0.35/0.20	54071	1860	5000	5000	1.0	0.9992322980549431	1.0
moderate_45_35_20	0.45/0.35/0.20	54071	1875	5000	5000	1.0	0.9992322980549431	1.0
moderate_45_35_20	0.45/0.35/0.20	54071	1890	5000	5000	1.0	0.9992322980549431	1.0
moderate_45_35_20	0.45/0.35/0.20	54071	1905	5000	5000	1.0	0.9992322980549431	1.0
moderate_45_35_20	0.45/0.35/0.20	54071	1920	5000	5000	1.0	0.9992322980549431	1.0
moderate_45_35_20	0.45/0.35/0.20	54071	1935	5000	5000	1.0	0.9992322980549431	1.0
moderate_45_35_20	0.45/0.35/0.20	54071	1950	5000	5000	1.0	0.9992322980549431	1.0
moderate_45_35_20	0.45/0.35/0.20	54071	1965	5000	5000	1.0	0.9992322980549431	1.0
moderate_45_35_20	0.45/0.35/0.20	54071	1980	5000	5000	1.0	0.9992322980549431	1.0
moderate_45_35_20	0.45/0.35/0.20	54071	1995	5000	5000	1.0	0.9992322980549431	1.0
moderate_45_35_20	0.45/0.35/0.20	54071	2010	5000	5000	1.0	0.9992322980549431	1.0
moderate_45_35_20	0.45/0.35/0.20	54071	2025	5000	5000	1.0	0.9992322980549431	1.0
moderate_45_35_20	0.45/0.35/0.20	54071	2040	5000	5000	1.0	0.9992322980549431	1.0
moderate_45_35_20	0.45/0.35/0.20	54071	2055	5000	5000	1.0	0.9992322980549431	1.0
moderate_45_35_20	0.45/0.35/0.20	54071	2070	5000	5000	1.0	0.9992322980549431	1.0
moderate_45_35_20	0.45/0.35/0.20	54071	2085	5000	5000	1.0	0.9992322980549431	1.0
moderate_45_35_20	0.45/0.35/0.20	54071	2100	5000	5000	1.0	0.9992322980549431	1.0
moderate_45_35_20	0.45/0.35/0.20	54071	2115	5000	5000	1.0	0.9992322980549431	1.0
moderate_45_35_20	0.45/0.35/0.20	54071	2130	5000	5000	1.0	0.9992322980549431	1.0
moderate_45_35_20	0.45/0.35/0.20	54071	2145	5000	5000	1.0	0.9992322980549431	1.0
moderate_45_35_20	0.45/0.35/0.20	54071	2160	5000	5000	1.0	0.9992322980549431	1.0
moderate_45_35_20	0.45/0.35/0.20	54071	2175	5000	5000	1.0	0.9992322980549431	1.0
moderate_45_35_20	0.45/0.35/0.20	54071	2190	5000	5000	1.0	0.9992322980549431	1.0
moderate_45_35_20	0.45/0.35/0.20	54071	2205	5000	5000	1.0	0.9992322980549431	1.0
moderate_45_35_20	0.45/0.35/0.20	54071	2220	5000	5000	1.0	0.9992322980549431	1.0
moderate_45_35_20	0.45/0.35/0.20	54071	2235	5000	5000	1.0	0.9992322980549431	1.0
moderate_45_35_20	0.45/0.35/0.20	54071	2250	5000	5000	1.0	0.9992322980549431	1.0
moderate_45_35_20	0.45/0.35/0.20	54071	2265	5000	5000	1.0	0.9992322980549431	1.0
moderate_45_35_20	0.45/0.35/0.20	54071	2280	5000	5000	1.0	0.9992322980549431	1.0
moderate_45_35_20	0.45/0.35/0.20	54071	2295	5000	5000	1.0	0.9992322980549431	1.0
moderate_45_35_20	0.45/0.35/0.20	54071	2310	5000	5000	1.0	0.9992322980549431	1.0
moderate_45_35_20	0.45/0.35/0.20	54071	2325	5000	5000	1.0	0.9992322980549431	1.0
moderate_45_35_20	0.45/0.35/0.20	54071	2340	5000	5000	1.0	0.9992322980549431	1.0
moderate_45_35_20	0.45/0.35/0.20	54071	2355	5000	5000	1.0	0.9992322980549431	1.0
moderate_45_35_20	0.45/0.35/0.20	54071	2370	5000	5000	1.0	0.9992322980549431	1.0
moderate_45_35_20	0.45/0.35/0.20	54071	2385	5000	5000	1.0	0.9992322980549431	1.0
moderate_45_35_20	0.45/0.35/0.20	54071	2400	5000	5000	1.0	0.9992322980549431	1.0
moderate_45_35_20	0.45/0.35/0.20	54071	2415	5000	5000	1.0	0.9992322980549431	1.0
moderate_45_35_20	0.45/0.35/0.20	54071	2430	5000	5000	1.0	0.9992322980549431	1.0
moderate_45_35_20	0.45/0.35/0.20	54071	2445	5000	5000	1.0	0.9992322980549431	1.0
moderate_45_35_20	0.45/0.35/0.20	54071	2460	5000	5000	1.0	0.9992322980549431	1.0
moderate_45_35_20	0.45/0.35/0.20	54071	2475	5000	5000	1.0	0.9992322980549431	1.0
moderate_45_35_20	0.45/0.35/0.20	54071	2490	5000	5000	1.0	0.9992322980549431	1.0
moderate_45_35_20	0.45/0.35/0.20	54071	2505	5000	5000	1.0	0.9992322980549431	1.0
moderate_45_35_20	0.45/0.35/0.20	54071	2520	5000	5000	1.0	0.9992322980549431	1.0
moderate_45_35_20	0.45/0.35/0.20	54071	2535	5000	5000	1.0	0.9992322980549431	1.0
moderate_45_35_20	0.45/0.35/0.20	54071	2550	5000	5000	1.0	0.9992322980549431	1.0
moderate_45_35_20	0.45/0.35/0.20	54071	2565	5000	5000	1.0	0.9992322980549431	1.0
moderate_45_35_20	0.45/0.35/0.20	54071	2580	5000	5000	1.0	0.9992322980549431	1.0
moderate_45_35_20	0.45/0.35/0.20	54071	2595	5000	5000	1.0	0.9992322980549431	1.0
moderate_45_35_20	0.45/0.35/0.20	54071	2610	5000	5000	1.0	0.9992322980549431	1.0
moderate_45_35_20	0.45/0.35/0.20	54071	2625	5000	5000	1.0	0.9992322980549431	1.0
moderate_45_35_20	0.45/0.35/0.20	54071	2640	5000	5000	1.0	0.9992322980549431	1.0
moderate_45_35_20	0.45/0.35/0.20	54071	2655	5000	5000	1.0	0.9992322980549431	1.0
moderate_45_35_20	0.45/0.35/0.20	54071	2670	5000	5000	1.0	0.9992322980549431	1.0
moderate_45_35_20	0.45/0.35/0.20	54071	2685	5000	5000	1.0	0.9992322980549431	1.0
moderate_45_35_20	0.45/0.35/0.20	54071	2700	5000	5000	1.0	0.9992322980549431	1.0
moderate_45_35_20	0.45/0.35/0.20	54071	2715	5000	5000	1.0	0.9992322980549431	1.0
moderate_45_35_20	0.45/0.35/0.20	54071	2730	5000	5000	1.0	0.9992322980549431	1.0
moderate_45_35_20	0.45/0.35/0.20	54071	2745	5000	5000	1.0	0.9992322980549431	1.0
moderate_45_35_20	0.45/0.35/0.20	54071	2760	5000	5000	1.0	0.9992322980549431	1.0
moderate_45_35_20	0.45/0.35/0.20	54071	2775	5000	5000	1.0	0.9992322980549431	1.0
moderate_45_35_20	0.45/0.35/0.20	54071	2790	5000	5000	1.0	0.9992322980549431	1.0
moderate_45_35_20	0.45/0.35/0.20	54071	2805	5000	5000	1.0	0.9992322980549431	1.0
moderate_45_35_20	0.45/0.35/0.20	54071	2820	5000	5000	1.0	0.9992322980549431	1.0
moderate_45_35_20	0.45/0.35/0.20	54071	2835	5000	5000	1.0	0.9992322980549431	1.0
moderate_45_35_20	0.45/0.35/0.20	54071	2850	5000	5000	1.0	0.9992322980549431	1.0
moderate_45_35_20	0.45/0.35/0.20	54071	2865	5000	5000	1.0	0.9992322980549431	1.0
moderate_45_35_20	0.45/0.35/0.20	54071	2880	5000	5000	1.0	0.9992322980549431	1.0
moderate_45_35_20	0.45/0.35/0.20	54071	2895	5000	5000	1.0	0.9992322980549431	1.0
moderate_45_35_20	0.45/0.35/0.20	54071	2910	5000	5000	1.0	0.9992322980549431	1.0
moderate_45_35_20	0.45/0.35/0.20	54071	2925	5000	5000	1.0	0.9992322980549431	1.0
moderate_45_35_20	0.45/0.35/0.20	54071	2940	5000	5000	1.0	0.9992322980549431	1.0
moderate_45_35_20	0.45/0.35/0.20	54071	2955	5000	5000	1.0	0.9992322980549431	1.0
moderate_45_35_20	0.45/0.35/0.20	54071	2970	5000	5000	1.0	0.9992322980549431	1.0
moderate_45_35_20	0.45/0.35/0.20	54071	2985	5000	5000	1.0	0.9992322980549431	1.0
moderate_45_35_20	0.45/0.35/0.20	54071	3000	5000	5000	1.0	0.9992322980549431	1.0
moderate_45_35_20	0.45/0.35/0.20	54071	3015	5000	5000	1.0	0.9992322980549431	1.0
moderate_45_35_20	0.45/0.35/0.20	54071	3030	5000	5000	1.0	0.9992322980549431	1.0
moderate_45_35_20	0.45/0.35/0.20	54071	3045	5000	5000	1.0	0.9992322980549431	1.0
moderate_45_35_20	0.45/0.35/0.20	54071	3060	5000	5000	1.0	0.9992322980549431	1.0
moderate_45_35_20	0.45/0.35/0.20	54071	3075	5000	5000	1.0	0.9992322980549431	1.0
moderate_45_35_20	0.45/0.35/0.20	54071	3090	5000	5000	1.0	0.9992322980549431	1.0
moderate_45_35_20	0.45/0.35/0.20	54071	3105	5000	5000	1.0	0.9992322980549431	1.0
moderate_45_35_20	0.45/0.35/0.20	54071	3120	5000	5000	1.0	0.9992322980549431	1.0
moderate_45_35_20	0.45/0.35/0.20	54071	3135	5000	5000	1.0	0.9992322980549431	1.0
moderate_45_35_20	0.45/0.35/0.20	54071	3150	5000	5000	1.0	0.9992322980549431	1.0
moderate_45_35_20	0.45/0.35/0.20	54071	3165	5000	5000	1.0	0.9992322980549431	1.0
moderate_45_35_20	0.45/0.35/0.20	54071	3180	5000	5000	1.0	0.9992322980549431	1.0
moderate_45_35_20	0.45/0.35/0.20	54071	3195	5000	5000	1.0	0.9992322980549431	1.0
moderate_45_35_20	0.45/0.35/0.20	54071	3210	5000	5000	1.0	0.9992322980549431	1.0
moderate_45_35_20	0.45/0.35/0.20	54071	3225	5000	5000	1.0	0.9992322980549431	1.0
moderate_45_35_20	0.45/0.35/0.20	54071	3240	5000	5000	1.0	0.9992322980549431	1.0
moderate_45_35_20	0.45/0.35/0.20	54071	3255	5000	5000	1.0	0.9992322980549431	1.0
moderate_45_35_20	0.45/0.35/0.20	54071	3270	5000	5000	1.0	0.9992322980549431	1.0
moderate_45_35_20	0.45/0.35/0.20	54071	3285	5000	5000	1.0	0.9992322980549431	1.0
moderate_45_35_20	0.45/0.35/0.20	54071	3300	5000	5000	1.0	0.9992322980549431	1.0
moderate_45_35_20	0.45/0.35/0.20	54071	3315	5000	5000	1.0	0.9992322980549431	1.0
moderate_45_35_20	0.45/0.35/0.20	54071	3330	5000	5000	1.0	0.9992322980549431	1.0
moderate_45_35_20	0.45/0.35/0.20	54071	3345	5000	5000	1.0	0.9992322980549431	1.0
moderate_45_35_20	0.45/0.35/0.20	54071	3360	5000	5000	1.0	0.9992322980549431	1.0
moderate_45_35_20	0.45/0.35/0.20	54071	3375	5000	5000	1.0	0.9992322980549431	1.0
moderate_45_35_20	0.45/0.35/0.20	54071	3390	5000	5000	1.0	0.9992322980549431	1.0
moderate_45_35_20	0.45/0.35/0.20	54071	3405	5000	5000	1.0	0.9992322980549431	1.0
moderate_45_35_20	0.45/0.35/0.20	54071	3420	5000	5000	1.0	0.9992322980549431	1.0
moderate_45_35_20	0.45/0.35/0.20	54071	3435	5000	5000	1.0	0.9992322980549431	1.0
moderate_45_35_20	0.45/0.35/0.20	54071	3450	5000	5000	1.0	0.9992322980549431	1.0
moderate_45_35_20	0.45/0.35/0.20	54071	3465	5000	5000	1.0	0.9992322980549431	1.0
moderate_45_35_20	0.45/0.35/0.20	54071	3480	5000	5000	1.0	0.9992322980549431	1.0
moderate_45_35_20	0.45/0.35/0.20	54071	3495	5000	5000	1.0	0.9992322980549431	1.0
moderate_45_35_20	0.45/0.35/0.20	54071	3510	5000	5000	1.0	0.9992322980549431	1.0
moderate_45_35_20	0.45/0.35/0.20	54071	3525	5000	5000	1.0	0.9992322980549431	1.0
moderate_45_35_20	0.45/0.35/0.20	54071	3540	5000	5000	1.0	0.9992322980549431	1.0
moderate_45_35_20	0.45/0.35/0.20	54071	3555	5000	5000	1.0	0.9992322980549431	1.0
moderate_45_35_20	0.45/0.35/0.20	54071	3570	5000	5000	1.0	0.9992322980549431	1.0
moderate_45_35_20	0.45/0.35/0.20	54071	3585	5000	5000	1.0	0.9992322980549431	1.0
moderate_45_35_20	0.45/0.35/0.20	54071	3600	5000	5000	1.0	0.9992322980549431	1.0
moderate_45_35_20	0.45/0.35/0.20	54071	3615	5000	5000	1.0	0.9992322980549431	1.0
moderate_45_35_20	0.45/0.35/0.20	54071	3630	5000	5000	1.0	0.9992322980549431	1.0
moderate_45_35_20	0.45/0.35/0.20	54071	3645	5000	5000	1.0	0.9992322980549431	1.0
moderate_45_35_20	0.45/0.35/0.20	54071	3660	5000	5000	1.0	0.9992322980549431	1.0
moderate_45_35_20	0.45/0.35/0.20	54071	3675	5000	5000	1.0	0.9992322980549431	1.0
moderate_45_35_20	0.45/0.35/0.20	54071	3690	5000	5000	1.0	0.9992322980549431	1.0
moderate_45_35_20	0.45/0.35/0.20	54071	3705	5000	5000	1.0	0.9992322980549431	1.0
moderate_45_35_20	0.45/0.35/0.20	54071	3720	5000	5000	1.0	0.9992322980549431	1.0
moderate_45_35_20	0.45/0.35/0.20	54071	3735	5000	5000	1.0	0.9992322980549431	1.0
moderate_45_35_20	0.45/0.35/0.20	54071	3750	5000	5000	1.0	0.9992322980549431	1.0
moderate_45_35_20	0.45/0.35/0.20	54071	3765	5000	5000	1.0	0.9992322980549431	1.0
moderate_45_35_20	0.45/0.35/0.20	54071	3780	5000	5000	1.0	0.9992322980549431	1.0
moderate_45_35_20	0.45/0.35/0.20	54071	3795	5000	5000	1.0	0.9992322980549431	1.0
moderate_45_35_20	0.45/0.35/0.20	54071	3810	5000	5000	1.0	0.9992322980549431	1.0
moderate_45_35_20	0.45/0.35/0.20	54071	3825	5000	5000	1.0	0.9992322980549431	1.0
moderate_45_35_20	0.45/0.35/0.20	54071	3840	5000	5000	1.0	0.9992322980549431	1.0
moderate_45_35_20	0.45/0.35/0.20	54071	3855	5000	5000	1.0	0.9992322980549431	1.0
moderate_45_35_20	0.45/0.35/0.20	54071	3870	5000	5000	1.0	0.9992322980549431	1.0
moderate_45_35_20	0.45/0.35/0.20	54071	3885	5000	5000	1.0	0.9992322980549431	1.0
moderate_45_35_20	0.45/0.35/0.20	54071	3900	5000	5000	1.0	0.9992322980549431	1.0
moderate_45_35_20	0.45/0.35/0.20	54071	3915	5000	5000	1.0	0.9992322980549431	1.0
moderate_45_35_20	0.45/0.35/0.20	54071	3930	5000	5000	1.0	0.9992322980549431	1.0
moderate_45_35_20	0.45/0.35/0.20	54071	3945	5000	5000	1.0	0.9992322980549431	1.0
moderate_45_35_20	0.45/0.35/0.20	54071	3960	5000	5000	1.0	0.9992322980549431	1.0
moderate_45_35_20	0.45/0.35/0.20	54071	3975	5000	5000	1.0	0.9992322980549431	1.0
moderate_45_35_20	0.45/0.35/0.20	54071	3990	5000	5000	1.0	0.9992322980549431	1.0
moderate_45_35_20	0.45/0.35/0.20	54071	4005	5000	5000	1.0	0.9992322980549431	1.0
moderate_45_35_20	0.45/0.35/0.20	54071	4020	5000	5000	1.0	0.9992322980549431	1.0
moderate_45_35_20	0.45/0.35/0.20	54071	4035	5000	5000	1.0	0.9992322980549431	1.0
moderate_45_35_20	0.45/0.35/0.20	54071	4050	5000	5000	1.0	0.9992322980549431	1.0
moderate_45_35_20	0.45/0.35/0.20	54071	4065	5000	5000	1.0	0.9992322980549431	1.0
moderate_45_35_20	0.45/0.35/0.20	54071	4080	5000	5000	1.0	0.9992322980549431	1.0
moderate_45_35_20	0.45/0.35/0.20	54071	4095	5000	5000	1.0	0.9992322980549431	1.0
moderate_45_35_20	0.45/0.35/0.20	54071	4110	5000	5000	1.0	0.9992322980549431	1.0
moderate_45_35_20	0.45/0.35/0.20	54071	4125	5000	5000	1.0	0.9992322980549431	1.0
moderate_45_35_20	0.45/0.35/0.20	54071	4140	5000	5000	1.0	0.9992322980549431	1.0
moderate_45_35_20	0.45/0.35/0.20	54071	4155	5000	5000	1.0	0.9992322980549431	1.0
moderate_45_35_20	0.45/0.35/0.20	54071	4170	5000	5000	1.0	0.9992322980549431	1.0
moderate_45_35_20	0.45/0.35/0.20	54071	4185	5000	5000	1.0	0.9992322980549431	1.0
moderate_45_35_20	0.45/0.35/0.20	54071	4200	5000	5000	1.0	0.9992322980549431	1.0
moderate_45_35_20	0.45/0.35/0.20	54071	4215	5000	5000	1.0	0.9992322980549431	1.0
moderate_45_35_20	0.45/0.35/0.20	54071	4230	5000	5000	1.0	0.9992322980549431	1.0
moderate_45_35_20	0.45/0.35/0.20	54071	4245	5000	5000	1.0	0.9992322980549431	1.0
moderate_45_35_20	0.45/0.35/0.20	54071	4260	5000	5000	1.0	0.9992322980549431	1.0
moderate_45_35_20	0.45/0.35/0.20	54071	4275	5000	5000	1.0	0.9992322980549431	1.0
moderate_45_35_20	0.45/0.35/0.20	54071	4290	5000	5000	1.0	0.9992322980549431	1.0
moderate_45_35_20	0.45/0.35/0.20	54071	4305	5000	5000	1.0	0.9992322980549431	1.0
moderate_45_35_20	0.45/0.35/0.20	54071	4320	5000	5000	1.0	0.9992322980549431	1.0
moderate_45_35_20	0.45/0.35/0.20	54071	4335	5000	5000	1.0	0.9992322980549431	1.0
moderate_45_35_20	0.45/0.35/0.20	54071	4350	5000	5000	1.0	0.9992322980549431	1.0
moderate_45_35_20	0.45/0.35/0.20	54071	4365	5000	5000	1.0	0.9992322980549431	1.0
moderate_45_35_20	0.45/0.35/0.20	54071	4380	5000	5000	1.0	0.9992322980549431	1.0
moderate_45_35_20	0.45/0.35/0.20	54071	4395	5000	5000	1.0	0.9992322980549431	1.0
moderate_45_35_20	0.45/0.35/0.20	54071	4410	5000	5000	1.0	0.9992322980549431	1.0
moderate_45_35_20	0.45/0.35/0.20	54071	4425	5000	5000	1.0	0.9992322980549431	1.0
moderate_45_35_20	0.45/0.35/0.20	54071	4440	5000	5000	1.0	0.9992322980549431	1.0
moderate_45_35_20	0.45/0.35/0.20	54071	4455	5000	5000	1.0	0.9992322980549431	1.0
moderate_45_35_20	0.45/0.35/0.20	54071	4470	5000	5000	1.0	0.9992322980549431	1.0
moderate_45_35_20	0.45/0.35/0.20	54071	4485	5000	5000	1.0	0.9992322980549431	1.0
moderate_45_35_20	0.45/0.35/0.20	54071	4500	5000	5000	1.0	0.9992322980549431	1.0
moderate_45_35_20	0.45/0.35/0.20	54071	4515	5000	5000	1.0	0.9992322980549431	1.0
moderate_45_35_20	0.45/0.35/0.20	54071	4530	5000	5000	1.0	0.9992322980549431	1.0
moderate_45_35_20	0.45/0.35/0.20	54071	4545	5000	5000	1.0	0.9992322980549431	1.0
moderate_45_35_20	0.45/0.35/0.20	54071	4560	5000	5000	1.0	0.9992322980549431	1.0
moderate_45_35_20	0.45/0.35/0.20	54071	4575	5000	5000	1.0	0.9992322980549431	1.0
moderate_45_35_20	0.45/0.35/0.20	54071	4590	5000	5000	1.0	0.9992322980549431	1.0
moderate_45_35_20	0.45/0.35/0.20	54071	4605	5000	5000	1.0	0.9992322980549431	1.0
moderate_45_35_20	0.45/0.35/0.20	54071	4620	5000	5000	1.0	0.9992322980549431	1.0
moderate_45_35_20	0.45/0.35/0.20	54071	4635	5000	5000	1.0	0.9992322980549431	1.0
moderate_45_35_20	0.45/0.35/0.20	54071	4650	5000	5000	1.0	0.9992322980549431	1.0
moderate_45_35_20	0.45/0.35/0.20	54071	4665	5000	5000	1.0	0.9992322980549431	1.0
moderate_45_35_20	0.45/0.35/0.20	54071	4680	5000	5000	1.0	0.9992322980549431	1.0
moderate_45_35_20	0.45/0.35/0.20	54071	4695	5000	5000	1.0	0.9992322980549431	1.0
moderate_45_35_20	0.45/0.35/0.20	54071	4710	5000	5000	1.0	0.9992322980549431	1.0
moderate_45_35_20	0.45/0.35/0.20	54071	4725	5000	5000	1.0	0.9992322980549431	1.0
moderate_45_35_20	0.45/0.35/0.20	54071	4740	5000	5000	1.0	0.9992322980549431	1.0
moderate_45_35_20	0.45/0.35/0.20	54071	4755	5000	5000	1.0	0.9992322980549431	1.0
moderate_45_35_20	0.45/0.35/0.20	54071	4770	5000	5000	1.0	0.9992322980549431	1.0
moderate_45_35_20	0.45/0.35/0.20	54071	4785	5000	5000	1.0	0.9992322980549431	1.0
moderate_45_35_20	0.45/0.35/0.20	54071	4800	5000	5000	1.0	0.9992322980549431	1.0
moderate_45_35_20	0.45/0.35/0.20	54071	4815	5000	5000	1.0	0.9992322980549431	1.0
moderate_45_35_20	0.45/0.35/0.20	54071	4830	5000	5000	1.0	0.9992322980549431	1.0
moderate_45_35_20	0.45/0.35/0.20	54071	4845	5000	5000	1.0	0.9992322980549431	1.0
moderate_45_35_20	0.45/0.35/0.20	54071	4860	5000	5000	1.0	0.9992322980549431	1.0
moderate_45_35_20	0.45/0.35/0.20	54071	4875	5000	5000	1.0	0.9992322980549431	1.0
moderate_45_35_20	0.45/0.35/0.20	54071	4890	5000	5000	1.0	0.9992322980549431	1.0
moderate_45_35_20	0.45/0.35/0.20	54071	4905	5000	5000	1.0	0.9992322980549431	1.0
moderate_45_35_20	0.45/0.35/0.20	54071	4920	5000	5000	1.0	0.9992322980549431	1.0
moderate_45_35_20	0.45/0.35/0.20	54071	4935	5000	5000	1.0	0.9992322980549431	1.0
moderate_45_35_20	0.45/0.35/0.20	54071	4950	5000	5000	1.0	0.9992322980549431	1.0
moderate_45_35_20	0.45/0.35/0.20	54071	4965	5000	5000	1.0	0.9992322980549431	1.0
moderate_45_35_20	0.45/0.35/0.20	54071	4980	5000	5000	1.0	0.9992322980549431	1.0
moderate_45_35_20	0.45/0.35/0.20	54071	4995	5000	5000	1.0	0.9992322980549431	1.0
moderate_45_35_20	0.45/0.35/0.20	54071	5010	5000	5000	1.0	0.9992322980549431	1.0
moderate_45_35_20	0.45/0.35/0.20	54071	5025	5000	5000	1.0	0.9992322980549431	1.0
moderate_45_35_20	0.45/0.35/0.20	54071	5040	5000	5000	1.0	0.9992322980549431	1.0
moderate_45_35_20	0.45/0.35/0.20	54071	5055	5000	5000	1.0	0.9992322980549431	1.0
moderate_45_35_20	0.45/0.35/0.20	54071	5070	5000	5000	1.0	0.9992322980549431	1.0
moderate_45_35_20	0.45/0.35/0.20	54071	5085	5000	5000	1.0	0.9992322980549431	1.0
moderate_45_35_20	0.45/0.35/0.20	54071	5100	5000	5000	1.0	0.9992322980549431	1.0
moderate_45_35_20	0.45/0.35/0.20	54071	5115	5000	5000	1.0	0.9992322980549431	1.0
moderate_45_35_20	0.45/0.35/0.20	54071	5130	5000	5000	1.0	0.9992322980549431	1.0
moderate_45_35_20	0.45/0.35/0.20	54071	5145	5000	5000	1.0	0.9992322980549431	1.0
moderate_45_35_20	0.45/0.35/0.20	54071	5160	5000	5000	1.0	0.9992322980549431	1.0
moderate_45_35_20	0.45/0.35/0.20	54071	5175	5000	5000	1.0	0.9992322980549431	1.0
moderate_45_35_20	0.45/0.35/0.20	54071	5190	5000	5000	1.0	0.9992322980549431	1.0
moderate_45_35_20	0.45/0.35/0.20	54071	5205	5000	5000	1.0	0.9992322980549431	1.0
moderate_45_35_20	0.45/0.35/0.20	54071	5220	5000	5000	1.0	0.9992322980549431	1.0
moderate_45_35_20	0.45/0.35/0.20	54071	5235	5000	5000	1.0	0.9992322980549431	1.0
moderate_45_35_20	0.45/0.35/0.20	54071	5250	5000	5000	1.0	0.9992322980549431	1.0
moderate_45_35_20	0.45/0.35/0.20	54071	5265	5000	5000	1.0	0.9992322980549431	1.0
moderate_45_35_20	0.45/0.35/0.20	54071	5280	5000	5000	1.0	0.9992322980549431	1.0
moderate_45_35_20	0.45/0.35/0.20	54071	5295	5000	5000	1.0	0.9992322980549431	1.0
moderate_45_35_20	0.45/0.35/0.20	54071	5310	5000	5000	1.0	0.9992322980549431	1.0
moderate_45_35_20	0.45/0.35/0.20	54071	5325	5000	5000	1.0	0.9992322980549431	1.0
moderate_45_35_20	0.45/0.35/0.20	54071	5340	5000	5000	1.0	0.9992322980549431	1.0
moderate_45_35_20	0.45/0.35/0.20	54071	5355	5000	5000	1.0	0.9992322980549431	1.0
moderate_45_35_20	0.45/0.35/0.20	54071	5370	5000	5000	1.0	0.9992322980549431	1.0
moderate_45_35_20	0.45/0.35/0.20	54071	5385	5000	5000	1.0	0.9992322980549431	1.0
moderate_45_35_20	0.45/0.35/0.20	54071	5400	5000	5000	1.0	0.9992322980549431	1.0
moderate_45_35_20	0.45/0.35/0.20	54071	5415	5000	5000	1.0	0.9992322980549431	1.0
moderate_45_35_20	0.45/0.35/0.20	54071	5430	5000	5000	1.0	0.9992322980549431	1.0
moderate_45_35_20	0.45/0.35/0.20	54071	5445	5000	5000	1.0	0.9992322980549431	1.0
moderate_45_35_20	0.45/0.35/0.20	54071	5460	5000	5000	1.0	0.9992322980549431	1.0
moderate_45_35_20	0.45/0.35/0.20	54071	5475	5000	5000	1.0	0.9992322980549431	1.0
moderate_45_35_20	0.45/0.35/0.20	54071	5490	5000	5000	1.0	0.9992322980549431	1.0
moderate_45_35_20	0.45/0.35/0.20	54071	5505	5000	5000	1.0	0.9992322980549431	1.0
moderate_45_35_20	0.45/0.35/0.20	54071	5520	5000	5000	1.0	0.9992322980549431	1.0
moderate_45_35_20	0.45/0.35/0.20	54071	5535	5000	5000	1.0	0.9992322980549431	1.0
moderate_45_35_20	0.45/0.35/0.20	54071	5550	5000	5000	1.0	0.9992322980549431	1.0
moderate_45_35_20	0.45/0.35/0.20	54071	5565	5000	5000	1.0	0.9992322980549431	1.0
moderate_45_35_20	0.45/0.35/0.20	54071	5580	5000	5000	1.0	0.9992322980549431	1.0
moderate_45_35_20	0.45/0.35/0.20	54071	5595	5000	5000	1.0	0.9992322980549431	1.0
moderate_45_35_20	0.45/0.35/0.20	54071	5610	5000	5000	1.0	0.9992322980549431	1.0
moderate_45_35_20	0.45/0.35/0.20	54071	5625	5000	5000	1.0	0.9992322980549431	1.0
moderate_45_35_20	0.45/0.35/0.20	54071	5640	5000	5000	1.0	0.9992322980549431	1.0
moderate_45_35_20	0.45/0.35/0.20	54071	5655	5000	5000	1.0	0.9992322980549431	1.0
moderate_45_35_20	0.45/0.35/0.20	54071	5670	5000	5000	1.0	0.9992322980549431	1.0
moderate_45_35_20	0.45/0.35/0.20	54071	5685	5000	5000	1.0	0.9992322980549431	1.0
moderate_45_35_20	0.45/0.35/0.20	54071	5700	5000	5000	1.0	0.9992322980549431	1.0
moderate_45_35_20	0.45/0.35/0.20	54071	5715	5000	5000	1.0	0.9992322980549431	1.0
moderate_45_35_20	0.45/0.35/0.20	54071	5730	5000	5000	1.0	0.9992322980549431	1.0
moderate_45_35_20	0.45/0.35/0.20	54071	5745	5000	5000	1.0	0.9992322980549431	1.0
moderate_45_35_20	0.45/0.35/0.20	54071	5760	5000	5000	1.0	0.9992322980549431	1.0
moderate_45_35_20	0.45/0.35/0.20	54071	5775	5000	5000	1.0	0.9992322980549431	1.0
moderate_45_35_20	0.45/0.35/0.20	54071	5790	5000	5000	1.0	0.9992322980549431	1.0
moderate_45_35_20	0.45/0.35/0.20	54071	5805	5000	5000	1.0	0.9992322980549431	1.0
moderate_45_35_20	0.45/0.35/0.20	54071	5820	5000	5000	1.0	0.9992322980549431	1.0
moderate_45_35_20	0.45/0.35/0.20	54071	5835	5000	5000	1.0	0.9992322980549431	1.0
moderate_45_35_20	0.45/0.35/0.20	54071	5850	5000	5000	1.0	0.9992322980549431	1.0
moderate_45_35_20	0.45/0.35/0.20	54071	5865	5000	5000	1.0	0.9992322980549431	1.0
moderate_45_35_20	0.45/0.35/0.20	54071	5880	5000	5000	1.0	0.9992322980549431	1.0
moderate_45_35_20	0.45/0.35/0.20	54071	5895	5000	5000	1.0	0.9992322980549431	1.0
moderate_45_35_20	0.45/0.35/0.20	54071	5910	5000	5000	1.0	0.9992322980549431	1.0
moderate_45_35_20	0.45/0.35/0.20	54071	5925	5000	5000	1.0	0.9992322980549431	1.0
moderate_45_35_20	0.45/0.35/0.20	54071	5940	5000	5000	1.0	0.9992322980549431	1.0
moderate_45_35_20	0.45/0.35/0.20	54071	5955	5000	5000	1.0	0.9992322980549431	1.0
moderate_45_35_20	0.45/0.35/0.20	54071	5970	5000	5000	1.0	0.9992322980549431	1.0
moderate_45_35_20	0.45/0.35/0.20	54071	5985	5000	5000	1.0	0.9992322980549431	1.0
moderate_45_35_20	0.45/0.35/0.20	54071	6000	5000	5000	1.0	0.9992322980549431	1.0
moderate_45_35_20	0.45/0.35/0.20	54079	450	5000	0	0.0	0.0	0.0007677019450571244
moderate_45_35_20	0.45/0.35/0.20	54079	465	5000	0	0.0	0.0	0.0007677019450571244
moderate_45_35_20	0.45/0.35/0.20	54079	480	5000	0	0.0	0.0	0.0007677019450571244
moderate_45_35_20	0.45/0.35/0.20	54079	495	5000	0	0.0	0.0	0.0007677019450571244
moderate_45_35_20	0.45/0.35/0.20	54079	510	5000	0	0.0	0.0	0.0007677019450571244
moderate_45_35_20	0.45/0.35/0.20	54079	525	5000	0	0.0	0.0	0.0007677019450571244
moderate_45_35_20	0.45/0.35/0.20	54079	540	5000	0	0.0	0.0	0.0007677019450571244
moderate_45_35_20	0.45/0.35/0.20	54079	555	5000	0	0.0	0.0	0.0007677019450571244
moderate_45_35_20	0.45/0.35/0.20	54079	570	5000	0	0.0	0.0	0.0007677019450571244
moderate_45_35_20	0.45/0.35/0.20	54079	585	5000	0	0.0	0.0	0.0007677019450571244
moderate_45_35_20	0.45/0.35/0.20	54079	600	5000	0	0.0	0.0	0.0007677019450571244
moderate_45_35_20	0.45/0.35/0.20	54079	615	5000	0	0.0	0.0	0.0007677019450571244
moderate_45_35_20	0.45/0.35/0.20	54079	630	5000	0	0.0	0.0	0.0007677019450571244
moderate_45_35_20	0.45/0.35/0.20	54079	645	5000	0	0.0	0.0	0.0007677019450571244
moderate_45_35_20	0.45/0.35/0.20	54079	660	5000	0	0.0	0.0	0.0007677019450571244
moderate_45_35_20	0.45/0.35/0.20	54079	675	5000	0	0.0	0.0	0.0007677019450571244
moderate_45_35_20	0.45/0.35/0.20	54079	690	5000	0	0.0	0.0	0.0007677019450571244
moderate_45_35_20	0.45/0.35/0.20	54079	705	5000	1	0.0002	3.530578343936526e-05	0.0011320890808397363
moderate_45_35_20	0.45/0.35/0.20	54079	720	5000	4	0.0008	0.00031114697610156263	0.0020553266458434704
moderate_45_35_20	0.45/0.35/0.20	54079	735	5000	6	0.0012	0.0005500831677591556	0.002615776292629832
moderate_45_35_20	0.45/0.35/0.20	54079	750	5000	20	0.004	0.002590942718784777	0.006170617610711892
moderate_45_35_20	0.45/0.35/0.20	54079	765	5000	37	0.0074	0.005373597756871216	0.010182742199399067
moderate_45_35_20	0.45/0.35/0.20	54079	780	5000	77	0.0154	0.012339981325724817	0.019204075399424557
moderate_45_35_20	0.45/0.35/0.20	54079	795	5000	110	0.022	0.018286209661005734	0.02644771339846888
moderate_45_35_20	0.45/0.35/0.20	54079	810	5000	232	0.0464	0.040909582282313894	0.052586876922241926
moderate_45_35_20	0.45/0.35/0.20	54079	825	5000	322	0.0644	0.057925013077742796	0.07154380885679097
moderate_45_35_20	0.45/0.35/0.20	54079	840	5000	536	0.1072	0.09892447485888448	0.11607863178915243
moderate_45_35_20	0.45/0.35/0.20	54079	855	5000	774	0.1548	0.14503934268608323	0.16509067873678426
moderate_45_35_20	0.45/0.35/0.20	54079	870	5000	1019	0.2038	0.1928639129561306	0.21519087367612133
moderate_45_35_20	0.45/0.35/0.20	54079	885	5000	1440	0.288	0.27561490923173787	0.3007105963929663
moderate_45_35_20	0.45/0.35/0.20	54079	900	5000	1886	0.3772	0.3638645473938111	0.390724000203895
moderate_45_35_20	0.45/0.35/0.20	54079	915	5000	2290	0.458	0.4442274508474182	0.4718370361159667
moderate_45_35_20	0.45/0.35/0.20	54079	930	5000	2727	0.5454	0.5315686125459422	0.5591616801174466
moderate_45_35_20	0.45/0.35/0.20	54079	945	5000	3137	0.6274	0.6139053792511473	0.6406990102932522
moderate_45_35_20	0.45/0.35/0.20	54079	960	5000	3478	0.6956	0.6826992982971373	0.7082003767019563
moderate_45_35_20	0.45/0.35/0.20	54079	975	5000	3834	0.7668	0.7548767858247035	0.7783135684174142
moderate_45_35_20	0.45/0.35/0.20	54079	990	5000	4095	0.819	0.808084426290542	0.8294257798685116
moderate_45_35_20	0.45/0.35/0.20	54079	1005	5000	4402	0.8804	0.871112350307555	0.8891035820526455
moderate_45_35_20	0.45/0.35/0.20	54079	1020	5000	4562	0.9124	0.9042437718154798	0.9199230276202371
moderate_45_35_20	0.45/0.35/0.20	54079	1035	5000	4663	0.9326	0.9253133309704897	0.9392224533066469
moderate_45_35_20	0.45/0.35/0.20	54079	1050	5000	4809	0.9618	0.9561227277633483	0.9667682227201971
moderate_45_35_20	0.45/0.35/0.20	54079	1065	5000	4889	0.9778	0.9733345120945426	0.9815318719267608
moderate_45_35_20	0.45/0.35/0.20	54079	1080	5000	4928	0.9856	0.9819053529094383	0.9885490549615225
moderate_45_35_20	0.45/0.35/0.20	54079	1095	5000	4949	0.9898	0.9866146950734219	0.9922332641012003
moderate_45_35_20	0.45/0.35/0.20	54079	1110	5000	4982	0.9964	0.9943162662633602	0.997721559245587
moderate_45_35_20	0.45/0.35/0.20	54079	1125	5000	4978	0.9956	0.9933466185850587	0.9970924352470009
moderate_45_35_20	0.45/0.35/0.20	54079	1140	5000	4994	0.9988	0.9973842237073702	0.9994499168322408
moderate_45_35_20	0.45/0.35/0.20	54079	1155	5000	4993	0.9986	0.9971127802223416	0.9993216673980476
moderate_45_35_20	0.45/0.35/0.20	54079	1170	5000	4998	0.9996	0.9985426134985768	0.9998902987179225
moderate_45_35_20	0.45/0.35/0.20	54079	1185	5000	4998	0.9996	0.9985426134985768	0.9998902987179225
moderate_45_35_20	0.45/0.35/0.20	54079	1200	5000	5000	1.0	0.9992322980549431	1.0
moderate_45_35_20	0.45/0.35/0.20	54079	1215	5000	5000	1.0	0.9992322980549431	1.0
moderate_45_35_20	0.45/0.35/0.20	54079	1230	5000	5000	1.0	0.9992322980549431	1.0
moderate_45_35_20	0.45/0.35/0.20	54079	1245	5000	5000	1.0	0.9992322980549431	1.0
moderate_45_35_20	0.45/0.35/0.20	54079	1260	5000	5000	1.0	0.9992322980549431	1.0
moderate_45_35_20	0.45/0.35/0.20	54079	1275	5000	5000	1.0	0.9992322980549431	1.0
moderate_45_35_20	0.45/0.35/0.20	54079	1290	5000	5000	1.0	0.9992322980549431	1.0
moderate_45_35_20	0.45/0.35/0.20	54079	1305	5000	5000	1.0	0.9992322980549431	1.0
moderate_45_35_20	0.45/0.35/0.20	54079	1320	5000	5000	1.0	0.9992322980549431	1.0
moderate_45_35_20	0.45/0.35/0.20	54079	1335	5000	5000	1.0	0.9992322980549431	1.0
moderate_45_35_20	0.45/0.35/0.20	54079	1350	5000	5000	1.0	0.9992322980549431	1.0
moderate_45_35_20	0.45/0.35/0.20	54079	1365	5000	5000	1.0	0.9992322980549431	1.0
moderate_45_35_20	0.45/0.35/0.20	54079	1380	5000	5000	1.0	0.9992322980549431	1.0
moderate_45_35_20	0.45/0.35/0.20	54079	1395	5000	5000	1.0	0.9992322980549431	1.0
moderate_45_35_20	0.45/0.35/0.20	54079	1410	5000	5000	1.0	0.9992322980549431	1.0
moderate_45_35_20	0.45/0.35/0.20	54079	1425	5000	5000	1.0	0.9992322980549431	1.0
moderate_45_35_20	0.45/0.35/0.20	54079	1440	5000	5000	1.0	0.9992322980549431	1.0
moderate_45_35_20	0.45/0.35/0.20	54079	1455	5000	5000	1.0	0.9992322980549431	1.0
moderate_45_35_20	0.45/0.35/0.20	54079	1470	5000	5000	1.0	0.9992322980549431	1.0
moderate_45_35_20	0.45/0.35/0.20	54079	1485	5000	5000	1.0	0.9992322980549431	1.0
moderate_45_35_20	0.45/0.35/0.20	54079	1500	5000	5000	1.0	0.9992322980549431	1.0
moderate_45_35_20	0.45/0.35/0.20	54079	1515	5000	5000	1.0	0.9992322980549431	1.0
moderate_45_35_20	0.45/0.35/0.20	54079	1530	5000	5000	1.0	0.9992322980549431	1.0
moderate_45_35_20	0.45/0.35/0.20	54079	1545	5000	5000	1.0	0.9992322980549431	1.0
moderate_45_35_20	0.45/0.35/0.20	54079	1560	5000	5000	1.0	0.9992322980549431	1.0
moderate_45_35_20	0.45/0.35/0.20	54079	1575	5000	5000	1.0	0.9992322980549431	1.0
moderate_45_35_20	0.45/0.35/0.20	54079	1590	5000	5000	1.0	0.9992322980549431	1.0
moderate_45_35_20	0.45/0.35/0.20	54079	1605	5000	5000	1.0	0.9992322980549431	1.0
moderate_45_35_20	0.45/0.35/0.20	54079	1620	5000	5000	1.0	0.9992322980549431	1.0
moderate_45_35_20	0.45/0.35/0.20	54079	1635	5000	5000	1.0	0.9992322980549431	1.0
moderate_45_35_20	0.45/0.35/0.20	54079	1650	5000	5000	1.0	0.9992322980549431	1.0
moderate_45_35_20	0.45/0.35/0.20	54079	1665	5000	5000	1.0	0.9992322980549431	1.0
moderate_45_35_20	0.45/0.35/0.20	54079	1680	5000	5000	1.0	0.9992322980549431	1.0
moderate_45_35_20	0.45/0.35/0.20	54079	1695	5000	5000	1.0	0.9992322980549431	1.0
moderate_45_35_20	0.45/0.35/0.20	54079	1710	5000	5000	1.0	0.9992322980549431	1.0
moderate_45_35_20	0.45/0.35/0.20	54079	1725	5000	5000	1.0	0.9992322980549431	1.0
moderate_45_35_20	0.45/0.35/0.20	54079	1740	5000	5000	1.0	0.9992322980549431	1.0
moderate_45_35_20	0.45/0.35/0.20	54079	1755	5000	5000	1.0	0.9992322980549431	1.0
moderate_45_35_20	0.45/0.35/0.20	54079	1770	5000	5000	1.0	0.9992322980549431	1.0
moderate_45_35_20	0.45/0.35/0.20	54079	1785	5000	5000	1.0	0.9992322980549431	1.0
moderate_45_35_20	0.45/0.35/0.20	54079	1800	5000	5000	1.0	0.9992322980549431	1.0
moderate_45_35_20	0.45/0.35/0.20	54079	1815	5000	5000	1.0	0.9992322980549431	1.0
moderate_45_35_20	0.45/0.35/0.20	54079	1830	5000	5000	1.0	0.9992322980549431	1.0
moderate_45_35_20	0.45/0.35/0.20	54079	1845	5000	5000	1.0	0.9992322980549431	1.0
moderate_45_35_20	0.45/0.35/0.20	54079	1860	5000	5000	1.0	0.9992322980549431	1.0
moderate_45_35_20	0.45/0.35/0.20	54079	1875	5000	5000	1.0	0.9992322980549431	1.0
moderate_45_35_20	0.45/0.35/0.20	54079	1890	5000	5000	1.0	0.9992322980549431	1.0
moderate_45_35_20	0.45/0.35/0.20	54079	1905	5000	5000	1.0	0.9992322980549431	1.0
moderate_45_35_20	0.45/0.35/0.20	54079	1920	5000	5000	1.0	0.9992322980549431	1.0
moderate_45_35_20	0.45/0.35/0.20	54079	1935	5000	5000	1.0	0.9992322980549431	1.0
moderate_45_35_20	0.45/0.35/0.20	54079	1950	5000	5000	1.0	0.9992322980549431	1.0
moderate_45_35_20	0.45/0.35/0.20	54079	1965	5000	5000	1.0	0.9992322980549431	1.0
moderate_45_35_20	0.45/0.35/0.20	54079	1980	5000	5000	1.0	0.9992322980549431	1.0
moderate_45_35_20	0.45/0.35/0.20	54079	1995	5000	5000	1.0	0.9992322980549431	1.0
moderate_45_35_20	0.45/0.35/0.20	54079	2010	5000	5000	1.0	0.9992322980549431	1.0
moderate_45_35_20	0.45/0.35/0.20	54079	2025	5000	5000	1.0	0.9992322980549431	1.0
moderate_45_35_20	0.45/0.35/0.20	54079	2040	5000	5000	1.0	0.9992322980549431	1.0
moderate_45_35_20	0.45/0.35/0.20	54079	2055	5000	5000	1.0	0.9992322980549431	1.0
moderate_45_35_20	0.45/0.35/0.20	54079	2070	5000	5000	1.0	0.9992322980549431	1.0
moderate_45_35_20	0.45/0.35/0.20	54079	2085	5000	5000	1.0	0.9992322980549431	1.0
moderate_45_35_20	0.45/0.35/0.20	54079	2100	5000	5000	1.0	0.9992322980549431	1.0
moderate_45_35_20	0.45/0.35/0.20	54079	2115	5000	5000	1.0	0.9992322980549431	1.0
moderate_45_35_20	0.45/0.35/0.20	54079	2130	5000	5000	1.0	0.9992322980549431	1.0
moderate_45_35_20	0.45/0.35/0.20	54079	2145	5000	5000	1.0	0.9992322980549431	1.0
moderate_45_35_20	0.45/0.35/0.20	54079	2160	5000	5000	1.0	0.9992322980549431	1.0
moderate_45_35_20	0.45/0.35/0.20	54079	2175	5000	5000	1.0	0.9992322980549431	1.0
moderate_45_35_20	0.45/0.35/0.20	54079	2190	5000	5000	1.0	0.9992322980549431	1.0
moderate_45_35_20	0.45/0.35/0.20	54079	2205	5000	5000	1.0	0.9992322980549431	1.0
moderate_45_35_20	0.45/0.35/0.20	54079	2220	5000	5000	1.0	0.9992322980549431	1.0
moderate_45_35_20	0.45/0.35/0.20	54079	2235	5000	5000	1.0	0.9992322980549431	1.0
moderate_45_35_20	0.45/0.35/0.20	54079	2250	5000	5000	1.0	0.9992322980549431	1.0
moderate_45_35_20	0.45/0.35/0.20	54079	2265	5000	5000	1.0	0.9992322980549431	1.0
moderate_45_35_20	0.45/0.35/0.20	54079	2280	5000	5000	1.0	0.9992322980549431	1.0
moderate_45_35_20	0.45/0.35/0.20	54079	2295	5000	5000	1.0	0.9992322980549431	1.0
moderate_45_35_20	0.45/0.35/0.20	54079	2310	5000	5000	1.0	0.9992322980549431	1.0
moderate_45_35_20	0.45/0.35/0.20	54079	2325	5000	5000	1.0	0.9992322980549431	1.0
moderate_45_35_20	0.45/0.35/0.20	54079	2340	5000	5000	1.0	0.9992322980549431	1.0
moderate_45_35_20	0.45/0.35/0.20	54079	2355	5000	5000	1.0	0.9992322980549431	1.0
moderate_45_35_20	0.45/0.35/0.20	54079	2370	5000	5000	1.0	0.9992322980549431	1.0
moderate_45_35_20	0.45/0.35/0.20	54079	2385	5000	5000	1.0	0.9992322980549431	1.0
moderate_45_35_20	0.45/0.35/0.20	54079	2400	5000	5000	1.0	0.9992322980549431	1.0
moderate_45_35_20	0.45/0.35/0.20	54079	2415	5000	5000	1.0	0.9992322980549431	1.0
moderate_45_35_20	0.45/0.35/0.20	54079	2430	5000	5000	1.0	0.9992322980549431	1.0
moderate_45_35_20	0.45/0.35/0.20	54079	2445	5000	5000	1.0	0.9992322980549431	1.0
moderate_45_35_20	0.45/0.35/0.20	54079	2460	5000	5000	1.0	0.9992322980549431	1.0
moderate_45_35_20	0.45/0.35/0.20	54079	2475	5000	5000	1.0	0.9992322980549431	1.0
moderate_45_35_20	0.45/0.35/0.20	54079	2490	5000	5000	1.0	0.9992322980549431	1.0
moderate_45_35_20	0.45/0.35/0.20	54079	2505	5000	5000	1.0	0.9992322980549431	1.0
moderate_45_35_20	0.45/0.35/0.20	54079	2520	5000	5000	1.0	0.9992322980549431	1.0
moderate_45_35_20	0.45/0.35/0.20	54079	2535	5000	5000	1.0	0.9992322980549431	1.0
moderate_45_35_20	0.45/0.35/0.20	54079	2550	5000	5000	1.0	0.9992322980549431	1.0
moderate_45_35_20	0.45/0.35/0.20	54079	2565	5000	5000	1.0	0.9992322980549431	1.0
moderate_45_35_20	0.45/0.35/0.20	54079	2580	5000	5000	1.0	0.9992322980549431	1.0
moderate_45_35_20	0.45/0.35/0.20	54079	2595	5000	5000	1.0	0.9992322980549431	1.0
moderate_45_35_20	0.45/0.35/0.20	54079	2610	5000	5000	1.0	0.9992322980549431	1.0
moderate_45_35_20	0.45/0.35/0.20	54079	2625	5000	5000	1.0	0.9992322980549431	1.0
moderate_45_35_20	0.45/0.35/0.20	54079	2640	5000	5000	1.0	0.9992322980549431	1.0
moderate_45_35_20	0.45/0.35/0.20	54079	2655	5000	5000	1.0	0.9992322980549431	1.0
moderate_45_35_20	0.45/0.35/0.20	54079	2670	5000	5000	1.0	0.9992322980549431	1.0
moderate_45_35_20	0.45/0.35/0.20	54079	2685	5000	5000	1.0	0.9992322980549431	1.0
moderate_45_35_20	0.45/0.35/0.20	54079	2700	5000	5000	1.0	0.9992322980549431	1.0
moderate_45_35_20	0.45/0.35/0.20	54079	2715	5000	5000	1.0	0.9992322980549431	1.0
moderate_45_35_20	0.45/0.35/0.20	54079	2730	5000	5000	1.0	0.9992322980549431	1.0
moderate_45_35_20	0.45/0.35/0.20	54079	2745	5000	5000	1.0	0.9992322980549431	1.0
moderate_45_35_20	0.45/0.35/0.20	54079	2760	5000	5000	1.0	0.9992322980549431	1.0
moderate_45_35_20	0.45/0.35/0.20	54079	2775	5000	5000	1.0	0.9992322980549431	1.0
moderate_45_35_20	0.45/0.35/0.20	54079	2790	5000	5000	1.0	0.9992322980549431	1.0
moderate_45_35_20	0.45/0.35/0.20	54079	2805	5000	5000	1.0	0.9992322980549431	1.0
moderate_45_35_20	0.45/0.35/0.20	54079	2820	5000	5000	1.0	0.9992322980549431	1.0
moderate_45_35_20	0.45/0.35/0.20	54079	2835	5000	5000	1.0	0.9992322980549431	1.0
moderate_45_35_20	0.45/0.35/0.20	54079	2850	5000	5000	1.0	0.9992322980549431	1.0
moderate_45_35_20	0.45/0.35/0.20	54079	2865	5000	5000	1.0	0.9992322980549431	1.0
moderate_45_35_20	0.45/0.35/0.20	54079	2880	5000	5000	1.0	0.9992322980549431	1.0
moderate_45_35_20	0.45/0.35/0.20	54079	2895	5000	5000	1.0	0.9992322980549431	1.0
moderate_45_35_20	0.45/0.35/0.20	54079	2910	5000	5000	1.0	0.9992322980549431	1.0
moderate_45_35_20	0.45/0.35/0.20	54079	2925	5000	5000	1.0	0.9992322980549431	1.0
moderate_45_35_20	0.45/0.35/0.20	54079	2940	5000	5000	1.0	0.9992322980549431	1.0
moderate_45_35_20	0.45/0.35/0.20	54079	2955	5000	5000	1.0	0.9992322980549431	1.0
moderate_45_35_20	0.45/0.35/0.20	54079	2970	5000	5000	1.0	0.9992322980549431	1.0
moderate_45_35_20	0.45/0.35/0.20	54079	2985	5000	5000	1.0	0.9992322980549431	1.0
moderate_45_35_20	0.45/0.35/0.20	54079	3000	5000	5000	1.0	0.9992322980549431	1.0
moderate_45_35_20	0.45/0.35/0.20	54079	3015	5000	5000	1.0	0.9992322980549431	1.0
moderate_45_35_20	0.45/0.35/0.20	54079	3030	5000	5000	1.0	0.9992322980549431	1.0
moderate_45_35_20	0.45/0.35/0.20	54079	3045	5000	5000	1.0	0.9992322980549431	1.0
moderate_45_35_20	0.45/0.35/0.20	54079	3060	5000	5000	1.0	0.9992322980549431	1.0
moderate_45_35_20	0.45/0.35/0.20	54079	3075	5000	5000	1.0	0.9992322980549431	1.0
moderate_45_35_20	0.45/0.35/0.20	54079	3090	5000	5000	1.0	0.9992322980549431	1.0
moderate_45_35_20	0.45/0.35/0.20	54079	3105	5000	5000	1.0	0.9992322980549431	1.0
moderate_45_35_20	0.45/0.35/0.20	54079	3120	5000	5000	1.0	0.9992322980549431	1.0
moderate_45_35_20	0.45/0.35/0.20	54079	3135	5000	5000	1.0	0.9992322980549431	1.0
moderate_45_35_20	0.45/0.35/0.20	54079	3150	5000	5000	1.0	0.9992322980549431	1.0
moderate_45_35_20	0.45/0.35/0.20	54079	3165	5000	5000	1.0	0.9992322980549431	1.0
moderate_45_35_20	0.45/0.35/0.20	54079	3180	5000	5000	1.0	0.9992322980549431	1.0
moderate_45_35_20	0.45/0.35/0.20	54079	3195	5000	5000	1.0	0.9992322980549431	1.0
moderate_45_35_20	0.45/0.35/0.20	54079	3210	5000	5000	1.0	0.9992322980549431	1.0
moderate_45_35_20	0.45/0.35/0.20	54079	3225	5000	5000	1.0	0.9992322980549431	1.0
moderate_45_35_20	0.45/0.35/0.20	54079	3240	5000	5000	1.0	0.9992322980549431	1.0
moderate_45_35_20	0.45/0.35/0.20	54079	3255	5000	5000	1.0	0.9992322980549431	1.0
moderate_45_35_20	0.45/0.35/0.20	54079	3270	5000	5000	1.0	0.9992322980549431	1.0
moderate_45_35_20	0.45/0.35/0.20	54079	3285	5000	5000	1.0	0.9992322980549431	1.0
moderate_45_35_20	0.45/0.35/0.20	54079	3300	5000	5000	1.0	0.9992322980549431	1.0
moderate_45_35_20	0.45/0.35/0.20	54079	3315	5000	5000	1.0	0.9992322980549431	1.0
moderate_45_35_20	0.45/0.35/0.20	54079	3330	5000	5000	1.0	0.9992322980549431	1.0
moderate_45_35_20	0.45/0.35/0.20	54079	3345	5000	5000	1.0	0.9992322980549431	1.0
moderate_45_35_20	0.45/0.35/0.20	54079	3360	5000	5000	1.0	0.9992322980549431	1.0
moderate_45_35_20	0.45/0.35/0.20	54079	3375	5000	5000	1.0	0.9992322980549431	1.0
moderate_45_35_20	0.45/0.35/0.20	54079	3390	5000	5000	1.0	0.9992322980549431	1.0
moderate_45_35_20	0.45/0.35/0.20	54079	3405	5000	5000	1.0	0.9992322980549431	1.0
moderate_45_35_20	0.45/0.35/0.20	54079	3420	5000	5000	1.0	0.9992322980549431	1.0
moderate_45_35_20	0.45/0.35/0.20	54079	3435	5000	5000	1.0	0.9992322980549431	1.0
moderate_45_35_20	0.45/0.35/0.20	54079	3450	5000	5000	1.0	0.9992322980549431	1.0
moderate_45_35_20	0.45/0.35/0.20	54079	3465	5000	5000	1.0	0.9992322980549431	1.0
moderate_45_35_20	0.45/0.35/0.20	54079	3480	5000	5000	1.0	0.9992322980549431	1.0
moderate_45_35_20	0.45/0.35/0.20	54079	3495	5000	5000	1.0	0.9992322980549431	1.0
moderate_45_35_20	0.45/0.35/0.20	54079	3510	5000	5000	1.0	0.9992322980549431	1.0
moderate_45_35_20	0.45/0.35/0.20	54079	3525	5000	5000	1.0	0.9992322980549431	1.0
moderate_45_35_20	0.45/0.35/0.20	54079	3540	5000	5000	1.0	0.9992322980549431	1.0
moderate_45_35_20	0.45/0.35/0.20	54079	3555	5000	5000	1.0	0.9992322980549431	1.0
moderate_45_35_20	0.45/0.35/0.20	54079	3570	5000	5000	1.0	0.9992322980549431	1.0
moderate_45_35_20	0.45/0.35/0.20	54079	3585	5000	5000	1.0	0.9992322980549431	1.0
moderate_45_35_20	0.45/0.35/0.20	54079	3600	5000	5000	1.0	0.9992322980549431	1.0
moderate_45_35_20	0.45/0.35/0.20	54079	3615	5000	5000	1.0	0.9992322980549431	1.0
moderate_45_35_20	0.45/0.35/0.20	54079	3630	5000	5000	1.0	0.9992322980549431	1.0
moderate_45_35_20	0.45/0.35/0.20	54079	3645	5000	5000	1.0	0.9992322980549431	1.0
moderate_45_35_20	0.45/0.35/0.20	54079	3660	5000	5000	1.0	0.9992322980549431	1.0
moderate_45_35_20	0.45/0.35/0.20	54079	3675	5000	5000	1.0	0.9992322980549431	1.0
moderate_45_35_20	0.45/0.35/0.20	54079	3690	5000	5000	1.0	0.9992322980549431	1.0
moderate_45_35_20	0.45/0.35/0.20	54079	3705	5000	5000	1.0	0.9992322980549431	1.0
moderate_45_35_20	0.45/0.35/0.20	54079	3720	5000	5000	1.0	0.9992322980549431	1.0
moderate_45_35_20	0.45/0.35/0.20	54079	3735	5000	5000	1.0	0.9992322980549431	1.0
moderate_45_35_20	0.45/0.35/0.20	54079	3750	5000	5000	1.0	0.9992322980549431	1.0
moderate_45_35_20	0.45/0.35/0.20	54079	3765	5000	5000	1.0	0.9992322980549431	1.0
moderate_45_35_20	0.45/0.35/0.20	54079	3780	5000	5000	1.0	0.9992322980549431	1.0
moderate_45_35_20	0.45/0.35/0.20	54079	3795	5000	5000	1.0	0.9992322980549431	1.0
moderate_45_35_20	0.45/0.35/0.20	54079	3810	5000	5000	1.0	0.9992322980549431	1.0
moderate_45_35_20	0.45/0.35/0.20	54079	3825	5000	5000	1.0	0.9992322980549431	1.0
moderate_45_35_20	0.45/0.35/0.20	54079	3840	5000	5000	1.0	0.9992322980549431	1.0
moderate_45_35_20	0.45/0.35/0.20	54079	3855	5000	5000	1.0	0.9992322980549431	1.0
moderate_45_35_20	0.45/0.35/0.20	54079	3870	5000	5000	1.0	0.9992322980549431	1.0
moderate_45_35_20	0.45/0.35/0.20	54079	3885	5000	5000	1.0	0.9992322980549431	1.0
moderate_45_35_20	0.45/0.35/0.20	54079	3900	5000	5000	1.0	0.9992322980549431	1.0
moderate_45_35_20	0.45/0.35/0.20	54079	3915	5000	5000	1.0	0.9992322980549431	1.0
moderate_45_35_20	0.45/0.35/0.20	54079	3930	5000	5000	1.0	0.9992322980549431	1.0
moderate_45_35_20	0.45/0.35/0.20	54079	3945	5000	5000	1.0	0.9992322980549431	1.0
moderate_45_35_20	0.45/0.35/0.20	54079	3960	5000	5000	1.0	0.9992322980549431	1.0
moderate_45_35_20	0.45/0.35/0.20	54079	3975	5000	5000	1.0	0.9992322980549431	1.0
moderate_45_35_20	0.45/0.35/0.20	54079	3990	5000	5000	1.0	0.9992322980549431	1.0
moderate_45_35_20	0.45/0.35/0.20	54079	4005	5000	5000	1.0	0.9992322980549431	1.0
moderate_45_35_20	0.45/0.35/0.20	54079	4020	5000	5000	1.0	0.9992322980549431	1.0
moderate_45_35_20	0.45/0.35/0.20	54079	4035	5000	5000	1.0	0.9992322980549431	1.0
moderate_45_35_20	0.45/0.35/0.20	54079	4050	5000	5000	1.0	0.9992322980549431	1.0
moderate_45_35_20	0.45/0.35/0.20	54079	4065	5000	5000	1.0	0.9992322980549431	1.0
moderate_45_35_20	0.45/0.35/0.20	54079	4080	5000	5000	1.0	0.9992322980549431	1.0
moderate_45_35_20	0.45/0.35/0.20	54079	4095	5000	5000	1.0	0.9992322980549431	1.0
moderate_45_35_20	0.45/0.35/0.20	54079	4110	5000	5000	1.0	0.9992322980549431	1.0
moderate_45_35_20	0.45/0.35/0.20	54079	4125	5000	5000	1.0	0.9992322980549431	1.0
moderate_45_35_20	0.45/0.35/0.20	54079	4140	5000	5000	1.0	0.9992322980549431	1.0
moderate_45_35_20	0.45/0.35/0.20	54079	4155	5000	5000	1.0	0.9992322980549431	1.0
moderate_45_35_20	0.45/0.35/0.20	54079	4170	5000	5000	1.0	0.9992322980549431	1.0
moderate_45_35_20	0.45/0.35/0.20	54079	4185	5000	5000	1.0	0.9992322980549431	1.0
moderate_45_35_20	0.45/0.35/0.20	54079	4200	5000	5000	1.0	0.9992322980549431	1.0
moderate_45_35_20	0.45/0.35/0.20	54079	4215	5000	5000	1.0	0.9992322980549431	1.0
moderate_45_35_20	0.45/0.35/0.20	54079	4230	5000	5000	1.0	0.9992322980549431	1.0
moderate_45_35_20	0.45/0.35/0.20	54079	4245	5000	5000	1.0	0.9992322980549431	1.0
moderate_45_35_20	0.45/0.35/0.20	54079	4260	5000	5000	1.0	0.9992322980549431	1.0
moderate_45_35_20	0.45/0.35/0.20	54079	4275	5000	5000	1.0	0.9992322980549431	1.0
moderate_45_35_20	0.45/0.35/0.20	54079	4290	5000	5000	1.0	0.9992322980549431	1.0
moderate_45_35_20	0.45/0.35/0.20	54079	4305	5000	5000	1.0	0.9992322980549431	1.0
moderate_45_35_20	0.45/0.35/0.20	54079	4320	5000	5000	1.0	0.9992322980549431	1.0
moderate_45_35_20	0.45/0.35/0.20	54079	4335	5000	5000	1.0	0.9992322980549431	1.0
moderate_45_35_20	0.45/0.35/0.20	54079	4350	5000	5000	1.0	0.9992322980549431	1.0
moderate_45_35_20	0.45/0.35/0.20	54079	4365	5000	5000	1.0	0.9992322980549431	1.0
moderate_45_35_20	0.45/0.35/0.20	54079	4380	5000	5000	1.0	0.9992322980549431	1.0
moderate_45_35_20	0.45/0.35/0.20	54079	4395	5000	5000	1.0	0.9992322980549431	1.0
moderate_45_35_20	0.45/0.35/0.20	54079	4410	5000	5000	1.0	0.9992322980549431	1.0
moderate_45_35_20	0.45/0.35/0.20	54079	4425	5000	5000	1.0	0.9992322980549431	1.0
moderate_45_35_20	0.45/0.35/0.20	54079	4440	5000	5000	1.0	0.9992322980549431	1.0
moderate_45_35_20	0.45/0.35/0.20	54079	4455	5000	5000	1.0	0.9992322980549431	1.0
moderate_45_35_20	0.45/0.35/0.20	54079	4470	5000	5000	1.0	0.9992322980549431	1.0
moderate_45_35_20	0.45/0.35/0.20	54079	4485	5000	5000	1.0	0.9992322980549431	1.0
moderate_45_35_20	0.45/0.35/0.20	54079	4500	5000	5000	1.0	0.9992322980549431	1.0
moderate_45_35_20	0.45/0.35/0.20	54079	4515	5000	5000	1.0	0.9992322980549431	1.0
moderate_45_35_20	0.45/0.35/0.20	54079	4530	5000	5000	1.0	0.9992322980549431	1.0
moderate_45_35_20	0.45/0.35/0.20	54079	4545	5000	5000	1.0	0.9992322980549431	1.0
moderate_45_35_20	0.45/0.35/0.20	54079	4560	5000	5000	1.0	0.9992322980549431	1.0
moderate_45_35_20	0.45/0.35/0.20	54079	4575	5000	5000	1.0	0.9992322980549431	1.0
moderate_45_35_20	0.45/0.35/0.20	54079	4590	5000	5000	1.0	0.9992322980549431	1.0
moderate_45_35_20	0.45/0.35/0.20	54079	4605	5000	5000	1.0	0.9992322980549431	1.0
moderate_45_35_20	0.45/0.35/0.20	54079	4620	5000	5000	1.0	0.9992322980549431	1.0
moderate_45_35_20	0.45/0.35/0.20	54079	4635	5000	5000	1.0	0.9992322980549431	1.0
moderate_45_35_20	0.45/0.35/0.20	54079	4650	5000	5000	1.0	0.9992322980549431	1.0
moderate_45_35_20	0.45/0.35/0.20	54079	4665	5000	5000	1.0	0.9992322980549431	1.0
moderate_45_35_20	0.45/0.35/0.20	54079	4680	5000	5000	1.0	0.9992322980549431	1.0
moderate_45_35_20	0.45/0.35/0.20	54079	4695	5000	5000	1.0	0.9992322980549431	1.0
moderate_45_35_20	0.45/0.35/0.20	54079	4710	5000	5000	1.0	0.9992322980549431	1.0
moderate_45_35_20	0.45/0.35/0.20	54079	4725	5000	5000	1.0	0.9992322980549431	1.0
moderate_45_35_20	0.45/0.35/0.20	54079	4740	5000	5000	1.0	0.9992322980549431	1.0
moderate_45_35_20	0.45/0.35/0.20	54079	4755	5000	5000	1.0	0.9992322980549431	1.0
moderate_45_35_20	0.45/0.35/0.20	54079	4770	5000	5000	1.0	0.9992322980549431	1.0
moderate_45_35_20	0.45/0.35/0.20	54079	4785	5000	5000	1.0	0.9992322980549431	1.0
moderate_45_35_20	0.45/0.35/0.20	54079	4800	5000	5000	1.0	0.9992322980549431	1.0
moderate_45_35_20	0.45/0.35/0.20	54079	4815	5000	5000	1.0	0.9992322980549431	1.0
moderate_45_35_20	0.45/0.35/0.20	54079	4830	5000	5000	1.0	0.9992322980549431	1.0
moderate_45_35_20	0.45/0.35/0.20	54079	4845	5000	5000	1.0	0.9992322980549431	1.0
moderate_45_35_20	0.45/0.35/0.20	54079	4860	5000	5000	1.0	0.9992322980549431	1.0
moderate_45_35_20	0.45/0.35/0.20	54079	4875	5000	5000	1.0	0.9992322980549431	1.0
moderate_45_35_20	0.45/0.35/0.20	54079	4890	5000	5000	1.0	0.9992322980549431	1.0
moderate_45_35_20	0.45/0.35/0.20	54079	4905	5000	5000	1.0	0.9992322980549431	1.0
moderate_45_35_20	0.45/0.35/0.20	54079	4920	5000	5000	1.0	0.9992322980549431	1.0
moderate_45_35_20	0.45/0.35/0.20	54079	4935	5000	5000	1.0	0.9992322980549431	1.0
moderate_45_35_20	0.45/0.35/0.20	54079	4950	5000	5000	1.0	0.9992322980549431	1.0
moderate_45_35_20	0.45/0.35/0.20	54079	4965	5000	5000	1.0	0.9992322980549431	1.0
moderate_45_35_20	0.45/0.35/0.20	54079	4980	5000	5000	1.0	0.9992322980549431	1.0
moderate_45_35_20	0.45/0.35/0.20	54079	4995	5000	5000	1.0	0.9992322980549431	1.0
moderate_45_35_20	0.45/0.35/0.20	54079	5010	5000	5000	1.0	0.9992322980549431	1.0
moderate_45_35_20	0.45/0.35/0.20	54079	5025	5000	5000	1.0	0.9992322980549431	1.0
moderate_45_35_20	0.45/0.35/0.20	54079	5040	5000	5000	1.0	0.9992322980549431	1.0
moderate_45_35_20	0.45/0.35/0.20	54079	5055	5000	5000	1.0	0.9992322980549431	1.0
moderate_45_35_20	0.45/0.35/0.20	54079	5070	5000	5000	1.0	0.9992322980549431	1.0
moderate_45_35_20	0.45/0.35/0.20	54079	5085	5000	5000	1.0	0.9992322980549431	1.0
moderate_45_35_20	0.45/0.35/0.20	54079	5100	5000	5000	1.0	0.9992322980549431	1.0
moderate_45_35_20	0.45/0.35/0.20	54079	5115	5000	5000	1.0	0.9992322980549431	1.0
moderate_45_35_20	0.45/0.35/0.20	54079	5130	5000	5000	1.0	0.9992322980549431	1.0
moderate_45_35_20	0.45/0.35/0.20	54079	5145	5000	5000	1.0	0.9992322980549431	1.0
moderate_45_35_20	0.45/0.35/0.20	54079	5160	5000	5000	1.0	0.9992322980549431	1.0
moderate_45_35_20	0.45/0.35/0.20	54079	5175	5000	5000	1.0	0.9992322980549431	1.0
moderate_45_35_20	0.45/0.35/0.20	54079	5190	5000	5000	1.0	0.9992322980549431	1.0
moderate_45_35_20	0.45/0.35/0.20	54079	5205	5000	5000	1.0	0.9992322980549431	1.0
moderate_45_35_20	0.45/0.35/0.20	54079	5220	5000	5000	1.0	0.9992322980549431	1.0
moderate_45_35_20	0.45/0.35/0.20	54079	5235	5000	5000	1.0	0.9992322980549431	1.0
moderate_45_35_20	0.45/0.35/0.20	54079	5250	5000	5000	1.0	0.9992322980549431	1.0
moderate_45_35_20	0.45/0.35/0.20	54079	5265	5000	5000	1.0	0.9992322980549431	1.0
moderate_45_35_20	0.45/0.35/0.20	54079	5280	5000	5000	1.0	0.9992322980549431	1.0
moderate_45_35_20	0.45/0.35/0.20	54079	5295	5000	5000	1.0	0.9992322980549431	1.0
moderate_45_35_20	0.45/0.35/0.20	54079	5310	5000	5000	1.0	0.9992322980549431	1.0
moderate_45_35_20	0.45/0.35/0.20	54079	5325	5000	5000	1.0	0.9992322980549431	1.0
moderate_45_35_20	0.45/0.35/0.20	54079	5340	5000	5000	1.0	0.9992322980549431	1.0
moderate_45_35_20	0.45/0.35/0.20	54079	5355	5000	5000	1.0	0.9992322980549431	1.0
moderate_45_35_20	0.45/0.35/0.20	54079	5370	5000	5000	1.0	0.9992322980549431	1.0
moderate_45_35_20	0.45/0.35/0.20	54079	5385	5000	5000	1.0	0.9992322980549431	1.0
moderate_45_35_20	0.45/0.35/0.20	54079	5400	5000	5000	1.0	0.9992322980549431	1.0
moderate_45_35_20	0.45/0.35/0.20	54079	5415	5000	5000	1.0	0.9992322980549431	1.0
moderate_45_35_20	0.45/0.35/0.20	54079	5430	5000	5000	1.0	0.9992322980549431	1.0
moderate_45_35_20	0.45/0.35/0.20	54079	5445	5000	5000	1.0	0.9992322980549431	1.0
moderate_45_35_20	0.45/0.35/0.20	54079	5460	5000	5000	1.0	0.9992322980549431	1.0
moderate_45_35_20	0.45/0.35/0.20	54079	5475	5000	5000	1.0	0.9992322980549431	1.0
moderate_45_35_20	0.45/0.35/0.20	54079	5490	5000	5000	1.0	0.9992322980549431	1.0
moderate_45_35_20	0.45/0.35/0.20	54079	5505	5000	5000	1.0	0.9992322980549431	1.0
moderate_45_35_20	0.45/0.35/0.20	54079	5520	5000	5000	1.0	0.9992322980549431	1.0
moderate_45_35_20	0.45/0.35/0.20	54079	5535	5000	5000	1.0	0.9992322980549431	1.0
moderate_45_35_20	0.45/0.35/0.20	54079	5550	5000	5000	1.0	0.9992322980549431	1.0
moderate_45_35_20	0.45/0.35/0.20	54079	5565	5000	5000	1.0	0.9992322980549431	1.0
moderate_45_35_20	0.45/0.35/0.20	54079	5580	5000	5000	1.0	0.9992322980549431	1.0
moderate_45_35_20	0.45/0.35/0.20	54079	5595	5000	5000	1.0	0.9992322980549431	1.0
moderate_45_35_20	0.45/0.35/0.20	54079	5610	5000	5000	1.0	0.9992322980549431	1.0
moderate_45_35_20	0.45/0.35/0.20	54079	5625	5000	5000	1.0	0.9992322980549431	1.0
moderate_45_35_20	0.45/0.35/0.20	54079	5640	5000	5000	1.0	0.9992322980549431	1.0
moderate_45_35_20	0.45/0.35/0.20	54079	5655	5000	5000	1.0	0.9992322980549431	1.0
moderate_45_35_20	0.45/0.35/0.20	54079	5670	5000	5000	1.0	0.9992322980549431	1.0
moderate_45_35_20	0.45/0.35/0.20	54079	5685	5000	5000	1.0	0.9992322980549431	1.0
moderate_45_35_20	0.45/0.35/0.20	54079	5700	5000	5000	1.0	0.9992322980549431	1.0
moderate_45_35_20	0.45/0.35/0.20	54079	5715	5000	5000	1.0	0.9992322980549431	1.0
moderate_45_35_20	0.45/0.35/0.20	54079	5730	5000	5000	1.0	0.9992322980549431	1.0
moderate_45_35_20	0.45/0.35/0.20	54079	5745	5000	5000	1.0	0.9992322980549431	1.0
moderate_45_35_20	0.45/0.35/0.20	54079	5760	5000	5000	1.0	0.9992322980549431	1.0
moderate_45_35_20	0.45/0.35/0.20	54079	5775	5000	5000	1.0	0.9992322980549431	1.0
moderate_45_35_20	0.45/0.35/0.20	54079	5790	5000	5000	1.0	0.9992322980549431	1.0
moderate_45_35_20	0.45/0.35/0.20	54079	5805	5000	5000	1.0	0.9992322980549431	1.0
moderate_45_35_20	0.45/0.35/0.20	54079	5820	5000	5000	1.0	0.9992322980549431	1.0
moderate_45_35_20	0.45/0.35/0.20	54079	5835	5000	5000	1.0	0.9992322980549431	1.0
moderate_45_35_20	0.45/0.35/0.20	54079	5850	5000	5000	1.0	0.9992322980549431	1.0
moderate_45_35_20	0.45/0.35/0.20	54079	5865	5000	5000	1.0	0.9992322980549431	1.0
moderate_45_35_20	0.45/0.35/0.20	54079	5880	5000	5000	1.0	0.9992322980549431	1.0
moderate_45_35_20	0.45/0.35/0.20	54079	5895	5000	5000	1.0	0.9992322980549431	1.0
moderate_45_35_20	0.45/0.35/0.20	54079	5910	5000	5000	1.0	0.9992322980549431	1.0
moderate_45_35_20	0.45/0.35/0.20	54079	5925	5000	5000	1.0	0.9992322980549431	1.0
moderate_45_35_20	0.45/0.35/0.20	54079	5940	5000	5000	1.0	0.9992322980549431	1.0
moderate_45_35_20	0.45/0.35/0.20	54079	5955	5000	5000	1.0	0.9992322980549431	1.0
moderate_45_35_20	0.45/0.35/0.20	54079	5970	5000	5000	1.0	0.9992322980549431	1.0
moderate_45_35_20	0.45/0.35/0.20	54079	5985	5000	5000	1.0	0.9992322980549431	1.0
moderate_45_35_20	0.45/0.35/0.20	54079	6000	5000	5000	1.0	0.9992322980549431	1.0
moderate_45_35_20	0.45/0.35/0.20	54083	450	5000	0	0.0	0.0	0.0007677019450571244
moderate_45_35_20	0.45/0.35/0.20	54083	465	5000	0	0.0	0.0	0.0007677019450571244
moderate_45_35_20	0.45/0.35/0.20	54083	480	5000	0	0.0	0.0	0.0007677019450571244
moderate_45_35_20	0.45/0.35/0.20	54083	495	5000	0	0.0	0.0	0.0007677019450571244
moderate_45_35_20	0.45/0.35/0.20	54083	510	5000	0	0.0	0.0	0.0007677019450571244
moderate_45_35_20	0.45/0.35/0.20	54083	525	5000	0	0.0	0.0	0.0007677019450571244
moderate_45_35_20	0.45/0.35/0.20	54083	540	5000	0	0.0	0.0	0.0007677019450571244
moderate_45_35_20	0.45/0.35/0.20	54083	555	5000	0	0.0	0.0	0.0007677019450571244
moderate_45_35_20	0.45/0.35/0.20	54083	570	5000	0	0.0	0.0	0.0007677019450571244
moderate_45_35_20	0.45/0.35/0.20	54083	585	5000	0	0.0	0.0	0.0007677019450571244
moderate_45_35_20	0.45/0.35/0.20	54083	600	5000	0	0.0	0.0	0.0007677019450571244
moderate_45_35_20	0.45/0.35/0.20	54083	615	5000	0	0.0	0.0	0.0007677019450571244
moderate_45_35_20	0.45/0.35/0.20	54083	630	5000	0	0.0	0.0	0.0007677019450571244
moderate_45_35_20	0.45/0.35/0.20	54083	645	5000	0	0.0	0.0	0.0007677019450571244
moderate_45_35_20	0.45/0.35/0.20	54083	660	5000	0	0.0	0.0	0.0007677019450571244
moderate_45_35_20	0.45/0.35/0.20	54083	675	5000	0	0.0	0.0	0.0007677019450571244
moderate_45_35_20	0.45/0.35/0.20	54083	690	5000	1	0.0002	3.530578343936526e-05	0.0011320890808397363
moderate_45_35_20	0.45/0.35/0.20	54083	705	5000	0	0.0	0.0	0.0007677019450571244
moderate_45_35_20	0.45/0.35/0.20	54083	720	5000	2	0.0004	0.00010970128207763504	0.0014573865014234437
moderate_45_35_20	0.45/0.35/0.20	54083	735	5000	11	0.0022	0.001228915407138813	0.003935408649360061
moderate_45_35_20	0.45/0.35/0.20	54083	750	5000	14	0.0028	0.0016686770757911352	0.00469472573837367
moderate_45_35_20	0.45/0.35/0.20	54083	765	5000	31	0.0062	0.0043713883985244135	0.008786794042414002
moderate_45_35_20	0.45/0.35/0.20	54083	780	5000	80	0.016	0.012875175027561829	0.01986796045525347
moderate_45_35_20	0.45/0.35/0.20	54083	795	5000	122	0.0244	0.02047464350657034	0.029055594583568007
moderate_45_35_20	0.45/0.35/0.20	54083	810	5000	231	0.0462	0.0407216699236964	0.05237509636163745
moderate_45_35_20	0.45/0.35/0.20	54083	825	5000	366	0.0732	0.06630341758111985	0.08075189279918091
moderate_45_35_20	0.45/0.35/0.20	54083	840	5000	508	0.1016	0.09352925326717293	0.11028245164264858
moderate_45_35_20	0.45/0.35/0.20	54083	855	5000	821	0.1642	0.15419014541886372	0.17472544320743671
moderate_45_35_20	0.45/0.35/0.20	54083	870	5000	1144	0.2288	0.21736754848001985	0.2406488530549792
moderate_45_35_20	0.45/0.35/0.20	54083	885	5000	1398	0.2796	0.26733287958862845	0.2922055234287528
moderate_45_35_20	0.45/0.35/0.20	54083	900	5000	1824	0.3648	0.3515657497900631	0.37824183681588047
moderate_45_35_20	0.45/0.35/0.20	54083	915	5000	2206	0.4412	0.42748747971594925	0.45500280203278953
moderate_45_35_20	0.45/0.35/0.20	54083	930	5000	2721	0.5442	0.5303665449574352	0.5579655901906219
moderate_45_35_20	0.45/0.35/0.20	54083	945	5000	3090	0.618	0.6044467141629242	0.6313721081780423
moderate_45_35_20	0.45/0.35/0.20	54083	960	5000	3474	0.6948	0.6818905208402564	0.7074103824819493
moderate_45_35_20	0.45/0.35/0.20	54083	975	5000	3846	0.7692	0.7573171245940373	0.7806695446787439
moderate_45_35_20	0.45/0.35/0.20	54083	990	5000	4130	0.826	0.8152425968339292	0.8362568614978936
moderate_45_35_20	0.45/0.35/0.20	54083	1005	5000	4386	0.8772	0.8678120256436676	0.8860088200089814
moderate_45_35_20	0.45/0.35/0.20	54083	1020	5000	4550	0.91	0.9017496349937966	0.9176208494112568
moderate_45_35_20	0.45/0.35/0.20	54083	1035	5000	4700	0.94	0.9330733955440581	0.9462510267442915
moderate_45_35_20	0.45/0.35/0.20	54083	1050	5000	4808	0.9616	0.9559095898889262	0.9665816676753972
moderate_45_35_20	0.45/0.35/0.20	54083	1065	5000	4892	0.9784	0.9739880967674184	0.9820773660115512
moderate_45_35_20	0.45/0.35/0.20	54083	1080	5000	4933	0.9866	0.9830188035566025	0.9894340689104679
moderate_45_35_20	0.45/0.35/0.20	54083	1095	5000	4933	0.9866	0.9830188035566025	0.9894340689104679
moderate_45_35_20	0.45/0.35/0.20	54083	1110	5000	4970	0.994	0.9914476466387817	0.995793863839502
moderate_45_35_20	0.45/0.35/0.20	54083	1125	5000	4989	0.9978	0.9960645913506401	0.9987710845928612
moderate_45_35_20	0.45/0.35/0.20	54083	1140	5000	4991	0.9982	0.9965823552896264	0.9990527064923188
moderate_45_35_20	0.45/0.35/0.20	54083	1155	5000	4996	0.9992	0.9979446733541565	0.9996888530238984
moderate_45_35_20	0.45/0.35/0.20	54083	1170	5000	4999	0.9998	0.9988679109191605	0.9999646942165608
moderate_45_35_20	0.45/0.35/0.20	54083	1185	5000	4998	0.9996	0.9985426134985768	0.9998902987179225
moderate_45_35_20	0.45/0.35/0.20	54083	1200	5000	5000	1.0	0.9992322980549431	1.0
moderate_45_35_20	0.45/0.35/0.20	54083	1215	5000	4999	0.9998	0.9988679109191605	0.9999646942165608
moderate_45_35_20	0.45/0.35/0.20	54083	1230	5000	5000	1.0	0.9992322980549431	1.0
moderate_45_35_20	0.45/0.35/0.20	54083	1245	5000	5000	1.0	0.9992322980549431	1.0
moderate_45_35_20	0.45/0.35/0.20	54083	1260	5000	5000	1.0	0.9992322980549431	1.0
moderate_45_35_20	0.45/0.35/0.20	54083	1275	5000	5000	1.0	0.9992322980549431	1.0
moderate_45_35_20	0.45/0.35/0.20	54083	1290	5000	5000	1.0	0.9992322980549431	1.0
moderate_45_35_20	0.45/0.35/0.20	54083	1305	5000	5000	1.0	0.9992322980549431	1.0
moderate_45_35_20	0.45/0.35/0.20	54083	1320	5000	5000	1.0	0.9992322980549431	1.0
moderate_45_35_20	0.45/0.35/0.20	54083	1335	5000	5000	1.0	0.9992322980549431	1.0
moderate_45_35_20	0.45/0.35/0.20	54083	1350	5000	5000	1.0	0.9992322980549431	1.0
moderate_45_35_20	0.45/0.35/0.20	54083	1365	5000	5000	1.0	0.9992322980549431	1.0
moderate_45_35_20	0.45/0.35/0.20	54083	1380	5000	5000	1.0	0.9992322980549431	1.0
moderate_45_35_20	0.45/0.35/0.20	54083	1395	5000	5000	1.0	0.9992322980549431	1.0
moderate_45_35_20	0.45/0.35/0.20	54083	1410	5000	5000	1.0	0.9992322980549431	1.0
moderate_45_35_20	0.45/0.35/0.20	54083	1425	5000	5000	1.0	0.9992322980549431	1.0
moderate_45_35_20	0.45/0.35/0.20	54083	1440	5000	5000	1.0	0.9992322980549431	1.0
moderate_45_35_20	0.45/0.35/0.20	54083	1455	5000	5000	1.0	0.9992322980549431	1.0
moderate_45_35_20	0.45/0.35/0.20	54083	1470	5000	5000	1.0	0.9992322980549431	1.0
moderate_45_35_20	0.45/0.35/0.20	54083	1485	5000	5000	1.0	0.9992322980549431	1.0
moderate_45_35_20	0.45/0.35/0.20	54083	1500	5000	5000	1.0	0.9992322980549431	1.0
moderate_45_35_20	0.45/0.35/0.20	54083	1515	5000	5000	1.0	0.9992322980549431	1.0
moderate_45_35_20	0.45/0.35/0.20	54083	1530	5000	5000	1.0	0.9992322980549431	1.0
moderate_45_35_20	0.45/0.35/0.20	54083	1545	5000	5000	1.0	0.9992322980549431	1.0
moderate_45_35_20	0.45/0.35/0.20	54083	1560	5000	5000	1.0	0.9992322980549431	1.0
moderate_45_35_20	0.45/0.35/0.20	54083	1575	5000	5000	1.0	0.9992322980549431	1.0
moderate_45_35_20	0.45/0.35/0.20	54083	1590	5000	5000	1.0	0.9992322980549431	1.0
moderate_45_35_20	0.45/0.35/0.20	54083	1605	5000	5000	1.0	0.9992322980549431	1.0
moderate_45_35_20	0.45/0.35/0.20	54083	1620	5000	5000	1.0	0.9992322980549431	1.0
moderate_45_35_20	0.45/0.35/0.20	54083	1635	5000	5000	1.0	0.9992322980549431	1.0
moderate_45_35_20	0.45/0.35/0.20	54083	1650	5000	5000	1.0	0.9992322980549431	1.0
moderate_45_35_20	0.45/0.35/0.20	54083	1665	5000	5000	1.0	0.9992322980549431	1.0
moderate_45_35_20	0.45/0.35/0.20	54083	1680	5000	5000	1.0	0.9992322980549431	1.0
moderate_45_35_20	0.45/0.35/0.20	54083	1695	5000	5000	1.0	0.9992322980549431	1.0
moderate_45_35_20	0.45/0.35/0.20	54083	1710	5000	5000	1.0	0.9992322980549431	1.0
moderate_45_35_20	0.45/0.35/0.20	54083	1725	5000	5000	1.0	0.9992322980549431	1.0
moderate_45_35_20	0.45/0.35/0.20	54083	1740	5000	5000	1.0	0.9992322980549431	1.0
moderate_45_35_20	0.45/0.35/0.20	54083	1755	5000	5000	1.0	0.9992322980549431	1.0
moderate_45_35_20	0.45/0.35/0.20	54083	1770	5000	5000	1.0	0.9992322980549431	1.0
moderate_45_35_20	0.45/0.35/0.20	54083	1785	5000	5000	1.0	0.9992322980549431	1.0
moderate_45_35_20	0.45/0.35/0.20	54083	1800	5000	5000	1.0	0.9992322980549431	1.0
moderate_45_35_20	0.45/0.35/0.20	54083	1815	5000	5000	1.0	0.9992322980549431	1.0
moderate_45_35_20	0.45/0.35/0.20	54083	1830	5000	5000	1.0	0.9992322980549431	1.0
moderate_45_35_20	0.45/0.35/0.20	54083	1845	5000	5000	1.0	0.9992322980549431	1.0
moderate_45_35_20	0.45/0.35/0.20	54083	1860	5000	5000	1.0	0.9992322980549431	1.0
moderate_45_35_20	0.45/0.35/0.20	54083	1875	5000	5000	1.0	0.9992322980549431	1.0
moderate_45_35_20	0.45/0.35/0.20	54083	1890	5000	5000	1.0	0.9992322980549431	1.0
moderate_45_35_20	0.45/0.35/0.20	54083	1905	5000	5000	1.0	0.9992322980549431	1.0
moderate_45_35_20	0.45/0.35/0.20	54083	1920	5000	5000	1.0	0.9992322980549431	1.0
moderate_45_35_20	0.45/0.35/0.20	54083	1935	5000	5000	1.0	0.9992322980549431	1.0
moderate_45_35_20	0.45/0.35/0.20	54083	1950	5000	5000	1.0	0.9992322980549431	1.0
moderate_45_35_20	0.45/0.35/0.20	54083	1965	5000	5000	1.0	0.9992322980549431	1.0
moderate_45_35_20	0.45/0.35/0.20	54083	1980	5000	5000	1.0	0.9992322980549431	1.0
moderate_45_35_20	0.45/0.35/0.20	54083	1995	5000	5000	1.0	0.9992322980549431	1.0
moderate_45_35_20	0.45/0.35/0.20	54083	2010	5000	5000	1.0	0.9992322980549431	1.0
moderate_45_35_20	0.45/0.35/0.20	54083	2025	5000	5000	1.0	0.9992322980549431	1.0
moderate_45_35_20	0.45/0.35/0.20	54083	2040	5000	5000	1.0	0.9992322980549431	1.0
moderate_45_35_20	0.45/0.35/0.20	54083	2055	5000	5000	1.0	0.9992322980549431	1.0
moderate_45_35_20	0.45/0.35/0.20	54083	2070	5000	5000	1.0	0.9992322980549431	1.0
moderate_45_35_20	0.45/0.35/0.20	54083	2085	5000	5000	1.0	0.9992322980549431	1.0
moderate_45_35_20	0.45/0.35/0.20	54083	2100	5000	5000	1.0	0.9992322980549431	1.0
moderate_45_35_20	0.45/0.35/0.20	54083	2115	5000	5000	1.0	0.9992322980549431	1.0
moderate_45_35_20	0.45/0.35/0.20	54083	2130	5000	5000	1.0	0.9992322980549431	1.0
moderate_45_35_20	0.45/0.35/0.20	54083	2145	5000	5000	1.0	0.9992322980549431	1.0
moderate_45_35_20	0.45/0.35/0.20	54083	2160	5000	5000	1.0	0.9992322980549431	1.0
moderate_45_35_20	0.45/0.35/0.20	54083	2175	5000	5000	1.0	0.9992322980549431	1.0
moderate_45_35_20	0.45/0.35/0.20	54083	2190	5000	5000	1.0	0.9992322980549431	1.0
moderate_45_35_20	0.45/0.35/0.20	54083	2205	5000	5000	1.0	0.9992322980549431	1.0
moderate_45_35_20	0.45/0.35/0.20	54083	2220	5000	5000	1.0	0.9992322980549431	1.0
moderate_45_35_20	0.45/0.35/0.20	54083	2235	5000	5000	1.0	0.9992322980549431	1.0
moderate_45_35_20	0.45/0.35/0.20	54083	2250	5000	5000	1.0	0.9992322980549431	1.0
moderate_45_35_20	0.45/0.35/0.20	54083	2265	5000	5000	1.0	0.9992322980549431	1.0
moderate_45_35_20	0.45/0.35/0.20	54083	2280	5000	5000	1.0	0.9992322980549431	1.0
moderate_45_35_20	0.45/0.35/0.20	54083	2295	5000	5000	1.0	0.9992322980549431	1.0
moderate_45_35_20	0.45/0.35/0.20	54083	2310	5000	5000	1.0	0.9992322980549431	1.0
moderate_45_35_20	0.45/0.35/0.20	54083	2325	5000	5000	1.0	0.9992322980549431	1.0
moderate_45_35_20	0.45/0.35/0.20	54083	2340	5000	5000	1.0	0.9992322980549431	1.0
moderate_45_35_20	0.45/0.35/0.20	54083	2355	5000	5000	1.0	0.9992322980549431	1.0
moderate_45_35_20	0.45/0.35/0.20	54083	2370	5000	5000	1.0	0.9992322980549431	1.0
moderate_45_35_20	0.45/0.35/0.20	54083	2385	5000	5000	1.0	0.9992322980549431	1.0
moderate_45_35_20	0.45/0.35/0.20	54083	2400	5000	5000	1.0	0.9992322980549431	1.0
moderate_45_35_20	0.45/0.35/0.20	54083	2415	5000	5000	1.0	0.9992322980549431	1.0
moderate_45_35_20	0.45/0.35/0.20	54083	2430	5000	5000	1.0	0.9992322980549431	1.0
moderate_45_35_20	0.45/0.35/0.20	54083	2445	5000	5000	1.0	0.9992322980549431	1.0
moderate_45_35_20	0.45/0.35/0.20	54083	2460	5000	5000	1.0	0.9992322980549431	1.0
moderate_45_35_20	0.45/0.35/0.20	54083	2475	5000	5000	1.0	0.9992322980549431	1.0
moderate_45_35_20	0.45/0.35/0.20	54083	2490	5000	5000	1.0	0.9992322980549431	1.0
moderate_45_35_20	0.45/0.35/0.20	54083	2505	5000	5000	1.0	0.9992322980549431	1.0
moderate_45_35_20	0.45/0.35/0.20	54083	2520	5000	5000	1.0	0.9992322980549431	1.0
moderate_45_35_20	0.45/0.35/0.20	54083	2535	5000	5000	1.0	0.9992322980549431	1.0
moderate_45_35_20	0.45/0.35/0.20	54083	2550	5000	5000	1.0	0.9992322980549431	1.0
moderate_45_35_20	0.45/0.35/0.20	54083	2565	5000	5000	1.0	0.9992322980549431	1.0
moderate_45_35_20	0.45/0.35/0.20	54083	2580	5000	5000	1.0	0.9992322980549431	1.0
moderate_45_35_20	0.45/0.35/0.20	54083	2595	5000	5000	1.0	0.9992322980549431	1.0
moderate_45_35_20	0.45/0.35/0.20	54083	2610	5000	5000	1.0	0.9992322980549431	1.0
moderate_45_35_20	0.45/0.35/0.20	54083	2625	5000	5000	1.0	0.9992322980549431	1.0
moderate_45_35_20	0.45/0.35/0.20	54083	2640	5000	5000	1.0	0.9992322980549431	1.0
moderate_45_35_20	0.45/0.35/0.20	54083	2655	5000	5000	1.0	0.9992322980549431	1.0
moderate_45_35_20	0.45/0.35/0.20	54083	2670	5000	5000	1.0	0.9992322980549431	1.0
moderate_45_35_20	0.45/0.35/0.20	54083	2685	5000	5000	1.0	0.9992322980549431	1.0
moderate_45_35_20	0.45/0.35/0.20	54083	2700	5000	5000	1.0	0.9992322980549431	1.0
moderate_45_35_20	0.45/0.35/0.20	54083	2715	5000	5000	1.0	0.9992322980549431	1.0
moderate_45_35_20	0.45/0.35/0.20	54083	2730	5000	5000	1.0	0.9992322980549431	1.0
moderate_45_35_20	0.45/0.35/0.20	54083	2745	5000	5000	1.0	0.9992322980549431	1.0
moderate_45_35_20	0.45/0.35/0.20	54083	2760	5000	5000	1.0	0.9992322980549431	1.0
moderate_45_35_20	0.45/0.35/0.20	54083	2775	5000	5000	1.0	0.9992322980549431	1.0
moderate_45_35_20	0.45/0.35/0.20	54083	2790	5000	5000	1.0	0.9992322980549431	1.0
moderate_45_35_20	0.45/0.35/0.20	54083	2805	5000	5000	1.0	0.9992322980549431	1.0
moderate_45_35_20	0.45/0.35/0.20	54083	2820	5000	5000	1.0	0.9992322980549431	1.0
moderate_45_35_20	0.45/0.35/0.20	54083	2835	5000	5000	1.0	0.9992322980549431	1.0
moderate_45_35_20	0.45/0.35/0.20	54083	2850	5000	5000	1.0	0.9992322980549431	1.0
moderate_45_35_20	0.45/0.35/0.20	54083	2865	5000	5000	1.0	0.9992322980549431	1.0
moderate_45_35_20	0.45/0.35/0.20	54083	2880	5000	5000	1.0	0.9992322980549431	1.0
moderate_45_35_20	0.45/0.35/0.20	54083	2895	5000	5000	1.0	0.9992322980549431	1.0
moderate_45_35_20	0.45/0.35/0.20	54083	2910	5000	5000	1.0	0.9992322980549431	1.0
moderate_45_35_20	0.45/0.35/0.20	54083	2925	5000	5000	1.0	0.9992322980549431	1.0
moderate_45_35_20	0.45/0.35/0.20	54083	2940	5000	5000	1.0	0.9992322980549431	1.0
moderate_45_35_20	0.45/0.35/0.20	54083	2955	5000	5000	1.0	0.9992322980549431	1.0
moderate_45_35_20	0.45/0.35/0.20	54083	2970	5000	5000	1.0	0.9992322980549431	1.0
moderate_45_35_20	0.45/0.35/0.20	54083	2985	5000	5000	1.0	0.9992322980549431	1.0
moderate_45_35_20	0.45/0.35/0.20	54083	3000	5000	5000	1.0	0.9992322980549431	1.0
moderate_45_35_20	0.45/0.35/0.20	54083	3015	5000	5000	1.0	0.9992322980549431	1.0
moderate_45_35_20	0.45/0.35/0.20	54083	3030	5000	5000	1.0	0.9992322980549431	1.0
moderate_45_35_20	0.45/0.35/0.20	54083	3045	5000	5000	1.0	0.9992322980549431	1.0
moderate_45_35_20	0.45/0.35/0.20	54083	3060	5000	5000	1.0	0.9992322980549431	1.0
moderate_45_35_20	0.45/0.35/0.20	54083	3075	5000	5000	1.0	0.9992322980549431	1.0
moderate_45_35_20	0.45/0.35/0.20	54083	3090	5000	5000	1.0	0.9992322980549431	1.0
moderate_45_35_20	0.45/0.35/0.20	54083	3105	5000	5000	1.0	0.9992322980549431	1.0
moderate_45_35_20	0.45/0.35/0.20	54083	3120	5000	5000	1.0	0.9992322980549431	1.0
moderate_45_35_20	0.45/0.35/0.20	54083	3135	5000	5000	1.0	0.9992322980549431	1.0
moderate_45_35_20	0.45/0.35/0.20	54083	3150	5000	5000	1.0	0.9992322980549431	1.0
moderate_45_35_20	0.45/0.35/0.20	54083	3165	5000	5000	1.0	0.9992322980549431	1.0
moderate_45_35_20	0.45/0.35/0.20	54083	3180	5000	5000	1.0	0.9992322980549431	1.0
moderate_45_35_20	0.45/0.35/0.20	54083	3195	5000	5000	1.0	0.9992322980549431	1.0
moderate_45_35_20	0.45/0.35/0.20	54083	3210	5000	5000	1.0	0.9992322980549431	1.0
moderate_45_35_20	0.45/0.35/0.20	54083	3225	5000	5000	1.0	0.9992322980549431	1.0
moderate_45_35_20	0.45/0.35/0.20	54083	3240	5000	5000	1.0	0.9992322980549431	1.0
moderate_45_35_20	0.45/0.35/0.20	54083	3255	5000	5000	1.0	0.9992322980549431	1.0
moderate_45_35_20	0.45/0.35/0.20	54083	3270	5000	5000	1.0	0.9992322980549431	1.0
moderate_45_35_20	0.45/0.35/0.20	54083	3285	5000	5000	1.0	0.9992322980549431	1.0
moderate_45_35_20	0.45/0.35/0.20	54083	3300	5000	5000	1.0	0.9992322980549431	1.0
moderate_45_35_20	0.45/0.35/0.20	54083	3315	5000	5000	1.0	0.9992322980549431	1.0
moderate_45_35_20	0.45/0.35/0.20	54083	3330	5000	5000	1.0	0.9992322980549431	1.0
moderate_45_35_20	0.45/0.35/0.20	54083	3345	5000	5000	1.0	0.9992322980549431	1.0
moderate_45_35_20	0.45/0.35/0.20	54083	3360	5000	5000	1.0	0.9992322980549431	1.0
moderate_45_35_20	0.45/0.35/0.20	54083	3375	5000	5000	1.0	0.9992322980549431	1.0
moderate_45_35_20	0.45/0.35/0.20	54083	3390	5000	5000	1.0	0.9992322980549431	1.0
moderate_45_35_20	0.45/0.35/0.20	54083	3405	5000	5000	1.0	0.9992322980549431	1.0
moderate_45_35_20	0.45/0.35/0.20	54083	3420	5000	5000	1.0	0.9992322980549431	1.0
moderate_45_35_20	0.45/0.35/0.20	54083	3435	5000	5000	1.0	0.9992322980549431	1.0
moderate_45_35_20	0.45/0.35/0.20	54083	3450	5000	5000	1.0	0.9992322980549431	1.0
moderate_45_35_20	0.45/0.35/0.20	54083	3465	5000	5000	1.0	0.9992322980549431	1.0
moderate_45_35_20	0.45/0.35/0.20	54083	3480	5000	5000	1.0	0.9992322980549431	1.0
moderate_45_35_20	0.45/0.35/0.20	54083	3495	5000	5000	1.0	0.9992322980549431	1.0
moderate_45_35_20	0.45/0.35/0.20	54083	3510	5000	5000	1.0	0.9992322980549431	1.0
moderate_45_35_20	0.45/0.35/0.20	54083	3525	5000	5000	1.0	0.9992322980549431	1.0
moderate_45_35_20	0.45/0.35/0.20	54083	3540	5000	5000	1.0	0.9992322980549431	1.0
moderate_45_35_20	0.45/0.35/0.20	54083	3555	5000	5000	1.0	0.9992322980549431	1.0
moderate_45_35_20	0.45/0.35/0.20	54083	3570	5000	5000	1.0	0.9992322980549431	1.0
moderate_45_35_20	0.45/0.35/0.20	54083	3585	5000	5000	1.0	0.9992322980549431	1.0
moderate_45_35_20	0.45/0.35/0.20	54083	3600	5000	5000	1.0	0.9992322980549431	1.0
moderate_45_35_20	0.45/0.35/0.20	54083	3615	5000	5000	1.0	0.9992322980549431	1.0
moderate_45_35_20	0.45/0.35/0.20	54083	3630	5000	5000	1.0	0.9992322980549431	1.0
moderate_45_35_20	0.45/0.35/0.20	54083	3645	5000	5000	1.0	0.9992322980549431	1.0
moderate_45_35_20	0.45/0.35/0.20	54083	3660	5000	5000	1.0	0.9992322980549431	1.0
moderate_45_35_20	0.45/0.35/0.20	54083	3675	5000	5000	1.0	0.9992322980549431	1.0
moderate_45_35_20	0.45/0.35/0.20	54083	3690	5000	5000	1.0	0.9992322980549431	1.0
moderate_45_35_20	0.45/0.35/0.20	54083	3705	5000	5000	1.0	0.9992322980549431	1.0
moderate_45_35_20	0.45/0.35/0.20	54083	3720	5000	5000	1.0	0.9992322980549431	1.0
moderate_45_35_20	0.45/0.35/0.20	54083	3735	5000	5000	1.0	0.9992322980549431	1.0
moderate_45_35_20	0.45/0.35/0.20	54083	3750	5000	5000	1.0	0.9992322980549431	1.0
moderate_45_35_20	0.45/0.35/0.20	54083	3765	5000	5000	1.0	0.9992322980549431	1.0
moderate_45_35_20	0.45/0.35/0.20	54083	3780	5000	5000	1.0	0.9992322980549431	1.0
moderate_45_35_20	0.45/0.35/0.20	54083	3795	5000	5000	1.0	0.9992322980549431	1.0
moderate_45_35_20	0.45/0.35/0.20	54083	3810	5000	5000	1.0	0.9992322980549431	1.0
moderate_45_35_20	0.45/0.35/0.20	54083	3825	5000	5000	1.0	0.9992322980549431	1.0
moderate_45_35_20	0.45/0.35/0.20	54083	3840	5000	5000	1.0	0.9992322980549431	1.0
moderate_45_35_20	0.45/0.35/0.20	54083	3855	5000	5000	1.0	0.9992322980549431	1.0
moderate_45_35_20	0.45/0.35/0.20	54083	3870	5000	5000	1.0	0.9992322980549431	1.0
moderate_45_35_20	0.45/0.35/0.20	54083	3885	5000	5000	1.0	0.9992322980549431	1.0
moderate_45_35_20	0.45/0.35/0.20	54083	3900	5000	5000	1.0	0.9992322980549431	1.0
moderate_45_35_20	0.45/0.35/0.20	54083	3915	5000	5000	1.0	0.9992322980549431	1.0
moderate_45_35_20	0.45/0.35/0.20	54083	3930	5000	5000	1.0	0.9992322980549431	1.0
moderate_45_35_20	0.45/0.35/0.20	54083	3945	5000	5000	1.0	0.9992322980549431	1.0
moderate_45_35_20	0.45/0.35/0.20	54083	3960	5000	5000	1.0	0.9992322980549431	1.0
moderate_45_35_20	0.45/0.35/0.20	54083	3975	5000	5000	1.0	0.9992322980549431	1.0
moderate_45_35_20	0.45/0.35/0.20	54083	3990	5000	5000	1.0	0.9992322980549431	1.0
moderate_45_35_20	0.45/0.35/0.20	54083	4005	5000	5000	1.0	0.9992322980549431	1.0
moderate_45_35_20	0.45/0.35/0.20	54083	4020	5000	5000	1.0	0.9992322980549431	1.0
moderate_45_35_20	0.45/0.35/0.20	54083	4035	5000	5000	1.0	0.9992322980549431	1.0
moderate_45_35_20	0.45/0.35/0.20	54083	4050	5000	5000	1.0	0.9992322980549431	1.0
moderate_45_35_20	0.45/0.35/0.20	54083	4065	5000	5000	1.0	0.9992322980549431	1.0
moderate_45_35_20	0.45/0.35/0.20	54083	4080	5000	5000	1.0	0.9992322980549431	1.0
moderate_45_35_20	0.45/0.35/0.20	54083	4095	5000	5000	1.0	0.9992322980549431	1.0
moderate_45_35_20	0.45/0.35/0.20	54083	4110	5000	5000	1.0	0.9992322980549431	1.0
moderate_45_35_20	0.45/0.35/0.20	54083	4125	5000	5000	1.0	0.9992322980549431	1.0
moderate_45_35_20	0.45/0.35/0.20	54083	4140	5000	5000	1.0	0.9992322980549431	1.0
moderate_45_35_20	0.45/0.35/0.20	54083	4155	5000	5000	1.0	0.9992322980549431	1.0
moderate_45_35_20	0.45/0.35/0.20	54083	4170	5000	5000	1.0	0.9992322980549431	1.0
moderate_45_35_20	0.45/0.35/0.20	54083	4185	5000	5000	1.0	0.9992322980549431	1.0
moderate_45_35_20	0.45/0.35/0.20	54083	4200	5000	5000	1.0	0.9992322980549431	1.0
moderate_45_35_20	0.45/0.35/0.20	54083	4215	5000	5000	1.0	0.9992322980549431	1.0
moderate_45_35_20	0.45/0.35/0.20	54083	4230	5000	5000	1.0	0.9992322980549431	1.0
moderate_45_35_20	0.45/0.35/0.20	54083	4245	5000	5000	1.0	0.9992322980549431	1.0
moderate_45_35_20	0.45/0.35/0.20	54083	4260	5000	5000	1.0	0.9992322980549431	1.0
moderate_45_35_20	0.45/0.35/0.20	54083	4275	5000	5000	1.0	0.9992322980549431	1.0
moderate_45_35_20	0.45/0.35/0.20	54083	4290	5000	5000	1.0	0.9992322980549431	1.0
moderate_45_35_20	0.45/0.35/0.20	54083	4305	5000	5000	1.0	0.9992322980549431	1.0
moderate_45_35_20	0.45/0.35/0.20	54083	4320	5000	5000	1.0	0.9992322980549431	1.0
moderate_45_35_20	0.45/0.35/0.20	54083	4335	5000	5000	1.0	0.9992322980549431	1.0
moderate_45_35_20	0.45/0.35/0.20	54083	4350	5000	5000	1.0	0.9992322980549431	1.0
moderate_45_35_20	0.45/0.35/0.20	54083	4365	5000	5000	1.0	0.9992322980549431	1.0
moderate_45_35_20	0.45/0.35/0.20	54083	4380	5000	5000	1.0	0.9992322980549431	1.0
moderate_45_35_20	0.45/0.35/0.20	54083	4395	5000	5000	1.0	0.9992322980549431	1.0
moderate_45_35_20	0.45/0.35/0.20	54083	4410	5000	5000	1.0	0.9992322980549431	1.0
moderate_45_35_20	0.45/0.35/0.20	54083	4425	5000	5000	1.0	0.9992322980549431	1.0
moderate_45_35_20	0.45/0.35/0.20	54083	4440	5000	5000	1.0	0.9992322980549431	1.0
moderate_45_35_20	0.45/0.35/0.20	54083	4455	5000	5000	1.0	0.9992322980549431	1.0
moderate_45_35_20	0.45/0.35/0.20	54083	4470	5000	5000	1.0	0.9992322980549431	1.0
moderate_45_35_20	0.45/0.35/0.20	54083	4485	5000	5000	1.0	0.9992322980549431	1.0
moderate_45_35_20	0.45/0.35/0.20	54083	4500	5000	5000	1.0	0.9992322980549431	1.0
moderate_45_35_20	0.45/0.35/0.20	54083	4515	5000	5000	1.0	0.9992322980549431	1.0
moderate_45_35_20	0.45/0.35/0.20	54083	4530	5000	5000	1.0	0.9992322980549431	1.0
moderate_45_35_20	0.45/0.35/0.20	54083	4545	5000	5000	1.0	0.9992322980549431	1.0
moderate_45_35_20	0.45/0.35/0.20	54083	4560	5000	5000	1.0	0.9992322980549431	1.0
moderate_45_35_20	0.45/0.35/0.20	54083	4575	5000	5000	1.0	0.9992322980549431	1.0
moderate_45_35_20	0.45/0.35/0.20	54083	4590	5000	5000	1.0	0.9992322980549431	1.0
moderate_45_35_20	0.45/0.35/0.20	54083	4605	5000	5000	1.0	0.9992322980549431	1.0
moderate_45_35_20	0.45/0.35/0.20	54083	4620	5000	5000	1.0	0.9992322980549431	1.0
moderate_45_35_20	0.45/0.35/0.20	54083	4635	5000	5000	1.0	0.9992322980549431	1.0
moderate_45_35_20	0.45/0.35/0.20	54083	4650	5000	5000	1.0	0.9992322980549431	1.0
moderate_45_35_20	0.45/0.35/0.20	54083	4665	5000	5000	1.0	0.9992322980549431	1.0
moderate_45_35_20	0.45/0.35/0.20	54083	4680	5000	5000	1.0	0.9992322980549431	1.0
moderate_45_35_20	0.45/0.35/0.20	54083	4695	5000	5000	1.0	0.9992322980549431	1.0
moderate_45_35_20	0.45/0.35/0.20	54083	4710	5000	5000	1.0	0.9992322980549431	1.0
moderate_45_35_20	0.45/0.35/0.20	54083	4725	5000	5000	1.0	0.9992322980549431	1.0
moderate_45_35_20	0.45/0.35/0.20	54083	4740	5000	5000	1.0	0.9992322980549431	1.0
moderate_45_35_20	0.45/0.35/0.20	54083	4755	5000	5000	1.0	0.9992322980549431	1.0
moderate_45_35_20	0.45/0.35/0.20	54083	4770	5000	5000	1.0	0.9992322980549431	1.0
moderate_45_35_20	0.45/0.35/0.20	54083	4785	5000	5000	1.0	0.9992322980549431	1.0
moderate_45_35_20	0.45/0.35/0.20	54083	4800	5000	5000	1.0	0.9992322980549431	1.0
moderate_45_35_20	0.45/0.35/0.20	54083	4815	5000	5000	1.0	0.9992322980549431	1.0
moderate_45_35_20	0.45/0.35/0.20	54083	4830	5000	5000	1.0	0.9992322980549431	1.0
moderate_45_35_20	0.45/0.35/0.20	54083	4845	5000	5000	1.0	0.9992322980549431	1.0
moderate_45_35_20	0.45/0.35/0.20	54083	4860	5000	5000	1.0	0.9992322980549431	1.0
moderate_45_35_20	0.45/0.35/0.20	54083	4875	5000	5000	1.0	0.9992322980549431	1.0
moderate_45_35_20	0.45/0.35/0.20	54083	4890	5000	5000	1.0	0.9992322980549431	1.0
moderate_45_35_20	0.45/0.35/0.20	54083	4905	5000	5000	1.0	0.9992322980549431	1.0
moderate_45_35_20	0.45/0.35/0.20	54083	4920	5000	5000	1.0	0.9992322980549431	1.0
moderate_45_35_20	0.45/0.35/0.20	54083	4935	5000	5000	1.0	0.9992322980549431	1.0
moderate_45_35_20	0.45/0.35/0.20	54083	4950	5000	5000	1.0	0.9992322980549431	1.0
moderate_45_35_20	0.45/0.35/0.20	54083	4965	5000	5000	1.0	0.9992322980549431	1.0
moderate_45_35_20	0.45/0.35/0.20	54083	4980	5000	5000	1.0	0.9992322980549431	1.0
moderate_45_35_20	0.45/0.35/0.20	54083	4995	5000	5000	1.0	0.9992322980549431	1.0
moderate_45_35_20	0.45/0.35/0.20	54083	5010	5000	5000	1.0	0.9992322980549431	1.0
moderate_45_35_20	0.45/0.35/0.20	54083	5025	5000	5000	1.0	0.9992322980549431	1.0
moderate_45_35_20	0.45/0.35/0.20	54083	5040	5000	5000	1.0	0.9992322980549431	1.0
moderate_45_35_20	0.45/0.35/0.20	54083	5055	5000	5000	1.0	0.9992322980549431	1.0
moderate_45_35_20	0.45/0.35/0.20	54083	5070	5000	5000	1.0	0.9992322980549431	1.0
moderate_45_35_20	0.45/0.35/0.20	54083	5085	5000	5000	1.0	0.9992322980549431	1.0
moderate_45_35_20	0.45/0.35/0.20	54083	5100	5000	5000	1.0	0.9992322980549431	1.0
moderate_45_35_20	0.45/0.35/0.20	54083	5115	5000	5000	1.0	0.9992322980549431	1.0
moderate_45_35_20	0.45/0.35/0.20	54083	5130	5000	5000	1.0	0.9992322980549431	1.0
moderate_45_35_20	0.45/0.35/0.20	54083	5145	5000	5000	1.0	0.9992322980549431	1.0
moderate_45_35_20	0.45/0.35/0.20	54083	5160	5000	5000	1.0	0.9992322980549431	1.0
moderate_45_35_20	0.45/0.35/0.20	54083	5175	5000	5000	1.0	0.9992322980549431	1.0
moderate_45_35_20	0.45/0.35/0.20	54083	5190	5000	5000	1.0	0.9992322980549431	1.0
moderate_45_35_20	0.45/0.35/0.20	54083	5205	5000	5000	1.0	0.9992322980549431	1.0
moderate_45_35_20	0.45/0.35/0.20	54083	5220	5000	5000	1.0	0.9992322980549431	1.0
moderate_45_35_20	0.45/0.35/0.20	54083	5235	5000	5000	1.0	0.9992322980549431	1.0
moderate_45_35_20	0.45/0.35/0.20	54083	5250	5000	5000	1.0	0.9992322980549431	1.0
moderate_45_35_20	0.45/0.35/0.20	54083	5265	5000	5000	1.0	0.9992322980549431	1.0
moderate_45_35_20	0.45/0.35/0.20	54083	5280	5000	5000	1.0	0.9992322980549431	1.0
moderate_45_35_20	0.45/0.35/0.20	54083	5295	5000	5000	1.0	0.9992322980549431	1.0
moderate_45_35_20	0.45/0.35/0.20	54083	5310	5000	5000	1.0	0.9992322980549431	1.0
moderate_45_35_20	0.45/0.35/0.20	54083	5325	5000	5000	1.0	0.9992322980549431	1.0
moderate_45_35_20	0.45/0.35/0.20	54083	5340	5000	5000	1.0	0.9992322980549431	1.0
moderate_45_35_20	0.45/0.35/0.20	54083	5355	5000	5000	1.0	0.9992322980549431	1.0
moderate_45_35_20	0.45/0.35/0.20	54083	5370	5000	5000	1.0	0.9992322980549431	1.0
moderate_45_35_20	0.45/0.35/0.20	54083	5385	5000	5000	1.0	0.9992322980549431	1.0
moderate_45_35_20	0.45/0.35/0.20	54083	5400	5000	5000	1.0	0.9992322980549431	1.0
moderate_45_35_20	0.45/0.35/0.20	54083	5415	5000	5000	1.0	0.9992322980549431	1.0
moderate_45_35_20	0.45/0.35/0.20	54083	5430	5000	5000	1.0	0.9992322980549431	1.0
moderate_45_35_20	0.45/0.35/0.20	54083	5445	5000	5000	1.0	0.9992322980549431	1.0
moderate_45_35_20	0.45/0.35/0.20	54083	5460	5000	5000	1.0	0.9992322980549431	1.0
moderate_45_35_20	0.45/0.35/0.20	54083	5475	5000	5000	1.0	0.9992322980549431	1.0
moderate_45_35_20	0.45/0.35/0.20	54083	5490	5000	5000	1.0	0.9992322980549431	1.0
moderate_45_35_20	0.45/0.35/0.20	54083	5505	5000	5000	1.0	0.9992322980549431	1.0
moderate_45_35_20	0.45/0.35/0.20	54083	5520	5000	5000	1.0	0.9992322980549431	1.0
moderate_45_35_20	0.45/0.35/0.20	54083	5535	5000	5000	1.0	0.9992322980549431	1.0
moderate_45_35_20	0.45/0.35/0.20	54083	5550	5000	5000	1.0	0.9992322980549431	1.0
moderate_45_35_20	0.45/0.35/0.20	54083	5565	5000	5000	1.0	0.9992322980549431	1.0
moderate_45_35_20	0.45/0.35/0.20	54083	5580	5000	5000	1.0	0.9992322980549431	1.0
moderate_45_35_20	0.45/0.35/0.20	54083	5595	5000	5000	1.0	0.9992322980549431	1.0
moderate_45_35_20	0.45/0.35/0.20	54083	5610	5000	5000	1.0	0.9992322980549431	1.0
moderate_45_35_20	0.45/0.35/0.20	54083	5625	5000	5000	1.0	0.9992322980549431	1.0
moderate_45_35_20	0.45/0.35/0.20	54083	5640	5000	5000	1.0	0.9992322980549431	1.0
moderate_45_35_20	0.45/0.35/0.20	54083	5655	5000	5000	1.0	0.9992322980549431	1.0
moderate_45_35_20	0.45/0.35/0.20	54083	5670	5000	5000	1.0	0.9992322980549431	1.0
moderate_45_35_20	0.45/0.35/0.20	54083	5685	5000	5000	1.0	0.9992322980549431	1.0
moderate_45_35_20	0.45/0.35/0.20	54083	5700	5000	5000	1.0	0.9992322980549431	1.0
moderate_45_35_20	0.45/0.35/0.20	54083	5715	5000	5000	1.0	0.9992322980549431	1.0
moderate_45_35_20	0.45/0.35/0.20	54083	5730	5000	5000	1.0	0.9992322980549431	1.0
moderate_45_35_20	0.45/0.35/0.20	54083	5745	5000	5000	1.0	0.9992322980549431	1.0
moderate_45_35_20	0.45/0.35/0.20	54083	5760	5000	5000	1.0	0.9992322980549431	1.0
moderate_45_35_20	0.45/0.35/0.20	54083	5775	5000	5000	1.0	0.9992322980549431	1.0
moderate_45_35_20	0.45/0.35/0.20	54083	5790	5000	5000	1.0	0.9992322980549431	1.0
moderate_45_35_20	0.45/0.35/0.20	54083	5805	5000	5000	1.0	0.9992322980549431	1.0
moderate_45_35_20	0.45/0.35/0.20	54083	5820	5000	5000	1.0	0.9992322980549431	1.0
moderate_45_35_20	0.45/0.35/0.20	54083	5835	5000	5000	1.0	0.9992322980549431	1.0
moderate_45_35_20	0.45/0.35/0.20	54083	5850	5000	5000	1.0	0.9992322980549431	1.0
moderate_45_35_20	0.45/0.35/0.20	54083	5865	5000	5000	1.0	0.9992322980549431	1.0
moderate_45_35_20	0.45/0.35/0.20	54083	5880	5000	5000	1.0	0.9992322980549431	1.0
moderate_45_35_20	0.45/0.35/0.20	54083	5895	5000	5000	1.0	0.9992322980549431	1.0
moderate_45_35_20	0.45/0.35/0.20	54083	5910	5000	5000	1.0	0.9992322980549431	1.0
moderate_45_35_20	0.45/0.35/0.20	54083	5925	5000	5000	1.0	0.9992322980549431	1.0
moderate_45_35_20	0.45/0.35/0.20	54083	5940	5000	5000	1.0	0.9992322980549431	1.0
moderate_45_35_20	0.45/0.35/0.20	54083	5955	5000	5000	1.0	0.9992322980549431	1.0
moderate_45_35_20	0.45/0.35/0.20	54083	5970	5000	5000	1.0	0.9992322980549431	1.0
moderate_45_35_20	0.45/0.35/0.20	54083	5985	5000	5000	1.0	0.9992322980549431	1.0
moderate_45_35_20	0.45/0.35/0.20	54083	6000	5000	5000	1.0	0.9992322980549431	1.0
severe_60_30_10	0.60/0.30/0.10	54071	450	5000	0	0.0	0.0	0.0007677019450571244
severe_60_30_10	0.60/0.30/0.10	54071	465	5000	0	0.0	0.0	0.0007677019450571244
severe_60_30_10	0.60/0.30/0.10	54071	480	5000	0	0.0	0.0	0.0007677019450571244
severe_60_30_10	0.60/0.30/0.10	54071	495	5000	0	0.0	0.0	0.0007677019450571244
severe_60_30_10	0.60/0.30/0.10	54071	510	5000	0	0.0	0.0	0.0007677019450571244
severe_60_30_10	0.60/0.30/0.10	54071	525	5000	0	0.0	0.0	0.0007677019450571244
severe_60_30_10	0.60/0.30/0.10	54071	540	5000	0	0.0	0.0	0.0007677019450571244
severe_60_30_10	0.60/0.30/0.10	54071	555	5000	0	0.0	0.0	0.0007677019450571244
severe_60_30_10	0.60/0.30/0.10	54071	570	5000	0	0.0	0.0	0.0007677019450571244
severe_60_30_10	0.60/0.30/0.10	54071	585	5000	0	0.0	0.0	0.0007677019450571244
severe_60_30_10	0.60/0.30/0.10	54071	600	5000	0	0.0	0.0	0.0007677019450571244
severe_60_30_10	0.60/0.30/0.10	54071	615	5000	0	0.0	0.0	0.0007677019450571244
severe_60_30_10	0.60/0.30/0.10	54071	630	5000	0	0.0	0.0	0.0007677019450571244
severe_60_30_10	0.60/0.30/0.10	54071	645	5000	0	0.0	0.0	0.0007677019450571244
severe_60_30_10	0.60/0.30/0.10	54071	660	5000	0	0.0	0.0	0.0007677019450571244
severe_60_30_10	0.60/0.30/0.10	54071	675	5000	0	0.0	0.0	0.0007677019450571244
severe_60_30_10	0.60/0.30/0.10	54071	690	5000	0	0.0	0.0	0.0007677019450571244
severe_60_30_10	0.60/0.30/0.10	54071	705	5000	0	0.0	0.0	0.0007677019450571244
severe_60_30_10	0.60/0.30/0.10	54071	720	5000	0	0.0	0.0	0.0007677019450571244
severe_60_30_10	0.60/0.30/0.10	54071	735	5000	0	0.0	0.0	0.0007677019450571244
severe_60_30_10	0.60/0.30/0.10	54071	750	5000	0	0.0	0.0	0.0007677019450571244
severe_60_30_10	0.60/0.30/0.10	54071	765	5000	0	0.0	0.0	0.0007677019450571244
severe_60_30_10	0.60/0.30/0.10	54071	780	5000	0	0.0	0.0	0.0007677019450571244
severe_60_30_10	0.60/0.30/0.10	54071	795	5000	0	0.0	0.0	0.0007677019450571244
severe_60_30_10	0.60/0.30/0.10	54071	810	5000	0	0.0	0.0	0.0007677019450571244
severe_60_30_10	0.60/0.30/0.10	54071	825	5000	0	0.0	0.0	0.0007677019450571244
severe_60_30_10	0.60/0.30/0.10	54071	840	5000	0	0.0	0.0	0.0007677019450571244
severe_60_30_10	0.60/0.30/0.10	54071	855	5000	0	0.0	0.0	0.0007677019450571244
severe_60_30_10	0.60/0.30/0.10	54071	870	5000	0	0.0	0.0	0.0007677019450571244
severe_60_30_10	0.60/0.30/0.10	54071	885	5000	0	0.0	0.0	0.0007677019450571244
severe_60_30_10	0.60/0.30/0.10	54071	900	5000	0	0.0	0.0	0.0007677019450571244
severe_60_30_10	0.60/0.30/0.10	54071	915	5000	0	0.0	0.0	0.0007677019450571244
severe_60_30_10	0.60/0.30/0.10	54071	930	5000	0	0.0	0.0	0.0007677019450571244
severe_60_30_10	0.60/0.30/0.10	54071	945	5000	0	0.0	0.0	0.0007677019450571244
severe_60_30_10	0.60/0.30/0.10	54071	960	5000	0	0.0	0.0	0.0007677019450571244
severe_60_30_10	0.60/0.30/0.10	54071	975	5000	0	0.0	0.0	0.0007677019450571244
severe_60_30_10	0.60/0.30/0.10	54071	990	5000	0	0.0	0.0	0.0007677019450571244
severe_60_30_10	0.60/0.30/0.10	54071	1005	5000	0	0.0	0.0	0.0007677019450571244
severe_60_30_10	0.60/0.30/0.10	54071	1020	5000	0	0.0	0.0	0.0007677019450571244
severe_60_30_10	0.60/0.30/0.10	54071	1035	5000	0	0.0	0.0	0.0007677019450571244
severe_60_30_10	0.60/0.30/0.10	54071	1050	5000	0	0.0	0.0	0.0007677019450571244
severe_60_30_10	0.60/0.30/0.10	54071	1065	5000	0	0.0	0.0	0.0007677019450571244
severe_60_30_10	0.60/0.30/0.10	54071	1080	5000	0	0.0	0.0	0.0007677019450571244
severe_60_30_10	0.60/0.30/0.10	54071	1095	5000	0	0.0	0.0	0.0007677019450571244
severe_60_30_10	0.60/0.30/0.10	54071	1110	5000	0	0.0	0.0	0.0007677019450571244
severe_60_30_10	0.60/0.30/0.10	54071	1125	5000	0	0.0	0.0	0.0007677019450571244
severe_60_30_10	0.60/0.30/0.10	54071	1140	5000	0	0.0	0.0	0.0007677019450571244
severe_60_30_10	0.60/0.30/0.10	54071	1155	5000	0	0.0	0.0	0.0007677019450571244
severe_60_30_10	0.60/0.30/0.10	54071	1170	5000	0	0.0	0.0	0.0007677019450571244
severe_60_30_10	0.60/0.30/0.10	54071	1185	5000	0	0.0	0.0	0.0007677019450571244
severe_60_30_10	0.60/0.30/0.10	54071	1200	5000	0	0.0	0.0	0.0007677019450571244
severe_60_30_10	0.60/0.30/0.10	54071	1215	5000	0	0.0	0.0	0.0007677019450571244
severe_60_30_10	0.60/0.30/0.10	54071	1230	5000	0	0.0	0.0	0.0007677019450571244
severe_60_30_10	0.60/0.30/0.10	54071	1245	5000	0	0.0	0.0	0.0007677019450571244
severe_60_30_10	0.60/0.30/0.10	54071	1260	5000	0	0.0	0.0	0.0007677019450571244
severe_60_30_10	0.60/0.30/0.10	54071	1275	5000	0	0.0	0.0	0.0007677019450571244
severe_60_30_10	0.60/0.30/0.10	54071	1290	5000	0	0.0	0.0	0.0007677019450571244
severe_60_30_10	0.60/0.30/0.10	54071	1305	5000	0	0.0	0.0	0.0007677019450571244
severe_60_30_10	0.60/0.30/0.10	54071	1320	5000	0	0.0	0.0	0.0007677019450571244
severe_60_30_10	0.60/0.30/0.10	54071	1335	5000	0	0.0	0.0	0.0007677019450571244
severe_60_30_10	0.60/0.30/0.10	54071	1350	5000	0	0.0	0.0	0.0007677019450571244
severe_60_30_10	0.60/0.30/0.10	54071	1365	5000	2	0.0004	0.00010970128207763504	0.0014573865014234437
severe_60_30_10	0.60/0.30/0.10	54071	1380	5000	1	0.0002	3.530578343936526e-05	0.0011320890808397363
severe_60_30_10	0.60/0.30/0.10	54071	1395	5000	2	0.0004	0.00010970128207763504	0.0014573865014234437
severe_60_30_10	0.60/0.30/0.10	54071	1410	5000	3	0.0006	0.00020407465419434642	0.001762706048528709
severe_60_30_10	0.60/0.30/0.10	54071	1425	5000	5	0.001	0.00042721349110879964	0.002338953050058211
severe_60_30_10	0.60/0.30/0.10	54071	1440	5000	4	0.0008	0.00031114697610156263	0.0020553266458434704
severe_60_30_10	0.60/0.30/0.10	54071	1455	5000	9	0.0018	0.0009472935076811986	0.003417644710373721
severe_60_30_10	0.60/0.30/0.10	54071	1470	5000	17	0.0034	0.0021239367958294426	0.0054385447760012945
severe_60_30_10	0.60/0.30/0.10	54071	1485	5000	15	0.003	0.0018189297776376753	0.004944165955749107
severe_60_30_10	0.60/0.30/0.10	54071	1500	5000	31	0.0062	0.0043713883985244135	0.008786794042414002
severe_60_30_10	0.60/0.30/0.10	54071	1515	5000	33	0.0066	0.004703510713236264	0.009254057566146109
severe_60_30_10	0.60/0.30/0.10	54071	1530	5000	49	0.0098	0.007421083157823486	0.012931571829110523
severe_60_30_10	0.60/0.30/0.10	54071	1545	5000	63	0.0126	0.009861112996359368	0.01608724285968232
severe_60_30_10	0.60/0.30/0.10	54071	1560	5000	99	0.0198	0.016291095598378512	0.024046205349654355
severe_60_30_10	0.60/0.30/0.10	54071	1575	5000	108	0.0216	0.01792263398844897	0.026011903232581693
severe_60_30_10	0.60/0.30/0.10	54071	1590	5000	164	0.0328	0.02821060570117788	0.03810673499628352
severe_60_30_10	0.60/0.30/0.10	54071	1605	5000	196	0.0392	0.03416493726116427	0.044942576851400386
severe_60_30_10	0.60/0.30/0.10	54071	1620	5000	240	0.048	0.042413931418707994	0.05428007113962365
severe_60_30_10	0.60/0.30/0.10	54071	1635	5000	317	0.0634	0.0569750881353032	0.07049526920312069
severe_60_30_10	0.60/0.30/0.10	54071	1650	5000	398	0.0796	0.07241614780964276	0.08742933598576128
severe_60_30_10	0.60/0.30/0.10	54071	1665	5000	457	0.0914	0.08372287557926333	0.09970449045023735
severe_60_30_10	0.60/0.30/0.10	54071	1680	5000	598	0.1196	0.11089641794735443	0.12888764969244504
severe_60_30_10	0.60/0.30/0.10	54071	1695	5000	694	0.1388	0.12949377652231042	0.1486608113627989
severe_60_30_10	0.60/0.30/0.10	54071	1710	5000	797	0.1594	0.14951583913193098	0.16980711943304197
severe_60_30_10	0.60/0.30/0.10	54071	1725	5000	983	0.1966	0.18581876729871472	0.20784707424154597
severe_60_30_10	0.60/0.30/0.10	54071	1740	5000	1117	0.2234	0.21206957482702016	0.23515511788898547
severe_60_30_10	0.60/0.30/0.10	54071	1755	5000	1330	0.266	0.25393539993883135	0.27842388457145545
severe_60_30_10	0.60/0.30/0.10	54071	1770	5000	1483	0.2966	0.2840995774934471	0.3094127236578022
severe_60_30_10	0.60/0.30/0.10	54071	1785	5000	1666	0.3332	0.3202673216179743	0.3463887837508968
severe_60_30_10	0.60/0.30/0.10	54071	1800	5000	1844	0.3688	0.3555320711078528	0.38226937388253035
severe_60_30_10	0.60/0.30/0.10	54071	1815	5000	2088	0.4176	0.40399881661136505	0.43132770066918047
severe_60_30_10	0.60/0.30/0.10	54071	1830	5000	2260	0.452	0.438247068734886	0.46582663065183966
severe_60_30_10	0.60/0.30/0.10	54071	1845	5000	2456	0.4912	0.47735518254278037	0.5050583290114529
severe_60_30_10	0.60/0.30/0.10	54071	1860	5000	2654	0.5308	0.5169489265091683	0.5446037830510163
severe_60_30_10	0.60/0.30/0.10	54071	1875	5000	2859	0.5718	0.5580346333127706	0.5854551246879192
severe_60_30_10	0.60/0.30/0.10	54071	1890	5000	3087	0.6174	0.6038431514151826	0.6307765921681178
severe_60_30_10	0.60/0.30/0.10	54071	1905	5000	3290	0.658	0.6447343017047288	0.6710231044806333
severe_60_30_10	0.60/0.30/0.10	54071	1920	5000	3504	0.7008	0.6879574643022651	0.7133342265966
severe_60_30_10	0.60/0.30/0.10	54071	1935	5000	3670	0.734	0.7215761154285446	0.7460646000611687
severe_60_30_10	0.60/0.30/0.10	54071	1950	5000	3808	0.7616	0.7495911856657239	0.7732071526766223
severe_60_30_10	0.60/0.30/0.10	54071	1965	5000	3923	0.7846	0.7729889027562664	0.795774121296607
severe_60_30_10	0.60/0.30/0.10	54071	1980	5000	4032	0.8064	0.795214514897001	0.8171150373510682
severe_60_30_10	0.60/0.30/0.10	54071	1995	5000	4243	0.8486	0.8383973671668723	0.858267391037034
severe_60_30_10	0.60/0.30/0.10	54071	2010	5000	4336	0.8672	0.8575111227898967	0.8763250769016534
severe_60_30_10	0.60/0.30/0.10	54071	2025	5000	4434	0.8868	0.8777192882735716	0.8952868175017323
severe_60_30_10	0.60/0.30/0.10	54071	2040	5000	4470	0.894	0.8851627730655537	0.9022322778017414
severe_60_30_10	0.60/0.30/0.10	54071	2055	5000	4577	0.9154	0.9073639262582206	0.922798266965826
severe_60_30_10	0.60/0.30/0.10	54071	2070	5000	4656	0.9312	0.9238480264127613	0.9378899074298215
severe_60_30_10	0.60/0.30/0.10	54071	2085	5000	4716	0.9432	0.936437570542497	0.9492819384534046
severe_60_30_10	0.60/0.30/0.10	54071	2100	5000	4748	0.9496	0.9431834964737694	0.9553261859372354
severe_60_30_10	0.60/0.30/0.10	54071	2115	5000	4784	0.9568	0.9508052913566617	0.9620933361463341
severe_60_30_10	0.60/0.30/0.10	54071	2130	5000	4833	0.9666	0.9612504836707537	0.9712330968741191
severe_60_30_10	0.60/0.30/0.10	54071	2145	5000	4839	0.9678	0.9625364838902845	0.9723452541699201
severe_60_30_10	0.60/0.30/0.10	54071	2160	5000	4888	0.9776	0.9731168231198777	0.9813498679822039
severe_60_30_10	0.60/0.30/0.10	54071	2175	5000	4925	0.985	0.9812392386801383	0.9880160904331563
severe_60_30_10	0.60/0.30/0.10	54071	2190	5000	4938	0.9876	0.9841367227056039	0.9903146143575765
severe_60_30_10	0.60/0.30/0.10	54071	2205	5000	4961	0.9922	0.9893555304144359	0.9942887437908499
severe_60_30_10	0.60/0.30/0.10	54071	2220	5000	4961	0.9922	0.9893555304144359	0.9942887437908499
severe_60_30_10	0.60/0.30/0.10	54071	2235	5000	4970	0.994	0.9914476466387817	0.995793863839502
severe_60_30_10	0.60/0.30/0.10	54071	2250	5000	4977	0.9954	0.9931066129381813	0.9969327479746563
severe_60_30_10	0.60/0.30/0.10	54071	2265	5000	4979	0.9958	0.9935875211615961	0.9972512255896855
severe_60_30_10	0.60/0.30/0.10	54071	2280	5000	4981	0.9962	0.994072271440611	0.9975658611491144
severe_60_30_10	0.60/0.30/0.10	54071	2295	5000	4991	0.9982	0.9965823552896264	0.9990527064923188
severe_60_30_10	0.60/0.30/0.10	54071	2310	5000	4991	0.9982	0.9965823552896264	0.9990527064923188
severe_60_30_10	0.60/0.30/0.10	54071	2325	5000	4990	0.998	0.996322115723667	0.9989132531390561
severe_60_30_10	0.60/0.30/0.10	54071	2340	5000	4996	0.9992	0.9979446733541565	0.9996888530238984
severe_60_30_10	0.60/0.30/0.10	54071	2355	5000	4996	0.9992	0.9979446733541565	0.9996888530238984
severe_60_30_10	0.60/0.30/0.10	54071	2370	5000	4997	0.9994	0.9982372939514713	0.9997959253458056
severe_60_30_10	0.60/0.30/0.10	54071	2385	5000	4997	0.9994	0.9982372939514713	0.9997959253458056
severe_60_30_10	0.60/0.30/0.10	54071	2400	5000	4998	0.9996	0.9985426134985768	0.9998902987179225
severe_60_30_10	0.60/0.30/0.10	54071	2415	5000	4998	0.9996	0.9985426134985768	0.9998902987179225
severe_60_30_10	0.60/0.30/0.10	54071	2430	5000	4997	0.9994	0.9982372939514713	0.9997959253458056
severe_60_30_10	0.60/0.30/0.10	54071	2445	5000	5000	1.0	0.9992322980549431	1.0
severe_60_30_10	0.60/0.30/0.10	54071	2460	5000	4999	0.9998	0.9988679109191605	0.9999646942165608
severe_60_30_10	0.60/0.30/0.10	54071	2475	5000	4999	0.9998	0.9988679109191605	0.9999646942165608
severe_60_30_10	0.60/0.30/0.10	54071	2490	5000	4999	0.9998	0.9988679109191605	0.9999646942165608
severe_60_30_10	0.60/0.30/0.10	54071	2505	5000	5000	1.0	0.9992322980549431	1.0
severe_60_30_10	0.60/0.30/0.10	54071	2520	5000	5000	1.0	0.9992322980549431	1.0
severe_60_30_10	0.60/0.30/0.10	54071	2535	5000	5000	1.0	0.9992322980549431	1.0
severe_60_30_10	0.60/0.30/0.10	54071	2550	5000	5000	1.0	0.9992322980549431	1.0
severe_60_30_10	0.60/0.30/0.10	54071	2565	5000	5000	1.0	0.9992322980549431	1.0
severe_60_30_10	0.60/0.30/0.10	54071	2580	5000	5000	1.0	0.9992322980549431	1.0
severe_60_30_10	0.60/0.30/0.10	54071	2595	5000	5000	1.0	0.9992322980549431	1.0
severe_60_30_10	0.60/0.30/0.10	54071	2610	5000	5000	1.0	0.9992322980549431	1.0
severe_60_30_10	0.60/0.30/0.10	54071	2625	5000	5000	1.0	0.9992322980549431	1.0
severe_60_30_10	0.60/0.30/0.10	54071	2640	5000	5000	1.0	0.9992322980549431	1.0
severe_60_30_10	0.60/0.30/0.10	54071	2655	5000	5000	1.0	0.9992322980549431	1.0
severe_60_30_10	0.60/0.30/0.10	54071	2670	5000	5000	1.0	0.9992322980549431	1.0
severe_60_30_10	0.60/0.30/0.10	54071	2685	5000	5000	1.0	0.9992322980549431	1.0
severe_60_30_10	0.60/0.30/0.10	54071	2700	5000	5000	1.0	0.9992322980549431	1.0
severe_60_30_10	0.60/0.30/0.10	54071	2715	5000	5000	1.0	0.9992322980549431	1.0
severe_60_30_10	0.60/0.30/0.10	54071	2730	5000	5000	1.0	0.9992322980549431	1.0
severe_60_30_10	0.60/0.30/0.10	54071	2745	5000	5000	1.0	0.9992322980549431	1.0
severe_60_30_10	0.60/0.30/0.10	54071	2760	5000	5000	1.0	0.9992322980549431	1.0
severe_60_30_10	0.60/0.30/0.10	54071	2775	5000	5000	1.0	0.9992322980549431	1.0
severe_60_30_10	0.60/0.30/0.10	54071	2790	5000	5000	1.0	0.9992322980549431	1.0
severe_60_30_10	0.60/0.30/0.10	54071	2805	5000	5000	1.0	0.9992322980549431	1.0
severe_60_30_10	0.60/0.30/0.10	54071	2820	5000	5000	1.0	0.9992322980549431	1.0
severe_60_30_10	0.60/0.30/0.10	54071	2835	5000	5000	1.0	0.9992322980549431	1.0
severe_60_30_10	0.60/0.30/0.10	54071	2850	5000	5000	1.0	0.9992322980549431	1.0
severe_60_30_10	0.60/0.30/0.10	54071	2865	5000	5000	1.0	0.9992322980549431	1.0
severe_60_30_10	0.60/0.30/0.10	54071	2880	5000	5000	1.0	0.9992322980549431	1.0
severe_60_30_10	0.60/0.30/0.10	54071	2895	5000	5000	1.0	0.9992322980549431	1.0
severe_60_30_10	0.60/0.30/0.10	54071	2910	5000	5000	1.0	0.9992322980549431	1.0
severe_60_30_10	0.60/0.30/0.10	54071	2925	5000	5000	1.0	0.9992322980549431	1.0
severe_60_30_10	0.60/0.30/0.10	54071	2940	5000	5000	1.0	0.9992322980549431	1.0
severe_60_30_10	0.60/0.30/0.10	54071	2955	5000	5000	1.0	0.9992322980549431	1.0
severe_60_30_10	0.60/0.30/0.10	54071	2970	5000	5000	1.0	0.9992322980549431	1.0
severe_60_30_10	0.60/0.30/0.10	54071	2985	5000	5000	1.0	0.9992322980549431	1.0
severe_60_30_10	0.60/0.30/0.10	54071	3000	5000	5000	1.0	0.9992322980549431	1.0
severe_60_30_10	0.60/0.30/0.10	54071	3015	5000	5000	1.0	0.9992322980549431	1.0
severe_60_30_10	0.60/0.30/0.10	54071	3030	5000	5000	1.0	0.9992322980549431	1.0
severe_60_30_10	0.60/0.30/0.10	54071	3045	5000	5000	1.0	0.9992322980549431	1.0
severe_60_30_10	0.60/0.30/0.10	54071	3060	5000	5000	1.0	0.9992322980549431	1.0
severe_60_30_10	0.60/0.30/0.10	54071	3075	5000	5000	1.0	0.9992322980549431	1.0
severe_60_30_10	0.60/0.30/0.10	54071	3090	5000	5000	1.0	0.9992322980549431	1.0
severe_60_30_10	0.60/0.30/0.10	54071	3105	5000	5000	1.0	0.9992322980549431	1.0
severe_60_30_10	0.60/0.30/0.10	54071	3120	5000	5000	1.0	0.9992322980549431	1.0
severe_60_30_10	0.60/0.30/0.10	54071	3135	5000	5000	1.0	0.9992322980549431	1.0
severe_60_30_10	0.60/0.30/0.10	54071	3150	5000	5000	1.0	0.9992322980549431	1.0
severe_60_30_10	0.60/0.30/0.10	54071	3165	5000	5000	1.0	0.9992322980549431	1.0
severe_60_30_10	0.60/0.30/0.10	54071	3180	5000	5000	1.0	0.9992322980549431	1.0
severe_60_30_10	0.60/0.30/0.10	54071	3195	5000	5000	1.0	0.9992322980549431	1.0
severe_60_30_10	0.60/0.30/0.10	54071	3210	5000	5000	1.0	0.9992322980549431	1.0
severe_60_30_10	0.60/0.30/0.10	54071	3225	5000	5000	1.0	0.9992322980549431	1.0
severe_60_30_10	0.60/0.30/0.10	54071	3240	5000	5000	1.0	0.9992322980549431	1.0
severe_60_30_10	0.60/0.30/0.10	54071	3255	5000	5000	1.0	0.9992322980549431	1.0
severe_60_30_10	0.60/0.30/0.10	54071	3270	5000	5000	1.0	0.9992322980549431	1.0
severe_60_30_10	0.60/0.30/0.10	54071	3285	5000	5000	1.0	0.9992322980549431	1.0
severe_60_30_10	0.60/0.30/0.10	54071	3300	5000	5000	1.0	0.9992322980549431	1.0
severe_60_30_10	0.60/0.30/0.10	54071	3315	5000	5000	1.0	0.9992322980549431	1.0
severe_60_30_10	0.60/0.30/0.10	54071	3330	5000	5000	1.0	0.9992322980549431	1.0
severe_60_30_10	0.60/0.30/0.10	54071	3345	5000	5000	1.0	0.9992322980549431	1.0
severe_60_30_10	0.60/0.30/0.10	54071	3360	5000	5000	1.0	0.9992322980549431	1.0
severe_60_30_10	0.60/0.30/0.10	54071	3375	5000	5000	1.0	0.9992322980549431	1.0
severe_60_30_10	0.60/0.30/0.10	54071	3390	5000	5000	1.0	0.9992322980549431	1.0
severe_60_30_10	0.60/0.30/0.10	54071	3405	5000	5000	1.0	0.9992322980549431	1.0
severe_60_30_10	0.60/0.30/0.10	54071	3420	5000	5000	1.0	0.9992322980549431	1.0
severe_60_30_10	0.60/0.30/0.10	54071	3435	5000	5000	1.0	0.9992322980549431	1.0
severe_60_30_10	0.60/0.30/0.10	54071	3450	5000	5000	1.0	0.9992322980549431	1.0
severe_60_30_10	0.60/0.30/0.10	54071	3465	5000	5000	1.0	0.9992322980549431	1.0
severe_60_30_10	0.60/0.30/0.10	54071	3480	5000	5000	1.0	0.9992322980549431	1.0
severe_60_30_10	0.60/0.30/0.10	54071	3495	5000	5000	1.0	0.9992322980549431	1.0
severe_60_30_10	0.60/0.30/0.10	54071	3510	5000	5000	1.0	0.9992322980549431	1.0
severe_60_30_10	0.60/0.30/0.10	54071	3525	5000	5000	1.0	0.9992322980549431	1.0
severe_60_30_10	0.60/0.30/0.10	54071	3540	5000	5000	1.0	0.9992322980549431	1.0
severe_60_30_10	0.60/0.30/0.10	54071	3555	5000	5000	1.0	0.9992322980549431	1.0
severe_60_30_10	0.60/0.30/0.10	54071	3570	5000	5000	1.0	0.9992322980549431	1.0
severe_60_30_10	0.60/0.30/0.10	54071	3585	5000	5000	1.0	0.9992322980549431	1.0
severe_60_30_10	0.60/0.30/0.10	54071	3600	5000	5000	1.0	0.9992322980549431	1.0
severe_60_30_10	0.60/0.30/0.10	54071	3615	5000	5000	1.0	0.9992322980549431	1.0
severe_60_30_10	0.60/0.30/0.10	54071	3630	5000	5000	1.0	0.9992322980549431	1.0
severe_60_30_10	0.60/0.30/0.10	54071	3645	5000	5000	1.0	0.9992322980549431	1.0
severe_60_30_10	0.60/0.30/0.10	54071	3660	5000	5000	1.0	0.9992322980549431	1.0
severe_60_30_10	0.60/0.30/0.10	54071	3675	5000	5000	1.0	0.9992322980549431	1.0
severe_60_30_10	0.60/0.30/0.10	54071	3690	5000	5000	1.0	0.9992322980549431	1.0
severe_60_30_10	0.60/0.30/0.10	54071	3705	5000	5000	1.0	0.9992322980549431	1.0
severe_60_30_10	0.60/0.30/0.10	54071	3720	5000	5000	1.0	0.9992322980549431	1.0
severe_60_30_10	0.60/0.30/0.10	54071	3735	5000	5000	1.0	0.9992322980549431	1.0
severe_60_30_10	0.60/0.30/0.10	54071	3750	5000	5000	1.0	0.9992322980549431	1.0
severe_60_30_10	0.60/0.30/0.10	54071	3765	5000	5000	1.0	0.9992322980549431	1.0
severe_60_30_10	0.60/0.30/0.10	54071	3780	5000	5000	1.0	0.9992322980549431	1.0
severe_60_30_10	0.60/0.30/0.10	54071	3795	5000	5000	1.0	0.9992322980549431	1.0
severe_60_30_10	0.60/0.30/0.10	54071	3810	5000	5000	1.0	0.9992322980549431	1.0
severe_60_30_10	0.60/0.30/0.10	54071	3825	5000	5000	1.0	0.9992322980549431	1.0
severe_60_30_10	0.60/0.30/0.10	54071	3840	5000	5000	1.0	0.9992322980549431	1.0
severe_60_30_10	0.60/0.30/0.10	54071	3855	5000	5000	1.0	0.9992322980549431	1.0
severe_60_30_10	0.60/0.30/0.10	54071	3870	5000	5000	1.0	0.9992322980549431	1.0
severe_60_30_10	0.60/0.30/0.10	54071	3885	5000	5000	1.0	0.9992322980549431	1.0
severe_60_30_10	0.60/0.30/0.10	54071	3900	5000	5000	1.0	0.9992322980549431	1.0
severe_60_30_10	0.60/0.30/0.10	54071	3915	5000	5000	1.0	0.9992322980549431	1.0
severe_60_30_10	0.60/0.30/0.10	54071	3930	5000	5000	1.0	0.9992322980549431	1.0
severe_60_30_10	0.60/0.30/0.10	54071	3945	5000	5000	1.0	0.9992322980549431	1.0
severe_60_30_10	0.60/0.30/0.10	54071	3960	5000	5000	1.0	0.9992322980549431	1.0
severe_60_30_10	0.60/0.30/0.10	54071	3975	5000	5000	1.0	0.9992322980549431	1.0
severe_60_30_10	0.60/0.30/0.10	54071	3990	5000	5000	1.0	0.9992322980549431	1.0
severe_60_30_10	0.60/0.30/0.10	54071	4005	5000	5000	1.0	0.9992322980549431	1.0
severe_60_30_10	0.60/0.30/0.10	54071	4020	5000	5000	1.0	0.9992322980549431	1.0
severe_60_30_10	0.60/0.30/0.10	54071	4035	5000	5000	1.0	0.9992322980549431	1.0
severe_60_30_10	0.60/0.30/0.10	54071	4050	5000	5000	1.0	0.9992322980549431	1.0
severe_60_30_10	0.60/0.30/0.10	54071	4065	5000	5000	1.0	0.9992322980549431	1.0
severe_60_30_10	0.60/0.30/0.10	54071	4080	5000	5000	1.0	0.9992322980549431	1.0
severe_60_30_10	0.60/0.30/0.10	54071	4095	5000	5000	1.0	0.9992322980549431	1.0
severe_60_30_10	0.60/0.30/0.10	54071	4110	5000	5000	1.0	0.9992322980549431	1.0
severe_60_30_10	0.60/0.30/0.10	54071	4125	5000	5000	1.0	0.9992322980549431	1.0
severe_60_30_10	0.60/0.30/0.10	54071	4140	5000	5000	1.0	0.9992322980549431	1.0
severe_60_30_10	0.60/0.30/0.10	54071	4155	5000	5000	1.0	0.9992322980549431	1.0
severe_60_30_10	0.60/0.30/0.10	54071	4170	5000	5000	1.0	0.9992322980549431	1.0
severe_60_30_10	0.60/0.30/0.10	54071	4185	5000	5000	1.0	0.9992322980549431	1.0
severe_60_30_10	0.60/0.30/0.10	54071	4200	5000	5000	1.0	0.9992322980549431	1.0
severe_60_30_10	0.60/0.30/0.10	54071	4215	5000	5000	1.0	0.9992322980549431	1.0
severe_60_30_10	0.60/0.30/0.10	54071	4230	5000	5000	1.0	0.9992322980549431	1.0
severe_60_30_10	0.60/0.30/0.10	54071	4245	5000	5000	1.0	0.9992322980549431	1.0
severe_60_30_10	0.60/0.30/0.10	54071	4260	5000	5000	1.0	0.9992322980549431	1.0
severe_60_30_10	0.60/0.30/0.10	54071	4275	5000	5000	1.0	0.9992322980549431	1.0
severe_60_30_10	0.60/0.30/0.10	54071	4290	5000	5000	1.0	0.9992322980549431	1.0
severe_60_30_10	0.60/0.30/0.10	54071	4305	5000	5000	1.0	0.9992322980549431	1.0
severe_60_30_10	0.60/0.30/0.10	54071	4320	5000	5000	1.0	0.9992322980549431	1.0
severe_60_30_10	0.60/0.30/0.10	54071	4335	5000	5000	1.0	0.9992322980549431	1.0
severe_60_30_10	0.60/0.30/0.10	54071	4350	5000	5000	1.0	0.9992322980549431	1.0
severe_60_30_10	0.60/0.30/0.10	54071	4365	5000	5000	1.0	0.9992322980549431	1.0
severe_60_30_10	0.60/0.30/0.10	54071	4380	5000	5000	1.0	0.9992322980549431	1.0
severe_60_30_10	0.60/0.30/0.10	54071	4395	5000	5000	1.0	0.9992322980549431	1.0
severe_60_30_10	0.60/0.30/0.10	54071	4410	5000	5000	1.0	0.9992322980549431	1.0
severe_60_30_10	0.60/0.30/0.10	54071	4425	5000	5000	1.0	0.9992322980549431	1.0
severe_60_30_10	0.60/0.30/0.10	54071	4440	5000	5000	1.0	0.9992322980549431	1.0
severe_60_30_10	0.60/0.30/0.10	54071	4455	5000	5000	1.0	0.9992322980549431	1.0
severe_60_30_10	0.60/0.30/0.10	54071	4470	5000	5000	1.0	0.9992322980549431	1.0
severe_60_30_10	0.60/0.30/0.10	54071	4485	5000	5000	1.0	0.9992322980549431	1.0
severe_60_30_10	0.60/0.30/0.10	54071	4500	5000	5000	1.0	0.9992322980549431	1.0
severe_60_30_10	0.60/0.30/0.10	54071	4515	5000	5000	1.0	0.9992322980549431	1.0
severe_60_30_10	0.60/0.30/0.10	54071	4530	5000	5000	1.0	0.9992322980549431	1.0
severe_60_30_10	0.60/0.30/0.10	54071	4545	5000	5000	1.0	0.9992322980549431	1.0
severe_60_30_10	0.60/0.30/0.10	54071	4560	5000	5000	1.0	0.9992322980549431	1.0
severe_60_30_10	0.60/0.30/0.10	54071	4575	5000	5000	1.0	0.9992322980549431	1.0
severe_60_30_10	0.60/0.30/0.10	54071	4590	5000	5000	1.0	0.9992322980549431	1.0
severe_60_30_10	0.60/0.30/0.10	54071	4605	5000	5000	1.0	0.9992322980549431	1.0
severe_60_30_10	0.60/0.30/0.10	54071	4620	5000	5000	1.0	0.9992322980549431	1.0
severe_60_30_10	0.60/0.30/0.10	54071	4635	5000	5000	1.0	0.9992322980549431	1.0
severe_60_30_10	0.60/0.30/0.10	54071	4650	5000	5000	1.0	0.9992322980549431	1.0
severe_60_30_10	0.60/0.30/0.10	54071	4665	5000	5000	1.0	0.9992322980549431	1.0
severe_60_30_10	0.60/0.30/0.10	54071	4680	5000	5000	1.0	0.9992322980549431	1.0
severe_60_30_10	0.60/0.30/0.10	54071	4695	5000	5000	1.0	0.9992322980549431	1.0
severe_60_30_10	0.60/0.30/0.10	54071	4710	5000	5000	1.0	0.9992322980549431	1.0
severe_60_30_10	0.60/0.30/0.10	54071	4725	5000	5000	1.0	0.9992322980549431	1.0
severe_60_30_10	0.60/0.30/0.10	54071	4740	5000	5000	1.0	0.9992322980549431	1.0
severe_60_30_10	0.60/0.30/0.10	54071	4755	5000	5000	1.0	0.9992322980549431	1.0
severe_60_30_10	0.60/0.30/0.10	54071	4770	5000	5000	1.0	0.9992322980549431	1.0
severe_60_30_10	0.60/0.30/0.10	54071	4785	5000	5000	1.0	0.9992322980549431	1.0
severe_60_30_10	0.60/0.30/0.10	54071	4800	5000	5000	1.0	0.9992322980549431	1.0
severe_60_30_10	0.60/0.30/0.10	54071	4815	5000	5000	1.0	0.9992322980549431	1.0
severe_60_30_10	0.60/0.30/0.10	54071	4830	5000	5000	1.0	0.9992322980549431	1.0
severe_60_30_10	0.60/0.30/0.10	54071	4845	5000	5000	1.0	0.9992322980549431	1.0
severe_60_30_10	0.60/0.30/0.10	54071	4860	5000	5000	1.0	0.9992322980549431	1.0
severe_60_30_10	0.60/0.30/0.10	54071	4875	5000	5000	1.0	0.9992322980549431	1.0
severe_60_30_10	0.60/0.30/0.10	54071	4890	5000	5000	1.0	0.9992322980549431	1.0
severe_60_30_10	0.60/0.30/0.10	54071	4905	5000	5000	1.0	0.9992322980549431	1.0
severe_60_30_10	0.60/0.30/0.10	54071	4920	5000	5000	1.0	0.9992322980549431	1.0
severe_60_30_10	0.60/0.30/0.10	54071	4935	5000	5000	1.0	0.9992322980549431	1.0
severe_60_30_10	0.60/0.30/0.10	54071	4950	5000	5000	1.0	0.9992322980549431	1.0
severe_60_30_10	0.60/0.30/0.10	54071	4965	5000	5000	1.0	0.9992322980549431	1.0
severe_60_30_10	0.60/0.30/0.10	54071	4980	5000	5000	1.0	0.9992322980549431	1.0
severe_60_30_10	0.60/0.30/0.10	54071	4995	5000	5000	1.0	0.9992322980549431	1.0
severe_60_30_10	0.60/0.30/0.10	54071	5010	5000	5000	1.0	0.9992322980549431	1.0
severe_60_30_10	0.60/0.30/0.10	54071	5025	5000	5000	1.0	0.9992322980549431	1.0
severe_60_30_10	0.60/0.30/0.10	54071	5040	5000	5000	1.0	0.9992322980549431	1.0
severe_60_30_10	0.60/0.30/0.10	54071	5055	5000	5000	1.0	0.9992322980549431	1.0
severe_60_30_10	0.60/0.30/0.10	54071	5070	5000	5000	1.0	0.9992322980549431	1.0
severe_60_30_10	0.60/0.30/0.10	54071	5085	5000	5000	1.0	0.9992322980549431	1.0
severe_60_30_10	0.60/0.30/0.10	54071	5100	5000	5000	1.0	0.9992322980549431	1.0
severe_60_30_10	0.60/0.30/0.10	54071	5115	5000	5000	1.0	0.9992322980549431	1.0
severe_60_30_10	0.60/0.30/0.10	54071	5130	5000	5000	1.0	0.9992322980549431	1.0
severe_60_30_10	0.60/0.30/0.10	54071	5145	5000	5000	1.0	0.9992322980549431	1.0
severe_60_30_10	0.60/0.30/0.10	54071	5160	5000	5000	1.0	0.9992322980549431	1.0
severe_60_30_10	0.60/0.30/0.10	54071	5175	5000	5000	1.0	0.9992322980549431	1.0
severe_60_30_10	0.60/0.30/0.10	54071	5190	5000	5000	1.0	0.9992322980549431	1.0
severe_60_30_10	0.60/0.30/0.10	54071	5205	5000	5000	1.0	0.9992322980549431	1.0
severe_60_30_10	0.60/0.30/0.10	54071	5220	5000	5000	1.0	0.9992322980549431	1.0
severe_60_30_10	0.60/0.30/0.10	54071	5235	5000	5000	1.0	0.9992322980549431	1.0
severe_60_30_10	0.60/0.30/0.10	54071	5250	5000	5000	1.0	0.9992322980549431	1.0
severe_60_30_10	0.60/0.30/0.10	54071	5265	5000	5000	1.0	0.9992322980549431	1.0
severe_60_30_10	0.60/0.30/0.10	54071	5280	5000	5000	1.0	0.9992322980549431	1.0
severe_60_30_10	0.60/0.30/0.10	54071	5295	5000	5000	1.0	0.9992322980549431	1.0
severe_60_30_10	0.60/0.30/0.10	54071	5310	5000	5000	1.0	0.9992322980549431	1.0
severe_60_30_10	0.60/0.30/0.10	54071	5325	5000	5000	1.0	0.9992322980549431	1.0
severe_60_30_10	0.60/0.30/0.10	54071	5340	5000	5000	1.0	0.9992322980549431	1.0
severe_60_30_10	0.60/0.30/0.10	54071	5355	5000	5000	1.0	0.9992322980549431	1.0
severe_60_30_10	0.60/0.30/0.10	54071	5370	5000	5000	1.0	0.9992322980549431	1.0
severe_60_30_10	0.60/0.30/0.10	54071	5385	5000	5000	1.0	0.9992322980549431	1.0
severe_60_30_10	0.60/0.30/0.10	54071	5400	5000	5000	1.0	0.9992322980549431	1.0
severe_60_30_10	0.60/0.30/0.10	54071	5415	5000	5000	1.0	0.9992322980549431	1.0
severe_60_30_10	0.60/0.30/0.10	54071	5430	5000	5000	1.0	0.9992322980549431	1.0
severe_60_30_10	0.60/0.30/0.10	54071	5445	5000	5000	1.0	0.9992322980549431	1.0
severe_60_30_10	0.60/0.30/0.10	54071	5460	5000	5000	1.0	0.9992322980549431	1.0
severe_60_30_10	0.60/0.30/0.10	54071	5475	5000	5000	1.0	0.9992322980549431	1.0
severe_60_30_10	0.60/0.30/0.10	54071	5490	5000	5000	1.0	0.9992322980549431	1.0
severe_60_30_10	0.60/0.30/0.10	54071	5505	5000	5000	1.0	0.9992322980549431	1.0
severe_60_30_10	0.60/0.30/0.10	54071	5520	5000	5000	1.0	0.9992322980549431	1.0
severe_60_30_10	0.60/0.30/0.10	54071	5535	5000	5000	1.0	0.9992322980549431	1.0
severe_60_30_10	0.60/0.30/0.10	54071	5550	5000	5000	1.0	0.9992322980549431	1.0
severe_60_30_10	0.60/0.30/0.10	54071	5565	5000	5000	1.0	0.9992322980549431	1.0
severe_60_30_10	0.60/0.30/0.10	54071	5580	5000	5000	1.0	0.9992322980549431	1.0
severe_60_30_10	0.60/0.30/0.10	54071	5595	5000	5000	1.0	0.9992322980549431	1.0
severe_60_30_10	0.60/0.30/0.10	54071	5610	5000	5000	1.0	0.9992322980549431	1.0
severe_60_30_10	0.60/0.30/0.10	54071	5625	5000	5000	1.0	0.9992322980549431	1.0
severe_60_30_10	0.60/0.30/0.10	54071	5640	5000	5000	1.0	0.9992322980549431	1.0
severe_60_30_10	0.60/0.30/0.10	54071	5655	5000	5000	1.0	0.9992322980549431	1.0
severe_60_30_10	0.60/0.30/0.10	54071	5670	5000	5000	1.0	0.9992322980549431	1.0
severe_60_30_10	0.60/0.30/0.10	54071	5685	5000	5000	1.0	0.9992322980549431	1.0
severe_60_30_10	0.60/0.30/0.10	54071	5700	5000	5000	1.0	0.9992322980549431	1.0
severe_60_30_10	0.60/0.30/0.10	54071	5715	5000	5000	1.0	0.9992322980549431	1.0
severe_60_30_10	0.60/0.30/0.10	54071	5730	5000	5000	1.0	0.9992322980549431	1.0
severe_60_30_10	0.60/0.30/0.10	54071	5745	5000	5000	1.0	0.9992322980549431	1.0
severe_60_30_10	0.60/0.30/0.10	54071	5760	5000	5000	1.0	0.9992322980549431	1.0
severe_60_30_10	0.60/0.30/0.10	54071	5775	5000	5000	1.0	0.9992322980549431	1.0
severe_60_30_10	0.60/0.30/0.10	54071	5790	5000	5000	1.0	0.9992322980549431	1.0
severe_60_30_10	0.60/0.30/0.10	54071	5805	5000	5000	1.0	0.9992322980549431	1.0
severe_60_30_10	0.60/0.30/0.10	54071	5820	5000	5000	1.0	0.9992322980549431	1.0
severe_60_30_10	0.60/0.30/0.10	54071	5835	5000	5000	1.0	0.9992322980549431	1.0
severe_60_30_10	0.60/0.30/0.10	54071	5850	5000	5000	1.0	0.9992322980549431	1.0
severe_60_30_10	0.60/0.30/0.10	54071	5865	5000	5000	1.0	0.9992322980549431	1.0
severe_60_30_10	0.60/0.30/0.10	54071	5880	5000	5000	1.0	0.9992322980549431	1.0
severe_60_30_10	0.60/0.30/0.10	54071	5895	5000	5000	1.0	0.9992322980549431	1.0
severe_60_30_10	0.60/0.30/0.10	54071	5910	5000	5000	1.0	0.9992322980549431	1.0
severe_60_30_10	0.60/0.30/0.10	54071	5925	5000	5000	1.0	0.9992322980549431	1.0
severe_60_30_10	0.60/0.30/0.10	54071	5940	5000	5000	1.0	0.9992322980549431	1.0
severe_60_30_10	0.60/0.30/0.10	54071	5955	5000	5000	1.0	0.9992322980549431	1.0
severe_60_30_10	0.60/0.30/0.10	54071	5970	5000	5000	1.0	0.9992322980549431	1.0
severe_60_30_10	0.60/0.30/0.10	54071	5985	5000	5000	1.0	0.9992322980549431	1.0
severe_60_30_10	0.60/0.30/0.10	54071	6000	5000	5000	1.0	0.9992322980549431	1.0
severe_60_30_10	0.60/0.30/0.10	54079	450	5000	0	0.0	0.0	0.0007677019450571244
severe_60_30_10	0.60/0.30/0.10	54079	465	5000	0	0.0	0.0	0.0007677019450571244
severe_60_30_10	0.60/0.30/0.10	54079	480	5000	0	0.0	0.0	0.0007677019450571244
severe_60_30_10	0.60/0.30/0.10	54079	495	5000	0	0.0	0.0	0.0007677019450571244
severe_60_30_10	0.60/0.30/0.10	54079	510	5000	0	0.0	0.0	0.0007677019450571244
severe_60_30_10	0.60/0.30/0.10	54079	525	5000	0	0.0	0.0	0.0007677019450571244
severe_60_30_10	0.60/0.30/0.10	54079	540	5000	0	0.0	0.0	0.0007677019450571244
severe_60_30_10	0.60/0.30/0.10	54079	555	5000	0	0.0	0.0	0.0007677019450571244
severe_60_30_10	0.60/0.30/0.10	54079	570	5000	0	0.0	0.0	0.0007677019450571244
severe_60_30_10	0.60/0.30/0.10	54079	585	5000	0	0.0	0.0	0.0007677019450571244
severe_60_30_10	0.60/0.30/0.10	54079	600	5000	0	0.0	0.0	0.0007677019450571244
severe_60_30_10	0.60/0.30/0.10	54079	615	5000	0	0.0	0.0	0.0007677019450571244
severe_60_30_10	0.60/0.30/0.10	54079	630	5000	0	0.0	0.0	0.0007677019450571244
severe_60_30_10	0.60/0.30/0.10	54079	645	5000	0	0.0	0.0	0.0007677019450571244
severe_60_30_10	0.60/0.30/0.10	54079	660	5000	0	0.0	0.0	0.0007677019450571244
severe_60_30_10	0.60/0.30/0.10	54079	675	5000	0	0.0	0.0	0.0007677019450571244
severe_60_30_10	0.60/0.30/0.10	54079	690	5000	0	0.0	0.0	0.0007677019450571244
severe_60_30_10	0.60/0.30/0.10	54079	705	5000	0	0.0	0.0	0.0007677019450571244
severe_60_30_10	0.60/0.30/0.10	54079	720	5000	0	0.0	0.0	0.0007677019450571244
severe_60_30_10	0.60/0.30/0.10	54079	735	5000	0	0.0	0.0	0.0007677019450571244
severe_60_30_10	0.60/0.30/0.10	54079	750	5000	0	0.0	0.0	0.0007677019450571244
severe_60_30_10	0.60/0.30/0.10	54079	765	5000	0	0.0	0.0	0.0007677019450571244
severe_60_30_10	0.60/0.30/0.10	54079	780	5000	0	0.0	0.0	0.0007677019450571244
severe_60_30_10	0.60/0.30/0.10	54079	795	5000	0	0.0	0.0	0.0007677019450571244
severe_60_30_10	0.60/0.30/0.10	54079	810	5000	0	0.0	0.0	0.0007677019450571244
severe_60_30_10	0.60/0.30/0.10	54079	825	5000	0	0.0	0.0	0.0007677019450571244
severe_60_30_10	0.60/0.30/0.10	54079	840	5000	0	0.0	0.0	0.0007677019450571244
severe_60_30_10	0.60/0.30/0.10	54079	855	5000	0	0.0	0.0	0.0007677019450571244
severe_60_30_10	0.60/0.30/0.10	54079	870	5000	0	0.0	0.0	0.0007677019450571244
severe_60_30_10	0.60/0.30/0.10	54079	885	5000	0	0.0	0.0	0.0007677019450571244
severe_60_30_10	0.60/0.30/0.10	54079	900	5000	0	0.0	0.0	0.0007677019450571244
severe_60_30_10	0.60/0.30/0.10	54079	915	5000	0	0.0	0.0	0.0007677019450571244
severe_60_30_10	0.60/0.30/0.10	54079	930	5000	0	0.0	0.0	0.0007677019450571244
severe_60_30_10	0.60/0.30/0.10	54079	945	5000	0	0.0	0.0	0.0007677019450571244
severe_60_30_10	0.60/0.30/0.10	54079	960	5000	0	0.0	0.0	0.0007677019450571244
severe_60_30_10	0.60/0.30/0.10	54079	975	5000	0	0.0	0.0	0.0007677019450571244
severe_60_30_10	0.60/0.30/0.10	54079	990	5000	0	0.0	0.0	0.0007677019450571244
severe_60_30_10	0.60/0.30/0.10	54079	1005	5000	0	0.0	0.0	0.0007677019450571244
severe_60_30_10	0.60/0.30/0.10	54079	1020	5000	0	0.0	0.0	0.0007677019450571244
severe_60_30_10	0.60/0.30/0.10	54079	1035	5000	0	0.0	0.0	0.0007677019450571244
severe_60_30_10	0.60/0.30/0.10	54079	1050	5000	0	0.0	0.0	0.0007677019450571244
severe_60_30_10	0.60/0.30/0.10	54079	1065	5000	0	0.0	0.0	0.0007677019450571244
severe_60_30_10	0.60/0.30/0.10	54079	1080	5000	0	0.0	0.0	0.0007677019450571244
severe_60_30_10	0.60/0.30/0.10	54079	1095	5000	0	0.0	0.0	0.0007677019450571244
severe_60_30_10	0.60/0.30/0.10	54079	1110	5000	0	0.0	0.0	0.0007677019450571244
severe_60_30_10	0.60/0.30/0.10	54079	1125	5000	0	0.0	0.0	0.0007677019450571244
severe_60_30_10	0.60/0.30/0.10	54079	1140	5000	0	0.0	0.0	0.0007677019450571244
severe_60_30_10	0.60/0.30/0.10	54079	1155	5000	0	0.0	0.0	0.0007677019450571244
severe_60_30_10	0.60/0.30/0.10	54079	1170	5000	0	0.0	0.0	0.0007677019450571244
severe_60_30_10	0.60/0.30/0.10	54079	1185	5000	0	0.0	0.0	0.0007677019450571244
severe_60_30_10	0.60/0.30/0.10	54079	1200	5000	0	0.0	0.0	0.0007677019450571244
severe_60_30_10	0.60/0.30/0.10	54079	1215	5000	0	0.0	0.0	0.0007677019450571244
severe_60_30_10	0.60/0.30/0.10	54079	1230	5000	0	0.0	0.0	0.0007677019450571244
severe_60_30_10	0.60/0.30/0.10	54079	1245	5000	0	0.0	0.0	0.0007677019450571244
severe_60_30_10	0.60/0.30/0.10	54079	1260	5000	0	0.0	0.0	0.0007677019450571244
severe_60_30_10	0.60/0.30/0.10	54079	1275	5000	0	0.0	0.0	0.0007677019450571244
severe_60_30_10	0.60/0.30/0.10	54079	1290	5000	0	0.0	0.0	0.0007677019450571244
severe_60_30_10	0.60/0.30/0.10	54079	1305	5000	0	0.0	0.0	0.0007677019450571244
severe_60_30_10	0.60/0.30/0.10	54079	1320	5000	0	0.0	0.0	0.0007677019450571244
severe_60_30_10	0.60/0.30/0.10	54079	1335	5000	0	0.0	0.0	0.0007677019450571244
severe_60_30_10	0.60/0.30/0.10	54079	1350	5000	0	0.0	0.0	0.0007677019450571244
severe_60_30_10	0.60/0.30/0.10	54079	1365	5000	1	0.0002	3.530578343936526e-05	0.0011320890808397363
severe_60_30_10	0.60/0.30/0.10	54079	1380	5000	1	0.0002	3.530578343936526e-05	0.0011320890808397363
severe_60_30_10	0.60/0.30/0.10	54079	1395	5000	5	0.001	0.00042721349110879964	0.002338953050058211
severe_60_30_10	0.60/0.30/0.10	54079	1410	5000	4	0.0008	0.00031114697610156263	0.0020553266458434704
severe_60_30_10	0.60/0.30/0.10	54079	1425	5000	4	0.0008	0.00031114697610156263	0.0020553266458434704
severe_60_30_10	0.60/0.30/0.10	54079	1440	5000	4	0.0008	0.00031114697610156263	0.0020553266458434704
severe_60_30_10	0.60/0.30/0.10	54079	1455	5000	8	0.0016	0.0008109751397282834	0.0031542701591046594
severe_60_30_10	0.60/0.30/0.10	54079	1470	5000	13	0.0026	0.0015201269998326155	0.004443582895110212
severe_60_30_10	0.60/0.30/0.10	54079	1485	5000	17	0.0034	0.0021239367958294426	0.0054385447760012945
severe_60_30_10	0.60/0.30/0.10	54079	1500	5000	27	0.0054	0.003713941481738111	0.007845469282312398
severe_60_30_10	0.60/0.30/0.10	54079	1515	5000	33	0.0066	0.004703510713236264	0.009254057566146109
severe_60_30_10	0.60/0.30/0.10	54079	1530	5000	40	0.008	0.005880681725099648	0.010874736988836564
severe_60_30_10	0.60/0.30/0.10	54079	1545	5000	76	0.0152	0.012161871202107252	0.01898249260382014
severe_60_30_10	0.60/0.30/0.10	54079	1560	5000	80	0.016	0.012875175027561829	0.01986796045525347
severe_60_30_10	0.60/0.30/0.10	54079	1575	5000	109	0.0218	0.018104377913406702	0.026229852226845936
severe_60_30_10	0.60/0.30/0.10	54079	1590	5000	161	0.0322	0.02765474583007988	0.037463516109715565
severe_60_30_10	0.60/0.30/0.10	54079	1605	5000	211	0.0422	0.03696993196904638	0.04813297593184793
severe_60_30_10	0.60/0.30/0.10	54079	1620	5000	244	0.0488	0.043166788231898734	0.05512598600332083
severe_60_30_10	0.60/0.30/0.10	54079	1635	5000	342	0.0684	0.0617292790535601	0.07573340126541322
severe_60_30_10	0.60/0.30/0.10	54079	1650	5000	437	0.0874	0.07988520275826139	0.09554830488679977
severe_60_30_10	0.60/0.30/0.10	54079	1665	5000	463	0.0926	0.08487509046113609	0.10095043308369647
severe_60_30_10	0.60/0.30/0.10	54079	1680	5000	579	0.1158	0.10722408446271625	0.12496581771186566
severe_60_30_10	0.60/0.30/0.10	54079	1695	5000	698	0.1396	0.13027008595729586	0.14948327360470134
severe_60_30_10	0.60/0.30/0.10	54079	1710	5000	852	0.1704	0.16023241454988948	0.18107365457229221
severe_60_30_10	0.60/0.30/0.10	54079	1725	5000	1011	0.2022	0.19129784314206502	0.21355940013641103
severe_60_30_10	0.60/0.30/0.10	54079	1740	5000	1095	0.219	0.20775476835574727	0.23067668013737488
severe_60_30_10	0.60/0.30/0.10	54079	1755	5000	1318	0.2636	0.2515726588141287	0.2759903106654944
severe_60_30_10	0.60/0.30/0.10	54079	1770	5000	1439	0.2878	0.27541765638742044	0.3005081563180618
severe_60_30_10	0.60/0.30/0.10	54079	1785	5000	1661	0.3322	0.3192779192634096	0.34537972150935164
severe_60_30_10	0.60/0.30/0.10	54079	1800	5000	1829	0.3658	0.35255723731853966	0.3792488138835138
severe_60_30_10	0.60/0.30/0.10	54079	1815	5000	2050	0.41	0.3964414787698793	0.4236967075802311
severe_60_30_10	0.60/0.30/0.10	54079	1830	5000	2270	0.454	0.44024030519025203	0.46783032338869335
severe_60_30_10	0.60/0.30/0.10	54079	1845	5000	2493	0.4986	0.48474741163092006	0.5124547379345262
severe_60_30_10	0.60/0.30/0.10	54079	1860	5000	2676	0.5352	0.5213536063163352	0.5489923474667328
severe_60_30_10	0.60/0.30/0.10	54079	1875	5000	2907	0.5814	0.5676684699951621	0.5950065481281827
severe_60_30_10	0.60/0.30/0.10	54079	1890	5000	3124	0.6248	0.6112886148809845	0.6381197667135293
severe_60_30_10	0.60/0.30/0.10	54079	1905	5000	3235	0.647	0.6336452087359277	0.6601290868922256
severe_60_30_10	0.60/0.30/0.10	54079	1920	5000	3499	0.6998	0.6869461280647813	0.7123470982379738
severe_60_30_10	0.60/0.30/0.10	54079	1935	5000	3604	0.7208	0.7081996136108136	0.7330613692102491
severe_60_30_10	0.60/0.30/0.10	54079	1950	5000	3797	0.7594	0.7473557013455837	0.7710460148853205
severe_60_30_10	0.60/0.30/0.10	54079	1965	5000	3915	0.783	0.7713595968705272	0.7942058838285705
severe_60_30_10	0.60/0.30/0.10	54079	1980	5000	4092	0.8184	0.8074711489918944	0.8288399784094933
severe_60_30_10	0.60/0.30/0.10	54079	1995	5000	4186	0.8372	0.8267087391825099	0.8471735226257437
severe_60_30_10	0.60/0.30/0.10	54079	2010	5000	4314	0.8628	0.8529844350620546	0.872058520406612
severe_60_30_10	0.60/0.30/0.10	54079	2025	5000	4403	0.8806	0.8713186886338975	0.8892969366455252
severe_60_30_10	0.60/0.30/0.10	54079	2040	5000	4473	0.8946	0.8857836030608246	0.9028105265641364
severe_60_30_10	0.60/0.30/0.10	54079	2055	5000	4563	0.9126	0.9044516951132003	0.9201147972417386
severe_60_30_10	0.60/0.30/0.10	54079	2070	5000	4657	0.9314	0.92405730403111	0.9380803227306949
severe_60_30_10	0.60/0.30/0.10	54079	2085	5000	4704	0.9408	0.9339139292448034	0.9470092647204343
severe_60_30_10	0.60/0.30/0.10	54079	2100	5000	4731	0.9462	0.9395966497681233	0.952118253016108
severe_60_30_10	0.60/0.30/0.10	54079	2115	5000	4791	0.9582	0.9522919526568581	0.9634045252806918
severe_60_30_10	0.60/0.30/0.10	54079	2130	5000	4828	0.9656	0.9601801233883408	0.970304992560422
severe_60_30_10	0.60/0.30/0.10	54079	2145	5000	4867	0.9734	0.9685633431009765	0.9775097966974436
severe_60_30_10	0.60/0.30/0.10	54079	2160	5000	4899	0.9798	0.9755163018279663	0.983347011385557
severe_60_30_10	0.60/0.30/0.10	54079	2175	5000	4920	0.984	0.9801320395447466	0.9871248249724383
severe_60_30_10	0.60/0.30/0.10	54079	2190	5000	4935	0.987	0.9834654072308784	0.9897868510746362
severe_60_30_10	0.60/0.30/0.10	54079	2205	5000	4953	0.9906	0.9875232880671988	0.9929234427843113
severe_60_30_10	0.60/0.30/0.10	54079	2220	5000	4973	0.9946	0.9921545307176877	0.9962860585182619
severe_60_30_10	0.60/0.30/0.10	54079	2235	5000	4970	0.994	0.9914476466387817	0.995793863839502
severe_60_30_10	0.60/0.30/0.10	54079	2250	5000	4978	0.9956	0.9933466185850587	0.9970924352470009
severe_60_30_10	0.60/0.30/0.10	54079	2265	5000	4987	0.9974	0.9955564171048898	0.9984798730001674
severe_60_30_10	0.60/0.30/0.10	54079	2280	5000	4988	0.9976	0.9958094485806921	0.9986265344435872
severe_60_30_10	0.60/0.30/0.10	54079	2295	5000	4992	0.9984	0.9968457298408953	0.9991890248602717
severe_60_30_10	0.60/0.30/0.10	54079	2310	5000	4993	0.9986	0.9971127802223416	0.9993216673980476
severe_60_30_10	0.60/0.30/0.10	54079	2325	5000	4996	0.9992	0.9979446733541565	0.9996888530238984
severe_60_30_10	0.60/0.30/0.10	54079	2340	5000	4994	0.9988	0.9973842237073702	0.9994499168322408
severe_60_30_10	0.60/0.30/0.10	54079	2355	5000	4996	0.9992	0.9979446733541565	0.9996888530238984
severe_60_30_10	0.60/0.30/0.10	54079	2370	5000	4999	0.9998	0.9988679109191605	0.9999646942165608
severe_60_30_10	0.60/0.30/0.10	54079	2385	5000	4999	0.9998	0.9988679109191605	0.9999646942165608
severe_60_30_10	0.60/0.30/0.10	54079	2400	5000	4996	0.9992	0.9979446733541565	0.9996888530238984
severe_60_30_10	0.60/0.30/0.10	54079	2415	5000	4999	0.9998	0.9988679109191605	0.9999646942165608
severe_60_30_10	0.60/0.30/0.10	54079	2430	5000	4999	0.9998	0.9988679109191605	0.9999646942165608
severe_60_30_10	0.60/0.30/0.10	54079	2445	5000	5000	1.0	0.9992322980549431	1.0
severe_60_30_10	0.60/0.30/0.10	54079	2460	5000	5000	1.0	0.9992322980549431	1.0
severe_60_30_10	0.60/0.30/0.10	54079	2475	5000	5000	1.0	0.9992322980549431	1.0
severe_60_30_10	0.60/0.30/0.10	54079	2490	5000	4999	0.9998	0.9988679109191605	0.9999646942165608
severe_60_30_10	0.60/0.30/0.10	54079	2505	5000	5000	1.0	0.9992322980549431	1.0
severe_60_30_10	0.60/0.30/0.10	54079	2520	5000	5000	1.0	0.9992322980549431	1.0
severe_60_30_10	0.60/0.30/0.10	54079	2535	5000	5000	1.0	0.9992322980549431	1.0
severe_60_30_10	0.60/0.30/0.10	54079	2550	5000	5000	1.0	0.9992322980549431	1.0
severe_60_30_10	0.60/0.30/0.10	54079	2565	5000	5000	1.0	0.9992322980549431	1.0
severe_60_30_10	0.60/0.30/0.10	54079	2580	5000	5000	1.0	0.9992322980549431	1.0
severe_60_30_10	0.60/0.30/0.10	54079	2595	5000	5000	1.0	0.9992322980549431	1.0
severe_60_30_10	0.60/0.30/0.10	54079	2610	5000	5000	1.0	0.9992322980549431	1.0
severe_60_30_10	0.60/0.30/0.10	54079	2625	5000	5000	1.0	0.9992322980549431	1.0
severe_60_30_10	0.60/0.30/0.10	54079	2640	5000	5000	1.0	0.9992322980549431	1.0
severe_60_30_10	0.60/0.30/0.10	54079	2655	5000	5000	1.0	0.9992322980549431	1.0
severe_60_30_10	0.60/0.30/0.10	54079	2670	5000	5000	1.0	0.9992322980549431	1.0
severe_60_30_10	0.60/0.30/0.10	54079	2685	5000	5000	1.0	0.9992322980549431	1.0
severe_60_30_10	0.60/0.30/0.10	54079	2700	5000	5000	1.0	0.9992322980549431	1.0
severe_60_30_10	0.60/0.30/0.10	54079	2715	5000	5000	1.0	0.9992322980549431	1.0
severe_60_30_10	0.60/0.30/0.10	54079	2730	5000	5000	1.0	0.9992322980549431	1.0
severe_60_30_10	0.60/0.30/0.10	54079	2745	5000	5000	1.0	0.9992322980549431	1.0
severe_60_30_10	0.60/0.30/0.10	54079	2760	5000	5000	1.0	0.9992322980549431	1.0
severe_60_30_10	0.60/0.30/0.10	54079	2775	5000	5000	1.0	0.9992322980549431	1.0
severe_60_30_10	0.60/0.30/0.10	54079	2790	5000	5000	1.0	0.9992322980549431	1.0
severe_60_30_10	0.60/0.30/0.10	54079	2805	5000	5000	1.0	0.9992322980549431	1.0
severe_60_30_10	0.60/0.30/0.10	54079	2820	5000	5000	1.0	0.9992322980549431	1.0
severe_60_30_10	0.60/0.30/0.10	54079	2835	5000	5000	1.0	0.9992322980549431	1.0
severe_60_30_10	0.60/0.30/0.10	54079	2850	5000	5000	1.0	0.9992322980549431	1.0
severe_60_30_10	0.60/0.30/0.10	54079	2865	5000	5000	1.0	0.9992322980549431	1.0
severe_60_30_10	0.60/0.30/0.10	54079	2880	5000	5000	1.0	0.9992322980549431	1.0
severe_60_30_10	0.60/0.30/0.10	54079	2895	5000	5000	1.0	0.9992322980549431	1.0
severe_60_30_10	0.60/0.30/0.10	54079	2910	5000	5000	1.0	0.9992322980549431	1.0
severe_60_30_10	0.60/0.30/0.10	54079	2925	5000	5000	1.0	0.9992322980549431	1.0
severe_60_30_10	0.60/0.30/0.10	54079	2940	5000	5000	1.0	0.9992322980549431	1.0
severe_60_30_10	0.60/0.30/0.10	54079	2955	5000	5000	1.0	0.9992322980549431	1.0
severe_60_30_10	0.60/0.30/0.10	54079	2970	5000	5000	1.0	0.9992322980549431	1.0
severe_60_30_10	0.60/0.30/0.10	54079	2985	5000	5000	1.0	0.9992322980549431	1.0
severe_60_30_10	0.60/0.30/0.10	54079	3000	5000	5000	1.0	0.9992322980549431	1.0
severe_60_30_10	0.60/0.30/0.10	54079	3015	5000	5000	1.0	0.9992322980549431	1.0
severe_60_30_10	0.60/0.30/0.10	54079	3030	5000	5000	1.0	0.9992322980549431	1.0
severe_60_30_10	0.60/0.30/0.10	54079	3045	5000	5000	1.0	0.9992322980549431	1.0
severe_60_30_10	0.60/0.30/0.10	54079	3060	5000	5000	1.0	0.9992322980549431	1.0
severe_60_30_10	0.60/0.30/0.10	54079	3075	5000	5000	1.0	0.9992322980549431	1.0
severe_60_30_10	0.60/0.30/0.10	54079	3090	5000	5000	1.0	0.9992322980549431	1.0
severe_60_30_10	0.60/0.30/0.10	54079	3105	5000	5000	1.0	0.9992322980549431	1.0
severe_60_30_10	0.60/0.30/0.10	54079	3120	5000	5000	1.0	0.9992322980549431	1.0
severe_60_30_10	0.60/0.30/0.10	54079	3135	5000	5000	1.0	0.9992322980549431	1.0
severe_60_30_10	0.60/0.30/0.10	54079	3150	5000	5000	1.0	0.9992322980549431	1.0
severe_60_30_10	0.60/0.30/0.10	54079	3165	5000	5000	1.0	0.9992322980549431	1.0
severe_60_30_10	0.60/0.30/0.10	54079	3180	5000	5000	1.0	0.9992322980549431	1.0
severe_60_30_10	0.60/0.30/0.10	54079	3195	5000	5000	1.0	0.9992322980549431	1.0
severe_60_30_10	0.60/0.30/0.10	54079	3210	5000	5000	1.0	0.9992322980549431	1.0
severe_60_30_10	0.60/0.30/0.10	54079	3225	5000	5000	1.0	0.9992322980549431	1.0
severe_60_30_10	0.60/0.30/0.10	54079	3240	5000	5000	1.0	0.9992322980549431	1.0
severe_60_30_10	0.60/0.30/0.10	54079	3255	5000	5000	1.0	0.9992322980549431	1.0
severe_60_30_10	0.60/0.30/0.10	54079	3270	5000	5000	1.0	0.9992322980549431	1.0
severe_60_30_10	0.60/0.30/0.10	54079	3285	5000	5000	1.0	0.9992322980549431	1.0
severe_60_30_10	0.60/0.30/0.10	54079	3300	5000	5000	1.0	0.9992322980549431	1.0
severe_60_30_10	0.60/0.30/0.10	54079	3315	5000	5000	1.0	0.9992322980549431	1.0
severe_60_30_10	0.60/0.30/0.10	54079	3330	5000	5000	1.0	0.9992322980549431	1.0
severe_60_30_10	0.60/0.30/0.10	54079	3345	5000	5000	1.0	0.9992322980549431	1.0
severe_60_30_10	0.60/0.30/0.10	54079	3360	5000	5000	1.0	0.9992322980549431	1.0
severe_60_30_10	0.60/0.30/0.10	54079	3375	5000	5000	1.0	0.9992322980549431	1.0
severe_60_30_10	0.60/0.30/0.10	54079	3390	5000	5000	1.0	0.9992322980549431	1.0
severe_60_30_10	0.60/0.30/0.10	54079	3405	5000	5000	1.0	0.9992322980549431	1.0
severe_60_30_10	0.60/0.30/0.10	54079	3420	5000	5000	1.0	0.9992322980549431	1.0
severe_60_30_10	0.60/0.30/0.10	54079	3435	5000	5000	1.0	0.9992322980549431	1.0
severe_60_30_10	0.60/0.30/0.10	54079	3450	5000	5000	1.0	0.9992322980549431	1.0
severe_60_30_10	0.60/0.30/0.10	54079	3465	5000	5000	1.0	0.9992322980549431	1.0
severe_60_30_10	0.60/0.30/0.10	54079	3480	5000	5000	1.0	0.9992322980549431	1.0
severe_60_30_10	0.60/0.30/0.10	54079	3495	5000	5000	1.0	0.9992322980549431	1.0
severe_60_30_10	0.60/0.30/0.10	54079	3510	5000	5000	1.0	0.9992322980549431	1.0
severe_60_30_10	0.60/0.30/0.10	54079	3525	5000	5000	1.0	0.9992322980549431	1.0
severe_60_30_10	0.60/0.30/0.10	54079	3540	5000	5000	1.0	0.9992322980549431	1.0
severe_60_30_10	0.60/0.30/0.10	54079	3555	5000	5000	1.0	0.9992322980549431	1.0
severe_60_30_10	0.60/0.30/0.10	54079	3570	5000	5000	1.0	0.9992322980549431	1.0
severe_60_30_10	0.60/0.30/0.10	54079	3585	5000	5000	1.0	0.9992322980549431	1.0
severe_60_30_10	0.60/0.30/0.10	54079	3600	5000	5000	1.0	0.9992322980549431	1.0
severe_60_30_10	0.60/0.30/0.10	54079	3615	5000	5000	1.0	0.9992322980549431	1.0
severe_60_30_10	0.60/0.30/0.10	54079	3630	5000	5000	1.0	0.9992322980549431	1.0
severe_60_30_10	0.60/0.30/0.10	54079	3645	5000	5000	1.0	0.9992322980549431	1.0
severe_60_30_10	0.60/0.30/0.10	54079	3660	5000	5000	1.0	0.9992322980549431	1.0
severe_60_30_10	0.60/0.30/0.10	54079	3675	5000	5000	1.0	0.9992322980549431	1.0
severe_60_30_10	0.60/0.30/0.10	54079	3690	5000	5000	1.0	0.9992322980549431	1.0
severe_60_30_10	0.60/0.30/0.10	54079	3705	5000	5000	1.0	0.9992322980549431	1.0
severe_60_30_10	0.60/0.30/0.10	54079	3720	5000	5000	1.0	0.9992322980549431	1.0
severe_60_30_10	0.60/0.30/0.10	54079	3735	5000	5000	1.0	0.9992322980549431	1.0
severe_60_30_10	0.60/0.30/0.10	54079	3750	5000	5000	1.0	0.9992322980549431	1.0
severe_60_30_10	0.60/0.30/0.10	54079	3765	5000	5000	1.0	0.9992322980549431	1.0
severe_60_30_10	0.60/0.30/0.10	54079	3780	5000	5000	1.0	0.9992322980549431	1.0
severe_60_30_10	0.60/0.30/0.10	54079	3795	5000	5000	1.0	0.9992322980549431	1.0
severe_60_30_10	0.60/0.30/0.10	54079	3810	5000	5000	1.0	0.9992322980549431	1.0
severe_60_30_10	0.60/0.30/0.10	54079	3825	5000	5000	1.0	0.9992322980549431	1.0
severe_60_30_10	0.60/0.30/0.10	54079	3840	5000	5000	1.0	0.9992322980549431	1.0
severe_60_30_10	0.60/0.30/0.10	54079	3855	5000	5000	1.0	0.9992322980549431	1.0
severe_60_30_10	0.60/0.30/0.10	54079	3870	5000	5000	1.0	0.9992322980549431	1.0
severe_60_30_10	0.60/0.30/0.10	54079	3885	5000	5000	1.0	0.9992322980549431	1.0
severe_60_30_10	0.60/0.30/0.10	54079	3900	5000	5000	1.0	0.9992322980549431	1.0
severe_60_30_10	0.60/0.30/0.10	54079	3915	5000	5000	1.0	0.9992322980549431	1.0
severe_60_30_10	0.60/0.30/0.10	54079	3930	5000	5000	1.0	0.9992322980549431	1.0
severe_60_30_10	0.60/0.30/0.10	54079	3945	5000	5000	1.0	0.9992322980549431	1.0
severe_60_30_10	0.60/0.30/0.10	54079	3960	5000	5000	1.0	0.9992322980549431	1.0
severe_60_30_10	0.60/0.30/0.10	54079	3975	5000	5000	1.0	0.9992322980549431	1.0
severe_60_30_10	0.60/0.30/0.10	54079	3990	5000	5000	1.0	0.9992322980549431	1.0
severe_60_30_10	0.60/0.30/0.10	54079	4005	5000	5000	1.0	0.9992322980549431	1.0
severe_60_30_10	0.60/0.30/0.10	54079	4020	5000	5000	1.0	0.9992322980549431	1.0
severe_60_30_10	0.60/0.30/0.10	54079	4035	5000	5000	1.0	0.9992322980549431	1.0
severe_60_30_10	0.60/0.30/0.10	54079	4050	5000	5000	1.0	0.9992322980549431	1.0
severe_60_30_10	0.60/0.30/0.10	54079	4065	5000	5000	1.0	0.9992322980549431	1.0
severe_60_30_10	0.60/0.30/0.10	54079	4080	5000	5000	1.0	0.9992322980549431	1.0
severe_60_30_10	0.60/0.30/0.10	54079	4095	5000	5000	1.0	0.9992322980549431	1.0
severe_60_30_10	0.60/0.30/0.10	54079	4110	5000	5000	1.0	0.9992322980549431	1.0
severe_60_30_10	0.60/0.30/0.10	54079	4125	5000	5000	1.0	0.9992322980549431	1.0
severe_60_30_10	0.60/0.30/0.10	54079	4140	5000	5000	1.0	0.9992322980549431	1.0
severe_60_30_10	0.60/0.30/0.10	54079	4155	5000	5000	1.0	0.9992322980549431	1.0
severe_60_30_10	0.60/0.30/0.10	54079	4170	5000	5000	1.0	0.9992322980549431	1.0
severe_60_30_10	0.60/0.30/0.10	54079	4185	5000	5000	1.0	0.9992322980549431	1.0
severe_60_30_10	0.60/0.30/0.10	54079	4200	5000	5000	1.0	0.9992322980549431	1.0
severe_60_30_10	0.60/0.30/0.10	54079	4215	5000	5000	1.0	0.9992322980549431	1.0
severe_60_30_10	0.60/0.30/0.10	54079	4230	5000	5000	1.0	0.9992322980549431	1.0
severe_60_30_10	0.60/0.30/0.10	54079	4245	5000	5000	1.0	0.9992322980549431	1.0
severe_60_30_10	0.60/0.30/0.10	54079	4260	5000	5000	1.0	0.9992322980549431	1.0
severe_60_30_10	0.60/0.30/0.10	54079	4275	5000	5000	1.0	0.9992322980549431	1.0
severe_60_30_10	0.60/0.30/0.10	54079	4290	5000	5000	1.0	0.9992322980549431	1.0
severe_60_30_10	0.60/0.30/0.10	54079	4305	5000	5000	1.0	0.9992322980549431	1.0
severe_60_30_10	0.60/0.30/0.10	54079	4320	5000	5000	1.0	0.9992322980549431	1.0
severe_60_30_10	0.60/0.30/0.10	54079	4335	5000	5000	1.0	0.9992322980549431	1.0
severe_60_30_10	0.60/0.30/0.10	54079	4350	5000	5000	1.0	0.9992322980549431	1.0
severe_60_30_10	0.60/0.30/0.10	54079	4365	5000	5000	1.0	0.9992322980549431	1.0
severe_60_30_10	0.60/0.30/0.10	54079	4380	5000	5000	1.0	0.9992322980549431	1.0
severe_60_30_10	0.60/0.30/0.10	54079	4395	5000	5000	1.0	0.9992322980549431	1.0
severe_60_30_10	0.60/0.30/0.10	54079	4410	5000	5000	1.0	0.9992322980549431	1.0
severe_60_30_10	0.60/0.30/0.10	54079	4425	5000	5000	1.0	0.9992322980549431	1.0
severe_60_30_10	0.60/0.30/0.10	54079	4440	5000	5000	1.0	0.9992322980549431	1.0
severe_60_30_10	0.60/0.30/0.10	54079	4455	5000	5000	1.0	0.9992322980549431	1.0
severe_60_30_10	0.60/0.30/0.10	54079	4470	5000	5000	1.0	0.9992322980549431	1.0
severe_60_30_10	0.60/0.30/0.10	54079	4485	5000	5000	1.0	0.9992322980549431	1.0
severe_60_30_10	0.60/0.30/0.10	54079	4500	5000	5000	1.0	0.9992322980549431	1.0
severe_60_30_10	0.60/0.30/0.10	54079	4515	5000	5000	1.0	0.9992322980549431	1.0
severe_60_30_10	0.60/0.30/0.10	54079	4530	5000	5000	1.0	0.9992322980549431	1.0
severe_60_30_10	0.60/0.30/0.10	54079	4545	5000	5000	1.0	0.9992322980549431	1.0
severe_60_30_10	0.60/0.30/0.10	54079	4560	5000	5000	1.0	0.9992322980549431	1.0
severe_60_30_10	0.60/0.30/0.10	54079	4575	5000	5000	1.0	0.9992322980549431	1.0
severe_60_30_10	0.60/0.30/0.10	54079	4590	5000	5000	1.0	0.9992322980549431	1.0
severe_60_30_10	0.60/0.30/0.10	54079	4605	5000	5000	1.0	0.9992322980549431	1.0
severe_60_30_10	0.60/0.30/0.10	54079	4620	5000	5000	1.0	0.9992322980549431	1.0
severe_60_30_10	0.60/0.30/0.10	54079	4635	5000	5000	1.0	0.9992322980549431	1.0
severe_60_30_10	0.60/0.30/0.10	54079	4650	5000	5000	1.0	0.9992322980549431	1.0
severe_60_30_10	0.60/0.30/0.10	54079	4665	5000	5000	1.0	0.9992322980549431	1.0
severe_60_30_10	0.60/0.30/0.10	54079	4680	5000	5000	1.0	0.9992322980549431	1.0
severe_60_30_10	0.60/0.30/0.10	54079	4695	5000	5000	1.0	0.9992322980549431	1.0
severe_60_30_10	0.60/0.30/0.10	54079	4710	5000	5000	1.0	0.9992322980549431	1.0
severe_60_30_10	0.60/0.30/0.10	54079	4725	5000	5000	1.0	0.9992322980549431	1.0
severe_60_30_10	0.60/0.30/0.10	54079	4740	5000	5000	1.0	0.9992322980549431	1.0
severe_60_30_10	0.60/0.30/0.10	54079	4755	5000	5000	1.0	0.9992322980549431	1.0
severe_60_30_10	0.60/0.30/0.10	54079	4770	5000	5000	1.0	0.9992322980549431	1.0
severe_60_30_10	0.60/0.30/0.10	54079	4785	5000	5000	1.0	0.9992322980549431	1.0
severe_60_30_10	0.60/0.30/0.10	54079	4800	5000	5000	1.0	0.9992322980549431	1.0
severe_60_30_10	0.60/0.30/0.10	54079	4815	5000	5000	1.0	0.9992322980549431	1.0
severe_60_30_10	0.60/0.30/0.10	54079	4830	5000	5000	1.0	0.9992322980549431	1.0
severe_60_30_10	0.60/0.30/0.10	54079	4845	5000	5000	1.0	0.9992322980549431	1.0
severe_60_30_10	0.60/0.30/0.10	54079	4860	5000	5000	1.0	0.9992322980549431	1.0
severe_60_30_10	0.60/0.30/0.10	54079	4875	5000	5000	1.0	0.9992322980549431	1.0
severe_60_30_10	0.60/0.30/0.10	54079	4890	5000	5000	1.0	0.9992322980549431	1.0
severe_60_30_10	0.60/0.30/0.10	54079	4905	5000	5000	1.0	0.9992322980549431	1.0
severe_60_30_10	0.60/0.30/0.10	54079	4920	5000	5000	1.0	0.9992322980549431	1.0
severe_60_30_10	0.60/0.30/0.10	54079	4935	5000	5000	1.0	0.9992322980549431	1.0
severe_60_30_10	0.60/0.30/0.10	54079	4950	5000	5000	1.0	0.9992322980549431	1.0
severe_60_30_10	0.60/0.30/0.10	54079	4965	5000	5000	1.0	0.9992322980549431	1.0
severe_60_30_10	0.60/0.30/0.10	54079	4980	5000	5000	1.0	0.9992322980549431	1.0
severe_60_30_10	0.60/0.30/0.10	54079	4995	5000	5000	1.0	0.9992322980549431	1.0
severe_60_30_10	0.60/0.30/0.10	54079	5010	5000	5000	1.0	0.9992322980549431	1.0
severe_60_30_10	0.60/0.30/0.10	54079	5025	5000	5000	1.0	0.9992322980549431	1.0
severe_60_30_10	0.60/0.30/0.10	54079	5040	5000	5000	1.0	0.9992322980549431	1.0
severe_60_30_10	0.60/0.30/0.10	54079	5055	5000	5000	1.0	0.9992322980549431	1.0
severe_60_30_10	0.60/0.30/0.10	54079	5070	5000	5000	1.0	0.9992322980549431	1.0
severe_60_30_10	0.60/0.30/0.10	54079	5085	5000	5000	1.0	0.9992322980549431	1.0
severe_60_30_10	0.60/0.30/0.10	54079	5100	5000	5000	1.0	0.9992322980549431	1.0
severe_60_30_10	0.60/0.30/0.10	54079	5115	5000	5000	1.0	0.9992322980549431	1.0
severe_60_30_10	0.60/0.30/0.10	54079	5130	5000	5000	1.0	0.9992322980549431	1.0
severe_60_30_10	0.60/0.30/0.10	54079	5145	5000	5000	1.0	0.9992322980549431	1.0
severe_60_30_10	0.60/0.30/0.10	54079	5160	5000	5000	1.0	0.9992322980549431	1.0
severe_60_30_10	0.60/0.30/0.10	54079	5175	5000	5000	1.0	0.9992322980549431	1.0
severe_60_30_10	0.60/0.30/0.10	54079	5190	5000	5000	1.0	0.9992322980549431	1.0
severe_60_30_10	0.60/0.30/0.10	54079	5205	5000	5000	1.0	0.9992322980549431	1.0
severe_60_30_10	0.60/0.30/0.10	54079	5220	5000	5000	1.0	0.9992322980549431	1.0
severe_60_30_10	0.60/0.30/0.10	54079	5235	5000	5000	1.0	0.9992322980549431	1.0
severe_60_30_10	0.60/0.30/0.10	54079	5250	5000	5000	1.0	0.9992322980549431	1.0
severe_60_30_10	0.60/0.30/0.10	54079	5265	5000	5000	1.0	0.9992322980549431	1.0
severe_60_30_10	0.60/0.30/0.10	54079	5280	5000	5000	1.0	0.9992322980549431	1.0
severe_60_30_10	0.60/0.30/0.10	54079	5295	5000	5000	1.0	0.9992322980549431	1.0
severe_60_30_10	0.60/0.30/0.10	54079	5310	5000	5000	1.0	0.9992322980549431	1.0
severe_60_30_10	0.60/0.30/0.10	54079	5325	5000	5000	1.0	0.9992322980549431	1.0
severe_60_30_10	0.60/0.30/0.10	54079	5340	5000	5000	1.0	0.9992322980549431	1.0
severe_60_30_10	0.60/0.30/0.10	54079	5355	5000	5000	1.0	0.9992322980549431	1.0
severe_60_30_10	0.60/0.30/0.10	54079	5370	5000	5000	1.0	0.9992322980549431	1.0
severe_60_30_10	0.60/0.30/0.10	54079	5385	5000	5000	1.0	0.9992322980549431	1.0
severe_60_30_10	0.60/0.30/0.10	54079	5400	5000	5000	1.0	0.9992322980549431	1.0
severe_60_30_10	0.60/0.30/0.10	54079	5415	5000	5000	1.0	0.9992322980549431	1.0
severe_60_30_10	0.60/0.30/0.10	54079	5430	5000	5000	1.0	0.9992322980549431	1.0
severe_60_30_10	0.60/0.30/0.10	54079	5445	5000	5000	1.0	0.9992322980549431	1.0
severe_60_30_10	0.60/0.30/0.10	54079	5460	5000	5000	1.0	0.9992322980549431	1.0
severe_60_30_10	0.60/0.30/0.10	54079	5475	5000	5000	1.0	0.9992322980549431	1.0
severe_60_30_10	0.60/0.30/0.10	54079	5490	5000	5000	1.0	0.9992322980549431	1.0
severe_60_30_10	0.60/0.30/0.10	54079	5505	5000	5000	1.0	0.9992322980549431	1.0
severe_60_30_10	0.60/0.30/0.10	54079	5520	5000	5000	1.0	0.9992322980549431	1.0
severe_60_30_10	0.60/0.30/0.10	54079	5535	5000	5000	1.0	0.9992322980549431	1.0
severe_60_30_10	0.60/0.30/0.10	54079	5550	5000	5000	1.0	0.9992322980549431	1.0
severe_60_30_10	0.60/0.30/0.10	54079	5565	5000	5000	1.0	0.9992322980549431	1.0
severe_60_30_10	0.60/0.30/0.10	54079	5580	5000	5000	1.0	0.9992322980549431	1.0
severe_60_30_10	0.60/0.30/0.10	54079	5595	5000	5000	1.0	0.9992322980549431	1.0
severe_60_30_10	0.60/0.30/0.10	54079	5610	5000	5000	1.0	0.9992322980549431	1.0
severe_60_30_10	0.60/0.30/0.10	54079	5625	5000	5000	1.0	0.9992322980549431	1.0
severe_60_30_10	0.60/0.30/0.10	54079	5640	5000	5000	1.0	0.9992322980549431	1.0
severe_60_30_10	0.60/0.30/0.10	54079	5655	5000	5000	1.0	0.9992322980549431	1.0
severe_60_30_10	0.60/0.30/0.10	54079	5670	5000	5000	1.0	0.9992322980549431	1.0
severe_60_30_10	0.60/0.30/0.10	54079	5685	5000	5000	1.0	0.9992322980549431	1.0
severe_60_30_10	0.60/0.30/0.10	54079	5700	5000	5000	1.0	0.9992322980549431	1.0
severe_60_30_10	0.60/0.30/0.10	54079	5715	5000	5000	1.0	0.9992322980549431	1.0
severe_60_30_10	0.60/0.30/0.10	54079	5730	5000	5000	1.0	0.9992322980549431	1.0
severe_60_30_10	0.60/0.30/0.10	54079	5745	5000	5000	1.0	0.9992322980549431	1.0
severe_60_30_10	0.60/0.30/0.10	54079	5760	5000	5000	1.0	0.9992322980549431	1.0
severe_60_30_10	0.60/0.30/0.10	54079	5775	5000	5000	1.0	0.9992322980549431	1.0
severe_60_30_10	0.60/0.30/0.10	54079	5790	5000	5000	1.0	0.9992322980549431	1.0
severe_60_30_10	0.60/0.30/0.10	54079	5805	5000	5000	1.0	0.9992322980549431	1.0
severe_60_30_10	0.60/0.30/0.10	54079	5820	5000	5000	1.0	0.9992322980549431	1.0
severe_60_30_10	0.60/0.30/0.10	54079	5835	5000	5000	1.0	0.9992322980549431	1.0
severe_60_30_10	0.60/0.30/0.10	54079	5850	5000	5000	1.0	0.9992322980549431	1.0
severe_60_30_10	0.60/0.30/0.10	54079	5865	5000	5000	1.0	0.9992322980549431	1.0
severe_60_30_10	0.60/0.30/0.10	54079	5880	5000	5000	1.0	0.9992322980549431	1.0
severe_60_30_10	0.60/0.30/0.10	54079	5895	5000	5000	1.0	0.9992322980549431	1.0
severe_60_30_10	0.60/0.30/0.10	54079	5910	5000	5000	1.0	0.9992322980549431	1.0
severe_60_30_10	0.60/0.30/0.10	54079	5925	5000	5000	1.0	0.9992322980549431	1.0
severe_60_30_10	0.60/0.30/0.10	54079	5940	5000	5000	1.0	0.9992322980549431	1.0
severe_60_30_10	0.60/0.30/0.10	54079	5955	5000	5000	1.0	0.9992322980549431	1.0
severe_60_30_10	0.60/0.30/0.10	54079	5970	5000	5000	1.0	0.9992322980549431	1.0
severe_60_30_10	0.60/0.30/0.10	54079	5985	5000	5000	1.0	0.9992322980549431	1.0
severe_60_30_10	0.60/0.30/0.10	54079	6000	5000	5000	1.0	0.9992322980549431	1.0
severe_60_30_10	0.60/0.30/0.10	54083	450	5000	0	0.0	0.0	0.0007677019450571244
severe_60_30_10	0.60/0.30/0.10	54083	465	5000	0	0.0	0.0	0.0007677019450571244
severe_60_30_10	0.60/0.30/0.10	54083	480	5000	0	0.0	0.0	0.0007677019450571244
severe_60_30_10	0.60/0.30/0.10	54083	495	5000	0	0.0	0.0	0.0007677019450571244
severe_60_30_10	0.60/0.30/0.10	54083	510	5000	0	0.0	0.0	0.0007677019450571244
severe_60_30_10	0.60/0.30/0.10	54083	525	5000	0	0.0	0.0	0.0007677019450571244
severe_60_30_10	0.60/0.30/0.10	54083	540	5000	0	0.0	0.0	0.0007677019450571244
severe_60_30_10	0.60/0.30/0.10	54083	555	5000	0	0.0	0.0	0.0007677019450571244
severe_60_30_10	0.60/0.30/0.10	54083	570	5000	0	0.0	0.0	0.0007677019450571244
severe_60_30_10	0.60/0.30/0.10	54083	585	5000	0	0.0	0.0	0.0007677019450571244
severe_60_30_10	0.60/0.30/0.10	54083	600	5000	0	0.0	0.0	0.0007677019450571244
severe_60_30_10	0.60/0.30/0.10	54083	615	5000	0	0.0	0.0	0.0007677019450571244
severe_60_30_10	0.60/0.30/0.10	54083	630	5000	0	0.0	0.0	0.0007677019450571244
severe_60_30_10	0.60/0.30/0.10	54083	645	5000	0	0.0	0.0	0.0007677019450571244
severe_60_30_10	0.60/0.30/0.10	54083	660	5000	0	0.0	0.0	0.0007677019450571244
severe_60_30_10	0.60/0.30/0.10	54083	675	5000	0	0.0	0.0	0.0007677019450571244
severe_60_30_10	0.60/0.30/0.10	54083	690	5000	0	0.0	0.0	0.0007677019450571244
severe_60_30_10	0.60/0.30/0.10	54083	705	5000	0	0.0	0.0	0.0007677019450571244
severe_60_30_10	0.60/0.30/0.10	54083	720	5000	0	0.0	0.0	0.0007677019450571244
severe_60_30_10	0.60/0.30/0.10	54083	735	5000	0	0.0	0.0	0.0007677019450571244
severe_60_30_10	0.60/0.30/0.10	54083	750	5000	0	0.0	0.0	0.0007677019450571244
severe_60_30_10	0.60/0.30/0.10	54083	765	5000	0	0.0	0.0	0.0007677019450571244
severe_60_30_10	0.60/0.30/0.10	54083	780	5000	0	0.0	0.0	0.0007677019450571244
severe_60_30_10	0.60/0.30/0.10	54083	795	5000	0	0.0	0.0	0.0007677019450571244
severe_60_30_10	0.60/0.30/0.10	54083	810	5000	0	0.0	0.0	0.0007677019450571244
severe_60_30_10	0.60/0.30/0.10	54083	825	5000	0	0.0	0.0	0.0007677019450571244
severe_60_30_10	0.60/0.30/0.10	54083	840	5000	0	0.0	0.0	0.0007677019450571244
severe_60_30_10	0.60/0.30/0.10	54083	855	5000	0	0.0	0.0	0.0007677019450571244
severe_60_30_10	0.60/0.30/0.10	54083	870	5000	0	0.0	0.0	0.0007677019450571244
severe_60_30_10	0.60/0.30/0.10	54083	885	5000	0	0.0	0.0	0.0007677019450571244
severe_60_30_10	0.60/0.30/0.10	54083	900	5000	0	0.0	0.0	0.0007677019450571244
severe_60_30_10	0.60/0.30/0.10	54083	915	5000	0	0.0	0.0	0.0007677019450571244
severe_60_30_10	0.60/0.30/0.10	54083	930	5000	0	0.0	0.0	0.0007677019450571244
severe_60_30_10	0.60/0.30/0.10	54083	945	5000	0	0.0	0.0	0.0007677019450571244
severe_60_30_10	0.60/0.30/0.10	54083	960	5000	0	0.0	0.0	0.0007677019450571244
severe_60_30_10	0.60/0.30/0.10	54083	975	5000	0	0.0	0.0	0.0007677019450571244
severe_60_30_10	0.60/0.30/0.10	54083	990	5000	0	0.0	0.0	0.0007677019450571244
severe_60_30_10	0.60/0.30/0.10	54083	1005	5000	0	0.0	0.0	0.0007677019450571244
severe_60_30_10	0.60/0.30/0.10	54083	1020	5000	0	0.0	0.0	0.0007677019450571244
severe_60_30_10	0.60/0.30/0.10	54083	1035	5000	0	0.0	0.0	0.0007677019450571244
severe_60_30_10	0.60/0.30/0.10	54083	1050	5000	0	0.0	0.0	0.0007677019450571244
severe_60_30_10	0.60/0.30/0.10	54083	1065	5000	0	0.0	0.0	0.0007677019450571244
severe_60_30_10	0.60/0.30/0.10	54083	1080	5000	0	0.0	0.0	0.0007677019450571244
severe_60_30_10	0.60/0.30/0.10	54083	1095	5000	0	0.0	0.0	0.0007677019450571244
severe_60_30_10	0.60/0.30/0.10	54083	1110	5000	0	0.0	0.0	0.0007677019450571244
severe_60_30_10	0.60/0.30/0.10	54083	1125	5000	0	0.0	0.0	0.0007677019450571244
severe_60_30_10	0.60/0.30/0.10	54083	1140	5000	0	0.0	0.0	0.0007677019450571244
severe_60_30_10	0.60/0.30/0.10	54083	1155	5000	0	0.0	0.0	0.0007677019450571244
severe_60_30_10	0.60/0.30/0.10	54083	1170	5000	0	0.0	0.0	0.0007677019450571244
severe_60_30_10	0.60/0.30/0.10	54083	1185	5000	0	0.0	0.0	0.0007677019450571244
severe_60_30_10	0.60/0.30/0.10	54083	1200	5000	0	0.0	0.0	0.0007677019450571244
severe_60_30_10	0.60/0.30/0.10	54083	1215	5000	0	0.0	0.0	0.0007677019450571244
severe_60_30_10	0.60/0.30/0.10	54083	1230	5000	0	0.0	0.0	0.0007677019450571244
severe_60_30_10	0.60/0.30/0.10	54083	1245	5000	0	0.0	0.0	0.0007677019450571244
severe_60_30_10	0.60/0.30/0.10	54083	1260	5000	0	0.0	0.0	0.0007677019450571244
severe_60_30_10	0.60/0.30/0.10	54083	1275	5000	0	0.0	0.0	0.0007677019450571244
severe_60_30_10	0.60/0.30/0.10	54083	1290	5000	0	0.0	0.0	0.0007677019450571244
severe_60_30_10	0.60/0.30/0.10	54083	1305	5000	0	0.0	0.0	0.0007677019450571244
severe_60_30_10	0.60/0.30/0.10	54083	1320	5000	0	0.0	0.0	0.0007677019450571244
severe_60_30_10	0.60/0.30/0.10	54083	1335	5000	0	0.0	0.0	0.0007677019450571244
severe_60_30_10	0.60/0.30/0.10	54083	1350	5000	1	0.0002	3.530578343936526e-05	0.0011320890808397363
severe_60_30_10	0.60/0.30/0.10	54083	1365	5000	0	0.0	0.0	0.0007677019450571244
severe_60_30_10	0.60/0.30/0.10	54083	1380	5000	0	0.0	0.0	0.0007677019450571244
severe_60_30_10	0.60/0.30/0.10	54083	1395	5000	1	0.0002	3.530578343936526e-05	0.0011320890808397363
severe_60_30_10	0.60/0.30/0.10	54083	1410	5000	5	0.001	0.00042721349110879964	0.002338953050058211
severe_60_30_10	0.60/0.30/0.10	54083	1425	5000	2	0.0004	0.00010970128207763504	0.0014573865014234437
severe_60_30_10	0.60/0.30/0.10	54083	1440	5000	1	0.0002	3.530578343936526e-05	0.0011320890808397363
severe_60_30_10	0.60/0.30/0.10	54083	1455	5000	13	0.0026	0.0015201269998326155	0.004443582895110212
severe_60_30_10	0.60/0.30/0.10	54083	1470	5000	11	0.0022	0.001228915407138813	0.003935408649360061
severe_60_30_10	0.60/0.30/0.10	54083	1485	5000	16	0.0032	0.0019707278219023715	0.0051920608307063874
severe_60_30_10	0.60/0.30/0.10	54083	1500	5000	24	0.0048	0.003227780878929331	0.007132551127455243
severe_60_30_10	0.60/0.30/0.10	54083	1515	5000	34	0.0068	0.0048703334305700095	0.009486927768034338
severe_60_30_10	0.60/0.30/0.10	54083	1530	5000	68	0.0136	0.010742591831619502	0.017204228620532072
severe_60_30_10	0.60/0.30/0.10	54083	1545	5000	65	0.013	0.010213148925363891	0.01653459276912175
severe_60_30_10	0.60/0.30/0.10	54083	1560	5000	88	0.0176	0.014308249555492083	0.021632429281099038
severe_60_30_10	0.60/0.30/0.10	54083	1575	5000	111	0.0222	0.018468128073239217	0.02666548790545738
severe_60_30_10	0.60/0.30/0.10	54083	1590	5000	164	0.0328	0.02821060570117788	0.03810673499628352
severe_60_30_10	0.60/0.30/0.10	54083	1605	5000	187	0.0374	0.032485950592838445	0.04302432724672842
severe_60_30_10	0.60/0.30/0.10	54083	1620	5000	231	0.0462	0.0407216699236964	0.05237509636163745
severe_60_30_10	0.60/0.30/0.10	54083	1635	5000	304	0.0608	0.05450754066849115	0.06776680872004703
severe_60_30_10	0.60/0.30/0.10	54083	1650	5000	395	0.079	0.07184244816595686	0.08680395687178125
severe_60_30_10	0.60/0.30/0.10	54083	1665	5000	455	0.091	0.08333889592848116	0.09928908426257556
severe_60_30_10	0.60/0.30/0.10	54083	1680	5000	591	0.1182	0.10954310667883399	0.12744311052641163
severe_60_30_10	0.60/0.30/0.10	54083	1695	5000	700	0.14	0.130658280578895	0.14989446482154617
severe_60_30_10	0.60/0.30/0.10	54083	1710	5000	813	0.1626	0.15263168957649123	0.17308635569603334
severe_60_30_10	0.60/0.30/0.10	54083	1725	5000	974	0.1948	0.184058364395645	0.20601024087161796
severe_60_30_10	0.60/0.30/0.10	54083	1740	5000	1130	0.226	0.21462010692308828	0.23780059374280307
severe_60_30_10	0.60/0.30/0.10	54083	1755	5000	1313	0.2626	0.2505883206499267	0.27497618423358644
severe_60_30_10	0.60/0.30/0.10	54083	1770	5000	1438	0.2876	0.2752204065258323	0.30030571326042804
severe_60_30_10	0.60/0.30/0.10	54083	1785	5000	1676	0.3352	0.3222463244282717	0.3484067101328192
severe_60_30_10	0.60/0.30/0.10	54083	1800	5000	1815	0.363	0.3497812286687888	0.3764291216641569
severe_60_30_10	0.60/0.30/0.10	54083	1815	5000	2057	0.4114	0.3978333682976155	0.4251026684870487
severe_60_30_10	0.60/0.30/0.10	54083	1830	5000	2307	0.4614	0.4476172287540009	0.4752420378361576
severe_60_30_10	0.60/0.30/0.10	54083	1845	5000	2505	0.501	0.48714554256745607	0.514852922028654
severe_60_30_10	0.60/0.30/0.10	54083	1860	5000	2767	0.5534	0.539584462301987	0.567133547130281
severe_60_30_10	0.60/0.30/0.10	54083	1875	5000	2860	0.572	0.5582352843825129	0.5856541665373989
severe_60_30_10	0.60/0.30/0.10	54083	1890	5000	3108	0.6216	0.6080685474999851	0.634944747386977
severe_60_30_10	0.60/0.30/0.10	54083	1905	5000	3320	0.664	0.6507861930631568	0.6769620006988647
severe_60_30_10	0.60/0.30/0.10	54083	1920	5000	3426	0.6852	0.6721887011465285	0.6979269420530224
severe_60_30_10	0.60/0.30/0.10	54083	1935	5000	3594	0.7188	0.7061740507247519	0.7310900029040911
severe_60_30_10	0.60/0.30/0.10	54083	1950	5000	3744	0.7488	0.7365906717050367	0.7606273198071031
severe_60_30_10	0.60/0.30/0.10	54083	1965	5000	3932	0.7864	0.7748221766644263	0.797538083661445
severe_60_30_10	0.60/0.30/0.10	54083	1980	5000	4125	0.825	0.814219627002049	0.8352813667336638
severe_60_30_10	0.60/0.30/0.10	54083	1995	5000	4214	0.8428	0.8324481908516524	0.8526254726948165
severe_60_30_10	0.60/0.30/0.10	54083	2010	5000	4283	0.8566	0.8466114693560794	0.8660410056167059
severe_60_30_10	0.60/0.30/0.10	54083	2025	5000	4425	0.885	0.8758602149283243	0.8935486545739817
severe_60_30_10	0.60/0.30/0.10	54083	2040	5000	4488	0.8976	0.8888890546428595	0.905700468770431
severe_60_30_10	0.60/0.30/0.10	54083	2055	5000	4602	0.9204	0.9125706640142387	0.9275838521903573
severe_60_30_10	0.60/0.30/0.10	54083	2070	5000	4654	0.9308	0.9234295221569059	0.9375090258472328
severe_60_30_10	0.60/0.30/0.10	54083	2085	5000	4716	0.9432	0.936437570542497	0.9492819384534046
severe_60_30_10	0.60/0.30/0.10	54083	2100	5000	4745	0.949	0.9425499907560099	0.9547606128973288
severe_60_30_10	0.60/0.30/0.10	54083	2115	5000	4808	0.9616	0.9559095898889262	0.9665816676753972
severe_60_30_10	0.60/0.30/0.10	54083	2130	5000	4844	0.9688	0.9636095200009896	0.9732706826553249
severe_60_30_10	0.60/0.30/0.10	54083	2145	5000	4861	0.9722	0.9672680036457926	0.9764069786372955
severe_60_30_10	0.60/0.30/0.10	54083	2160	5000	4897	0.9794	0.9750792015143168	0.9829847258607627
severe_60_30_10	0.60/0.30/0.10	54083	2175	5000	4932	0.9864	0.982795771379468	0.9892574081683806
severe_60_30_10	0.60/0.30/0.10	54083	2190	5000	4921	0.9842	0.9803531933480751	0.9873033640883315
severe_60_30_10	0.60/0.30/0.10	54083	2205	5000	4950	0.99	0.9868414249077906	0.9924062271860534
severe_60_30_10	0.60/0.30/0.10	54083	2220	5000	4966	0.9932	0.9905130722319657	0.99512966656943
severe_60_30_10	0.60/0.30/0.10	54083	2235	5000	4959	0.9918	0.9888953739300811	0.9939495144367608
severe_60_30_10	0.60/0.30/0.10	54083	2250	5000	4980	0.996	0.9938293823892882	0.9974090572812152
severe_60_30_10	0.60/0.30/0.10	54083	2265	5000	4982	0.9964	0.9943162662633602	0.997721559245587
severe_60_30_10	0.60/0.30/0.10	54083	2280	5000	4979	0.9958	0.9935875211615961	0.9972512255896855
severe_60_30_10	0.60/0.30/0.10	54083	2295	5000	4987	0.9974	0.9955564171048898	0.9984798730001674
severe_60_30_10	0.60/0.30/0.10	54083	2310	5000	4991	0.9982	0.9965823552896264	0.9990527064923188
severe_60_30_10	0.60/0.30/0.10	54083	2325	5000	4992	0.9984	0.9968457298408953	0.9991890248602717
severe_60_30_10	0.60/0.30/0.10	54083	2340	5000	4997	0.9994	0.9982372939514713	0.9997959253458056
severe_60_30_10	0.60/0.30/0.10	54083	2355	5000	4993	0.9986	0.9971127802223416	0.9993216673980476
severe_60_30_10	0.60/0.30/0.10	54083	2370	5000	4994	0.9988	0.9973842237073702	0.9994499168322408
severe_60_30_10	0.60/0.30/0.10	54083	2385	5000	4996	0.9992	0.9979446733541565	0.9996888530238984
severe_60_30_10	0.60/0.30/0.10	54083	2400	5000	4998	0.9996	0.9985426134985768	0.9998902987179225
severe_60_30_10	0.60/0.30/0.10	54083	2415	5000	4999	0.9998	0.9988679109191605	0.9999646942165608
severe_60_30_10	0.60/0.30/0.10	54083	2430	5000	4999	0.9998	0.9988679109191605	0.9999646942165608
severe_60_30_10	0.60/0.30/0.10	54083	2445	5000	5000	1.0	0.9992322980549431	1.0
severe_60_30_10	0.60/0.30/0.10	54083	2460	5000	4999	0.9998	0.9988679109191605	0.9999646942165608
severe_60_30_10	0.60/0.30/0.10	54083	2475	5000	5000	1.0	0.9992322980549431	1.0
severe_60_30_10	0.60/0.30/0.10	54083	2490	5000	4999	0.9998	0.9988679109191605	0.9999646942165608
severe_60_30_10	0.60/0.30/0.10	54083	2505	5000	5000	1.0	0.9992322980549431	1.0
severe_60_30_10	0.60/0.30/0.10	54083	2520	5000	5000	1.0	0.9992322980549431	1.0
severe_60_30_10	0.60/0.30/0.10	54083	2535	5000	5000	1.0	0.9992322980549431	1.0
severe_60_30_10	0.60/0.30/0.10	54083	2550	5000	5000	1.0	0.9992322980549431	1.0
severe_60_30_10	0.60/0.30/0.10	54083	2565	5000	5000	1.0	0.9992322980549431	1.0
severe_60_30_10	0.60/0.30/0.10	54083	2580	5000	5000	1.0	0.9992322980549431	1.0
severe_60_30_10	0.60/0.30/0.10	54083	2595	5000	5000	1.0	0.9992322980549431	1.0
severe_60_30_10	0.60/0.30/0.10	54083	2610	5000	5000	1.0	0.9992322980549431	1.0
severe_60_30_10	0.60/0.30/0.10	54083	2625	5000	5000	1.0	0.9992322980549431	1.0
severe_60_30_10	0.60/0.30/0.10	54083	2640	5000	5000	1.0	0.9992322980549431	1.0
severe_60_30_10	0.60/0.30/0.10	54083	2655	5000	5000	1.0	0.9992322980549431	1.0
severe_60_30_10	0.60/0.30/0.10	54083	2670	5000	5000	1.0	0.9992322980549431	1.0
severe_60_30_10	0.60/0.30/0.10	54083	2685	5000	5000	1.0	0.9992322980549431	1.0
severe_60_30_10	0.60/0.30/0.10	54083	2700	5000	5000	1.0	0.9992322980549431	1.0
severe_60_30_10	0.60/0.30/0.10	54083	2715	5000	5000	1.0	0.9992322980549431	1.0
severe_60_30_10	0.60/0.30/0.10	54083	2730	5000	5000	1.0	0.9992322980549431	1.0
severe_60_30_10	0.60/0.30/0.10	54083	2745	5000	5000	1.0	0.9992322980549431	1.0
severe_60_30_10	0.60/0.30/0.10	54083	2760	5000	5000	1.0	0.9992322980549431	1.0
severe_60_30_10	0.60/0.30/0.10	54083	2775	5000	5000	1.0	0.9992322980549431	1.0
severe_60_30_10	0.60/0.30/0.10	54083	2790	5000	5000	1.0	0.9992322980549431	1.0
severe_60_30_10	0.60/0.30/0.10	54083	2805	5000	5000	1.0	0.9992322980549431	1.0
severe_60_30_10	0.60/0.30/0.10	54083	2820	5000	5000	1.0	0.9992322980549431	1.0
severe_60_30_10	0.60/0.30/0.10	54083	2835	5000	5000	1.0	0.9992322980549431	1.0
severe_60_30_10	0.60/0.30/0.10	54083	2850	5000	5000	1.0	0.9992322980549431	1.0
severe_60_30_10	0.60/0.30/0.10	54083	2865	5000	5000	1.0	0.9992322980549431	1.0
severe_60_30_10	0.60/0.30/0.10	54083	2880	5000	5000	1.0	0.9992322980549431	1.0
severe_60_30_10	0.60/0.30/0.10	54083	2895	5000	5000	1.0	0.9992322980549431	1.0
severe_60_30_10	0.60/0.30/0.10	54083	2910	5000	5000	1.0	0.9992322980549431	1.0
severe_60_30_10	0.60/0.30/0.10	54083	2925	5000	5000	1.0	0.9992322980549431	1.0
severe_60_30_10	0.60/0.30/0.10	54083	2940	5000	5000	1.0	0.9992322980549431	1.0
severe_60_30_10	0.60/0.30/0.10	54083	2955	5000	5000	1.0	0.9992322980549431	1.0
severe_60_30_10	0.60/0.30/0.10	54083	2970	5000	5000	1.0	0.9992322980549431	1.0
severe_60_30_10	0.60/0.30/0.10	54083	2985	5000	5000	1.0	0.9992322980549431	1.0
severe_60_30_10	0.60/0.30/0.10	54083	3000	5000	5000	1.0	0.9992322980549431	1.0
severe_60_30_10	0.60/0.30/0.10	54083	3015	5000	5000	1.0	0.9992322980549431	1.0
severe_60_30_10	0.60/0.30/0.10	54083	3030	5000	5000	1.0	0.9992322980549431	1.0
severe_60_30_10	0.60/0.30/0.10	54083	3045	5000	5000	1.0	0.9992322980549431	1.0
severe_60_30_10	0.60/0.30/0.10	54083	3060	5000	5000	1.0	0.9992322980549431	1.0
severe_60_30_10	0.60/0.30/0.10	54083	3075	5000	5000	1.0	0.9992322980549431	1.0
severe_60_30_10	0.60/0.30/0.10	54083	3090	5000	5000	1.0	0.9992322980549431	1.0
severe_60_30_10	0.60/0.30/0.10	54083	3105	5000	5000	1.0	0.9992322980549431	1.0
severe_60_30_10	0.60/0.30/0.10	54083	3120	5000	5000	1.0	0.9992322980549431	1.0
severe_60_30_10	0.60/0.30/0.10	54083	3135	5000	5000	1.0	0.9992322980549431	1.0
severe_60_30_10	0.60/0.30/0.10	54083	3150	5000	5000	1.0	0.9992322980549431	1.0
severe_60_30_10	0.60/0.30/0.10	54083	3165	5000	5000	1.0	0.9992322980549431	1.0
severe_60_30_10	0.60/0.30/0.10	54083	3180	5000	5000	1.0	0.9992322980549431	1.0
severe_60_30_10	0.60/0.30/0.10	54083	3195	5000	5000	1.0	0.9992322980549431	1.0
severe_60_30_10	0.60/0.30/0.10	54083	3210	5000	5000	1.0	0.9992322980549431	1.0
severe_60_30_10	0.60/0.30/0.10	54083	3225	5000	5000	1.0	0.9992322980549431	1.0
severe_60_30_10	0.60/0.30/0.10	54083	3240	5000	5000	1.0	0.9992322980549431	1.0
severe_60_30_10	0.60/0.30/0.10	54083	3255	5000	5000	1.0	0.9992322980549431	1.0
severe_60_30_10	0.60/0.30/0.10	54083	3270	5000	5000	1.0	0.9992322980549431	1.0
severe_60_30_10	0.60/0.30/0.10	54083	3285	5000	5000	1.0	0.9992322980549431	1.0
severe_60_30_10	0.60/0.30/0.10	54083	3300	5000	5000	1.0	0.9992322980549431	1.0
severe_60_30_10	0.60/0.30/0.10	54083	3315	5000	5000	1.0	0.9992322980549431	1.0
severe_60_30_10	0.60/0.30/0.10	54083	3330	5000	5000	1.0	0.9992322980549431	1.0
severe_60_30_10	0.60/0.30/0.10	54083	3345	5000	5000	1.0	0.9992322980549431	1.0
severe_60_30_10	0.60/0.30/0.10	54083	3360	5000	5000	1.0	0.9992322980549431	1.0
severe_60_30_10	0.60/0.30/0.10	54083	3375	5000	5000	1.0	0.9992322980549431	1.0
severe_60_30_10	0.60/0.30/0.10	54083	3390	5000	5000	1.0	0.9992322980549431	1.0
severe_60_30_10	0.60/0.30/0.10	54083	3405	5000	5000	1.0	0.9992322980549431	1.0
severe_60_30_10	0.60/0.30/0.10	54083	3420	5000	5000	1.0	0.9992322980549431	1.0
severe_60_30_10	0.60/0.30/0.10	54083	3435	5000	5000	1.0	0.9992322980549431	1.0
severe_60_30_10	0.60/0.30/0.10	54083	3450	5000	5000	1.0	0.9992322980549431	1.0
severe_60_30_10	0.60/0.30/0.10	54083	3465	5000	5000	1.0	0.9992322980549431	1.0
severe_60_30_10	0.60/0.30/0.10	54083	3480	5000	5000	1.0	0.9992322980549431	1.0
severe_60_30_10	0.60/0.30/0.10	54083	3495	5000	5000	1.0	0.9992322980549431	1.0
severe_60_30_10	0.60/0.30/0.10	54083	3510	5000	5000	1.0	0.9992322980549431	1.0
severe_60_30_10	0.60/0.30/0.10	54083	3525	5000	5000	1.0	0.9992322980549431	1.0
severe_60_30_10	0.60/0.30/0.10	54083	3540	5000	5000	1.0	0.9992322980549431	1.0
severe_60_30_10	0.60/0.30/0.10	54083	3555	5000	5000	1.0	0.9992322980549431	1.0
severe_60_30_10	0.60/0.30/0.10	54083	3570	5000	5000	1.0	0.9992322980549431	1.0
severe_60_30_10	0.60/0.30/0.10	54083	3585	5000	5000	1.0	0.9992322980549431	1.0
severe_60_30_10	0.60/0.30/0.10	54083	3600	5000	5000	1.0	0.9992322980549431	1.0
severe_60_30_10	0.60/0.30/0.10	54083	3615	5000	5000	1.0	0.9992322980549431	1.0
severe_60_30_10	0.60/0.30/0.10	54083	3630	5000	5000	1.0	0.9992322980549431	1.0
severe_60_30_10	0.60/0.30/0.10	54083	3645	5000	5000	1.0	0.9992322980549431	1.0
severe_60_30_10	0.60/0.30/0.10	54083	3660	5000	5000	1.0	0.9992322980549431	1.0
severe_60_30_10	0.60/0.30/0.10	54083	3675	5000	5000	1.0	0.9992322980549431	1.0
severe_60_30_10	0.60/0.30/0.10	54083	3690	5000	5000	1.0	0.9992322980549431	1.0
severe_60_30_10	0.60/0.30/0.10	54083	3705	5000	5000	1.0	0.9992322980549431	1.0
severe_60_30_10	0.60/0.30/0.10	54083	3720	5000	5000	1.0	0.9992322980549431	1.0
severe_60_30_10	0.60/0.30/0.10	54083	3735	5000	5000	1.0	0.9992322980549431	1.0
severe_60_30_10	0.60/0.30/0.10	54083	3750	5000	5000	1.0	0.9992322980549431	1.0
severe_60_30_10	0.60/0.30/0.10	54083	3765	5000	5000	1.0	0.9992322980549431	1.0
severe_60_30_10	0.60/0.30/0.10	54083	3780	5000	5000	1.0	0.9992322980549431	1.0
severe_60_30_10	0.60/0.30/0.10	54083	3795	5000	5000	1.0	0.9992322980549431	1.0
severe_60_30_10	0.60/0.30/0.10	54083	3810	5000	5000	1.0	0.9992322980549431	1.0
severe_60_30_10	0.60/0.30/0.10	54083	3825	5000	5000	1.0	0.9992322980549431	1.0
severe_60_30_10	0.60/0.30/0.10	54083	3840	5000	5000	1.0	0.9992322980549431	1.0
severe_60_30_10	0.60/0.30/0.10	54083	3855	5000	5000	1.0	0.9992322980549431	1.0
severe_60_30_10	0.60/0.30/0.10	54083	3870	5000	5000	1.0	0.9992322980549431	1.0
severe_60_30_10	0.60/0.30/0.10	54083	3885	5000	5000	1.0	0.9992322980549431	1.0
severe_60_30_10	0.60/0.30/0.10	54083	3900	5000	5000	1.0	0.9992322980549431	1.0
severe_60_30_10	0.60/0.30/0.10	54083	3915	5000	5000	1.0	0.9992322980549431	1.0
severe_60_30_10	0.60/0.30/0.10	54083	3930	5000	5000	1.0	0.9992322980549431	1.0
severe_60_30_10	0.60/0.30/0.10	54083	3945	5000	5000	1.0	0.9992322980549431	1.0
severe_60_30_10	0.60/0.30/0.10	54083	3960	5000	5000	1.0	0.9992322980549431	1.0
severe_60_30_10	0.60/0.30/0.10	54083	3975	5000	5000	1.0	0.9992322980549431	1.0
severe_60_30_10	0.60/0.30/0.10	54083	3990	5000	5000	1.0	0.9992322980549431	1.0
severe_60_30_10	0.60/0.30/0.10	54083	4005	5000	5000	1.0	0.9992322980549431	1.0
severe_60_30_10	0.60/0.30/0.10	54083	4020	5000	5000	1.0	0.9992322980549431	1.0
severe_60_30_10	0.60/0.30/0.10	54083	4035	5000	5000	1.0	0.9992322980549431	1.0
severe_60_30_10	0.60/0.30/0.10	54083	4050	5000	5000	1.0	0.9992322980549431	1.0
severe_60_30_10	0.60/0.30/0.10	54083	4065	5000	5000	1.0	0.9992322980549431	1.0
severe_60_30_10	0.60/0.30/0.10	54083	4080	5000	5000	1.0	0.9992322980549431	1.0
severe_60_30_10	0.60/0.30/0.10	54083	4095	5000	5000	1.0	0.9992322980549431	1.0
severe_60_30_10	0.60/0.30/0.10	54083	4110	5000	5000	1.0	0.9992322980549431	1.0
severe_60_30_10	0.60/0.30/0.10	54083	4125	5000	5000	1.0	0.9992322980549431	1.0
severe_60_30_10	0.60/0.30/0.10	54083	4140	5000	5000	1.0	0.9992322980549431	1.0
severe_60_30_10	0.60/0.30/0.10	54083	4155	5000	5000	1.0	0.9992322980549431	1.0
severe_60_30_10	0.60/0.30/0.10	54083	4170	5000	5000	1.0	0.9992322980549431	1.0
severe_60_30_10	0.60/0.30/0.10	54083	4185	5000	5000	1.0	0.9992322980549431	1.0
severe_60_30_10	0.60/0.30/0.10	54083	4200	5000	5000	1.0	0.9992322980549431	1.0
severe_60_30_10	0.60/0.30/0.10	54083	4215	5000	5000	1.0	0.9992322980549431	1.0
severe_60_30_10	0.60/0.30/0.10	54083	4230	5000	5000	1.0	0.9992322980549431	1.0
severe_60_30_10	0.60/0.30/0.10	54083	4245	5000	5000	1.0	0.9992322980549431	1.0
severe_60_30_10	0.60/0.30/0.10	54083	4260	5000	5000	1.0	0.9992322980549431	1.0
severe_60_30_10	0.60/0.30/0.10	54083	4275	5000	5000	1.0	0.9992322980549431	1.0
severe_60_30_10	0.60/0.30/0.10	54083	4290	5000	5000	1.0	0.9992322980549431	1.0
severe_60_30_10	0.60/0.30/0.10	54083	4305	5000	5000	1.0	0.9992322980549431	1.0
severe_60_30_10	0.60/0.30/0.10	54083	4320	5000	5000	1.0	0.9992322980549431	1.0
severe_60_30_10	0.60/0.30/0.10	54083	4335	5000	5000	1.0	0.9992322980549431	1.0
severe_60_30_10	0.60/0.30/0.10	54083	4350	5000	5000	1.0	0.9992322980549431	1.0
severe_60_30_10	0.60/0.30/0.10	54083	4365	5000	5000	1.0	0.9992322980549431	1.0
severe_60_30_10	0.60/0.30/0.10	54083	4380	5000	5000	1.0	0.9992322980549431	1.0
severe_60_30_10	0.60/0.30/0.10	54083	4395	5000	5000	1.0	0.9992322980549431	1.0
severe_60_30_10	0.60/0.30/0.10	54083	4410	5000	5000	1.0	0.9992322980549431	1.0
severe_60_30_10	0.60/0.30/0.10	54083	4425	5000	5000	1.0	0.9992322980549431	1.0
severe_60_30_10	0.60/0.30/0.10	54083	4440	5000	5000	1.0	0.9992322980549431	1.0
severe_60_30_10	0.60/0.30/0.10	54083	4455	5000	5000	1.0	0.9992322980549431	1.0
severe_60_30_10	0.60/0.30/0.10	54083	4470	5000	5000	1.0	0.9992322980549431	1.0
severe_60_30_10	0.60/0.30/0.10	54083	4485	5000	5000	1.0	0.9992322980549431	1.0
severe_60_30_10	0.60/0.30/0.10	54083	4500	5000	5000	1.0	0.9992322980549431	1.0
severe_60_30_10	0.60/0.30/0.10	54083	4515	5000	5000	1.0	0.9992322980549431	1.0
severe_60_30_10	0.60/0.30/0.10	54083	4530	5000	5000	1.0	0.9992322980549431	1.0
severe_60_30_10	0.60/0.30/0.10	54083	4545	5000	5000	1.0	0.9992322980549431	1.0
severe_60_30_10	0.60/0.30/0.10	54083	4560	5000	5000	1.0	0.9992322980549431	1.0
severe_60_30_10	0.60/0.30/0.10	54083	4575	5000	5000	1.0	0.9992322980549431	1.0
severe_60_30_10	0.60/0.30/0.10	54083	4590	5000	5000	1.0	0.9992322980549431	1.0
severe_60_30_10	0.60/0.30/0.10	54083	4605	5000	5000	1.0	0.9992322980549431	1.0
severe_60_30_10	0.60/0.30/0.10	54083	4620	5000	5000	1.0	0.9992322980549431	1.0
severe_60_30_10	0.60/0.30/0.10	54083	4635	5000	5000	1.0	0.9992322980549431	1.0
severe_60_30_10	0.60/0.30/0.10	54083	4650	5000	5000	1.0	0.9992322980549431	1.0
severe_60_30_10	0.60/0.30/0.10	54083	4665	5000	5000	1.0	0.9992322980549431	1.0
severe_60_30_10	0.60/0.30/0.10	54083	4680	5000	5000	1.0	0.9992322980549431	1.0
severe_60_30_10	0.60/0.30/0.10	54083	4695	5000	5000	1.0	0.9992322980549431	1.0
severe_60_30_10	0.60/0.30/0.10	54083	4710	5000	5000	1.0	0.9992322980549431	1.0
severe_60_30_10	0.60/0.30/0.10	54083	4725	5000	5000	1.0	0.9992322980549431	1.0
severe_60_30_10	0.60/0.30/0.10	54083	4740	5000	5000	1.0	0.9992322980549431	1.0
severe_60_30_10	0.60/0.30/0.10	54083	4755	5000	5000	1.0	0.9992322980549431	1.0
severe_60_30_10	0.60/0.30/0.10	54083	4770	5000	5000	1.0	0.9992322980549431	1.0
severe_60_30_10	0.60/0.30/0.10	54083	4785	5000	5000	1.0	0.9992322980549431	1.0
severe_60_30_10	0.60/0.30/0.10	54083	4800	5000	5000	1.0	0.9992322980549431	1.0
severe_60_30_10	0.60/0.30/0.10	54083	4815	5000	5000	1.0	0.9992322980549431	1.0
severe_60_30_10	0.60/0.30/0.10	54083	4830	5000	5000	1.0	0.9992322980549431	1.0
severe_60_30_10	0.60/0.30/0.10	54083	4845	5000	5000	1.0	0.9992322980549431	1.0
severe_60_30_10	0.60/0.30/0.10	54083	4860	5000	5000	1.0	0.9992322980549431	1.0
severe_60_30_10	0.60/0.30/0.10	54083	4875	5000	5000	1.0	0.9992322980549431	1.0
severe_60_30_10	0.60/0.30/0.10	54083	4890	5000	5000	1.0	0.9992322980549431	1.0
severe_60_30_10	0.60/0.30/0.10	54083	4905	5000	5000	1.0	0.9992322980549431	1.0
severe_60_30_10	0.60/0.30/0.10	54083	4920	5000	5000	1.0	0.9992322980549431	1.0
severe_60_30_10	0.60/0.30/0.10	54083	4935	5000	5000	1.0	0.9992322980549431	1.0
severe_60_30_10	0.60/0.30/0.10	54083	4950	5000	5000	1.0	0.9992322980549431	1.0
severe_60_30_10	0.60/0.30/0.10	54083	4965	5000	5000	1.0	0.9992322980549431	1.0
severe_60_30_10	0.60/0.30/0.10	54083	4980	5000	5000	1.0	0.9992322980549431	1.0
severe_60_30_10	0.60/0.30/0.10	54083	4995	5000	5000	1.0	0.9992322980549431	1.0
severe_60_30_10	0.60/0.30/0.10	54083	5010	5000	5000	1.0	0.9992322980549431	1.0
severe_60_30_10	0.60/0.30/0.10	54083	5025	5000	5000	1.0	0.9992322980549431	1.0
severe_60_30_10	0.60/0.30/0.10	54083	5040	5000	5000	1.0	0.9992322980549431	1.0
severe_60_30_10	0.60/0.30/0.10	54083	5055	5000	5000	1.0	0.9992322980549431	1.0
severe_60_30_10	0.60/0.30/0.10	54083	5070	5000	5000	1.0	0.9992322980549431	1.0
severe_60_30_10	0.60/0.30/0.10	54083	5085	5000	5000	1.0	0.9992322980549431	1.0
severe_60_30_10	0.60/0.30/0.10	54083	5100	5000	5000	1.0	0.9992322980549431	1.0
severe_60_30_10	0.60/0.30/0.10	54083	5115	5000	5000	1.0	0.9992322980549431	1.0
severe_60_30_10	0.60/0.30/0.10	54083	5130	5000	5000	1.0	0.9992322980549431	1.0
severe_60_30_10	0.60/0.30/0.10	54083	5145	5000	5000	1.0	0.9992322980549431	1.0
severe_60_30_10	0.60/0.30/0.10	54083	5160	5000	5000	1.0	0.9992322980549431	1.0
severe_60_30_10	0.60/0.30/0.10	54083	5175	5000	5000	1.0	0.9992322980549431	1.0
severe_60_30_10	0.60/0.30/0.10	54083	5190	5000	5000	1.0	0.9992322980549431	1.0
severe_60_30_10	0.60/0.30/0.10	54083	5205	5000	5000	1.0	0.9992322980549431	1.0
severe_60_30_10	0.60/0.30/0.10	54083	5220	5000	5000	1.0	0.9992322980549431	1.0
severe_60_30_10	0.60/0.30/0.10	54083	5235	5000	5000	1.0	0.9992322980549431	1.0
severe_60_30_10	0.60/0.30/0.10	54083	5250	5000	5000	1.0	0.9992322980549431	1.0
severe_60_30_10	0.60/0.30/0.10	54083	5265	5000	5000	1.0	0.9992322980549431	1.0
severe_60_30_10	0.60/0.30/0.10	54083	5280	5000	5000	1.0	0.9992322980549431	1.0
severe_60_30_10	0.60/0.30/0.10	54083	5295	5000	5000	1.0	0.9992322980549431	1.0
severe_60_30_10	0.60/0.30/0.10	54083	5310	5000	5000	1.0	0.9992322980549431	1.0
severe_60_30_10	0.60/0.30/0.10	54083	5325	5000	5000	1.0	0.9992322980549431	1.0
severe_60_30_10	0.60/0.30/0.10	54083	5340	5000	5000	1.0	0.9992322980549431	1.0
severe_60_30_10	0.60/0.30/0.10	54083	5355	5000	5000	1.0	0.9992322980549431	1.0
severe_60_30_10	0.60/0.30/0.10	54083	5370	5000	5000	1.0	0.9992322980549431	1.0
severe_60_30_10	0.60/0.30/0.10	54083	5385	5000	5000	1.0	0.9992322980549431	1.0
severe_60_30_10	0.60/0.30/0.10	54083	5400	5000	5000	1.0	0.9992322980549431	1.0
severe_60_30_10	0.60/0.30/0.10	54083	5415	5000	5000	1.0	0.9992322980549431	1.0
severe_60_30_10	0.60/0.30/0.10	54083	5430	5000	5000	1.0	0.9992322980549431	1.0
severe_60_30_10	0.60/0.30/0.10	54083	5445	5000	5000	1.0	0.9992322980549431	1.0
severe_60_30_10	0.60/0.30/0.10	54083	5460	5000	5000	1.0	0.9992322980549431	1.0
severe_60_30_10	0.60/0.30/0.10	54083	5475	5000	5000	1.0	0.9992322980549431	1.0
severe_60_30_10	0.60/0.30/0.10	54083	5490	5000	5000	1.0	0.9992322980549431	1.0
severe_60_30_10	0.60/0.30/0.10	54083	5505	5000	5000	1.0	0.9992322980549431	1.0
severe_60_30_10	0.60/0.30/0.10	54083	5520	5000	5000	1.0	0.9992322980549431	1.0
severe_60_30_10	0.60/0.30/0.10	54083	5535	5000	5000	1.0	0.9992322980549431	1.0
severe_60_30_10	0.60/0.30/0.10	54083	5550	5000	5000	1.0	0.9992322980549431	1.0
severe_60_30_10	0.60/0.30/0.10	54083	5565	5000	5000	1.0	0.9992322980549431	1.0
severe_60_30_10	0.60/0.30/0.10	54083	5580	5000	5000	1.0	0.9992322980549431	1.0
severe_60_30_10	0.60/0.30/0.10	54083	5595	5000	5000	1.0	0.9992322980549431	1.0
severe_60_30_10	0.60/0.30/0.10	54083	5610	5000	5000	1.0	0.9992322980549431	1.0
severe_60_30_10	0.60/0.30/0.10	54083	5625	5000	5000	1.0	0.9992322980549431	1.0
severe_60_30_10	0.60/0.30/0.10	54083	5640	5000	5000	1.0	0.9992322980549431	1.0
severe_60_30_10	0.60/0.30/0.10	54083	5655	5000	5000	1.0	0.9992322980549431	1.0
severe_60_30_10	0.60/0.30/0.10	54083	5670	5000	5000	1.0	0.9992322980549431	1.0
severe_60_30_10	0.60/0.30/0.10	54083	5685	5000	5000	1.0	0.9992322980549431	1.0
severe_60_30_10	0.60/0.30/0.10	54083	5700	5000	5000	1.0	0.9992322980549431	1.0
severe_60_30_10	0.60/0.30/0.10	54083	5715	5000	5000	1.0	0.9992322980549431	1.0
severe_60_30_10	0.60/0.30/0.10	54083	5730	5000	5000	1.0	0.9992322980549431	1.0
severe_60_30_10	0.60/0.30/0.10	54083	5745	5000	5000	1.0	0.9992322980549431	1.0
severe_60_30_10	0.60/0.30/0.10	54083	5760	5000	5000	1.0	0.9992322980549431	1.0
severe_60_30_10	0.60/0.30/0.10	54083	5775	5000	5000	1.0	0.9992322980549431	1.0
severe_60_30_10	0.60/0.30/0.10	54083	5790	5000	5000	1.0	0.9992322980549431	1.0
severe_60_30_10	0.60/0.30/0.10	54083	5805	5000	5000	1.0	0.9992322980549431	1.0
severe_60_30_10	0.60/0.30/0.10	54083	5820	5000	5000	1.0	0.9992322980549431	1.0
severe_60_30_10	0.60/0.30/0.10	54083	5835	5000	5000	1.0	0.9992322980549431	1.0
severe_60_30_10	0.60/0.30/0.10	54083	5850	5000	5000	1.0	0.9992322980549431	1.0
severe_60_30_10	0.60/0.30/0.10	54083	5865	5000	5000	1.0	0.9992322980549431	1.0
severe_60_30_10	0.60/0.30/0.10	54083	5880	5000	5000	1.0	0.9992322980549431	1.0
severe_60_30_10	0.60/0.30/0.10	54083	5895	5000	5000	1.0	0.9992322980549431	1.0
severe_60_30_10	0.60/0.30/0.10	54083	5910	5000	5000	1.0	0.9992322980549431	1.0
severe_60_30_10	0.60/0.30/0.10	54083	5925	5000	5000	1.0	0.9992322980549431	1.0
severe_60_30_10	0.60/0.30/0.10	54083	5940	5000	5000	1.0	0.9992322980549431	1.0
severe_60_30_10	0.60/0.30/0.10	54083	5955	5000	5000	1.0	0.9992322980549431	1.0
severe_60_30_10	0.60/0.30/0.10	54083	5970	5000	5000	1.0	0.9992322980549431	1.0
severe_60_30_10	0.60/0.30/0.10	54083	5985	5000	5000	1.0	0.9992322980549431	1.0
severe_60_30_10	0.60/0.30/0.10	54083	6000	5000	5000	1.0	0.9992322980549431	1.0
