dataset	therapy_class	therapy	disease	tissue_or_compartment	design	analysis_scope	module	n_responder	n_nonresponder	mean_responder	mean_nonresponder	delta_responder_minus_nonresponder	hedges_g	welch_t	p	auc_responder_high	confounders	generic_adjusted_delta	generic_adjusted_p	generic_adjusted_hedges_g	generic_adjustment_covariates	module_generic_max_abs_r	fdr	min_group_n	effect_claim_allowed	kill_reason	global_baseline_fdr	global_generic_adjusted_fdr	direction	independent_nominal_same_module_direction_count	independent_nominal_same_module_direction_datasets	strict_claim_allowed	strict_kill_reason
GSE138746	anti-TNF	adalimumab/etanercept	rheumatoid arthritis	sorted PBMC/CD14/CD4	baseline sorted RNA-seq; moderate/good vs none	compartment=CD14_monocyte;drug=adalimumab	ifn_apc	20	18	0.0199596788262617	-0.2041028377831217	0.2240625166093834	0.2925476074810623	0.9023848939265882	0.3740742210860271	0.5972222222222223	drug, compartment, response-class encoding, baseline disease activity; generic inflammation tested by inflammatory_nfkb/ifn_apc residualization	0.2259850883682615	0.3510389104913134	0.305365381858415	inflammatory_nfkb	0.2538718244359903	0.7002088144592507	18	False	not_corrected_significant	0.9473413372095744	0.9956027053275534	higher_in_responders_or_post	0		False	global_baseline_fdr>0.10;global_generic_adjusted_fdr>0.10;no_independent_same_module_direction_replication;
GSE138746	anti-TNF	adalimumab/etanercept	rheumatoid arthritis	sorted PBMC/CD14/CD4	baseline sorted RNA-seq; moderate/good vs none	compartment=CD14_monocyte;drug=adalimumab	hla_ii_apc	20	18	-0.0209697323817107	-0.2569016302764872	0.2359318978947765	0.2663719907561829	0.8305741181000229	0.4120543244528695	0.5416666666666667	drug, compartment, response-class encoding, baseline disease activity; generic inflammation tested by inflammatory_nfkb/ifn_apc residualization	0.0201720027625517	0.8942492723845615	0.043018004850819	inflammatory_nfkb,ifn_apc	0.849828954467205	0.7002088144592507	18	False	not_corrected_significant	0.9473413372095744	0.9998367398099568	higher_in_responders_or_post	0		False	global_baseline_fdr>0.10;global_generic_adjusted_fdr>0.10;generic_module_collinearity>0.70;no_independent_same_module_direction_replication;
GSE138746	anti-TNF	adalimumab/etanercept	rheumatoid arthritis	sorted PBMC/CD14/CD4	baseline sorted RNA-seq; moderate/good vs none	compartment=CD14_monocyte;drug=adalimumab	lysosomal_apc	20	18	-0.007586927479265	0.0604354826161743	-0.0680224100954393	-0.1206057305307453	-0.3749448653247243	0.7101159484342763	0.45	drug, compartment, response-class encoding, baseline disease activity; generic inflammation tested by inflammatory_nfkb/ifn_apc residualization	-0.0454613789473932	0.7806219089352204	-0.0903257022444407	inflammatory_nfkb,ifn_apc	0.4371275811662212	0.7988804419885609	18	False	not_corrected_significant	0.9567680810732627	0.9998367398099568	lower_in_responders_or_post	0		False	global_baseline_fdr>0.10;global_generic_adjusted_fdr>0.10;no_independent_same_module_direction_replication;
GSE138746	anti-TNF	adalimumab/etanercept	rheumatoid arthritis	sorted PBMC/CD14/CD4	baseline sorted RNA-seq; moderate/good vs none	compartment=CD14_monocyte;drug=adalimumab	mif_cd74_receptor_state	20	18	-0.0167465098640263	-0.1739255172020906	0.1571790073380642	0.2487602392932267	0.7732781380345342	0.4449031653769492	0.5527777777777778	drug, compartment, response-class encoding, baseline disease activity; generic inflammation tested by inflammatory_nfkb/ifn_apc residualization	0.0283496654555927	0.8257584793425421	0.0718455316563291	inflammatory_nfkb,ifn_apc	0.7588025951321029	0.7002088144592507	18	False	not_corrected_significant	0.9473413372095744	0.9998367398099568	higher_in_responders_or_post	0		False	global_baseline_fdr>0.10;global_generic_adjusted_fdr>0.10;generic_module_collinearity>0.70;no_independent_same_module_direction_replication;
GSE138746	anti-TNF	adalimumab/etanercept	rheumatoid arthritis	sorted PBMC/CD14/CD4	baseline sorted RNA-seq; moderate/good vs none	compartment=CD14_monocyte;drug=adalimumab	mixscale_validated_ifng_readout	20	18	0.000284258242994	-0.1672034963866736	0.1674877546296676	0.2376648039267687	0.7365652960005366	0.4668058763061671	0.6027777777777777	drug, compartment, response-class encoding, baseline disease activity; generic inflammation tested by inflammatory_nfkb/ifn_apc residualization	-0.0191332810565711	0.7658740897212301	-0.0962899884115015	inflammatory_nfkb,ifn_apc	0.9499230625952824	0.7002088144592507	18	False	not_corrected_significant	0.9473413372095744	0.9998367398099568	higher_in_responders_or_post	0		False	global_baseline_fdr>0.10;global_generic_adjusted_fdr>0.10;generic_module_collinearity>0.70;no_independent_same_module_direction_replication;
GSE138746	anti-TNF	adalimumab/etanercept	rheumatoid arthritis	sorted PBMC/CD14/CD4	baseline sorted RNA-seq; moderate/good vs none	compartment=CD14_monocyte;drug=adalimumab	lipid_loader_repair	20	18	-0.1218400510739061	0.0231099574341985	-0.1449500085081047	-0.4672843486003826	-1.4978719520214727	0.1434561859705262	0.4	drug, compartment, response-class encoding, baseline disease activity; generic inflammation tested by inflammatory_nfkb/ifn_apc residualization	-0.0952616347122788	0.2412798333382822	-0.3728074421384279	inflammatory_nfkb,ifn_apc	0.4192169729083139	0.7002088144592507	18	False	not_corrected_significant	0.9473413372095744	0.9717298280037758	lower_in_responders_or_post	0		False	global_baseline_fdr>0.10;global_generic_adjusted_fdr>0.10;no_independent_same_module_direction_replication;
GSE138746	anti-TNF	adalimumab/etanercept	rheumatoid arthritis	sorted PBMC/CD14/CD4	baseline sorted RNA-seq; moderate/good vs none	compartment=CD14_monocyte;drug=adalimumab	complement_phagocytosis	20	18	-0.2071041755869319	-0.004168145311133	-0.2029360302757989	-0.3994011869185823	-1.215333605285307	0.2358949956444124	0.3944444444444444	drug, compartment, response-class encoding, baseline disease activity; generic inflammation tested by inflammatory_nfkb/ifn_apc residualization	-0.2486225881852226	0.076968319039568	-0.6006323858202213	inflammatory_nfkb,ifn_apc	0.4551472343081185	0.7002088144592507	18	False	not_corrected_significant	0.9473413372095744	0.9717298280037758	lower_in_responders_or_post	0		False	global_baseline_fdr>0.10;global_generic_adjusted_fdr>0.10;no_independent_same_module_direction_replication;
GSE138746	anti-TNF	adalimumab/etanercept	rheumatoid arthritis	sorted PBMC/CD14/CD4	baseline sorted RNA-seq; moderate/good vs none	compartment=CD14_monocyte;drug=adalimumab	hif_nampt_metabolic	20	18	0.1133606571159074	-0.0213879513807213	0.1347486084966287	0.1861036333469594	0.5957728286921198	0.5552538029999347	0.5166666666666667	drug, compartment, response-class encoding, baseline disease activity; generic inflammation tested by inflammatory_nfkb/ifn_apc residualization	0.1622850472932321	0.2384067378549555	0.378612814120803	inflammatory_nfkb,ifn_apc	0.7932357982746506	0.7138977467142017	18	False	not_corrected_significant	0.9492982233755103	0.9717298280037758	higher_in_responders_or_post	0		False	global_baseline_fdr>0.10;global_generic_adjusted_fdr>0.10;generic_module_collinearity>0.70;no_independent_same_module_direction_replication;
GSE138746	anti-TNF	adalimumab/etanercept	rheumatoid arthritis	sorted PBMC/CD14/CD4	baseline sorted RNA-seq; moderate/good vs none	compartment=CD14_monocyte;drug=adalimumab	inflammatory_nfkb	20	18	0.0232532921527563	0.0316534990002078	-0.0084002068474514	-0.0097736695965535	-0.0308689490991504	0.9755446506930096	0.4972222222222222	drug, compartment, response-class encoding, baseline disease activity; generic inflammation tested by inflammatory_nfkb/ifn_apc residualization	-0.071496760610778	0.7862089104636318	-0.0860907472841356	ifn_apc	0.2538718244359904	0.9755446506930096	18	False	not_corrected_significant	0.9850621594802584	0.9998367398099568	lower_in_responders_or_post	0		False	global_baseline_fdr>0.10;global_generic_adjusted_fdr>0.10;no_independent_same_module_direction_replication;
GSE138746	anti-TNF	adalimumab/etanercept	rheumatoid arthritis	sorted PBMC/CD14/CD4	baseline sorted RNA-seq; moderate/good vs none	compartment=CD14_monocyte;drug=etanercept	ifn_apc	17	23	-0.1040827863539774	0.2193071683299337	-0.3233899546839111	-0.4029653392033833	-1.3325264925878202	0.190663667298514	0.3861892583120205	drug, compartment, response-class encoding, baseline disease activity; generic inflammation tested by inflammatory_nfkb/ifn_apc residualization	-0.3257702816948163	0.18634652476403	-0.4082924080417144	inflammatory_nfkb	0.1021553645359366	0.4103425440333272	17	False	not_corrected_significant	0.9473413372095744	0.9717298280037758	lower_in_responders_or_post	0		False	global_baseline_fdr>0.10;global_generic_adjusted_fdr>0.10;no_independent_same_module_direction_replication;
GSE138746	anti-TNF	adalimumab/etanercept	rheumatoid arthritis	sorted PBMC/CD14/CD4	baseline sorted RNA-seq; moderate/good vs none	compartment=CD14_monocyte;drug=etanercept	hla_ii_apc	17	23	-0.0587721860776794	0.2627283111274505	-0.3215004972051299	-0.3488210346182548	-1.135130915926815	0.2636606628853267	0.3938618925831202	drug, compartment, response-class encoding, baseline disease activity; generic inflammation tested by inflammatory_nfkb/ifn_apc residualization	0.0147359290316844	0.8989795966266181	0.0393104277891783	inflammatory_nfkb,ifn_apc	0.915790066526958	0.4103425440333272	17	False	not_corrected_significant	0.9473413372095744	0.9998367398099568	lower_in_responders_or_post	0		False	global_baseline_fdr>0.10;global_generic_adjusted_fdr>0.10;generic_module_collinearity>0.70;no_independent_same_module_direction_replication;
GSE138746	anti-TNF	adalimumab/etanercept	rheumatoid arthritis	sorted PBMC/CD14/CD4	baseline sorted RNA-seq; moderate/good vs none	compartment=CD14_monocyte;drug=etanercept	lysosomal_apc	17	23	-0.3079480043037997	0.1869137363329819	-0.4948617406367817	-0.7959441893614949	-2.351395280363443	0.0272977286163397	0.3043478260869565	drug, compartment, response-class encoding, baseline disease activity; generic inflammation tested by inflammatory_nfkb/ifn_apc residualization	-0.4587439989090058	0.0342236692225173	-0.7625217392477255	inflammatory_nfkb,ifn_apc	0.2282820075534948	0.2456795575470577	17	False	not_corrected_significant	0.853320209466879	0.9717298280037758	lower_in_responders_or_post	0		False	global_baseline_fdr>0.10;global_generic_adjusted_fdr>0.10;no_independent_same_module_direction_replication;
GSE138746	anti-TNF	adalimumab/etanercept	rheumatoid arthritis	sorted PBMC/CD14/CD4	baseline sorted RNA-seq; moderate/good vs none	compartment=CD14_monocyte;drug=etanercept	mif_cd74_receptor_state	17	23	-0.0596988676794024	0.1948030546725151	-0.2545019223519175	-0.357582172465654	-1.1144015165476124	0.2735616960222181	0.4194373401534526	drug, compartment, response-class encoding, baseline disease activity; generic inflammation tested by inflammatory_nfkb/ifn_apc residualization	-0.019574273016036	0.8856377980339747	-0.0478010949745556	inflammatory_nfkb,ifn_apc	0.8244076908440721	0.4103425440333272	17	False	not_corrected_significant	0.9473413372095744	0.9998367398099568	lower_in_responders_or_post	0		False	global_baseline_fdr>0.10;global_generic_adjusted_fdr>0.10;generic_module_collinearity>0.70;no_independent_same_module_direction_replication;
GSE138746	anti-TNF	adalimumab/etanercept	rheumatoid arthritis	sorted PBMC/CD14/CD4	baseline sorted RNA-seq; moderate/good vs none	compartment=CD14_monocyte;drug=etanercept	mixscale_validated_ifng_readout	17	23	-0.1143047882843368	0.2150938769971276	-0.3293986652814644	-0.4360089799374552	-1.4678253762338145	0.1504047074421755	0.4143222506393862	drug, compartment, response-class encoding, baseline disease activity; generic inflammation tested by inflammatory_nfkb/ifn_apc residualization	-0.047905274433754	0.5819706635006472	-0.1857014670908053	inflammatory_nfkb,ifn_apc	0.9377178388877602	0.4103425440333272	17	False	not_corrected_significant	0.9473413372095744	0.9956027053275534	lower_in_responders_or_post	0		False	global_baseline_fdr>0.10;global_generic_adjusted_fdr>0.10;generic_module_collinearity>0.70;no_independent_same_module_direction_replication;
GSE138746	anti-TNF	adalimumab/etanercept	rheumatoid arthritis	sorted PBMC/CD14/CD4	baseline sorted RNA-seq; moderate/good vs none	compartment=CD14_monocyte;drug=etanercept	lipid_loader_repair	17	23	0.0556486024089632	0.046730241161311	0.0089183612476522	0.0208427922597446	0.069594505732823	0.9448813683950952	0.5319693094629155	drug, compartment, response-class encoding, baseline disease activity; generic inflammation tested by inflammatory_nfkb/ifn_apc residualization	-0.0345435047520296	0.7761838869124731	-0.085172561659552	inflammatory_nfkb,ifn_apc	0.2172492482183552	0.9448813683950952	17	False	not_corrected_significant	0.9845637352824658	0.9998367398099568	higher_in_responders_or_post	0		False	global_baseline_fdr>0.10;global_generic_adjusted_fdr>0.10;no_independent_same_module_direction_replication;
GSE138746	anti-TNF	adalimumab/etanercept	rheumatoid arthritis	sorted PBMC/CD14/CD4	baseline sorted RNA-seq; moderate/good vs none	compartment=CD14_monocyte;drug=etanercept	complement_phagocytosis	17	23	-0.0815035202984362	0.2435943466266303	-0.3250978669250666	-0.5673439091925686	-1.938249300641805	0.0602428482489763	0.2941176470588235	drug, compartment, response-class encoding, baseline disease activity; generic inflammation tested by inflammatory_nfkb/ifn_apc residualization	-0.2196597001164835	0.1740859301049356	-0.4214712752358707	inflammatory_nfkb,ifn_apc	0.4495065487376553	0.2710928171203937	17	False	not_corrected_significant	0.9473413372095744	0.9717298280037758	lower_in_responders_or_post	0		False	global_baseline_fdr>0.10;global_generic_adjusted_fdr>0.10;no_independent_same_module_direction_replication;
GSE138746	anti-TNF	adalimumab/etanercept	rheumatoid arthritis	sorted PBMC/CD14/CD4	baseline sorted RNA-seq; moderate/good vs none	compartment=CD14_monocyte;drug=etanercept	hif_nampt_metabolic	17	23	0.0128589741742269	-0.0913405468881363	0.1041995210623633	0.1550858865689245	0.4831852103174393	0.6323197628489764	0.5294117647058824	drug, compartment, response-class encoding, baseline disease activity; generic inflammation tested by inflammatory_nfkb/ifn_apc residualization	0.0339901757948305	0.763682435182151	0.0940606716663396	inflammatory_nfkb,ifn_apc	0.8190890897052489	0.8129825522343982	17	False	not_corrected_significant	0.9567680810732627	0.9998367398099568	higher_in_responders_or_post	0		False	global_baseline_fdr>0.10;global_generic_adjusted_fdr>0.10;generic_module_collinearity>0.70;no_independent_same_module_direction_replication;
GSE138746	anti-TNF	adalimumab/etanercept	rheumatoid arthritis	sorted PBMC/CD14/CD4	baseline sorted RNA-seq; moderate/good vs none	compartment=CD14_monocyte;drug=etanercept	inflammatory_nfkb	17	23	-0.0121641219362007	-0.0360016848758045	0.0238375629396037	0.0284263652112711	0.0885844382268496	0.9299747568626974	0.4987212276214833	drug, compartment, response-class encoding, baseline disease activity; generic inflammation tested by inflammatory_nfkb/ifn_apc residualization	0.0576342483500587	0.8312958330879102	0.0691271739335518	ifn_apc	0.1021553645359366	0.9448813683950952	17	False	not_corrected_significant	0.9845637352824658	0.9998367398099568	higher_in_responders_or_post	0		False	global_baseline_fdr>0.10;global_generic_adjusted_fdr>0.10;no_independent_same_module_direction_replication;
GSE138746	anti-TNF	adalimumab/etanercept	rheumatoid arthritis	sorted PBMC/CD14/CD4	baseline sorted RNA-seq; moderate/good vs none	compartment=CD4_T_cell;drug=adalimumab	ifn_apc	19	18	0.2116142838300608	-0.374047366972802	0.5856616508028629	0.9132196701158988	2.8335813423172813	0.0076281896179902	0.7514619883040935	drug, compartment, response-class encoding, baseline disease activity; generic inflammation tested by inflammatory_nfkb/ifn_apc residualization	0.430444205627581	0.0243500526659389	0.7555632274753079	inflammatory_nfkb	0.5073774865152948	0.0686537065619125	18	True	not_killed_by_current_filters	0.7737944846856722	0.9717298280037758	higher_in_responders_or_post	0		False	global_baseline_fdr>0.10;global_generic_adjusted_fdr>0.10;no_independent_same_module_direction_replication;
GSE138746	anti-TNF	adalimumab/etanercept	rheumatoid arthritis	sorted PBMC/CD14/CD4	baseline sorted RNA-seq; moderate/good vs none	compartment=CD4_T_cell;drug=adalimumab	hla_ii_apc	19	18	0.0751860691157006	-0.4204447570647887	0.4956308261804893	0.5649068526662431	1.7423639159369408	0.0911298870694611	0.6812865497076024	drug, compartment, response-class encoding, baseline disease activity; generic inflammation tested by inflammatory_nfkb/ifn_apc residualization	-0.1446901907007869	0.3165354644538463	-0.3302697571832791	inflammatory_nfkb,ifn_apc	0.8459143675085069	0.1595154402330606	18	False	not_corrected_significant	0.9473413372095744	0.9717298280037758	higher_in_responders_or_post	0		False	global_baseline_fdr>0.10;global_generic_adjusted_fdr>0.10;generic_module_collinearity>0.70;no_independent_same_module_direction_replication;
GSE138746	anti-TNF	adalimumab/etanercept	rheumatoid arthritis	sorted PBMC/CD14/CD4	baseline sorted RNA-seq; moderate/good vs none	compartment=CD4_T_cell;drug=adalimumab	lysosomal_apc	19	18	0.048351416258029	-0.1991378571037921	0.2474892733618212	0.4969673084750041	1.5352657930988207	0.1343333860042196	0.6403508771929824	drug, compartment, response-class encoding, baseline disease activity; generic inflammation tested by inflammatory_nfkb/ifn_apc residualization	-0.0889146751845759	0.3223532141836191	-0.3256143270214207	inflammatory_nfkb,ifn_apc	0.7886318849796953	0.1727143534339966	18	False	not_corrected_significant	0.9473413372095744	0.9717298280037758	higher_in_responders_or_post	0		False	global_baseline_fdr>0.10;global_generic_adjusted_fdr>0.10;generic_module_collinearity>0.70;no_independent_same_module_direction_replication;
GSE138746	anti-TNF	adalimumab/etanercept	rheumatoid arthritis	sorted PBMC/CD14/CD4	baseline sorted RNA-seq; moderate/good vs none	compartment=CD4_T_cell;drug=adalimumab	mif_cd74_receptor_state	19	18	0.0695555416803367	-0.3017422977900319	0.3712978394703687	0.5365913463229124	1.6597005743997095	0.1063436268220403	0.6578947368421053	drug, compartment, response-class encoding, baseline disease activity; generic inflammation tested by inflammatory_nfkb/ifn_apc residualization	-0.0811411727300492	0.500120327613847	-0.2209655621372296	inflammatory_nfkb,ifn_apc	0.7573215367860235	0.1595154402330606	18	False	not_corrected_significant	0.9473413372095744	0.9956027053275534	higher_in_responders_or_post	0		False	global_baseline_fdr>0.10;global_generic_adjusted_fdr>0.10;generic_module_collinearity>0.70;no_independent_same_module_direction_replication;
GSE138746	anti-TNF	adalimumab/etanercept	rheumatoid arthritis	sorted PBMC/CD14/CD4	baseline sorted RNA-seq; moderate/good vs none	compartment=CD4_T_cell;drug=adalimumab	mixscale_validated_ifng_readout	19	18	0.0978699414028236	-0.2427271300803238	0.3405970714831475	0.702582933399791	2.1825381434562603	0.0358983378939875	0.7280701754385964	drug, compartment, response-class encoding, baseline disease activity; generic inflammation tested by inflammatory_nfkb/ifn_apc residualization	0.0201262632962497	0.8362558311805222	0.0672871571845667	inflammatory_nfkb,ifn_apc	0.7475536513460151	0.1595154402330606	18	False	not_corrected_significant	0.9288694930069266	0.9998367398099568	higher_in_responders_or_post	0		False	global_baseline_fdr>0.10;global_generic_adjusted_fdr>0.10;generic_module_collinearity>0.70;no_independent_same_module_direction_replication;
GSE138746	anti-TNF	adalimumab/etanercept	rheumatoid arthritis	sorted PBMC/CD14/CD4	baseline sorted RNA-seq; moderate/good vs none	compartment=CD4_T_cell;drug=adalimumab	lipid_loader_repair	19	18	0.0769171646406115	-0.1709325637138924	0.247849728354504	0.5380878164443204	1.6698122730328515	0.1039723861865524	0.6549707602339181	drug, compartment, response-class encoding, baseline disease activity; generic inflammation tested by inflammatory_nfkb/ifn_apc residualization	-0.0223990482641712	0.8018764999776943	-0.0811438072297582	inflammatory_nfkb,ifn_apc	0.7363513853751122	0.1595154402330606	18	False	not_corrected_significant	0.9473413372095744	0.9998367398099568	higher_in_responders_or_post	0		False	global_baseline_fdr>0.10;global_generic_adjusted_fdr>0.10;generic_module_collinearity>0.70;no_independent_same_module_direction_replication;
GSE138746	anti-TNF	adalimumab/etanercept	rheumatoid arthritis	sorted PBMC/CD14/CD4	baseline sorted RNA-seq; moderate/good vs none	compartment=CD4_T_cell;drug=adalimumab	complement_phagocytosis	19	18	0.0706885183580725	-0.2713661892280875	0.34205470758616	0.3821326332024196	1.1832139519714375	0.2449629657669867	0.6169590643274853	drug, compartment, response-class encoding, baseline disease activity; generic inflammation tested by inflammatory_nfkb/ifn_apc residualization	-0.2641460258733662	0.0788634294132064	-0.582050552510595	inflammatory_nfkb,ifn_apc	0.801246797763335	0.2449629657669867	18	False	not_corrected_significant	0.9473413372095744	0.9717298280037758	higher_in_responders_or_post	0		False	global_baseline_fdr>0.10;global_generic_adjusted_fdr>0.10;generic_module_collinearity>0.70;no_independent_same_module_direction_replication;
GSE138746	anti-TNF	adalimumab/etanercept	rheumatoid arthritis	sorted PBMC/CD14/CD4	baseline sorted RNA-seq; moderate/good vs none	compartment=CD4_T_cell;drug=adalimumab	hif_nampt_metabolic	19	18	0.1086650145265578	-0.1830125575600824	0.2916775720866402	0.5435425331060393	1.69227605020352	0.0994808680691806	0.6374269005847953	drug, compartment, response-class encoding, baseline disease activity; generic inflammation tested by inflammatory_nfkb/ifn_apc residualization	0.1164953157664543	0.2937541152627301	0.3444232961480471	inflammatory_nfkb,ifn_apc	0.7870291681479561	0.1595154402330606	18	False	not_corrected_significant	0.9473413372095744	0.9717298280037758	higher_in_responders_or_post	0		False	global_baseline_fdr>0.10;global_generic_adjusted_fdr>0.10;generic_module_collinearity>0.70;no_independent_same_module_direction_replication;
GSE138746	anti-TNF	adalimumab/etanercept	rheumatoid arthritis	sorted PBMC/CD14/CD4	baseline sorted RNA-seq; moderate/good vs none	compartment=CD4_T_cell;drug=adalimumab	inflammatory_nfkb	19	18	0.0531563859706287	-0.2172786940191176	0.2704350799897463	0.4415171208019078	1.3635650158483543	0.1820622412696766	0.6461988304093567	drug, compartment, response-class encoding, baseline disease activity; generic inflammation tested by inflammatory_nfkb/ifn_apc residualization	0.007752261117641	0.9648863546430289	0.0143081179394172	ifn_apc	0.5073774865152948	0.2048200214283862	18	False	not_corrected_significant	0.9473413372095744	0.9998367398099568	higher_in_responders_or_post	0		False	global_baseline_fdr>0.10;global_generic_adjusted_fdr>0.10;no_independent_same_module_direction_replication;
GSE138746	anti-TNF	adalimumab/etanercept	rheumatoid arthritis	sorted PBMC/CD14/CD4	baseline sorted RNA-seq; moderate/good vs none	compartment=CD4_T_cell;drug=etanercept	ifn_apc	18	23	-0.0208347481158325	0.1342263773401799	-0.1550611254560125	-0.2232704026264584	-0.7493283011664578	0.4581615355601202	0.4468599033816424	drug, compartment, response-class encoding, baseline disease activity; generic inflammation tested by inflammatory_nfkb/ifn_apc residualization	-0.1756618661229773	0.3810457410183367	-0.2660468127331316	inflammatory_nfkb	0.3018710343582449	0.9546990158962646	18	False	not_corrected_significant	0.9473413372095744	0.9956027053275534	lower_in_responders_or_post	0		False	global_baseline_fdr>0.10;global_generic_adjusted_fdr>0.10;no_independent_same_module_direction_replication;
GSE138746	anti-TNF	adalimumab/etanercept	rheumatoid arthritis	sorted PBMC/CD14/CD4	baseline sorted RNA-seq; moderate/good vs none	compartment=CD4_T_cell;drug=etanercept	hla_ii_apc	18	23	0.1392141601200627	0.1579832796437667	-0.0187691195237039	-0.0204410450564504	-0.0687594510918443	0.945533531528008	0.4855072463768116	drug, compartment, response-class encoding, baseline disease activity; generic inflammation tested by inflammatory_nfkb/ifn_apc residualization	0.1028186419245635	0.4529723706731409	0.2204166455551225	inflammatory_nfkb,ifn_apc	0.8132489921171627	0.9546990158962646	18	False	not_corrected_significant	0.9845637352824658	0.9956027053275534	lower_in_responders_or_post	0		False	global_baseline_fdr>0.10;global_generic_adjusted_fdr>0.10;generic_module_collinearity>0.70;no_independent_same_module_direction_replication;
GSE138746	anti-TNF	adalimumab/etanercept	rheumatoid arthritis	sorted PBMC/CD14/CD4	baseline sorted RNA-seq; moderate/good vs none	compartment=CD4_T_cell;drug=etanercept	lysosomal_apc	18	23	0.0210888379093064	0.0994002363738334	-0.0783113984645269	-0.1278209545865624	-0.4119468237728665	0.6828294794203037	0.4975845410628019	drug, compartment, response-class encoding, baseline disease activity; generic inflammation tested by inflammatory_nfkb/ifn_apc residualization	0.0001487449777032	0.9992287338016674	0.0003112682754134	inflammatory_nfkb,ifn_apc	0.6248074019105386	0.9546990158962646	18	False	not_corrected_significant	0.9567680810732627	0.9998367398099568	lower_in_responders_or_post	0		False	global_baseline_fdr>0.10;global_generic_adjusted_fdr>0.10;no_independent_same_module_direction_replication;
GSE138746	anti-TNF	adalimumab/etanercept	rheumatoid arthritis	sorted PBMC/CD14/CD4	baseline sorted RNA-seq; moderate/good vs none	compartment=CD4_T_cell;drug=etanercept	mif_cd74_receptor_state	18	23	0.1074066637091032	0.0946298313708886	0.0127768323382146	0.0172703665151382	0.0571756233693065	0.9546990158962646	0.4903381642512077	drug, compartment, response-class encoding, baseline disease activity; generic inflammation tested by inflammatory_nfkb/ifn_apc residualization	0.0759633946125508	0.5367264252496406	0.1829649680055557	inflammatory_nfkb,ifn_apc	0.711543353122428	0.9546990158962646	18	False	not_corrected_significant	0.9845637352824658	0.9956027053275534	higher_in_responders_or_post	0		False	global_baseline_fdr>0.10;global_generic_adjusted_fdr>0.10;generic_module_collinearity>0.70;no_independent_same_module_direction_replication;
GSE138746	anti-TNF	adalimumab/etanercept	rheumatoid arthritis	sorted PBMC/CD14/CD4	baseline sorted RNA-seq; moderate/good vs none	compartment=CD4_T_cell;drug=etanercept	mixscale_validated_ifng_readout	18	23	-0.0093993122023989	0.1164672641058867	-0.1258665763082856	-0.2609428354962824	-0.8261133848758688	0.4146999325198434	0.4782608695652174	drug, compartment, response-class encoding, baseline disease activity; generic inflammation tested by inflammatory_nfkb/ifn_apc residualization	-0.0743183647841312	0.4949182894480366	-0.2293693019325737	inflammatory_nfkb,ifn_apc	0.6899857935838989	0.9546990158962646	18	False	not_corrected_significant	0.9473413372095744	0.9956027053275534	lower_in_responders_or_post	0		False	global_baseline_fdr>0.10;global_generic_adjusted_fdr>0.10;no_independent_same_module_direction_replication;
GSE138746	anti-TNF	adalimumab/etanercept	rheumatoid arthritis	sorted PBMC/CD14/CD4	baseline sorted RNA-seq; moderate/good vs none	compartment=CD4_T_cell;drug=etanercept	lipid_loader_repair	18	23	0.0522724349294142	0.0293241821717	0.0229482527577142	0.0561607519984831	0.189192213494416	0.8509279492575662	0.5483091787439613	drug, compartment, response-class encoding, baseline disease activity; generic inflammation tested by inflammatory_nfkb/ifn_apc residualization	0.0571174565071093	0.5206988312165481	0.1879583586354778	inflammatory_nfkb,ifn_apc	0.5999754389749253	0.9546990158962646	18	False	not_corrected_significant	0.9845637352824658	0.9956027053275534	higher_in_responders_or_post	0		False	global_baseline_fdr>0.10;global_generic_adjusted_fdr>0.10;no_independent_same_module_direction_replication;
GSE138746	anti-TNF	adalimumab/etanercept	rheumatoid arthritis	sorted PBMC/CD14/CD4	baseline sorted RNA-seq; moderate/good vs none	compartment=CD4_T_cell;drug=etanercept	complement_phagocytosis	18	23	0.01894542602291	0.139151821256079	-0.120206395233169	-0.1401121531925247	-0.4864751763366183	0.6296585992997821	0.5024154589371981	drug, compartment, response-class encoding, baseline disease activity; generic inflammation tested by inflammatory_nfkb/ifn_apc residualization	0.0006763182553625	0.9964674343222442	0.0013642031618101	inflammatory_nfkb,ifn_apc	0.791602699078152	0.9546990158962646	18	False	not_corrected_significant	0.9567680810732627	0.9998367398099568	lower_in_responders_or_post	0		False	global_baseline_fdr>0.10;global_generic_adjusted_fdr>0.10;generic_module_collinearity>0.70;no_independent_same_module_direction_replication;
GSE138746	anti-TNF	adalimumab/etanercept	rheumatoid arthritis	sorted PBMC/CD14/CD4	baseline sorted RNA-seq; moderate/good vs none	compartment=CD4_T_cell;drug=etanercept	hif_nampt_metabolic	18	23	0.1063409226351368	-0.0297628629285004	0.1361037855636372	0.2665723352606224	0.8541880607966771	0.398816830390249	0.57487922705314	drug, compartment, response-class encoding, baseline disease activity; generic inflammation tested by inflammatory_nfkb/ifn_apc residualization	0.104694086978871	0.309655260410235	0.3162125654718321	inflammatory_nfkb,ifn_apc	0.7575238452086877	0.9546990158962646	18	False	not_corrected_significant	0.9473413372095744	0.9717298280037758	higher_in_responders_or_post	0		False	global_baseline_fdr>0.10;global_generic_adjusted_fdr>0.10;generic_module_collinearity>0.70;no_independent_same_module_direction_replication;
GSE138746	anti-TNF	adalimumab/etanercept	rheumatoid arthritis	sorted PBMC/CD14/CD4	baseline sorted RNA-seq; moderate/good vs none	compartment=CD4_T_cell;drug=etanercept	inflammatory_nfkb	18	23	0.1066772512038153	0.0426458537927612	0.064031397411054	0.0977355061269251	0.3157063532594553	0.7540375069981657	0.5410628019323671	drug, compartment, response-class encoding, baseline disease activity; generic inflammation tested by inflammatory_nfkb/ifn_apc residualization	0.1079507533196626	0.5819011489160404	0.1733103429071624	ifn_apc	0.3018710343582449	0.9546990158962646	18	False	not_corrected_significant	0.9567680810732627	0.9956027053275534	higher_in_responders_or_post	0		False	global_baseline_fdr>0.10;global_generic_adjusted_fdr>0.10;no_independent_same_module_direction_replication;
GSE138746	anti-TNF	adalimumab/etanercept	rheumatoid arthritis	sorted PBMC/CD14/CD4	baseline sorted RNA-seq; moderate/good vs none	compartment=PBMC;drug=adalimumab	ifn_apc	19	18	-0.0389014178780217	-0.129749945726089	0.0908485278480672	0.1160984703857005	0.3608102409117506	0.7204154553024782	0.5350877192982456	drug, compartment, response-class encoding, baseline disease activity; generic inflammation tested by inflammatory_nfkb/ifn_apc residualization	0.107540044795622	0.6653028503500862	0.1403470348229472	inflammatory_nfkb	0.1987715659711304	0.8344269648799686	18	False	not_corrected_significant	0.9567680810732627	0.9998367398099568	higher_in_responders_or_post	0		False	global_baseline_fdr>0.10;global_generic_adjusted_fdr>0.10;no_independent_same_module_direction_replication;
GSE138746	anti-TNF	adalimumab/etanercept	rheumatoid arthritis	sorted PBMC/CD14/CD4	baseline sorted RNA-seq; moderate/good vs none	compartment=PBMC;drug=adalimumab	hla_ii_apc	19	18	-0.1710679915429104	-0.0636644713439926	-0.1074035201989178	-0.128813595678789	-0.4031614984635743	0.6893847170575328	0.4707602339181285	drug, compartment, response-class encoding, baseline disease activity; generic inflammation tested by inflammatory_nfkb/ifn_apc residualization	-0.1936428737472052	0.2192934494942461	-0.4028929046630258	inflammatory_nfkb,ifn_apc	0.8055573054215533	0.8344269648799686	18	False	not_corrected_significant	0.9567680810732627	0.9717298280037758	lower_in_responders_or_post	0		False	global_baseline_fdr>0.10;global_generic_adjusted_fdr>0.10;generic_module_collinearity>0.70;no_independent_same_module_direction_replication;
GSE138746	anti-TNF	adalimumab/etanercept	rheumatoid arthritis	sorted PBMC/CD14/CD4	baseline sorted RNA-seq; moderate/good vs none	compartment=PBMC;drug=adalimumab	lysosomal_apc	19	18	-0.245277119074992	-0.015891663085281	-0.2293854559897109	-0.3141464764110769	-0.9703111795137448	0.3390325385261609	0.391812865497076	drug, compartment, response-class encoding, baseline disease activity; generic inflammation tested by inflammatory_nfkb/ifn_apc residualization	-0.2699908174524711	0.1931754839298033	-0.4373395336269287	inflammatory_nfkb,ifn_apc	0.5157997892924546	0.8344269648799686	18	False	not_corrected_significant	0.9473413372095744	0.9717298280037758	lower_in_responders_or_post	0		False	global_baseline_fdr>0.10;global_generic_adjusted_fdr>0.10;no_independent_same_module_direction_replication;
GSE138746	anti-TNF	adalimumab/etanercept	rheumatoid arthritis	sorted PBMC/CD14/CD4	baseline sorted RNA-seq; moderate/good vs none	compartment=PBMC;drug=adalimumab	mif_cd74_receptor_state	19	18	-0.1964554484452818	-0.0734250001931875	-0.1230304482520943	-0.181189597249882	-0.5700827561781918	0.5728382195144545	0.4649122807017544	drug, compartment, response-class encoding, baseline disease activity; generic inflammation tested by inflammatory_nfkb/ifn_apc residualization	-0.1799215598535288	0.1602075550023226	-0.4592573986384111	inflammatory_nfkb,ifn_apc	0.8034735437721244	0.8344269648799686	18	False	not_corrected_significant	0.9492982233755103	0.9717298280037758	lower_in_responders_or_post	0		False	global_baseline_fdr>0.10;global_generic_adjusted_fdr>0.10;generic_module_collinearity>0.70;no_independent_same_module_direction_replication;
GSE138746	anti-TNF	adalimumab/etanercept	rheumatoid arthritis	sorted PBMC/CD14/CD4	baseline sorted RNA-seq; moderate/good vs none	compartment=PBMC;drug=adalimumab	mixscale_validated_ifng_readout	19	18	-0.09837444611273	-0.0636726551945647	-0.0347017909181653	-0.0594228269851463	-0.1846382343046	0.8545819971247802	0.4678362573099415	drug, compartment, response-class encoding, baseline disease activity; generic inflammation tested by inflammatory_nfkb/ifn_apc residualization	-0.0831587129405024	0.3878566091828548	-0.2838711861166978	inflammatory_nfkb,ifn_apc	0.853549372842727	0.8545819971247802	18	False	not_corrected_significant	0.9845637352824658	0.9956027053275534	lower_in_responders_or_post	0		False	global_baseline_fdr>0.10;global_generic_adjusted_fdr>0.10;generic_module_collinearity>0.70;no_independent_same_module_direction_replication;
GSE138746	anti-TNF	adalimumab/etanercept	rheumatoid arthritis	sorted PBMC/CD14/CD4	baseline sorted RNA-seq; moderate/good vs none	compartment=PBMC;drug=adalimumab	lipid_loader_repair	19	18	-0.1198472901690629	-0.0585759007721238	-0.061271389396939	-0.1735974702544862	-0.5360484596246181	0.5955802409907162	0.4883040935672514	drug, compartment, response-class encoding, baseline disease activity; generic inflammation tested by inflammatory_nfkb/ifn_apc residualization	-0.0689367783078627	0.5356459943216076	-0.2038254677161902	inflammatory_nfkb,ifn_apc	0.2710492687491653	0.8344269648799686	18	False	not_corrected_significant	0.9492982233755103	0.9956027053275534	lower_in_responders_or_post	0		False	global_baseline_fdr>0.10;global_generic_adjusted_fdr>0.10;no_independent_same_module_direction_replication;
GSE138746	anti-TNF	adalimumab/etanercept	rheumatoid arthritis	sorted PBMC/CD14/CD4	baseline sorted RNA-seq; moderate/good vs none	compartment=PBMC;drug=adalimumab	complement_phagocytosis	19	18	-0.1998039732361499	-0.0289139026993511	-0.1708900705367988	-0.2740800866009773	-0.8413089169641819	0.4072467311525176	0.4210526315789473	drug, compartment, response-class encoding, baseline disease activity; generic inflammation tested by inflammatory_nfkb/ifn_apc residualization	-0.2058218160239832	0.2060132852373677	-0.4218860794612178	inflammatory_nfkb,ifn_apc	0.5996486957636096	0.8344269648799686	18	False	not_corrected_significant	0.9473413372095744	0.9717298280037758	lower_in_responders_or_post	0		False	global_baseline_fdr>0.10;global_generic_adjusted_fdr>0.10;no_independent_same_module_direction_replication;
GSE138746	anti-TNF	adalimumab/etanercept	rheumatoid arthritis	sorted PBMC/CD14/CD4	baseline sorted RNA-seq; moderate/good vs none	compartment=PBMC;drug=adalimumab	hif_nampt_metabolic	19	18	-0.1123355979898027	-0.0052355731623436	-0.1071000248274591	-0.2155673666452329	-0.6695574025919481	0.5075551918427801	0.4561403508771929	drug, compartment, response-class encoding, baseline disease activity; generic inflammation tested by inflammatory_nfkb/ifn_apc residualization	-0.0678278919522687	0.5048233916075358	-0.2214108876717905	inflammatory_nfkb,ifn_apc	0.7860718012481483	0.8344269648799686	18	False	not_corrected_significant	0.9492982233755103	0.9956027053275534	lower_in_responders_or_post	0		False	global_baseline_fdr>0.10;global_generic_adjusted_fdr>0.10;generic_module_collinearity>0.70;no_independent_same_module_direction_replication;
GSE138746	anti-TNF	adalimumab/etanercept	rheumatoid arthritis	sorted PBMC/CD14/CD4	baseline sorted RNA-seq; moderate/good vs none	compartment=PBMC;drug=adalimumab	inflammatory_nfkb	19	18	-0.1059606453425758	-0.0275481463640662	-0.0784124989785096	-0.1072834169548392	-0.3322868301253276	0.7417128576710832	0.5087719298245614	drug, compartment, response-class encoding, baseline disease activity; generic inflammation tested by inflammatory_nfkb/ifn_apc residualization	-0.0952747635730854	0.6826009092091333	-0.1331218688896678	ifn_apc	0.1987715659711304	0.8344269648799686	18	False	not_corrected_significant	0.9567680810732627	0.9998367398099568	lower_in_responders_or_post	0		False	global_baseline_fdr>0.10;global_generic_adjusted_fdr>0.10;no_independent_same_module_direction_replication;
GSE138746	anti-TNF	adalimumab/etanercept	rheumatoid arthritis	sorted PBMC/CD14/CD4	baseline sorted RNA-seq; moderate/good vs none	compartment=PBMC;drug=etanercept	ifn_apc	19	23	-0.0683471104181607	0.1901400461172638	-0.2584871565354246	-0.3359275707594075	-1.1397208667974534	0.2613045116779997	0.4141876430205949	drug, compartment, response-class encoding, baseline disease activity; generic inflammation tested by inflammatory_nfkb/ifn_apc residualization	-0.2660484624458922	0.2474792840710874	-0.3464367535758854	inflammatory_nfkb	0.0454274620205915	0.6119539566950586	19	False	not_corrected_significant	0.9473413372095744	0.9717298280037758	lower_in_responders_or_post	0		False	global_baseline_fdr>0.10;global_generic_adjusted_fdr>0.10;no_independent_same_module_direction_replication;
GSE138746	anti-TNF	adalimumab/etanercept	rheumatoid arthritis	sorted PBMC/CD14/CD4	baseline sorted RNA-seq; moderate/good vs none	compartment=PBMC;drug=etanercept	hla_ii_apc	19	23	0.0188524198812189	0.1755676672071347	-0.1567152473259158	-0.1793907731333124	-0.6122755059420527	0.5439590726178298	0.4462242562929062	drug, compartment, response-class encoding, baseline disease activity; generic inflammation tested by inflammatory_nfkb/ifn_apc residualization	0.0920732955660783	0.5400925224525334	0.1842171793410975	inflammatory_nfkb,ifn_apc	0.8181491317848789	0.6119539566950586	19	False	not_corrected_significant	0.9492982233755103	0.9956027053275534	lower_in_responders_or_post	0		False	global_baseline_fdr>0.10;global_generic_adjusted_fdr>0.10;generic_module_collinearity>0.70;no_independent_same_module_direction_replication;
GSE138746	anti-TNF	adalimumab/etanercept	rheumatoid arthritis	sorted PBMC/CD14/CD4	baseline sorted RNA-seq; moderate/good vs none	compartment=PBMC;drug=etanercept	lysosomal_apc	19	23	0.0197437550813391	0.198747123974555	-0.1790033688932159	-0.2396059930755776	-0.790146647208059	0.4342279400187705	0.4645308924485126	drug, compartment, response-class encoding, baseline disease activity; generic inflammation tested by inflammatory_nfkb/ifn_apc residualization	-0.0936525141938013	0.6325211003919587	-0.1458498649532458	inflammatory_nfkb,ifn_apc	0.4788924296372782	0.6119539566950586	19	False	not_corrected_significant	0.9473413372095744	0.9998367398099568	lower_in_responders_or_post	0		False	global_baseline_fdr>0.10;global_generic_adjusted_fdr>0.10;no_independent_same_module_direction_replication;
GSE138746	anti-TNF	adalimumab/etanercept	rheumatoid arthritis	sorted PBMC/CD14/CD4	baseline sorted RNA-seq; moderate/good vs none	compartment=PBMC;drug=etanercept	mif_cd74_receptor_state	19	23	0.0412314070131337	0.1856915995951346	-0.1444601925820008	-0.2192637373013173	-0.7410752804773146	0.4630143259229548	0.448512585812357	drug, compartment, response-class encoding, baseline disease activity; generic inflammation tested by inflammatory_nfkb/ifn_apc residualization	0.0098699886510849	0.9347548628483456	0.0245131912523942	inflammatory_nfkb,ifn_apc	0.7855256791147303	0.6119539566950586	19	False	not_corrected_significant	0.9473413372095744	0.9998367398099568	lower_in_responders_or_post	0		False	global_baseline_fdr>0.10;global_generic_adjusted_fdr>0.10;generic_module_collinearity>0.70;no_independent_same_module_direction_replication;
GSE138746	anti-TNF	adalimumab/etanercept	rheumatoid arthritis	sorted PBMC/CD14/CD4	baseline sorted RNA-seq; moderate/good vs none	compartment=PBMC;drug=etanercept	mixscale_validated_ifng_readout	19	23	0.0053051345225651	0.1267141179876212	-0.121408983465056	-0.2296167664369978	-0.7795858378419521	0.44031618258562	0.4874141876430206	drug, compartment, response-class encoding, baseline disease activity; generic inflammation tested by inflammatory_nfkb/ifn_apc residualization	-0.017388760088011	0.856997843715514	-0.0580995043759732	inflammatory_nfkb,ifn_apc	0.7799329773811299	0.6119539566950586	19	False	not_corrected_significant	0.9473413372095744	0.9998367398099568	lower_in_responders_or_post	0		False	global_baseline_fdr>0.10;global_generic_adjusted_fdr>0.10;generic_module_collinearity>0.70;no_independent_same_module_direction_replication;
GSE138746	anti-TNF	adalimumab/etanercept	rheumatoid arthritis	sorted PBMC/CD14/CD4	baseline sorted RNA-seq; moderate/good vs none	compartment=PBMC;drug=etanercept	lipid_loader_repair	19	23	0.0534770753482404	0.1006695780649487	-0.0471925027167082	-0.0956597029730391	-0.3197751838750989	0.750803983525266	0.4805491990846682	drug, compartment, response-class encoding, baseline disease activity; generic inflammation tested by inflammatory_nfkb/ifn_apc residualization	-0.0146248137984175	0.9182274046419908	-0.0309021443812607	inflammatory_nfkb,ifn_apc	0.2680133627679308	0.750803983525266	19	False	not_corrected_significant	0.9567680810732627	0.9998367398099568	lower_in_responders_or_post	0		False	global_baseline_fdr>0.10;global_generic_adjusted_fdr>0.10;no_independent_same_module_direction_replication;
GSE138746	anti-TNF	adalimumab/etanercept	rheumatoid arthritis	sorted PBMC/CD14/CD4	baseline sorted RNA-seq; moderate/good vs none	compartment=PBMC;drug=etanercept	complement_phagocytosis	19	23	-0.0502566445119127	0.2292000863391954	-0.2794567308511081	-0.3560773815712287	-1.1996162332087048	0.2373705913669395	0.4279176201372997	drug, compartment, response-class encoding, baseline disease activity; generic inflammation tested by inflammatory_nfkb/ifn_apc residualization	-0.1291926197379487	0.5086988788667435	-0.2017237407701878	inflammatory_nfkb,ifn_apc	0.5900218260327587	0.6119539566950586	19	False	not_corrected_significant	0.9473413372095744	0.9956027053275534	lower_in_responders_or_post	0		False	global_baseline_fdr>0.10;global_generic_adjusted_fdr>0.10;no_independent_same_module_direction_replication;
GSE138746	anti-TNF	adalimumab/etanercept	rheumatoid arthritis	sorted PBMC/CD14/CD4	baseline sorted RNA-seq; moderate/good vs none	compartment=PBMC;drug=etanercept	hif_nampt_metabolic	19	23	0.1273081986463633	-0.0082712650240193	0.1355794636703827	0.2122621842823248	0.6761782096244912	0.5038172781413498	0.5720823798627003	drug, compartment, response-class encoding, baseline disease activity; generic inflammation tested by inflammatory_nfkb/ifn_apc residualization	0.0105970447810333	0.9164352431160452	0.0321242639272985	inflammatory_nfkb,ifn_apc	0.8574487861206886	0.6119539566950586	19	False	not_corrected_significant	0.9492982233755103	0.9998367398099568	higher_in_responders_or_post	0		False	global_baseline_fdr>0.10;global_generic_adjusted_fdr>0.10;generic_module_collinearity>0.70;no_independent_same_module_direction_replication;
GSE138746	anti-TNF	adalimumab/etanercept	rheumatoid arthritis	sorted PBMC/CD14/CD4	baseline sorted RNA-seq; moderate/good vs none	compartment=PBMC;drug=etanercept	inflammatory_nfkb	19	23	0.142477115470326	-0.008606360777134	0.15108347624746	0.2144091079363941	0.6943157811992666	0.4919817354901561	0.5491990846681922	drug, compartment, response-class encoding, baseline disease activity; generic inflammation tested by inflammatory_nfkb/ifn_apc residualization	0.1617419759427427	0.4618731646602166	0.2299843962936417	ifn_apc	0.0454274620205915	0.6119539566950586	19	False	not_corrected_significant	0.9492982233755103	0.9956027053275534	higher_in_responders_or_post	0		False	global_baseline_fdr>0.10;global_generic_adjusted_fdr>0.10;no_independent_same_module_direction_replication;
GSE138746	anti-TNF	adalimumab/etanercept	rheumatoid arthritis	sorted PBMC/CD14/CD4	baseline sorted RNA-seq pooled anti-TNF; moderate/good vs none	compartment=CD14_monocyte;drug_scope=all_anti_tnf	ifn_apc	37	41	-0.0370328051754697	0.0334198485729825	-0.0704526537484523	-0.0899513099802221	-0.4073377254107062	0.6849598696181662	0.4772577455504285	drug mix, compartment, response-class encoding, baseline disease activity; generic inflammation tested by inflammatory_nfkb/ifn_apc residualization	-0.0725848355450503	0.6720739873082957	-0.0940483069460486	inflammatory_nfkb	0.1697931972109282	0.8073502971369341	37	False	not_corrected_significant	0.9567680810732627	0.9998367398099568	lower_in_responders_or_post	0		False	global_baseline_fdr>0.10;global_generic_adjusted_fdr>0.10;no_independent_same_module_direction_replication;
GSE138746	anti-TNF	adalimumab/etanercept	rheumatoid arthritis	sorted PBMC/CD14/CD4	baseline sorted RNA-seq pooled anti-TNF; moderate/good vs none	compartment=CD14_monocyte;drug_scope=all_anti_tnf	hla_ii_apc	37	41	-0.0383384273231017	0.034598092950112	-0.0729365202732137	-0.0807248860211049	-0.362965137355316	0.7176447085661636	0.4726433750823995	drug mix, compartment, response-class encoding, baseline disease activity; generic inflammation tested by inflammatory_nfkb/ifn_apc residualization	-0.0019316955289811	0.9834723956745588	-0.0046334277973938	inflammatory_nfkb,ifn_apc	0.8866428331649674	0.8073502971369341	37	False	not_corrected_significant	0.9567680810732627	0.9998367398099568	lower_in_responders_or_post	0		False	global_baseline_fdr>0.10;global_generic_adjusted_fdr>0.10;generic_module_collinearity>0.70;no_independent_same_module_direction_replication;
GSE138746	anti-TNF	adalimumab/etanercept	rheumatoid arthritis	sorted PBMC/CD14/CD4	baseline sorted RNA-seq pooled anti-TNF; moderate/good vs none	compartment=CD14_monocyte;drug_scope=all_anti_tnf	lysosomal_apc	37	41	-0.1455906654797269	0.1313866981158468	-0.2769773635955738	-0.4681604143077929	-2.0625522669467498	0.0429083592773455	0.3665128543177324	drug mix, compartment, response-class encoding, baseline disease activity; generic inflammation tested by inflammatory_nfkb/ifn_apc residualization	-0.2779233623275804	0.0319152859139016	-0.498252512898281	inflammatory_nfkb,ifn_apc	0.3213368296693284	0.1930876167480548	37	False	not_corrected_significant	0.9473413372095744	0.9717298280037758	lower_in_responders_or_post	0		False	global_baseline_fdr>0.10;global_generic_adjusted_fdr>0.10;no_independent_same_module_direction_replication;
GSE138746	anti-TNF	adalimumab/etanercept	rheumatoid arthritis	sorted PBMC/CD14/CD4	baseline sorted RNA-seq pooled anti-TNF; moderate/good vs none	compartment=CD14_monocyte;drug_scope=all_anti_tnf	mif_cd74_receptor_state	37	41	-0.0364813769683883	0.0329222182397614	-0.0694035952081497	-0.1032586393652242	-0.4612566751868165	0.6459349715828488	0.4772577455504284	drug mix, compartment, response-class encoding, baseline disease activity; generic inflammation tested by inflammatory_nfkb/ifn_apc residualization	-0.023008238724269	0.7996787851790245	-0.0573202333763693	inflammatory_nfkb,ifn_apc	0.7978036892342679	0.8073502971369341	37	False	not_corrected_significant	0.9567680810732627	0.9998367398099568	lower_in_responders_or_post	0		False	global_baseline_fdr>0.10;global_generic_adjusted_fdr>0.10;generic_module_collinearity>0.70;no_independent_same_module_direction_replication;
GSE138746	anti-TNF	adalimumab/etanercept	rheumatoid arthritis	sorted PBMC/CD14/CD4	baseline sorted RNA-seq pooled anti-TNF; moderate/good vs none	compartment=CD14_monocyte;drug_scope=all_anti_tnf	mixscale_validated_ifng_readout	37	41	-0.0523647631344282	0.0472560057554588	-0.099620768889887	-0.1366973838598532	-0.6195223389906357	0.5375273535588881	0.4963744232036914	drug mix, compartment, response-class encoding, baseline disease activity; generic inflammation tested by inflammatory_nfkb/ifn_apc residualization	-0.0402634885785578	0.4341453895716789	-0.1779289533744057	inflammatory_nfkb,ifn_apc	0.9437784084506888	0.8073502971369341	37	False	not_corrected_significant	0.9492982233755103	0.9956027053275534	lower_in_responders_or_post	0		False	global_baseline_fdr>0.10;global_generic_adjusted_fdr>0.10;generic_module_collinearity>0.70;no_independent_same_module_direction_replication;
GSE138746	anti-TNF	adalimumab/etanercept	rheumatoid arthritis	sorted PBMC/CD14/CD4	baseline sorted RNA-seq pooled anti-TNF; moderate/good vs none	compartment=CD14_monocyte;drug_scope=all_anti_tnf	lipid_loader_repair	37	41	-0.0402912102844796	0.0363603605006275	-0.0766515707851071	-0.2061631550821496	-0.921692251174516	0.3596088891597083	0.4607778510217534	drug mix, compartment, response-class encoding, baseline disease activity; generic inflammation tested by inflammatory_nfkb/ifn_apc residualization	-0.0892139296543188	0.243766630902477	-0.261651711859118	inflammatory_nfkb,ifn_apc	0.2757488889886335	0.8073502971369341	37	False	not_corrected_significant	0.9473413372095744	0.9717298280037758	lower_in_responders_or_post	0		False	global_baseline_fdr>0.10;global_generic_adjusted_fdr>0.10;no_independent_same_module_direction_replication;
GSE138746	anti-TNF	adalimumab/etanercept	rheumatoid arthritis	sorted PBMC/CD14/CD4	baseline sorted RNA-seq pooled anti-TNF; moderate/good vs none	compartment=CD14_monocyte;drug_scope=all_anti_tnf	complement_phagocytosis	37	41	-0.1493957664003258	0.134820569678344	-0.2842163360786699	-0.5271229591253673	-2.41345048477845	0.0186906880358858	0.3269611074489124	drug mix, compartment, response-class encoding, baseline disease activity; generic inflammation tested by inflammatory_nfkb/ifn_apc residualization	-0.2646947334666687	0.0138935078240863	-0.5582172326181319	inflammatory_nfkb,ifn_apc	0.4433793230409389	0.1682161923229725	37	False	not_corrected_significant	0.7737944846856722	0.9717298280037758	lower_in_responders_or_post	0		False	global_baseline_fdr>0.10;global_generic_adjusted_fdr>0.10;no_independent_same_module_direction_replication;
GSE138746	anti-TNF	adalimumab/etanercept	rheumatoid arthritis	sorted PBMC/CD14/CD4	baseline sorted RNA-seq pooled anti-TNF; moderate/good vs none	compartment=CD14_monocyte;drug_scope=all_anti_tnf	hif_nampt_metabolic	37	41	0.0671842081967569	-0.060629651299515	0.127813859496272	0.1872533726022311	0.8233565671910149	0.41319445056428	0.5260382333553065	drug mix, compartment, response-class encoding, baseline disease activity; generic inflammation tested by inflammatory_nfkb/ifn_apc residualization	0.1089653208624827	0.2171131238868444	0.2806784656228646	inflammatory_nfkb,ifn_apc	0.805440375804101	0.8073502971369341	37	False	not_corrected_significant	0.9473413372095744	0.9717298280037758	higher_in_responders_or_post	0		False	global_baseline_fdr>0.10;global_generic_adjusted_fdr>0.10;generic_module_collinearity>0.70;no_independent_same_module_direction_replication;
GSE138746	anti-TNF	adalimumab/etanercept	rheumatoid arthritis	sorted PBMC/CD14/CD4	baseline sorted RNA-seq pooled anti-TNF; moderate/good vs none	compartment=CD14_monocyte;drug_scope=all_anti_tnf	inflammatory_nfkb	37	41	0.0069804262199922	-0.006299409027799	0.0132798352477913	0.0160166043513753	0.0709050105841444	0.9436686955452742	0.5036255767963085	drug mix, compartment, response-class encoding, baseline disease activity; generic inflammation tested by inflammatory_nfkb/ifn_apc residualization	0.0259302971952414	0.8888795618435095	0.0317380409652711	ifn_apc	0.1697931972109282	0.9436686955452742	37	False	not_corrected_significant	0.9845637352824658	0.9998367398099568	higher_in_responders_or_post	0		False	global_baseline_fdr>0.10;global_generic_adjusted_fdr>0.10;no_independent_same_module_direction_replication;
GSE138746	anti-TNF	adalimumab/etanercept	rheumatoid arthritis	sorted PBMC/CD14/CD4	baseline sorted RNA-seq pooled anti-TNF; moderate/good vs none	compartment=CD4_T_cell;drug_scope=all_anti_tnf	ifn_apc	37	41	0.098530970991518	-0.0889181933338121	0.1874491643253302	0.2735714562806225	1.232816276277873	0.2215010783188974	0.5827290705339485	drug mix, compartment, response-class encoding, baseline disease activity; generic inflammation tested by inflammatory_nfkb/ifn_apc residualization	0.1207554125662571	0.3928324745290726	0.191790079371135	inflammatory_nfkb	0.4047873959258466	0.4708343571419296	37	False	not_corrected_significant	0.9473413372095744	0.9956027053275534	higher_in_responders_or_post	0		False	global_baseline_fdr>0.10;global_generic_adjusted_fdr>0.10;no_independent_same_module_direction_replication;
GSE138746	anti-TNF	adalimumab/etanercept	rheumatoid arthritis	sorted PBMC/CD14/CD4	baseline sorted RNA-seq pooled anti-TNF; moderate/good vs none	compartment=CD4_T_cell;drug_scope=all_anti_tnf	hla_ii_apc	37	41	0.1063348701448497	-0.0959607364721844	0.2022956066170342	0.2238814264438642	1.0141550295813684	0.3138895714279531	0.5616348055372445	drug mix, compartment, response-class encoding, baseline disease activity; generic inflammation tested by inflammatory_nfkb/ifn_apc residualization	-0.0346459050900109	0.7292878149131966	-0.0767007108498117	inflammatory_nfkb,ifn_apc	0.8295217786378329	0.4708343571419296	37	False	not_corrected_significant	0.9473413372095744	0.9998367398099568	higher_in_responders_or_post	0		False	global_baseline_fdr>0.10;global_generic_adjusted_fdr>0.10;generic_module_collinearity>0.70;no_independent_same_module_direction_replication;
GSE138746	anti-TNF	adalimumab/etanercept	rheumatoid arthritis	sorted PBMC/CD14/CD4	baseline sorted RNA-seq pooled anti-TNF; moderate/good vs none	compartment=CD4_T_cell;drug_scope=all_anti_tnf	lysosomal_apc	37	41	0.0350885403045964	-0.0316652680797582	0.0667538083843547	0.1193819862458835	0.534603677080395	0.5944845282418131	0.5543836519446276	drug mix, compartment, response-class encoding, baseline disease activity; generic inflammation tested by inflammatory_nfkb/ifn_apc residualization	-0.0513797902913317	0.5638986714968636	-0.1312931105812918	inflammatory_nfkb,ifn_apc	0.6962466726287094	0.6525085279365734	37	False	not_corrected_significant	0.9492982233755103	0.9956027053275534	higher_in_responders_or_post	0		False	global_baseline_fdr>0.10;global_generic_adjusted_fdr>0.10;no_independent_same_module_direction_replication;
GSE138746	anti-TNF	adalimumab/etanercept	rheumatoid arthritis	sorted PBMC/CD14/CD4	baseline sorted RNA-seq pooled anti-TNF; moderate/good vs none	compartment=CD4_T_cell;drug_scope=all_anti_tnf	mif_cd74_receptor_state	37	41	0.0879696010456826	-0.0793872009436618	0.1673568019893444	0.2338139141667126	1.05271010908645	0.2958460223497318	0.5510876730388925	drug mix, compartment, response-class encoding, baseline disease activity; generic inflammation tested by inflammatory_nfkb/ifn_apc residualization	-0.0179816469899784	0.8342646059806348	-0.0463602996061989	inflammatory_nfkb,ifn_apc	0.7361258777514134	0.4708343571419296	37	False	not_corrected_significant	0.9473413372095744	0.9998367398099568	higher_in_responders_or_post	0		False	global_baseline_fdr>0.10;global_generic_adjusted_fdr>0.10;generic_module_collinearity>0.70;no_independent_same_module_direction_replication;
GSE138746	anti-TNF	adalimumab/etanercept	rheumatoid arthritis	sorted PBMC/CD14/CD4	baseline sorted RNA-seq pooled anti-TNF; moderate/good vs none	compartment=CD4_T_cell;drug_scope=all_anti_tnf	mixscale_validated_ifng_readout	37	41	0.045684899108391	-0.0412278357807423	0.0869127348891333	0.1767745636459923	0.7864500386785676	0.4340885231430904	0.5945945945945946	drug mix, compartment, response-class encoding, baseline disease activity; generic inflammation tested by inflammatory_nfkb/ifn_apc residualization	-0.030363994642645	0.6658903911620055	-0.0986570495720818	inflammatory_nfkb,ifn_apc	0.7216290558290305	0.5581138154696876	37	False	not_corrected_significant	0.9473413372095744	0.9998367398099568	higher_in_responders_or_post	0		False	global_baseline_fdr>0.10;global_generic_adjusted_fdr>0.10;generic_module_collinearity>0.70;no_independent_same_module_direction_replication;
GSE138746	anti-TNF	adalimumab/etanercept	rheumatoid arthritis	sorted PBMC/CD14/CD4	baseline sorted RNA-seq pooled anti-TNF; moderate/good vs none	compartment=CD4_T_cell;drug_scope=all_anti_tnf	lipid_loader_repair	37	41	0.0649278366730021	-0.0585934135829502	0.1235212502559524	0.2871981301830765	1.2912576047176645	0.2005514948745524	0.5952537903757416	drug mix, compartment, response-class encoding, baseline disease activity; generic inflammation tested by inflammatory_nfkb/ifn_apc residualization	0.0253648353964552	0.6961516445753014	0.0869156250442322	inflammatory_nfkb,ifn_apc	0.6421367614600985	0.4708343571419296	37	False	not_corrected_significant	0.9473413372095744	0.9998367398099568	higher_in_responders_or_post	0		False	global_baseline_fdr>0.10;global_generic_adjusted_fdr>0.10;no_independent_same_module_direction_replication;
GSE138746	anti-TNF	adalimumab/etanercept	rheumatoid arthritis	sorted PBMC/CD14/CD4	baseline sorted RNA-seq pooled anti-TNF; moderate/good vs none	compartment=CD4_T_cell;drug_scope=all_anti_tnf	complement_phagocytosis	37	41	0.0455162031679935	-0.041075597980872	0.0865918011488656	0.0997195491654715	0.4521748447733097	0.6525085279365734	0.5537244561634805	drug mix, compartment, response-class encoding, baseline disease activity; generic inflammation tested by inflammatory_nfkb/ifn_apc residualization	-0.1313755359815395	0.2202366763806535	-0.277368400458561	inflammatory_nfkb,ifn_apc	0.7983992701791771	0.6525085279365734	37	False	not_corrected_significant	0.9567680810732627	0.9717298280037758	higher_in_responders_or_post	0		False	global_baseline_fdr>0.10;global_generic_adjusted_fdr>0.10;generic_module_collinearity>0.70;no_independent_same_module_direction_replication;
GSE138746	anti-TNF	adalimumab/etanercept	rheumatoid arthritis	sorted PBMC/CD14/CD4	baseline sorted RNA-seq pooled anti-TNF; moderate/good vs none	compartment=CD4_T_cell;drug_scope=all_anti_tnf	hif_nampt_metabolic	37	41	0.1075343752280286	-0.0970432166691949	0.2045775918972236	0.3982215879545154	1.7673578563748096	0.0813029373639986	0.5959129861568886	drug mix, compartment, response-class encoding, baseline disease activity; generic inflammation tested by inflammatory_nfkb/ifn_apc residualization	0.1068335635465959	0.1513944757096401	0.3242309921645275	inflammatory_nfkb,ifn_apc	0.7706503218842456	0.4708343571419296	37	False	not_corrected_significant	0.9473413372095744	0.9717298280037758	higher_in_responders_or_post	0		False	global_baseline_fdr>0.10;global_generic_adjusted_fdr>0.10;generic_module_collinearity>0.70;no_independent_same_module_direction_replication;
GSE138746	anti-TNF	adalimumab/etanercept	rheumatoid arthritis	sorted PBMC/CD14/CD4	baseline sorted RNA-seq pooled anti-TNF; moderate/good vs none	compartment=CD4_T_cell;drug_scope=all_anti_tnf	inflammatory_nfkb	37	41	0.0791935636516384	-0.0714673623197709	0.1506609259714094	0.239929034230265	1.0748004265997513	0.2858646842945269	0.5787738958470665	drug mix, compartment, response-class encoding, baseline disease activity; generic inflammation tested by inflammatory_nfkb/ifn_apc residualization	0.0812779450546812	0.5322079973041629	0.1408628618358846	ifn_apc	0.4047873959258466	0.4708343571419296	37	False	not_corrected_significant	0.9473413372095744	0.9956027053275534	higher_in_responders_or_post	0		False	global_baseline_fdr>0.10;global_generic_adjusted_fdr>0.10;no_independent_same_module_direction_replication;
GSE138746	anti-TNF	adalimumab/etanercept	rheumatoid arthritis	sorted PBMC/CD14/CD4	baseline sorted RNA-seq pooled anti-TNF; moderate/good vs none	compartment=PBMC;drug_scope=all_anti_tnf	ifn_apc	38	41	-0.0536242641480912	0.0497005375031089	-0.1033248016512001	-0.1348058125063521	-0.6087743939898316	0.5444853541753967	0.4717586649550706	drug mix, compartment, response-class encoding, baseline disease activity; generic inflammation tested by inflammatory_nfkb/ifn_apc residualization	-0.1081702366422402	0.5226934109124712	-0.1423100617012426	inflammatory_nfkb	0.1265623062189354	0.70005259822551	38	False	not_corrected_significant	0.9492982233755103	0.9956027053275534	lower_in_responders_or_post	0		False	global_baseline_fdr>0.10;global_generic_adjusted_fdr>0.10;no_independent_same_module_direction_replication;
GSE138746	anti-TNF	adalimumab/etanercept	rheumatoid arthritis	sorted PBMC/CD14/CD4	baseline sorted RNA-seq pooled anti-TNF; moderate/good vs none	compartment=PBMC;drug_scope=all_anti_tnf	hla_ii_apc	38	41	-0.0761077858308457	0.0705389234529812	-0.146646709283827	-0.174049256087614	-0.7834839674699374	0.4357472903832086	0.4563543003851091	drug mix, compartment, response-class encoding, baseline disease activity; generic inflammation tested by inflammatory_nfkb/ifn_apc residualization	-0.0505010761764165	0.6420215452407344	-0.103603680634593	inflammatory_nfkb,ifn_apc	0.8143898516141395	0.70005259822551	38	False	not_corrected_significant	0.9473413372095744	0.9998367398099568	lower_in_responders_or_post	0		False	global_baseline_fdr>0.10;global_generic_adjusted_fdr>0.10;generic_module_collinearity>0.70;no_independent_same_module_direction_replication;
GSE138746	anti-TNF	adalimumab/etanercept	rheumatoid arthritis	sorted PBMC/CD14/CD4	baseline sorted RNA-seq pooled anti-TNF; moderate/good vs none	compartment=PBMC;drug_scope=all_anti_tnf	lysosomal_apc	38	41	-0.1127666819968264	0.1045154613629196	-0.2172821433597461	-0.296720307600011	-1.3363147818868668	0.1853862488779109	0.4210526315789473	drug mix, compartment, response-class encoding, baseline disease activity; generic inflammation tested by inflammatory_nfkb/ifn_apc residualization	-0.173647232613499	0.212914698894048	-0.2773321115256441	inflammatory_nfkb,ifn_apc	0.5037662139988694	0.70005259822551	38	False	not_corrected_significant	0.9473413372095744	0.9717298280037758	lower_in_responders_or_post	0		False	global_baseline_fdr>0.10;global_generic_adjusted_fdr>0.10;no_independent_same_module_direction_replication;
GSE138746	anti-TNF	adalimumab/etanercept	rheumatoid arthritis	sorted PBMC/CD14/CD4	baseline sorted RNA-seq pooled anti-TNF; moderate/good vs none	compartment=PBMC;drug_scope=all_anti_tnf	mif_cd74_receptor_state	38	41	-0.077612020716074	0.0719330923709932	-0.1495451130870673	-0.2249217037315332	-1.0061471793189158	0.3175603312546419	0.4544287548138639	drug mix, compartment, response-class encoding, baseline disease activity; generic inflammation tested by inflammatory_nfkb/ifn_apc residualization	-0.0827672467319286	0.3538558477422181	-0.208046828613801	inflammatory_nfkb,ifn_apc	0.7947054926492408	0.70005259822551	38	False	not_corrected_significant	0.9473413372095744	0.9956027053275534	lower_in_responders_or_post	0		False	global_baseline_fdr>0.10;global_generic_adjusted_fdr>0.10;generic_module_collinearity>0.70;no_independent_same_module_direction_replication;
GSE138746	anti-TNF	adalimumab/etanercept	rheumatoid arthritis	sorted PBMC/CD14/CD4	baseline sorted RNA-seq pooled anti-TNF; moderate/good vs none	compartment=PBMC;drug_scope=all_anti_tnf	mixscale_validated_ifng_readout	38	41	-0.0465346557950824	0.0431296809808078	-0.0896643367758903	-0.1636722236206398	-0.7384961063557405	0.4624730433318292	0.4711168164313222	drug mix, compartment, response-class encoding, baseline disease activity; generic inflammation tested by inflammatory_nfkb/ifn_apc residualization	-0.036863771875983	0.5802489127528594	-0.1248281941391341	inflammatory_nfkb,ifn_apc	0.817266152384638	0.70005259822551	38	False	not_corrected_significant	0.9473413372095744	0.9956027053275534	lower_in_responders_or_post	0		False	global_baseline_fdr>0.10;global_generic_adjusted_fdr>0.10;generic_module_collinearity>0.70;no_independent_same_module_direction_replication;
GSE138746	anti-TNF	adalimumab/etanercept	rheumatoid arthritis	sorted PBMC/CD14/CD4	baseline sorted RNA-seq pooled anti-TNF; moderate/good vs none	compartment=PBMC;drug_scope=all_anti_tnf	lipid_loader_repair	38	41	-0.0331851074104112	0.0307569288194046	-0.0639420362298159	-0.1480340431806817	-0.6689285499568611	0.5055708583483819	0.4736842105263157	drug mix, compartment, response-class encoding, baseline disease activity; generic inflammation tested by inflammatory_nfkb/ifn_apc residualization	-0.0504706846415679	0.58165194076026	-0.1222086429788347	inflammatory_nfkb,ifn_apc	0.2796033860761908	0.70005259822551	38	False	not_corrected_significant	0.9492982233755103	0.9956027053275534	lower_in_responders_or_post	0		False	global_baseline_fdr>0.10;global_generic_adjusted_fdr>0.10;no_independent_same_module_direction_replication;
GSE138746	anti-TNF	adalimumab/etanercept	rheumatoid arthritis	sorted PBMC/CD14/CD4	baseline sorted RNA-seq pooled anti-TNF; moderate/good vs none	compartment=PBMC;drug_scope=all_anti_tnf	complement_phagocytosis	38	41	-0.1250303088740313	0.1158817496881261	-0.2409120585621575	-0.3412609814678147	-1.5504683797875878	0.1254167742604179	0.4050064184852375	drug mix, compartment, response-class encoding, baseline disease activity; generic inflammation tested by inflammatory_nfkb/ifn_apc residualization	-0.186517556356756	0.1405247432888377	-0.3295997357858606	inflammatory_nfkb,ifn_apc	0.5956619666734311	0.70005259822551	38	False	not_corrected_significant	0.9473413372095744	0.9717298280037758	lower_in_responders_or_post	0		False	global_baseline_fdr>0.10;global_generic_adjusted_fdr>0.10;no_independent_same_module_direction_replication;
GSE138746	anti-TNF	adalimumab/etanercept	rheumatoid arthritis	sorted PBMC/CD14/CD4	baseline sorted RNA-seq pooled anti-TNF; moderate/good vs none	compartment=PBMC;drug_scope=all_anti_tnf	hif_nampt_metabolic	38	41	0.0074863003282802	-0.0069385222554788	0.014424822583759	0.0253094420288761	0.1125847398995569	0.9106768559262612	0.5109114249037228	drug mix, compartment, response-class encoding, baseline disease activity; generic inflammation tested by inflammatory_nfkb/ifn_apc residualization	-0.009982575448048	0.8897116403622398	-0.030747400967906	inflammatory_nfkb,ifn_apc	0.8217675930724015	0.9106768559262612	38	False	not_corrected_significant	0.9845637352824658	0.9998367398099568	higher_in_responders_or_post	0		False	global_baseline_fdr>0.10;global_generic_adjusted_fdr>0.10;generic_module_collinearity>0.70;no_independent_same_module_direction_replication;
GSE138746	anti-TNF	adalimumab/etanercept	rheumatoid arthritis	sorted PBMC/CD14/CD4	baseline sorted RNA-seq pooled anti-TNF; moderate/good vs none	compartment=PBMC;drug_scope=all_anti_tnf	inflammatory_nfkb	38	41	0.018258235063875	-0.0169222666445676	0.0351805017084427	0.0498476874182796	0.223201820493004	0.8239776870692708	0.5372272143774068	drug mix, compartment, response-class encoding, baseline disease activity; generic inflammation tested by inflammatory_nfkb/ifn_apc residualization	0.0471971291736341	0.7636986032000417	0.0674344592772108	ifn_apc	0.1265623062189353	0.9106768559262612	38	False	not_corrected_significant	0.9845637352824658	0.9998367398099568	higher_in_responders_or_post	0		False	global_baseline_fdr>0.10;global_generic_adjusted_fdr>0.10;no_independent_same_module_direction_replication;
GSE138746	anti-TNF	adalimumab/etanercept	rheumatoid arthritis	sorted PBMC/CD14/CD4	baseline sorted RNA-seq; good vs none	compartment=CD14_monocyte;drug=adalimumab	ifn_apc	11	18	0.2326625202363297	-0.2041028377831217	0.4367653580194514	0.5534763748548938	1.67915224468855	0.1046625013246685	0.6868686868686869	drug, compartment, response-class encoding, baseline disease activity; generic inflammation tested by inflammatory_nfkb/ifn_apc residualization	0.4432699096974809	0.1058436423298282	0.5754170591206907	inflammatory_nfkb	0.2029896759335741	0.3031405869104854	11	False	not_corrected_significant	0.9473413372095744	0.9717298280037758	higher_in_responders_or_post	0		False	global_baseline_fdr>0.10;global_generic_adjusted_fdr>0.10;no_independent_same_module_direction_replication;
GSE138746	anti-TNF	adalimumab/etanercept	rheumatoid arthritis	sorted PBMC/CD14/CD4	baseline sorted RNA-seq; good vs none	compartment=CD14_monocyte;drug=adalimumab	hla_ii_apc	11	18	0.2845907041123982	-0.2569016302764872	0.5414923343888854	0.6112656539265588	1.752505449935452	0.091751337654505	0.6414141414141414	drug, compartment, response-class encoding, baseline disease activity; generic inflammation tested by inflammatory_nfkb/ifn_apc residualization	0.1246170556859519	0.504095631570326	0.2505508034207143	inflammatory_nfkb,ifn_apc	0.8417723709015924	0.3031405869104854	11	False	not_corrected_significant	0.9473413372095744	0.9956027053275534	higher_in_responders_or_post	0		False	global_baseline_fdr>0.10;global_generic_adjusted_fdr>0.10;generic_module_collinearity>0.70;no_independent_same_module_direction_replication;
GSE138746	anti-TNF	adalimumab/etanercept	rheumatoid arthritis	sorted PBMC/CD14/CD4	baseline sorted RNA-seq; good vs none	compartment=CD14_monocyte;drug=adalimumab	lysosomal_apc	11	18	-0.1633984148524682	0.0604354826161743	-0.2238338974686425	-0.3772271625287712	-1.0576960915562954	0.3006842557879827	0.3737373737373737	drug, compartment, response-class encoding, baseline disease activity; generic inflammation tested by inflammatory_nfkb/ifn_apc residualization	-0.1523638391245631	0.4136043754148254	-0.2928437925139916	inflammatory_nfkb,ifn_apc	0.4574223609522779	0.3865940431559777	11	False	not_corrected_significant	0.9473413372095744	0.9956027053275534	lower_in_responders_or_post	0		False	global_baseline_fdr>0.10;global_generic_adjusted_fdr>0.10;no_independent_same_module_direction_replication;
GSE138746	anti-TNF	adalimumab/etanercept	rheumatoid arthritis	sorted PBMC/CD14/CD4	baseline sorted RNA-seq; good vs none	compartment=CD14_monocyte;drug=adalimumab	mif_cd74_receptor_state	11	18	0.1413130271625533	-0.1739255172020906	0.3152385443646439	0.4903951798109327	1.417118318924329	0.1684114371724919	0.6262626262626263	drug, compartment, response-class encoding, baseline disease activity; generic inflammation tested by inflammatory_nfkb/ifn_apc residualization	0.0594815299777662	0.6791216337798958	0.144036982234223	inflammatory_nfkb,ifn_apc	0.7667821348807342	0.3031405869104854	11	False	not_corrected_significant	0.9473413372095744	0.9998367398099568	higher_in_responders_or_post	0		False	global_baseline_fdr>0.10;global_generic_adjusted_fdr>0.10;generic_module_collinearity>0.70;no_independent_same_module_direction_replication;
GSE138746	anti-TNF	adalimumab/etanercept	rheumatoid arthritis	sorted PBMC/CD14/CD4	baseline sorted RNA-seq; good vs none	compartment=CD14_monocyte;drug=adalimumab	mixscale_validated_ifng_readout	11	18	0.1766082831433056	-0.1672034963866736	0.3438117795299792	0.4985387156547802	1.540627204642094	0.135180787006671	0.702020202020202	drug, compartment, response-class encoding, baseline disease activity; generic inflammation tested by inflammatory_nfkb/ifn_apc residualization	1.4176668551107716e-05	0.9998367398099568	7.247338758255287e-05	inflammatory_nfkb,ifn_apc	0.9496905000536662	0.3031405869104854	11	False	not_corrected_significant	0.9473413372095744	0.9998367398099568	higher_in_responders_or_post	0		False	global_baseline_fdr>0.10;global_generic_adjusted_fdr>0.10;generic_module_collinearity>0.70;no_independent_same_module_direction_replication;
GSE138746	anti-TNF	adalimumab/etanercept	rheumatoid arthritis	sorted PBMC/CD14/CD4	baseline sorted RNA-seq; good vs none	compartment=CD14_monocyte;drug=adalimumab	lipid_loader_repair	11	18	-0.1808517738098568	0.0231099574341985	-0.2039617312440554	-0.6477327009694052	-1.552821207382434	0.1417784631778777	0.3333333333333333	drug, compartment, response-class encoding, baseline disease activity; generic inflammation tested by inflammatory_nfkb/ifn_apc residualization	-0.0913260234338483	0.3149147182659745	-0.3952936868060374	inflammatory_nfkb,ifn_apc	0.4965128195302253	0.3031405869104854	11	False	not_corrected_significant	0.9473413372095744	0.9717298280037758	lower_in_responders_or_post	0		False	global_baseline_fdr>0.10;global_generic_adjusted_fdr>0.10;no_independent_same_module_direction_replication;
GSE138746	anti-TNF	adalimumab/etanercept	rheumatoid arthritis	sorted PBMC/CD14/CD4	baseline sorted RNA-seq; good vs none	compartment=CD14_monocyte;drug=adalimumab	complement_phagocytosis	11	18	-0.2250037014625577	-0.004168145311133	-0.2208355561514247	-0.3775123788901976	-1.122189948549014	0.2717326821244376	0.3838383838383838	drug, compartment, response-class encoding, baseline disease activity; generic inflammation tested by inflammatory_nfkb/ifn_apc residualization	-0.3154227180286848	0.0353653769899402	-0.718678461052596	inflammatory_nfkb,ifn_apc	0.5264687774324932	0.3865940431559777	11	False	not_corrected_significant	0.9473413372095744	0.9717298280037758	lower_in_responders_or_post	0		False	global_baseline_fdr>0.10;global_generic_adjusted_fdr>0.10;no_independent_same_module_direction_replication;
GSE138746	anti-TNF	adalimumab/etanercept	rheumatoid arthritis	sorted PBMC/CD14/CD4	baseline sorted RNA-seq; good vs none	compartment=CD14_monocyte;drug=adalimumab	hif_nampt_metabolic	11	18	0.0762097185398402	-0.0213879513807213	0.0975976699205615	0.1377108872289925	0.3367887303985963	0.7407614045032658	0.5050505050505051	drug, compartment, response-class encoding, baseline disease activity; generic inflammation tested by inflammatory_nfkb/ifn_apc residualization	0.1848338603603091	0.3212252921550995	0.4119752733520951	inflammatory_nfkb,ifn_apc	0.74449890151131	0.8333565800661741	11	False	not_corrected_significant	0.9567680810732627	0.9717298280037758	higher_in_responders_or_post	0		False	global_baseline_fdr>0.10;global_generic_adjusted_fdr>0.10;generic_module_collinearity>0.70;no_independent_same_module_direction_replication;
GSE138746	anti-TNF	adalimumab/etanercept	rheumatoid arthritis	sorted PBMC/CD14/CD4	baseline sorted RNA-seq; good vs none	compartment=CD14_monocyte;drug=adalimumab	inflammatory_nfkb	11	18	-0.0014134114861405	0.0316534990002078	-0.0330669104863483	-0.0390453856314482	-0.1032928987856322	0.9187489568759516	0.4949494949494949	drug, compartment, response-class encoding, baseline disease activity; generic inflammation tested by inflammatory_nfkb/ifn_apc residualization	-0.1245566385605589	0.7034401766474189	-0.1506281857214998	ifn_apc	0.2029896759335741	0.9187489568759516	11	False	not_corrected_significant	0.9845637352824658	0.9998367398099568	lower_in_responders_or_post	0		False	global_baseline_fdr>0.10;global_generic_adjusted_fdr>0.10;no_independent_same_module_direction_replication;
GSE138746	anti-TNF	adalimumab/etanercept	rheumatoid arthritis	sorted PBMC/CD14/CD4	baseline sorted RNA-seq; good vs none	compartment=CD14_monocyte;drug=etanercept	ifn_apc	9	23	0.0595822482570271	0.2193071683299337	-0.1597249200729065	-0.1944248286514776	-0.5861647831313647	0.5641794141451407	0.4444444444444444	drug, compartment, response-class encoding, baseline disease activity; generic inflammation tested by inflammatory_nfkb/ifn_apc residualization	-0.1604515811874077	0.5665884780203199	-0.1966500871572991	inflammatory_nfkb	0.1157414772549295	0.985952159766355	9	False	not_corrected_significant	0.9492982233755103	0.9956027053275534	lower_in_responders_or_post	0		False	global_baseline_fdr>0.10;global_generic_adjusted_fdr>0.10;min_group_n<10;no_independent_same_module_direction_replication;
GSE138746	anti-TNF	adalimumab/etanercept	rheumatoid arthritis	sorted PBMC/CD14/CD4	baseline sorted RNA-seq; good vs none	compartment=CD14_monocyte;drug=etanercept	hla_ii_apc	9	23	0.2043115873120943	0.2627283111274505	-0.0584167238153562	-0.0653699599838154	-0.2073026444261869	0.8375798517150305	0.4685990338164251	drug, compartment, response-class encoding, baseline disease activity; generic inflammation tested by inflammatory_nfkb/ifn_apc residualization	0.0976049690862178	0.4000926188458404	0.2693929377518493	inflammatory_nfkb,ifn_apc	0.9107582099510894	0.985952159766355	9	False	not_corrected_significant	0.9845637352824658	0.9956027053275534	lower_in_responders_or_post	0		False	global_baseline_fdr>0.10;global_generic_adjusted_fdr>0.10;min_group_n<10;generic_module_collinearity>0.70;no_independent_same_module_direction_replication;
GSE138746	anti-TNF	adalimumab/etanercept	rheumatoid arthritis	sorted PBMC/CD14/CD4	baseline sorted RNA-seq; good vs none	compartment=CD14_monocyte;drug=etanercept	lysosomal_apc	9	23	-0.0231141036111007	0.1869137363329819	-0.2100278399440826	-0.4158898885795002	-0.9605252988662828	0.3560467064082602	0.3816425120772947	drug, compartment, response-class encoding, baseline disease activity; generic inflammation tested by inflammatory_nfkb/ifn_apc residualization	-0.2102826642081713	0.2988540614307152	-0.459254211181028	inflammatory_nfkb,ifn_apc	0.4134542643933618	0.985952159766355	9	False	not_corrected_significant	0.9473413372095744	0.9717298280037758	lower_in_responders_or_post	0		False	global_baseline_fdr>0.10;global_generic_adjusted_fdr>0.10;min_group_n<10;no_independent_same_module_direction_replication;
GSE138746	anti-TNF	adalimumab/etanercept	rheumatoid arthritis	sorted PBMC/CD14/CD4	baseline sorted RNA-seq; good vs none	compartment=CD14_monocyte;drug=etanercept	mif_cd74_receptor_state	9	23	0.1725116555668441	0.1948030546725151	-0.022291399105671	-0.0350115571339464	-0.1001106783872617	0.9213658384719268	0.5072463768115942	drug, compartment, response-class encoding, baseline disease activity; generic inflammation tested by inflammatory_nfkb/ifn_apc residualization	0.0805224840464253	0.5049803267139866	0.2408417484530207	inflammatory_nfkb,ifn_apc	0.8456523950399236	0.985952159766355	9	False	not_corrected_significant	0.9845637352824658	0.9956027053275534	lower_in_responders_or_post	0		False	global_baseline_fdr>0.10;global_generic_adjusted_fdr>0.10;min_group_n<10;generic_module_collinearity>0.70;no_independent_same_module_direction_replication;
GSE138746	anti-TNF	adalimumab/etanercept	rheumatoid arthritis	sorted PBMC/CD14/CD4	baseline sorted RNA-seq; good vs none	compartment=CD14_monocyte;drug=etanercept	mixscale_validated_ifng_readout	9	23	0.1476734202570415	0.2150938769971276	-0.0674204567400861	-0.0878468573186246	-0.3034929584685901	0.763750662925423	0.5072463768115942	drug, compartment, response-class encoding, baseline disease activity; generic inflammation tested by inflammatory_nfkb/ifn_apc residualization	0.0710519853729788	0.5431504219477368	0.2878960439616755	inflammatory_nfkb,ifn_apc	0.9429380232253112	0.985952159766355	9	False	not_corrected_significant	0.9581526618459543	0.9956027053275534	lower_in_responders_or_post	0		False	global_baseline_fdr>0.10;global_generic_adjusted_fdr>0.10;min_group_n<10;generic_module_collinearity>0.70;no_independent_same_module_direction_replication;
GSE138746	anti-TNF	adalimumab/etanercept	rheumatoid arthritis	sorted PBMC/CD14/CD4	baseline sorted RNA-seq; good vs none	compartment=CD14_monocyte;drug=etanercept	lipid_loader_repair	9	23	0.0390753623393763	0.046730241161311	-0.0076548788219346	-0.0180154821982051	-0.0638454433620957	0.9495287146931216	0.5314009661835749	drug, compartment, response-class encoding, baseline disease activity; generic inflammation tested by inflammatory_nfkb/ifn_apc residualization	-0.0264990734305037	0.8043384214158169	-0.0658739577070189	inflammatory_nfkb,ifn_apc	0.2359216443510544	0.985952159766355	9	False	not_corrected_significant	0.9845637352824658	0.9998367398099568	lower_in_responders_or_post	0		False	global_baseline_fdr>0.10;global_generic_adjusted_fdr>0.10;min_group_n<10;no_independent_same_module_direction_replication;
GSE138746	anti-TNF	adalimumab/etanercept	rheumatoid arthritis	sorted PBMC/CD14/CD4	baseline sorted RNA-seq; good vs none	compartment=CD14_monocyte;drug=etanercept	complement_phagocytosis	9	23	-0.1382382731587801	0.2435943466266303	-0.3818326197854105	-0.6438215413760432	-2.298017062211388	0.028856238967479	0.2222222222222222	drug, compartment, response-class encoding, baseline disease activity; generic inflammation tested by inflammatory_nfkb/ifn_apc residualization	-0.3258024996228815	0.0642310386873631	-0.6351507083638943	inflammatory_nfkb,ifn_apc	0.4867421375226021	0.2597061507073113	9	False	not_corrected_significant	0.853320209466879	0.9717298280037758	lower_in_responders_or_post	0		False	global_baseline_fdr>0.10;global_generic_adjusted_fdr>0.10;min_group_n<10;no_independent_same_module_direction_replication;
GSE138746	anti-TNF	adalimumab/etanercept	rheumatoid arthritis	sorted PBMC/CD14/CD4	baseline sorted RNA-seq; good vs none	compartment=CD14_monocyte;drug=etanercept	hif_nampt_metabolic	9	23	0.0711344421093137	-0.0913405468881363	0.16247498899745	0.2331824795176771	0.5311767159018244	0.6053495917177166	0.536231884057971	drug, compartment, response-class encoding, baseline disease activity; generic inflammation tested by inflammatory_nfkb/ifn_apc residualization	0.1244091140758521	0.3140664429439174	0.3522301021690422	inflammatory_nfkb,ifn_apc	0.8239240582081969	0.985952159766355	9	False	not_corrected_significant	0.9492982233755103	0.9717298280037758	higher_in_responders_or_post	0		False	global_baseline_fdr>0.10;global_generic_adjusted_fdr>0.10;min_group_n<10;generic_module_collinearity>0.70;no_independent_same_module_direction_replication;
GSE138746	anti-TNF	adalimumab/etanercept	rheumatoid arthritis	sorted PBMC/CD14/CD4	baseline sorted RNA-seq; good vs none	compartment=CD14_monocyte;drug=etanercept	inflammatory_nfkb	9	23	-0.0295872925159233	-0.0360016848758045	0.0064143923598811	0.0076097445187843	0.0179705097514095	0.985952159766355	0.4685990338164251	drug, compartment, response-class encoding, baseline disease activity; generic inflammation tested by inflammatory_nfkb/ifn_apc residualization	0.0253018856375478	0.9448497490511402	0.030223042288625	ifn_apc	0.1157414772549295	0.985952159766355	9	False	not_corrected_significant	0.9907383352992014	0.9998367398099568	higher_in_responders_or_post	0		False	global_baseline_fdr>0.10;global_generic_adjusted_fdr>0.10;min_group_n<10;no_independent_same_module_direction_replication;
GSE138746	anti-TNF	adalimumab/etanercept	rheumatoid arthritis	sorted PBMC/CD14/CD4	baseline sorted RNA-seq; good vs none	compartment=CD4_T_cell;drug=adalimumab	ifn_apc	11	18	0.3088385807427652	-0.374047366972802	0.6828859477155673	0.9881066066896802	2.5867614255895837	0.0178411277818531	0.7929292929292929	drug, compartment, response-class encoding, baseline disease activity; generic inflammation tested by inflammatory_nfkb/ifn_apc residualization	0.5486796024849451	0.0372951174520704	0.8953233510047043	inflammatory_nfkb	0.4928062568028629	0.0802850750183391	11	True	not_killed_by_current_filters	0.7737944846856722	0.9717298280037758	higher_in_responders_or_post	0		False	global_baseline_fdr>0.10;global_generic_adjusted_fdr>0.10;no_independent_same_module_direction_replication;
GSE138746	anti-TNF	adalimumab/etanercept	rheumatoid arthritis	sorted PBMC/CD14/CD4	baseline sorted RNA-seq; good vs none	compartment=CD4_T_cell;drug=adalimumab	hla_ii_apc	11	18	0.1416084884893474	-0.4204447570647887	0.5620532455541362	0.5842839605384345	1.6129304598758616	0.1203531523050793	0.7121212121212122	drug, compartment, response-class encoding, baseline disease activity; generic inflammation tested by inflammatory_nfkb/ifn_apc residualization	-0.1691510631198108	0.3154935751627326	-0.3614200595224283	inflammatory_nfkb,ifn_apc	0.8513451812972432	0.2707945926864285	11	False	not_corrected_significant	0.9473413372095744	0.9717298280037758	higher_in_responders_or_post	0		False	global_baseline_fdr>0.10;global_generic_adjusted_fdr>0.10;generic_module_collinearity>0.70;no_independent_same_module_direction_replication;
GSE138746	anti-TNF	adalimumab/etanercept	rheumatoid arthritis	sorted PBMC/CD14/CD4	baseline sorted RNA-seq; good vs none	compartment=CD4_T_cell;drug=adalimumab	lysosomal_apc	11	18	0.0703107812509282	-0.1991378571037921	0.2694486383547204	0.5005271097237739	1.371490725757229	0.1837003279669576	0.6515151515151515	drug, compartment, response-class encoding, baseline disease activity; generic inflammation tested by inflammatory_nfkb/ifn_apc residualization	-0.1092852773139894	0.2502514069486345	-0.3988224337605906	inflammatory_nfkb,ifn_apc	0.8074042100761533	0.2755504919504364	11	False	not_corrected_significant	0.9473413372095744	0.9717298280037758	higher_in_responders_or_post	0		False	global_baseline_fdr>0.10;global_generic_adjusted_fdr>0.10;generic_module_collinearity>0.70;no_independent_same_module_direction_replication;
GSE138746	anti-TNF	adalimumab/etanercept	rheumatoid arthritis	sorted PBMC/CD14/CD4	baseline sorted RNA-seq; good vs none	compartment=CD4_T_cell;drug=adalimumab	mif_cd74_receptor_state	11	18	0.1397408888056203	-0.3017422977900319	0.4414831865956522	0.6052185050113035	1.6657873549555196	0.109391473877918	0.6919191919191919	drug, compartment, response-class encoding, baseline disease activity; generic inflammation tested by inflammatory_nfkb/ifn_apc residualization	-0.0364277425412105	0.7797373729242797	-0.0973763497716435	inflammatory_nfkb,ifn_apc	0.7572831191585488	0.2707945926864285	11	False	not_corrected_significant	0.9473413372095744	0.9998367398099568	higher_in_responders_or_post	0		False	global_baseline_fdr>0.10;global_generic_adjusted_fdr>0.10;generic_module_collinearity>0.70;no_independent_same_module_direction_replication;
GSE138746	anti-TNF	adalimumab/etanercept	rheumatoid arthritis	sorted PBMC/CD14/CD4	baseline sorted RNA-seq; good vs none	compartment=CD4_T_cell;drug=adalimumab	mixscale_validated_ifng_readout	11	18	0.2300197333487558	-0.2427271300803238	0.4727468634290797	1.012957298367822	2.8251546956569924	0.009420494142165	0.7828282828282828	drug, compartment, response-class encoding, baseline disease activity; generic inflammation tested by inflammatory_nfkb/ifn_apc residualization	0.145163203928171	0.1429550630693236	0.5093389935227218	inflammatory_nfkb,ifn_apc	0.7457462819971996	0.0802850750183391	11	False	not_independent_of_generic_inflammation	0.7737944846856722	0.9717298280037758	higher_in_responders_or_post	0		False	global_baseline_fdr>0.10;global_generic_adjusted_fdr>0.10;generic_module_collinearity>0.70;no_independent_same_module_direction_replication;
GSE138746	anti-TNF	adalimumab/etanercept	rheumatoid arthritis	sorted PBMC/CD14/CD4	baseline sorted RNA-seq; good vs none	compartment=CD4_T_cell;drug=adalimumab	lipid_loader_repair	11	18	0.0575802960315636	-0.1709325637138924	0.228512859745456	0.4612782545875244	1.207425752902101	0.2417024459179234	0.6616161616161615	drug, compartment, response-class encoding, baseline disease activity; generic inflammation tested by inflammatory_nfkb/ifn_apc residualization	-0.0648642328497466	0.5288385147472524	-0.2413280961603378	inflammatory_nfkb,ifn_apc	0.7553765870616689	0.2876664138115703	11	False	not_corrected_significant	0.9473413372095744	0.9956027053275534	higher_in_responders_or_post	0		False	global_baseline_fdr>0.10;global_generic_adjusted_fdr>0.10;generic_module_collinearity>0.70;no_independent_same_module_direction_replication;
GSE138746	anti-TNF	adalimumab/etanercept	rheumatoid arthritis	sorted PBMC/CD14/CD4	baseline sorted RNA-seq; good vs none	compartment=CD4_T_cell;drug=adalimumab	complement_phagocytosis	11	18	0.1515623992129662	-0.2713661892280875	0.4229285884410537	0.4373130909663897	1.1686783585078264	0.255703478943618	0.5909090909090908	drug, compartment, response-class encoding, baseline disease activity; generic inflammation tested by inflammatory_nfkb/ifn_apc residualization	-0.2566074774933967	0.1812753741676396	-0.5372265754741431	inflammatory_nfkb,ifn_apc	0.8116007986900415	0.2876664138115703	11	False	not_corrected_significant	0.9473413372095744	0.9717298280037758	higher_in_responders_or_post	0		False	global_baseline_fdr>0.10;global_generic_adjusted_fdr>0.10;generic_module_collinearity>0.70;no_independent_same_module_direction_replication;
GSE138746	anti-TNF	adalimumab/etanercept	rheumatoid arthritis	sorted PBMC/CD14/CD4	baseline sorted RNA-seq; good vs none	compartment=CD4_T_cell;drug=adalimumab	hif_nampt_metabolic	11	18	0.1658472591126454	-0.1830125575600824	0.3488598166727278	0.5849379349434111	1.459119880842816	0.1631529416708511	0.6161616161616161	drug, compartment, response-class encoding, baseline disease activity; generic inflammation tested by inflammatory_nfkb/ifn_apc residualization	0.1947565874164339	0.1694111754833175	0.5307928355478041	inflammatory_nfkb,ifn_apc	0.7910335599504328	0.2755504919504364	11	False	not_corrected_significant	0.9473413372095744	0.9717298280037758	higher_in_responders_or_post	0		False	global_baseline_fdr>0.10;global_generic_adjusted_fdr>0.10;generic_module_collinearity>0.70;no_independent_same_module_direction_replication;
GSE138746	anti-TNF	adalimumab/etanercept	rheumatoid arthritis	sorted PBMC/CD14/CD4	baseline sorted RNA-seq; good vs none	compartment=CD4_T_cell;drug=adalimumab	inflammatory_nfkb	11	18	0.0241623096349154	-0.2172786940191176	0.241441003654033	0.3567891493262495	0.9655467734822848	0.3448939797634864	0.6161616161616161	drug, compartment, response-class encoding, baseline disease activity; generic inflammation tested by inflammatory_nfkb/ifn_apc residualization	-0.056917609907972	0.8061119825485543	-0.0951718585986554	ifn_apc	0.4928062568028629	0.3448939797634864	11	False	not_corrected_significant	0.9473413372095744	0.9998367398099568	higher_in_responders_or_post	0		False	global_baseline_fdr>0.10;global_generic_adjusted_fdr>0.10;no_independent_same_module_direction_replication;
GSE138746	anti-TNF	adalimumab/etanercept	rheumatoid arthritis	sorted PBMC/CD14/CD4	baseline sorted RNA-seq; good vs none	compartment=CD4_T_cell;drug=etanercept	ifn_apc	10	23	-0.0307127383521603	0.1342263773401799	-0.1649391156923403	-0.2269929261332685	-0.6857084128257889	0.4998989700771245	0.4478260869565217	drug, compartment, response-class encoding, baseline disease activity; generic inflammation tested by inflammatory_nfkb/ifn_apc residualization	-0.1422807255316489	0.5494017603790846	-0.2076023931411642	inflammatory_nfkb	0.3348568410866542	0.8203340594724446	10	False	not_corrected_significant	0.9492982233755103	0.9956027053275534	lower_in_responders_or_post	0		False	global_baseline_fdr>0.10;global_generic_adjusted_fdr>0.10;no_independent_same_module_direction_replication;
GSE138746	anti-TNF	adalimumab/etanercept	rheumatoid arthritis	sorted PBMC/CD14/CD4	baseline sorted RNA-seq; good vs none	compartment=CD4_T_cell;drug=etanercept	hla_ii_apc	10	23	-0.0016539874586792	0.1579832796437667	-0.159637267102446	-0.1715709381226525	-0.5644587218916758	0.5769947709139802	0.4217391304347826	drug, compartment, response-class encoding, baseline disease activity; generic inflammation tested by inflammatory_nfkb/ifn_apc residualization	0.0139701237412203	0.925505722276016	0.0281015440723128	inflammatory_nfkb,ifn_apc	0.8026047232741588	0.8203340594724446	10	False	not_corrected_significant	0.9492982233755103	0.9998367398099568	lower_in_responders_or_post	0		False	global_baseline_fdr>0.10;global_generic_adjusted_fdr>0.10;generic_module_collinearity>0.70;no_independent_same_module_direction_replication;
GSE138746	anti-TNF	adalimumab/etanercept	rheumatoid arthritis	sorted PBMC/CD14/CD4	baseline sorted RNA-seq; good vs none	compartment=CD4_T_cell;drug=etanercept	lysosomal_apc	10	23	-0.1001611566091582	0.0994002363738334	-0.1995613929829917	-0.3299482380863427	-0.8911457647556339	0.3852020357991558	0.4521739130434783	drug, compartment, response-class encoding, baseline disease activity; generic inflammation tested by inflammatory_nfkb/ifn_apc residualization	-0.0954986502976042	0.4996061586118548	-0.237648332894589	inflammatory_nfkb,ifn_apc	0.7462599150581897	0.8203340594724446	10	False	not_corrected_significant	0.9473413372095744	0.9956027053275534	lower_in_responders_or_post	0		False	global_baseline_fdr>0.10;global_generic_adjusted_fdr>0.10;generic_module_collinearity>0.70;no_independent_same_module_direction_replication;
GSE138746	anti-TNF	adalimumab/etanercept	rheumatoid arthritis	sorted PBMC/CD14/CD4	baseline sorted RNA-seq; good vs none	compartment=CD4_T_cell;drug=etanercept	mif_cd74_receptor_state	10	23	0.0291484214307576	0.0946298313708886	-0.065481409940131	-0.0892423556425831	-0.2785659094211822	0.7829204042317378	0.4347826086956522	drug, compartment, response-class encoding, baseline disease activity; generic inflammation tested by inflammatory_nfkb/ifn_apc residualization	0.054831296787485	0.65653299689561	0.1289987455695156	inflammatory_nfkb,ifn_apc	0.69160489528994	0.8203340594724446	10	False	not_corrected_significant	0.9683476008676173	0.9998367398099568	lower_in_responders_or_post	0		False	global_baseline_fdr>0.10;global_generic_adjusted_fdr>0.10;no_independent_same_module_direction_replication;
GSE138746	anti-TNF	adalimumab/etanercept	rheumatoid arthritis	sorted PBMC/CD14/CD4	baseline sorted RNA-seq; good vs none	compartment=CD4_T_cell;drug=etanercept	mixscale_validated_ifng_readout	10	23	0.0790398913997001	0.1164672641058867	-0.0374273727061865	-0.0897124289731128	-0.2676193433450756	0.7915079146569975	0.5	drug, compartment, response-class encoding, baseline disease activity; generic inflammation tested by inflammatory_nfkb/ifn_apc residualization	0.0334597265061325	0.7483336600826442	0.1335397081466548	inflammatory_nfkb,ifn_apc	0.7255991775978716	0.8203340594724446	10	False	not_corrected_significant	0.9694801084851983	0.9998367398099568	lower_in_responders_or_post	0		False	global_baseline_fdr>0.10;global_generic_adjusted_fdr>0.10;generic_module_collinearity>0.70;no_independent_same_module_direction_replication;
GSE138746	anti-TNF	adalimumab/etanercept	rheumatoid arthritis	sorted PBMC/CD14/CD4	baseline sorted RNA-seq; good vs none	compartment=CD4_T_cell;drug=etanercept	lipid_loader_repair	10	23	-0.0083074586893082	0.0293241821717	-0.0376316408610083	-0.0883732765734333	-0.274665832798481	0.7859052992548778	0.5434782608695652	drug, compartment, response-class encoding, baseline disease activity; generic inflammation tested by inflammatory_nfkb/ifn_apc residualization	0.023757004592527	0.7881761992784889	0.0751302994926799	inflammatory_nfkb,ifn_apc	0.6175892065765884	0.8203340594724446	10	False	not_corrected_significant	0.9683476008676173	0.9998367398099568	lower_in_responders_or_post	0		False	global_baseline_fdr>0.10;global_generic_adjusted_fdr>0.10;no_independent_same_module_direction_replication;
GSE138746	anti-TNF	adalimumab/etanercept	rheumatoid arthritis	sorted PBMC/CD14/CD4	baseline sorted RNA-seq; good vs none	compartment=CD4_T_cell;drug=etanercept	complement_phagocytosis	10	23	-0.0896802919724819	0.139151821256079	-0.228832113228561	-0.2487281792089775	-0.8569815129602504	0.3982554307812364	0.4739130434782608	drug, compartment, response-class encoding, baseline disease activity; generic inflammation tested by inflammatory_nfkb/ifn_apc residualization	-0.0497868627187608	0.7470864777680652	-0.1067643103361278	inflammatory_nfkb,ifn_apc	0.8403251938220485	0.8203340594724446	10	False	not_corrected_significant	0.9473413372095744	0.9998367398099568	lower_in_responders_or_post	0		False	global_baseline_fdr>0.10;global_generic_adjusted_fdr>0.10;generic_module_collinearity>0.70;no_independent_same_module_direction_replication;
GSE138746	anti-TNF	adalimumab/etanercept	rheumatoid arthritis	sorted PBMC/CD14/CD4	baseline sorted RNA-seq; good vs none	compartment=CD4_T_cell;drug=etanercept	hif_nampt_metabolic	10	23	0.0595798931087166	-0.0297628629285004	0.089342756037217	0.1618512129302652	0.3862963677163528	0.7053645725289747	0.5304347826086956	drug, compartment, response-class encoding, baseline disease activity; generic inflammation tested by inflammatory_nfkb/ifn_apc residualization	0.1433388401290408	0.1748399563585554	0.4558307128506373	inflammatory_nfkb,ifn_apc	0.8058093435828791	0.8203340594724446	10	False	not_corrected_significant	0.9567680810732627	0.9717298280037758	higher_in_responders_or_post	0		False	global_baseline_fdr>0.10;global_generic_adjusted_fdr>0.10;generic_module_collinearity>0.70;no_independent_same_module_direction_replication;
GSE138746	anti-TNF	adalimumab/etanercept	rheumatoid arthritis	sorted PBMC/CD14/CD4	baseline sorted RNA-seq; good vs none	compartment=CD4_T_cell;drug=etanercept	inflammatory_nfkb	10	23	-0.0218688615997564	0.0426458537927612	-0.0645147153925177	-0.0926555641704054	-0.2312727500563594	0.8203340594724446	0.4695652173913043	drug, compartment, response-class encoding, baseline disease activity; generic inflammation tested by inflammatory_nfkb/ifn_apc residualization	-0.0118558195342537	0.9654042758073296	-0.0180528677840579	ifn_apc	0.3348568410866542	0.8203340594724446	10	False	not_corrected_significant	0.9845637352824658	0.9998367398099568	lower_in_responders_or_post	0		False	global_baseline_fdr>0.10;global_generic_adjusted_fdr>0.10;no_independent_same_module_direction_replication;
GSE138746	anti-TNF	adalimumab/etanercept	rheumatoid arthritis	sorted PBMC/CD14/CD4	baseline sorted RNA-seq; good vs none	compartment=PBMC;drug=adalimumab	ifn_apc	10	18	0.3270439834582572	-0.129749945726089	0.4567939291843462	0.622496688733508	1.7402384009587388	0.0954044702124326	0.6833333333333333	drug, compartment, response-class encoding, baseline disease activity; generic inflammation tested by inflammatory_nfkb/ifn_apc residualization	0.4650545045027652	0.0923424475970099	0.6367160016810122	inflammatory_nfkb	0.071128050612344	0.5217337631261677	10	False	not_corrected_significant	0.9473413372095744	0.9717298280037758	higher_in_responders_or_post	0		False	global_baseline_fdr>0.10;global_generic_adjusted_fdr>0.10;no_independent_same_module_direction_replication;
GSE138746	anti-TNF	adalimumab/etanercept	rheumatoid arthritis	sorted PBMC/CD14/CD4	baseline sorted RNA-seq; good vs none	compartment=PBMC;drug=adalimumab	hla_ii_apc	10	18	0.1642271714057516	-0.0636644713439926	0.2278916427497442	0.2986721600583683	0.7461408846383443	0.4661106649503138	0.5722222222222222	drug, compartment, response-class encoding, baseline disease activity; generic inflammation tested by inflammatory_nfkb/ifn_apc residualization	-0.15225830378316	0.4154064712960785	-0.3271577695592564	inflammatory_nfkb,ifn_apc	0.7676125138367724	0.9188416617207512	10	False	not_corrected_significant	0.9473413372095744	0.9956027053275534	higher_in_responders_or_post	0		False	global_baseline_fdr>0.10;global_generic_adjusted_fdr>0.10;generic_module_collinearity>0.70;no_independent_same_module_direction_replication;
GSE138746	anti-TNF	adalimumab/etanercept	rheumatoid arthritis	sorted PBMC/CD14/CD4	baseline sorted RNA-seq; good vs none	compartment=PBMC;drug=adalimumab	lysosomal_apc	10	18	-0.0401243441143765	-0.015891663085281	-0.0242326810290954	-0.0339735797819043	-0.1030786275814496	0.918693877155709	0.4555555555555556	drug, compartment, response-class encoding, baseline disease activity; generic inflammation tested by inflammatory_nfkb/ifn_apc residualization	-0.1746214445715194	0.4035434035845062	-0.2651392332146818	inflammatory_nfkb,ifn_apc	0.3626208561394747	0.9626906241423996	10	False	not_corrected_significant	0.9845637352824658	0.9956027053275534	lower_in_responders_or_post	0		False	global_baseline_fdr>0.10;global_generic_adjusted_fdr>0.10;no_independent_same_module_direction_replication;
GSE138746	anti-TNF	adalimumab/etanercept	rheumatoid arthritis	sorted PBMC/CD14/CD4	baseline sorted RNA-seq; good vs none	compartment=PBMC;drug=adalimumab	mif_cd74_receptor_state	10	18	0.0745467998930775	-0.0734250001931875	0.147971800086265	0.2724138621766083	0.6731837445991112	0.5104675898448618	0.5499999999999999	drug, compartment, response-class encoding, baseline disease activity; generic inflammation tested by inflammatory_nfkb/ifn_apc residualization	-0.1175340630932832	0.3777073549226817	-0.3668288715344128	inflammatory_nfkb,ifn_apc	0.8031480554665303	0.9188416617207512	10	False	not_corrected_significant	0.9492982233755103	0.9956027053275534	higher_in_responders_or_post	0		False	global_baseline_fdr>0.10;global_generic_adjusted_fdr>0.10;generic_module_collinearity>0.70;no_independent_same_module_direction_replication;
GSE138746	anti-TNF	adalimumab/etanercept	rheumatoid arthritis	sorted PBMC/CD14/CD4	baseline sorted RNA-seq; good vs none	compartment=PBMC;drug=adalimumab	mixscale_validated_ifng_readout	10	18	0.1824840997934508	-0.0636726551945647	0.2461567549880156	0.4745780731803862	1.4293862851403514	0.1648881601827467	0.6111111111111112	drug, compartment, response-class encoding, baseline disease activity; generic inflammation tested by inflammatory_nfkb/ifn_apc residualization	0.0004302255560832	0.996465833462604	0.0014720478966778	inflammatory_nfkb,ifn_apc	0.8239036792108092	0.5217337631261677	10	False	not_corrected_significant	0.9473413372095744	0.9998367398099568	higher_in_responders_or_post	0		False	global_baseline_fdr>0.10;global_generic_adjusted_fdr>0.10;generic_module_collinearity>0.70;no_independent_same_module_direction_replication;
GSE138746	anti-TNF	adalimumab/etanercept	rheumatoid arthritis	sorted PBMC/CD14/CD4	baseline sorted RNA-seq; good vs none	compartment=PBMC;drug=adalimumab	lipid_loader_repair	10	18	-0.066425306709463	-0.0585759007721238	-0.0078494059373391	-0.0215839028019489	-0.0613026157438225	0.9516366568317866	0.5611111111111111	drug, compartment, response-class encoding, baseline disease activity; generic inflammation tested by inflammatory_nfkb/ifn_apc residualization	-0.0336611259316523	0.7912253930838518	-0.0933323791730833	inflammatory_nfkb,ifn_apc	0.1198432690098096	0.9626906241423996	10	False	not_corrected_significant	0.9845637352824658	0.9998367398099568	lower_in_responders_or_post	0		False	global_baseline_fdr>0.10;global_generic_adjusted_fdr>0.10;no_independent_same_module_direction_replication;
GSE138746	anti-TNF	adalimumab/etanercept	rheumatoid arthritis	sorted PBMC/CD14/CD4	baseline sorted RNA-seq; good vs none	compartment=PBMC;drug=adalimumab	complement_phagocytosis	10	18	-0.0393000274755577	-0.0289139026993511	-0.0103861247762066	-0.0156001259388154	-0.0472321339540021	0.9626906241423996	0.5	drug, compartment, response-class encoding, baseline disease activity; generic inflammation tested by inflammatory_nfkb/ifn_apc residualization	-0.1996578491547934	0.2876072864122282	-0.3752670997425014	inflammatory_nfkb,ifn_apc	0.5451176652635231	0.9626906241423996	10	False	not_corrected_significant	0.9845637352824658	0.9717298280037758	lower_in_responders_or_post	0		False	global_baseline_fdr>0.10;global_generic_adjusted_fdr>0.10;no_independent_same_module_direction_replication;
GSE138746	anti-TNF	adalimumab/etanercept	rheumatoid arthritis	sorted PBMC/CD14/CD4	baseline sorted RNA-seq; good vs none	compartment=PBMC;drug=adalimumab	hif_nampt_metabolic	10	18	-0.2007359773959464	-0.0052355731623436	-0.1955004042336028	-0.4493285377225866	-1.398189653993229	0.1739112543753892	0.4055555555555555	drug, compartment, response-class encoding, baseline disease activity; generic inflammation tested by inflammatory_nfkb/ifn_apc residualization	-0.1431852284085448	0.1559179712500178	-0.4477121614982387	inflammatory_nfkb,ifn_apc	0.6777070101081555	0.5217337631261677	10	False	not_corrected_significant	0.9473413372095744	0.9717298280037758	lower_in_responders_or_post	0		False	global_baseline_fdr>0.10;global_generic_adjusted_fdr>0.10;no_independent_same_module_direction_replication;
GSE138746	anti-TNF	adalimumab/etanercept	rheumatoid arthritis	sorted PBMC/CD14/CD4	baseline sorted RNA-seq; good vs none	compartment=PBMC;drug=adalimumab	inflammatory_nfkb	10	18	-0.1328425618395959	-0.0275481463640662	-0.1052944154755296	-0.1512390975083596	-0.4465452791400411	0.6590082089703735	0.5055555555555556	drug, compartment, response-class encoding, baseline disease activity; generic inflammation tested by inflammatory_nfkb/ifn_apc residualization	-0.1347520031306937	0.5754275412909616	-0.1944190399258935	ifn_apc	0.071128050612344	0.9626906241423996	10	False	not_corrected_significant	0.9567680810732627	0.9956027053275534	lower_in_responders_or_post	0		False	global_baseline_fdr>0.10;global_generic_adjusted_fdr>0.10;no_independent_same_module_direction_replication;
GSE138746	anti-TNF	adalimumab/etanercept	rheumatoid arthritis	sorted PBMC/CD14/CD4	baseline sorted RNA-seq; good vs none	compartment=PBMC;drug=etanercept	ifn_apc	11	23	-0.0624717771264563	0.1901400461172638	-0.2526118232437202	-0.3128590239883816	-0.9795048453091044	0.3361747182902236	0.4268774703557312	drug, compartment, response-class encoding, baseline disease activity; generic inflammation tested by inflammatory_nfkb/ifn_apc residualization	-0.2603989668749714	0.3239099426679253	-0.3245837194286911	inflammatory_nfkb	0.1049745036411215	0.8751887252811819	11	False	not_corrected_significant	0.9473413372095744	0.9717298280037758	lower_in_responders_or_post	0		False	global_baseline_fdr>0.10;global_generic_adjusted_fdr>0.10;no_independent_same_module_direction_replication;
GSE138746	anti-TNF	adalimumab/etanercept	rheumatoid arthritis	sorted PBMC/CD14/CD4	baseline sorted RNA-seq; good vs none	compartment=PBMC;drug=etanercept	hla_ii_apc	11	23	0.0029521075653083	0.1755676672071347	-0.1726155596418263	-0.1850568570958512	-0.5816674031753423	0.5656519394666673	0.4426877470355731	drug, compartment, response-class encoding, baseline disease activity; generic inflammation tested by inflammatory_nfkb/ifn_apc residualization	0.0717550725415166	0.7113812471356749	0.1328971378425158	inflammatory_nfkb,ifn_apc	0.8125217294102258	0.8751887252811819	11	False	not_corrected_significant	0.9492982233755103	0.9998367398099568	lower_in_responders_or_post	0		False	global_baseline_fdr>0.10;global_generic_adjusted_fdr>0.10;generic_module_collinearity>0.70;no_independent_same_module_direction_replication;
GSE138746	anti-TNF	adalimumab/etanercept	rheumatoid arthritis	sorted PBMC/CD14/CD4	baseline sorted RNA-seq; good vs none	compartment=PBMC;drug=etanercept	lysosomal_apc	11	23	-0.1680293773028128	0.198747123974555	-0.3667765012773679	-0.4737419177122056	-1.2984802834808833	0.2097647969998129	0.3992094861660079	drug, compartment, response-class encoding, baseline disease activity; generic inflammation tested by inflammatory_nfkb/ifn_apc residualization	-0.2585075462101851	0.2547192318542835	-0.401871506071918	inflammatory_nfkb,ifn_apc	0.524787208332133	0.8751887252811819	11	False	not_corrected_significant	0.9473413372095744	0.9717298280037758	lower_in_responders_or_post	0		False	global_baseline_fdr>0.10;global_generic_adjusted_fdr>0.10;no_independent_same_module_direction_replication;
GSE138746	anti-TNF	adalimumab/etanercept	rheumatoid arthritis	sorted PBMC/CD14/CD4	baseline sorted RNA-seq; good vs none	compartment=PBMC;drug=etanercept	mif_cd74_receptor_state	11	23	0.0126727946622779	0.1856915995951346	-0.1730188049328566	-0.2437504051219046	-0.717743124641188	0.4802469535525204	0.4466403162055336	drug, compartment, response-class encoding, baseline disease activity; generic inflammation tested by inflammatory_nfkb/ifn_apc residualization	-0.0072865479913367	0.9616441460700794	-0.016887721163328	inflammatory_nfkb,ifn_apc	0.7907533286356297	0.8751887252811819	11	False	not_corrected_significant	0.9492982233755103	0.9998367398099568	lower_in_responders_or_post	0		False	global_baseline_fdr>0.10;global_generic_adjusted_fdr>0.10;generic_module_collinearity>0.70;no_independent_same_module_direction_replication;
GSE138746	anti-TNF	adalimumab/etanercept	rheumatoid arthritis	sorted PBMC/CD14/CD4	baseline sorted RNA-seq; good vs none	compartment=PBMC;drug=etanercept	mixscale_validated_ifng_readout	11	23	0.1014808717070107	0.1267141179876212	-0.0252332462806104	-0.0473416575274482	-0.1610033343601324	0.8731288317433232	0.541501976284585	drug, compartment, response-class encoding, baseline disease activity; generic inflammation tested by inflammatory_nfkb/ifn_apc residualization	0.0962641990703885	0.4105864259916119	0.357854772163106	inflammatory_nfkb,ifn_apc	0.828143113637547	0.8751887252811819	11	False	not_corrected_significant	0.9845637352824658	0.9956027053275534	lower_in_responders_or_post	0		False	global_baseline_fdr>0.10;global_generic_adjusted_fdr>0.10;generic_module_collinearity>0.70;no_independent_same_module_direction_replication;
GSE138746	anti-TNF	adalimumab/etanercept	rheumatoid arthritis	sorted PBMC/CD14/CD4	baseline sorted RNA-seq; good vs none	compartment=PBMC;drug=etanercept	lipid_loader_repair	11	23	0.0102867399936934	0.1006695780649487	-0.0903828380712552	-0.1794796820851235	-0.538939506689572	0.5949214437442315	0.458498023715415	drug, compartment, response-class encoding, baseline disease activity; generic inflammation tested by inflammatory_nfkb/ifn_apc residualization	-0.0418823968290141	0.7765504039009582	-0.0895592187811351	inflammatory_nfkb,ifn_apc	0.3582489561041118	0.8751887252811819	11	False	not_corrected_significant	0.9492982233755103	0.9998367398099568	lower_in_responders_or_post	0		False	global_baseline_fdr>0.10;global_generic_adjusted_fdr>0.10;no_independent_same_module_direction_replication;
GSE138746	anti-TNF	adalimumab/etanercept	rheumatoid arthritis	sorted PBMC/CD14/CD4	baseline sorted RNA-seq; good vs none	compartment=PBMC;drug=etanercept	complement_phagocytosis	11	23	-0.215237164797973	0.2292000863391954	-0.4444372511371685	-0.533905198505957	-1.5815765346749204	0.1273842051082018	0.3715415019762845	drug, compartment, response-class encoding, baseline disease activity; generic inflammation tested by inflammatory_nfkb/ifn_apc residualization	-0.2833380764284484	0.2430453627778023	-0.4307367251886036	inflammatory_nfkb,ifn_apc	0.6227518750326726	0.8751887252811819	11	False	not_corrected_significant	0.9473413372095744	0.9717298280037758	lower_in_responders_or_post	0		False	global_baseline_fdr>0.10;global_generic_adjusted_fdr>0.10;no_independent_same_module_direction_replication;
GSE138746	anti-TNF	adalimumab/etanercept	rheumatoid arthritis	sorted PBMC/CD14/CD4	baseline sorted RNA-seq; good vs none	compartment=PBMC;drug=etanercept	hif_nampt_metabolic	11	23	0.0333275882271257	-0.0082712650240193	0.0415988532511451	0.065838050335545	0.1598814112746002	0.8751887252811819	0.5296442687747036	drug, compartment, response-class encoding, baseline disease activity; generic inflammation tested by inflammatory_nfkb/ifn_apc residualization	-0.0033637886779915	0.9772531499779934	-0.0103164562332816	inflammatory_nfkb,ifn_apc	0.8564666868914032	0.8751887252811819	11	False	not_corrected_significant	0.9845637352824658	0.9998367398099568	higher_in_responders_or_post	0		False	global_baseline_fdr>0.10;global_generic_adjusted_fdr>0.10;generic_module_collinearity>0.70;no_independent_same_module_direction_replication;
GSE138746	anti-TNF	adalimumab/etanercept	rheumatoid arthritis	sorted PBMC/CD14/CD4	baseline sorted RNA-seq; good vs none	compartment=PBMC;drug=etanercept	inflammatory_nfkb	11	23	0.0566956880181912	-0.008606360777134	0.0653020487953252	0.0908872333366458	0.2324003861764244	0.8191615683086323	0.4940711462450592	drug, compartment, response-class encoding, baseline disease activity; generic inflammation tested by inflammatory_nfkb/ifn_apc residualization	0.0886457628601365	0.7566948036366354	0.1241704531960641	ifn_apc	0.1049745036411215	0.8751887252811819	11	False	not_corrected_significant	0.9845637352824658	0.9998367398099568	higher_in_responders_or_post	0		False	global_baseline_fdr>0.10;global_generic_adjusted_fdr>0.10;no_independent_same_module_direction_replication;
GSE138746	anti-TNF	adalimumab/etanercept	rheumatoid arthritis	sorted PBMC/CD14/CD4	baseline sorted RNA-seq pooled anti-TNF; good vs none	compartment=CD14_monocyte;drug_scope=all_anti_tnf	ifn_apc	20	41	0.1547763978456435	0.0334198485729825	0.121356549272661	0.1511226361536739	0.6530983134778706	0.5164173132600419	0.5536585365853658	drug mix, compartment, response-class encoding, baseline disease activity; generic inflammation tested by inflammatory_nfkb/ifn_apc residualization	0.1225116883960638	0.5194331727223589	0.1543446096817136	inflammatory_nfkb	0.150842805908938	0.5820123932375234	20	False	not_corrected_significant	0.9492982233755103	0.9956027053275534	higher_in_responders_or_post	0		False	global_baseline_fdr>0.10;global_generic_adjusted_fdr>0.10;no_independent_same_module_direction_replication;
GSE138746	anti-TNF	adalimumab/etanercept	rheumatoid arthritis	sorted PBMC/CD14/CD4	baseline sorted RNA-seq pooled anti-TNF; good vs none	compartment=CD14_monocyte;drug_scope=all_anti_tnf	hla_ii_apc	20	41	0.2484651015522614	0.034598092950112	0.2138670086021493	0.2403231638400588	1.018296563353975	0.3131808884462898	0.5634146341463414	drug mix, compartment, response-class encoding, baseline disease activity; generic inflammation tested by inflammatory_nfkb/ifn_apc residualization	0.095800544891049	0.3814379171512402	0.2265166060666275	inflammatory_nfkb,ifn_apc	0.879697975485606	0.5820123932375234	20	False	not_corrected_significant	0.9473413372095744	0.9956027053275534	higher_in_responders_or_post	0		False	global_baseline_fdr>0.10;global_generic_adjusted_fdr>0.10;generic_module_collinearity>0.70;no_independent_same_module_direction_replication;
GSE138746	anti-TNF	adalimumab/etanercept	rheumatoid arthritis	sorted PBMC/CD14/CD4	baseline sorted RNA-seq pooled anti-TNF; good vs none	compartment=CD14_monocyte;drug_scope=all_anti_tnf	lysosomal_apc	20	41	-0.1002704747938528	0.1313866981158468	-0.2316571729096997	-0.4323367486958443	-1.5872991215737735	0.1210272026641019	0.3573170731707317	drug mix, compartment, response-class encoding, baseline disease activity; generic inflammation tested by inflammatory_nfkb/ifn_apc residualization	-0.2244985189221627	0.0891141614714423	-0.4654267870862675	inflammatory_nfkb,ifn_apc	0.4252121304601058	0.544622411988459	20	False	not_corrected_significant	0.9473413372095744	0.9717298280037758	lower_in_responders_or_post	0		False	global_baseline_fdr>0.10;global_generic_adjusted_fdr>0.10;no_independent_same_module_direction_replication;
GSE138746	anti-TNF	adalimumab/etanercept	rheumatoid arthritis	sorted PBMC/CD14/CD4	baseline sorted RNA-seq pooled anti-TNF; good vs none	compartment=CD14_monocyte;drug_scope=all_anti_tnf	mif_cd74_receptor_state	20	41	0.1553524099444841	0.0329222182397614	0.1224301917047227	0.1916218897804861	0.788909660109739	0.4339349349881386	0.5597560975609757	drug mix, compartment, response-class encoding, baseline disease activity; generic inflammation tested by inflammatory_nfkb/ifn_apc residualization	0.0461221046381604	0.6177766656598436	0.125058383266562	inflammatory_nfkb,ifn_apc	0.8111593661956181	0.5820123932375234	20	False	not_corrected_significant	0.9473413372095744	0.9998367398099568	higher_in_responders_or_post	0		False	global_baseline_fdr>0.10;global_generic_adjusted_fdr>0.10;generic_module_collinearity>0.70;no_independent_same_module_direction_replication;
GSE138746	anti-TNF	adalimumab/etanercept	rheumatoid arthritis	sorted PBMC/CD14/CD4	baseline sorted RNA-seq pooled anti-TNF; good vs none	compartment=CD14_monocyte;drug_scope=all_anti_tnf	mixscale_validated_ifng_readout	20	41	0.1635875948444868	0.0472560057554588	0.1163315890890279	0.1599896764077874	0.7384565589087851	0.463165215604067	0.5951219512195123	drug mix, compartment, response-class encoding, baseline disease activity; generic inflammation tested by inflammatory_nfkb/ifn_apc residualization	0.0148006357754821	0.8154866385470695	0.0663093480458983	inflammatory_nfkb,ifn_apc	0.9462402215434604	0.5820123932375234	20	False	not_corrected_significant	0.9473413372095744	0.9998367398099568	higher_in_responders_or_post	0		False	global_baseline_fdr>0.10;global_generic_adjusted_fdr>0.10;generic_module_collinearity>0.70;no_independent_same_module_direction_replication;
GSE138746	anti-TNF	adalimumab/etanercept	rheumatoid arthritis	sorted PBMC/CD14/CD4	baseline sorted RNA-seq pooled anti-TNF; good vs none	compartment=CD14_monocyte;drug_scope=all_anti_tnf	lipid_loader_repair	20	41	-0.0818845625427018	0.0363603605006275	-0.1182449230433294	-0.318597531106871	-1.236288462874966	0.223156323391943	0.4341463414634146	drug mix, compartment, response-class encoding, baseline disease activity; generic inflammation tested by inflammatory_nfkb/ifn_apc residualization	-0.0977928533867327	0.218491746891118	-0.2934187944423969	inflammatory_nfkb,ifn_apc	0.2890220161498134	0.5820123932375234	20	False	not_corrected_significant	0.9473413372095744	0.9717298280037758	lower_in_responders_or_post	0		False	global_baseline_fdr>0.10;global_generic_adjusted_fdr>0.10;no_independent_same_module_direction_replication;
GSE138746	anti-TNF	adalimumab/etanercept	rheumatoid arthritis	sorted PBMC/CD14/CD4	baseline sorted RNA-seq pooled anti-TNF; good vs none	compartment=CD14_monocyte;drug_scope=all_anti_tnf	complement_phagocytosis	20	41	-0.1859592587258578	0.134820569678344	-0.3207798284042018	-0.5520960836215241	-2.4765709870652413	0.0162031265184227	0.3109756097560975	drug mix, compartment, response-class encoding, baseline disease activity; generic inflammation tested by inflammatory_nfkb/ifn_apc residualization	-0.3583905172773631	0.0024773962908164	-0.75330566688025	inflammatory_nfkb,ifn_apc	0.4716515475197424	0.1458281386658043	20	False	not_corrected_significant	0.7737944846856722	0.5128210321989948	lower_in_responders_or_post	0		False	global_baseline_fdr>0.10;global_generic_adjusted_fdr>0.10;no_independent_same_module_direction_replication;
GSE138746	anti-TNF	adalimumab/etanercept	rheumatoid arthritis	sorted PBMC/CD14/CD4	baseline sorted RNA-seq pooled anti-TNF; good vs none	compartment=CD14_monocyte;drug_scope=all_anti_tnf	hif_nampt_metabolic	20	41	0.0739258441461033	-0.060629651299515	0.1345554954456184	0.1974627731746437	0.6554748732860944	0.5173443495444652	0.5231707317073171	drug mix, compartment, response-class encoding, baseline disease activity; generic inflammation tested by inflammatory_nfkb/ifn_apc residualization	0.1619690064854397	0.150212249638581	0.4157926683972717	inflammatory_nfkb,ifn_apc	0.7863148246069216	0.5820123932375234	20	False	not_corrected_significant	0.9492982233755103	0.9717298280037758	higher_in_responders_or_post	0		False	global_baseline_fdr>0.10;global_generic_adjusted_fdr>0.10;generic_module_collinearity>0.70;no_independent_same_module_direction_replication;
GSE138746	anti-TNF	adalimumab/etanercept	rheumatoid arthritis	sorted PBMC/CD14/CD4	baseline sorted RNA-seq pooled anti-TNF; good vs none	compartment=CD14_monocyte;drug_scope=all_anti_tnf	inflammatory_nfkb	20	41	-0.0140916579495428	-0.006299409027799	-0.0077922489217437	-0.0095109597446724	-0.0337841137466248	0.9732481396198952	0.4926829268292683	drug mix, compartment, response-class encoding, baseline disease activity; generic inflammation tested by inflammatory_nfkb/ifn_apc residualization	-0.026419164574751	0.9101777855430035	-0.0326233070183184	ifn_apc	0.150842805908938	0.9732481396198952	20	False	not_corrected_significant	0.9850621594802584	0.9998367398099568	lower_in_responders_or_post	0		False	global_baseline_fdr>0.10;global_generic_adjusted_fdr>0.10;no_independent_same_module_direction_replication;
GSE138746	anti-TNF	adalimumab/etanercept	rheumatoid arthritis	sorted PBMC/CD14/CD4	baseline sorted RNA-seq pooled anti-TNF; good vs none	compartment=CD4_T_cell;drug_scope=all_anti_tnf	ifn_apc	21	41	0.1471474764118482	-0.0889181933338121	0.2360656697456604	0.3244302121046237	1.2747529873095431	0.2089209849491172	0.6074332171893148	drug mix, compartment, response-class encoding, baseline disease activity; generic inflammation tested by inflammatory_nfkb/ifn_apc residualization	0.2024376009943959	0.2535354881866392	0.3059645763135941	inflammatory_nfkb	0.4188049103057853	0.6267629548473517	21	False	not_corrected_significant	0.9473413372095744	0.9717298280037758	higher_in_responders_or_post	0		False	global_baseline_fdr>0.10;global_generic_adjusted_fdr>0.10;no_independent_same_module_direction_replication;
GSE138746	anti-TNF	adalimumab/etanercept	rheumatoid arthritis	sorted PBMC/CD14/CD4	baseline sorted RNA-seq pooled anti-TNF; good vs none	compartment=CD4_T_cell;drug_scope=all_anti_tnf	hla_ii_apc	21	41	0.0733882618474299	-0.0959607364721844	0.1693489983196144	0.178542433787442	0.7464034823765799	0.4587287890478708	0.5563298490127758	drug mix, compartment, response-class encoding, baseline disease activity; generic inflammation tested by inflammatory_nfkb/ifn_apc residualization	-0.0774568181122704	0.4931676599271647	-0.1637489567284077	inflammatory_nfkb,ifn_apc	0.8304872902847468	0.7075503642774036	21	False	not_corrected_significant	0.9473413372095744	0.9956027053275534	higher_in_responders_or_post	0		False	global_baseline_fdr>0.10;global_generic_adjusted_fdr>0.10;generic_module_collinearity>0.70;no_independent_same_module_direction_replication;
GSE138746	anti-TNF	adalimumab/etanercept	rheumatoid arthritis	sorted PBMC/CD14/CD4	baseline sorted RNA-seq pooled anti-TNF; good vs none	compartment=CD4_T_cell;drug_scope=all_anti_tnf	lysosomal_apc	21	41	-0.0108663320157796	-0.0316652680797582	0.0207989360639786	0.0362703215387806	0.1402896019073838	0.8890826980669156	0.5389082462253193	drug mix, compartment, response-class encoding, baseline disease activity; generic inflammation tested by inflammatory_nfkb/ifn_apc residualization	-0.1189500588288958	0.1762408019635142	-0.3465255952476848	inflammatory_nfkb,ifn_apc	0.7754454337372592	0.8890826980669156	21	False	not_corrected_significant	0.9845637352824658	0.9717298280037758	higher_in_responders_or_post	0		False	global_baseline_fdr>0.10;global_generic_adjusted_fdr>0.10;generic_module_collinearity>0.70;no_independent_same_module_direction_replication;
GSE138746	anti-TNF	adalimumab/etanercept	rheumatoid arthritis	sorted PBMC/CD14/CD4	baseline sorted RNA-seq pooled anti-TNF; good vs none	compartment=CD4_T_cell;drug_scope=all_anti_tnf	mif_cd74_receptor_state	21	41	0.0870778091033047	-0.0793872009436618	0.1664650100469665	0.2282810240739197	0.9366955262520704	0.3533670975123116	0.5516840882694541	drug mix, compartment, response-class encoding, baseline disease activity; generic inflammation tested by inflammatory_nfkb/ifn_apc residualization	0.0037266229703031	0.9665616182170784	0.0095179292934063	inflammatory_nfkb,ifn_apc	0.7292563327303276	0.7075503642774036	21	False	not_corrected_significant	0.9473413372095744	0.9998367398099568	higher_in_responders_or_post	0		False	global_baseline_fdr>0.10;global_generic_adjusted_fdr>0.10;generic_module_collinearity>0.70;no_independent_same_module_direction_replication;
GSE138746	anti-TNF	adalimumab/etanercept	rheumatoid arthritis	sorted PBMC/CD14/CD4	baseline sorted RNA-seq pooled anti-TNF; good vs none	compartment=CD4_T_cell;drug_scope=all_anti_tnf	mixscale_validated_ifng_readout	21	41	0.1581245705158722	-0.0412278357807423	0.1993524062966145	0.4381042511455224	1.7890233773921136	0.0796739579483274	0.6469221835075494	drug mix, compartment, response-class encoding, baseline disease activity; generic inflammation tested by inflammatory_nfkb/ifn_apc residualization	0.0935302886710015	0.1786102644700112	0.3535785375996046	inflammatory_nfkb,ifn_apc	0.7397394073652664	0.6267629548473517	21	False	not_corrected_significant	0.9473413372095744	0.9717298280037758	higher_in_responders_or_post	0		False	global_baseline_fdr>0.10;global_generic_adjusted_fdr>0.10;generic_module_collinearity>0.70;no_independent_same_module_direction_replication;
GSE138746	anti-TNF	adalimumab/etanercept	rheumatoid arthritis	sorted PBMC/CD14/CD4	baseline sorted RNA-seq pooled anti-TNF; good vs none	compartment=CD4_T_cell;drug_scope=all_anti_tnf	lipid_loader_repair	21	41	0.0262051747359103	-0.0585934135829502	0.0847985883188606	0.186941484557042	0.7260122396975573	0.4717002428516024	0.5888501742160279	drug mix, compartment, response-class encoding, baseline disease activity; generic inflammation tested by inflammatory_nfkb/ifn_apc residualization	-0.0080760315184711	0.9095272385869716	-0.0272298800810507	inflammatory_nfkb,ifn_apc	0.6675638352563109	0.7075503642774036	21	False	not_corrected_significant	0.9479800997114728	0.9998367398099568	higher_in_responders_or_post	0		False	global_baseline_fdr>0.10;global_generic_adjusted_fdr>0.10;no_independent_same_module_direction_replication;
GSE138746	anti-TNF	adalimumab/etanercept	rheumatoid arthritis	sorted PBMC/CD14/CD4	baseline sorted RNA-seq pooled anti-TNF; good vs none	compartment=CD4_T_cell;drug_scope=all_anti_tnf	complement_phagocytosis	21	41	0.0366849272198956	-0.041075597980872	0.0777605252007677	0.0834171096957884	0.341284250954523	0.7343139467228441	0.5400696864111498	drug mix, compartment, response-class encoding, baseline disease activity; generic inflammation tested by inflammatory_nfkb/ifn_apc residualization	-0.1634722924822852	0.1845121919246297	-0.3512289077876037	inflammatory_nfkb,ifn_apc	0.8278401523319183	0.8261031900631997	21	False	not_corrected_significant	0.9567680810732627	0.9717298280037758	higher_in_responders_or_post	0		False	global_baseline_fdr>0.10;global_generic_adjusted_fdr>0.10;generic_module_collinearity>0.70;no_independent_same_module_direction_replication;
GSE138746	anti-TNF	adalimumab/etanercept	rheumatoid arthritis	sorted PBMC/CD14/CD4	baseline sorted RNA-seq pooled anti-TNF; good vs none	compartment=CD4_T_cell;drug_scope=all_anti_tnf	hif_nampt_metabolic	21	41	0.1152437514917269	-0.0970432166691949	0.2122869681609218	0.3789451734925079	1.301731052062267	0.2023823421338718	0.5679442508710801	drug mix, compartment, response-class encoding, baseline disease activity; generic inflammation tested by inflammatory_nfkb/ifn_apc residualization	0.1563274015047526	0.0787953237685963	0.4657035800955353	inflammatory_nfkb,ifn_apc	0.7959081045581272	0.6267629548473517	21	False	not_corrected_significant	0.9473413372095744	0.9717298280037758	higher_in_responders_or_post	0		False	global_baseline_fdr>0.10;global_generic_adjusted_fdr>0.10;generic_module_collinearity>0.70;no_independent_same_module_direction_replication;
GSE138746	anti-TNF	adalimumab/etanercept	rheumatoid arthritis	sorted PBMC/CD14/CD4	baseline sorted RNA-seq pooled anti-TNF; good vs none	compartment=CD4_T_cell;drug_scope=all_anti_tnf	inflammatory_nfkb	21	41	0.0022427042850716	-0.0714673623197709	0.0737100666048425	0.1091523710648479	0.4039137609681799	0.6885201722068868	0.5296167247386759	drug mix, compartment, response-class encoding, baseline disease activity; generic inflammation tested by inflammatory_nfkb/ifn_apc residualization	-0.0170471651130613	0.9213370714881426	-0.0277627640268417	ifn_apc	0.4188049103057853	0.8261031900631997	21	False	not_corrected_significant	0.9567680810732627	0.9998367398099568	higher_in_responders_or_post	0		False	global_baseline_fdr>0.10;global_generic_adjusted_fdr>0.10;no_independent_same_module_direction_replication;
GSE138746	anti-TNF	adalimumab/etanercept	rheumatoid arthritis	sorted PBMC/CD14/CD4	baseline sorted RNA-seq pooled anti-TNF; good vs none	compartment=PBMC;drug_scope=all_anti_tnf	ifn_apc	21	41	0.1230119183900739	0.0497005375031089	0.073311380886965	0.0949003746109599	0.3902547217070573	0.6979783330059315	0.5470383275261324	drug mix, compartment, response-class encoding, baseline disease activity; generic inflammation tested by inflammatory_nfkb/ifn_apc residualization	0.0750508311716475	0.6936096684057376	0.0975830007653025	inflammatory_nfkb	0.0932280524201819	0.9655383490934326	21	False	not_corrected_significant	0.9567680810732627	0.9998367398099568	higher_in_responders_or_post	0		False	global_baseline_fdr>0.10;global_generic_adjusted_fdr>0.10;no_independent_same_module_direction_replication;
GSE138746	anti-TNF	adalimumab/etanercept	rheumatoid arthritis	sorted PBMC/CD14/CD4	baseline sorted RNA-seq pooled anti-TNF; good vs none	compartment=PBMC;drug_scope=all_anti_tnf	hla_ii_apc	21	41	0.0797497570131384	0.0705389234529812	0.0092108335601572	0.0109329461925099	0.0434380207573273	0.9655383490934326	0.4982578397212543	drug mix, compartment, response-class encoding, baseline disease activity; generic inflammation tested by inflammatory_nfkb/ifn_apc residualization	-0.057555088227744	0.6621384532260877	-0.1148356482384916	inflammatory_nfkb,ifn_apc	0.7941415280490588	0.9655383490934326	21	False	not_corrected_significant	0.9845637352824658	0.9998367398099568	higher_in_responders_or_post	0		False	global_baseline_fdr>0.10;global_generic_adjusted_fdr>0.10;generic_module_collinearity>0.70;no_independent_same_module_direction_replication;
GSE138746	anti-TNF	adalimumab/etanercept	rheumatoid arthritis	sorted PBMC/CD14/CD4	baseline sorted RNA-seq pooled anti-TNF; good vs none	compartment=PBMC;drug_scope=all_anti_tnf	lysosomal_apc	21	41	-0.1071222186416527	0.1045154613629196	-0.2116376800045724	-0.2893184381003332	-1.1582757459914348	0.252547289358527	0.4181184668989546	drug mix, compartment, response-class encoding, baseline disease activity; generic inflammation tested by inflammatory_nfkb/ifn_apc residualization	-0.2405830608217833	0.117384676107149	-0.3775931336053139	inflammatory_nfkb,ifn_apc	0.4608730395014246	0.9655383490934326	21	False	not_corrected_significant	0.9473413372095744	0.9717298280037758	lower_in_responders_or_post	0		False	global_baseline_fdr>0.10;global_generic_adjusted_fdr>0.10;no_independent_same_module_direction_replication;
GSE138746	anti-TNF	adalimumab/etanercept	rheumatoid arthritis	sorted PBMC/CD14/CD4	baseline sorted RNA-seq pooled anti-TNF; good vs none	compartment=PBMC;drug_scope=all_anti_tnf	mif_cd74_receptor_state	21	41	0.0421366066769443	0.0719330923709932	-0.0297964856940488	-0.0472153627184115	-0.1822786795890347	0.856220380061478	0.4912891986062717	drug mix, compartment, response-class encoding, baseline disease activity; generic inflammation tested by inflammatory_nfkb/ifn_apc residualization	-0.0759842246094597	0.4547477944681176	-0.1982486506667738	inflammatory_nfkb,ifn_apc	0.7905788714673813	0.9655383490934326	21	False	not_corrected_significant	0.9845637352824658	0.9956027053275534	lower_in_responders_or_post	0		False	global_baseline_fdr>0.10;global_generic_adjusted_fdr>0.10;generic_module_collinearity>0.70;no_independent_same_module_direction_replication;
GSE138746	anti-TNF	adalimumab/etanercept	rheumatoid arthritis	sorted PBMC/CD14/CD4	baseline sorted RNA-seq pooled anti-TNF; good vs none	compartment=PBMC;drug_scope=all_anti_tnf	mixscale_validated_ifng_readout	21	41	0.1400538374624584	0.0431296809808078	0.0969241564816505	0.1873363743068131	0.8406838820703169	0.4038935105945613	0.5725900116144018	drug mix, compartment, response-class encoding, baseline disease activity; generic inflammation tested by inflammatory_nfkb/ifn_apc residualization	0.0595634551227817	0.4246220298219331	0.2176755886004826	inflammatory_nfkb,ifn_apc	0.8259740037957337	0.9655383490934326	21	False	not_corrected_significant	0.9473413372095744	0.9956027053275534	higher_in_responders_or_post	0		False	global_baseline_fdr>0.10;global_generic_adjusted_fdr>0.10;generic_module_collinearity>0.70;no_independent_same_module_direction_replication;
GSE138746	anti-TNF	adalimumab/etanercept	rheumatoid arthritis	sorted PBMC/CD14/CD4	baseline sorted RNA-seq pooled anti-TNF; good vs none	compartment=PBMC;drug_scope=all_anti_tnf	lipid_loader_repair	21	41	-0.0262428060554286	0.0307569288194046	-0.0569997348748333	-0.1299002028805083	-0.5331717414176561	0.5962484826718943	0.4959349593495935	drug mix, compartment, response-class encoding, baseline disease activity; generic inflammation tested by inflammatory_nfkb/ifn_apc residualization	-0.0672699800267339	0.5013364009600132	-0.1602897438264603	inflammatory_nfkb,ifn_apc	0.2759801790276558	0.9655383490934326	21	False	not_corrected_significant	0.9492982233755103	0.9956027053275534	lower_in_responders_or_post	0		False	global_baseline_fdr>0.10;global_generic_adjusted_fdr>0.10;no_independent_same_module_direction_replication;
GSE138746	anti-TNF	adalimumab/etanercept	rheumatoid arthritis	sorted PBMC/CD14/CD4	baseline sorted RNA-seq pooled anti-TNF; good vs none	compartment=PBMC;drug_scope=all_anti_tnf	complement_phagocytosis	21	41	-0.1314575755968229	0.1158817496881261	-0.2473393252849491	-0.3301444108068976	-1.372609457969921	0.1757410269447556	0.4076655052264808	drug mix, compartment, response-class encoding, baseline disease activity; generic inflammation tested by inflammatory_nfkb/ifn_apc residualization	-0.287307576657379	0.061578273617909	-0.4874428825785023	inflammatory_nfkb,ifn_apc	0.592725350773198	0.9655383490934326	21	False	not_corrected_significant	0.9473413372095744	0.9717298280037758	lower_in_responders_or_post	0		False	global_baseline_fdr>0.10;global_generic_adjusted_fdr>0.10;no_independent_same_module_direction_replication;
GSE138746	anti-TNF	adalimumab/etanercept	rheumatoid arthritis	sorted PBMC/CD14/CD4	baseline sorted RNA-seq pooled anti-TNF; good vs none	compartment=PBMC;drug_scope=all_anti_tnf	hif_nampt_metabolic	21	41	-0.0781312525457657	-0.0069385222554788	-0.0711927302902869	-0.1316628801696415	-0.4715813513372718	0.6401360613178196	0.4645760743321718	drug mix, compartment, response-class encoding, baseline disease activity; generic inflammation tested by inflammatory_nfkb/ifn_apc residualization	-0.0614510883889089	0.4648483043578267	-0.1837052481655613	inflammatory_nfkb,ifn_apc	0.7846707590754511	0.9655383490934326	21	False	not_corrected_significant	0.9567680810732627	0.9956027053275534	lower_in_responders_or_post	0		False	global_baseline_fdr>0.10;global_generic_adjusted_fdr>0.10;generic_module_collinearity>0.70;no_independent_same_module_direction_replication;
GSE138746	anti-TNF	adalimumab/etanercept	rheumatoid arthritis	sorted PBMC/CD14/CD4	baseline sorted RNA-seq pooled anti-TNF; good vs none	compartment=PBMC;drug_scope=all_anti_tnf	inflammatory_nfkb	21	41	-0.0335606214378978	-0.0169222666445676	-0.0166383547933302	-0.0241283830806437	-0.0916002098393311	0.9274608129436074	0.5063879210220673	drug mix, compartment, response-class encoding, baseline disease activity; generic inflammation tested by inflammatory_nfkb/ifn_apc residualization	-0.0227332042575054	0.9016458383175	-0.0331131560199241	ifn_apc	0.0932280524201819	0.9655383490934326	21	False	not_corrected_significant	0.9845637352824658	0.9998367398099568	lower_in_responders_or_post	0		False	global_baseline_fdr>0.10;global_generic_adjusted_fdr>0.10;no_independent_same_module_direction_replication;
GSE253006	JAK/TYK	tofacitinib	ulcerative colitis	marker-derived rectal single-cell compartments	baseline responder vs non-responder marker-compartment scRNA score	marker_compartment=b_plasma_like	ifn_apc	5	6	0.0130415904595864	-0.0699995410024401	0.0830411314620265	0.3399415487642676	0.5657674701544986	0.597307928050163	0.4666666666666667	n=11 baseline, marker-derived compartments, concomitant UC severity/cell-composition; generic inflammation tested by inflammatory_nfkb/ifn_apc residualization	0.0821949208386985	0.4493403112362116	0.4300316298972887	inflammatory_nfkb	0.6107361667344404	0.9925556991589464	5	False	not_corrected_significant	0.9492982233755103	0.9956027053275534	higher_in_responders_or_post	2	GSE138746	False	global_baseline_fdr>0.10;global_generic_adjusted_fdr>0.10;min_group_n<10;
GSE253006	JAK/TYK	tofacitinib	ulcerative colitis	marker-derived rectal single-cell compartments	baseline responder vs non-responder marker-compartment scRNA score	marker_compartment=b_plasma_like	hla_ii_apc	5	6	0.0248847459498374	-0.1033224906897574	0.1282072366395949	0.3330729791494743	0.5616852435174896	0.5972937571698643	0.5	n=11 baseline, marker-derived compartments, concomitant UC severity/cell-composition; generic inflammation tested by inflammatory_nfkb/ifn_apc residualization	0.0014515895596666	0.9799961419272832	0.0154153410672139	inflammatory_nfkb,ifn_apc	0.9708036195797192	0.9925556991589464	5	False	not_corrected_significant	0.9492982233755103	0.9998367398099568	higher_in_responders_or_post	0		False	global_baseline_fdr>0.10;global_generic_adjusted_fdr>0.10;min_group_n<10;generic_module_collinearity>0.70;no_independent_same_module_direction_replication;
GSE253006	JAK/TYK	tofacitinib	ulcerative colitis	marker-derived rectal single-cell compartments	baseline responder vs non-responder marker-compartment scRNA score	marker_compartment=b_plasma_like	lysosomal_apc	5	6	-0.0265928270745602	-0.0048636728164872	-0.021729154258073	-0.27041828084006	-0.4679030858026626	0.6550010008088971	0.3333333333333333	n=11 baseline, marker-derived compartments, concomitant UC severity/cell-composition; generic inflammation tested by inflammatory_nfkb/ifn_apc residualization	-0.031313263244386	0.225051053685697	-0.6872092122188004	inflammatory_nfkb,ifn_apc	0.7474552995090578	0.9925556991589464	5	False	not_corrected_significant	0.9567680810732627	0.9717298280037758	lower_in_responders_or_post	2	GSE138746	False	global_baseline_fdr>0.10;global_generic_adjusted_fdr>0.10;min_group_n<10;generic_module_collinearity>0.70;
GSE253006	JAK/TYK	tofacitinib	ulcerative colitis	marker-derived rectal single-cell compartments	baseline responder vs non-responder marker-compartment scRNA score	marker_compartment=b_plasma_like	mif_cd74_receptor_state	5	6	0.0264276007823177	-0.1042224270673848	0.1306500278497026	0.3030852045141829	0.5082165360798316	0.6327493727553384	0.5	n=11 baseline, marker-derived compartments, concomitant UC severity/cell-composition; generic inflammation tested by inflammatory_nfkb/ifn_apc residualization	-0.0050017351330656	0.9398354900416532	-0.0469778940725597	inflammatory_nfkb,ifn_apc	0.9686091962088828	0.9925556991589464	5	False	not_corrected_significant	0.9567680810732627	0.9998367398099568	higher_in_responders_or_post	0		False	global_baseline_fdr>0.10;global_generic_adjusted_fdr>0.10;min_group_n<10;generic_module_collinearity>0.70;no_independent_same_module_direction_replication;
GSE253006	JAK/TYK	tofacitinib	ulcerative colitis	marker-derived rectal single-cell compartments	baseline responder vs non-responder marker-compartment scRNA score	marker_compartment=b_plasma_like	mixscale_validated_ifng_readout	5	6	-0.0188991765874011	-0.0342606151253049	0.0153614385379037	0.076477579319657	0.1281650938692217	0.9029966397831384	0.3999999999999999	n=11 baseline, marker-derived compartments, concomitant UC severity/cell-composition; generic inflammation tested by inflammatory_nfkb/ifn_apc residualization	-0.0470818551929678	0.0825322610296448	-1.0444944107033318	inflammatory_nfkb,ifn_apc	0.9634149484563308	0.9925556991589464	5	False	not_corrected_significant	0.9845637352824658	0.9717298280037758	higher_in_responders_or_post	2	GSE138746	False	global_baseline_fdr>0.10;global_generic_adjusted_fdr>0.10;min_group_n<10;generic_module_collinearity>0.70;
GSE253006	JAK/TYK	tofacitinib	ulcerative colitis	marker-derived rectal single-cell compartments	baseline responder vs non-responder marker-compartment scRNA score	marker_compartment=b_plasma_like	lipid_loader_repair	5	6	-0.0085051788854498	-0.0109667139863076	0.0024615351008578	0.0589629674871046	0.1009151071287687	0.92290832035594	0.4333333333333333	n=11 baseline, marker-derived compartments, concomitant UC severity/cell-composition; generic inflammation tested by inflammatory_nfkb/ifn_apc residualization	-0.0063549467355122	0.7135963350198314	-0.2180183011204619	inflammatory_nfkb,ifn_apc	0.7041946827444213	0.9925556991589464	5	False	not_corrected_significant	0.9845637352824658	0.9998367398099568	higher_in_responders_or_post	0		False	global_baseline_fdr>0.10;global_generic_adjusted_fdr>0.10;min_group_n<10;generic_module_collinearity>0.70;no_independent_same_module_direction_replication;
GSE253006	JAK/TYK	tofacitinib	ulcerative colitis	marker-derived rectal single-cell compartments	baseline responder vs non-responder marker-compartment scRNA score	marker_compartment=b_plasma_like	complement_phagocytosis	5	6	0.0105539316599676	-0.0251868675663704	0.0357407992263381	0.6675110511146032	1.1050297045719104	0.3243734510835452	0.6666666666666667	n=11 baseline, marker-derived compartments, concomitant UC severity/cell-composition; generic inflammation tested by inflammatory_nfkb/ifn_apc residualization	0.0309037951628267	0.3749714620422635	0.5843004479007102	inflammatory_nfkb,ifn_apc	0.121541195484528	0.9925556991589464	5	False	not_corrected_significant	0.9473413372095744	0.9956027053275534	higher_in_responders_or_post	0		False	global_baseline_fdr>0.10;global_generic_adjusted_fdr>0.10;min_group_n<10;no_independent_same_module_direction_replication;
GSE253006	JAK/TYK	tofacitinib	ulcerative colitis	marker-derived rectal single-cell compartments	baseline responder vs non-responder marker-compartment scRNA score	marker_compartment=b_plasma_like	hif_nampt_metabolic	5	6	-0.0062551387092914	-0.0186113211158729	0.0123561824065814	0.0900665880033202	0.1507686595878501	0.8860857242381855	0.5	n=11 baseline, marker-derived compartments, concomitant UC severity/cell-composition; generic inflammation tested by inflammatory_nfkb/ifn_apc residualization	-0.0053359669998809	0.7587769932845521	-0.1817297115048366	inflammatory_nfkb,ifn_apc	0.9303915107683576	0.9925556991589464	5	False	not_corrected_significant	0.9845637352824658	0.9998367398099568	higher_in_responders_or_post	0		False	global_baseline_fdr>0.10;global_generic_adjusted_fdr>0.10;min_group_n<10;generic_module_collinearity>0.70;no_independent_same_module_direction_replication;
GSE253006	JAK/TYK	tofacitinib	ulcerative colitis	marker-derived rectal single-cell compartments	baseline responder vs non-responder marker-compartment scRNA score	marker_compartment=b_plasma_like	inflammatory_nfkb	5	6	-0.0059375797159624	-0.0065390374655769	0.0006014577496144	0.0055568274604303	0.0096740132833458	0.9925556991589464	0.4666666666666667	n=11 baseline, marker-derived compartments, concomitant UC severity/cell-composition; generic inflammation tested by inflammatory_nfkb/ifn_apc residualization	-0.0214139730226873	0.6394648193521445	-0.2527277322835277	ifn_apc	0.6107361667344404	0.9925556991589464	5	False	not_corrected_significant	0.9925556991589464	0.9998367398099568	higher_in_responders_or_post	0		False	global_baseline_fdr>0.10;global_generic_adjusted_fdr>0.10;min_group_n<10;no_independent_same_module_direction_replication;
GSE253006	JAK/TYK	tofacitinib	ulcerative colitis	marker-derived rectal single-cell compartments	baseline responder vs non-responder marker-compartment scRNA score	marker_compartment=epithelial_like	ifn_apc	5	6	-0.0283943195788376	-0.0340095788958732	0.0056152593170355	0.0317038074812768	0.0544315805537906	0.9583156033968296	0.4333333333333333	n=11 baseline, marker-derived compartments, concomitant UC severity/cell-composition; generic inflammation tested by inflammatory_nfkb/ifn_apc residualization	-0.0042954177812434	0.9673173913055684	-0.0250680139157149	inflammatory_nfkb	0.2533268257176289	0.9583156033968296	5	False	not_corrected_significant	0.9845637352824658	0.9998367398099568	higher_in_responders_or_post	2	GSE138746	False	global_baseline_fdr>0.10;global_generic_adjusted_fdr>0.10;min_group_n<10;
GSE253006	JAK/TYK	tofacitinib	ulcerative colitis	marker-derived rectal single-cell compartments	baseline responder vs non-responder marker-compartment scRNA score	marker_compartment=epithelial_like	hla_ii_apc	5	6	-0.0553595146654824	0.0164181189113495	-0.071777633576832	-0.332701460800843	-0.585122728532383	0.5758021577309352	0.4333333333333333	n=11 baseline, marker-derived compartments, concomitant UC severity/cell-composition; generic inflammation tested by inflammatory_nfkb/ifn_apc residualization	-0.0874773374735905	0.0689294588515563	-1.1021517950664532	inflammatory_nfkb,ifn_apc	0.8795010942490536	0.9409592736240048	5	False	not_corrected_significant	0.9492982233755103	0.9717298280037758	lower_in_responders_or_post	0		False	global_baseline_fdr>0.10;global_generic_adjusted_fdr>0.10;min_group_n<10;generic_module_collinearity>0.70;no_independent_same_module_direction_replication;
GSE253006	JAK/TYK	tofacitinib	ulcerative colitis	marker-derived rectal single-cell compartments	baseline responder vs non-responder marker-compartment scRNA score	marker_compartment=epithelial_like	lysosomal_apc	5	6	0.0350705014045178	-0.0198371445588268	0.0549076459633446	0.616793901249252	1.0596558068622348	0.3289045854960636	0.7000000000000001	n=11 baseline, marker-derived compartments, concomitant UC severity/cell-composition; generic inflammation tested by inflammatory_nfkb/ifn_apc residualization	0.0431525955776365	0.3440647495228852	0.622398803850247	inflammatory_nfkb,ifn_apc	0.5856641395800388	0.9409592736240048	5	False	not_corrected_significant	0.9473413372095744	0.9956027053275534	higher_in_responders_or_post	0		False	global_baseline_fdr>0.10;global_generic_adjusted_fdr>0.10;min_group_n<10;no_independent_same_module_direction_replication;
GSE253006	JAK/TYK	tofacitinib	ulcerative colitis	marker-derived rectal single-cell compartments	baseline responder vs non-responder marker-compartment scRNA score	marker_compartment=epithelial_like	mif_cd74_receptor_state	5	6	-0.0452947097055671	0.0131075935922851	-0.0584023032978523	-0.234508669675835	-0.4164652987496173	0.688117545993722	0.4	n=11 baseline, marker-derived compartments, concomitant UC severity/cell-composition; generic inflammation tested by inflammatory_nfkb/ifn_apc residualization	-0.0860767479974209	0.1504311363253367	-0.8394206763324348	inflammatory_nfkb,ifn_apc	0.8021230059961079	0.9409592736240048	5	False	not_corrected_significant	0.9567680810732627	0.9717298280037758	lower_in_responders_or_post	0		False	global_baseline_fdr>0.10;global_generic_adjusted_fdr>0.10;min_group_n<10;generic_module_collinearity>0.70;no_independent_same_module_direction_replication;
GSE253006	JAK/TYK	tofacitinib	ulcerative colitis	marker-derived rectal single-cell compartments	baseline responder vs non-responder marker-compartment scRNA score	marker_compartment=epithelial_like	mixscale_validated_ifng_readout	5	6	0.0042366469299209	-0.0335294627676927	0.0377661096976137	0.2797942990988999	0.4695289460858204	0.6581719214543649	0.6	n=11 baseline, marker-derived compartments, concomitant UC severity/cell-composition; generic inflammation tested by inflammatory_nfkb/ifn_apc residualization	0.0291457827530725	0.3089961774523231	0.6664088490482762	inflammatory_nfkb,ifn_apc	0.9263506673812052	0.9409592736240048	5	False	not_corrected_significant	0.9567680810732627	0.9717298280037758	higher_in_responders_or_post	2	GSE138746	False	global_baseline_fdr>0.10;global_generic_adjusted_fdr>0.10;min_group_n<10;generic_module_collinearity>0.70;
GSE253006	JAK/TYK	tofacitinib	ulcerative colitis	marker-derived rectal single-cell compartments	baseline responder vs non-responder marker-compartment scRNA score	marker_compartment=epithelial_like	lipid_loader_repair	5	6	0.0061059392393841	-0.0046280891001471	0.0107340283395312	0.1161179917825244	0.2125863214031245	0.8364082432213376	0.5333333333333333	n=11 baseline, marker-derived compartments, concomitant UC severity/cell-composition; generic inflammation tested by inflammatory_nfkb/ifn_apc residualization	-0.003832175505237	0.9081861299285	-0.0616176821685495	inflammatory_nfkb,ifn_apc	0.727622025931912	0.9409592736240048	5	False	not_corrected_significant	0.9845637352824658	0.9998367398099568	higher_in_responders_or_post	0		False	global_baseline_fdr>0.10;global_generic_adjusted_fdr>0.10;min_group_n<10;generic_module_collinearity>0.70;no_independent_same_module_direction_replication;
GSE253006	JAK/TYK	tofacitinib	ulcerative colitis	marker-derived rectal single-cell compartments	baseline responder vs non-responder marker-compartment scRNA score	marker_compartment=epithelial_like	complement_phagocytosis	5	6	-0.0057425087591297	-0.0313319965024726	0.0255894877433428	0.4687673272623345	0.8236384343775569	0.4359579731371608	0.6000000000000001	n=11 baseline, marker-derived compartments, concomitant UC severity/cell-composition; generic inflammation tested by inflammatory_nfkb/ifn_apc residualization	0.0274868372037787	0.1668747773409009	0.8010670038898906	inflammatory_nfkb,ifn_apc	0.6965692753898595	0.9409592736240048	5	False	not_corrected_significant	0.9473413372095744	0.9717298280037758	higher_in_responders_or_post	0		False	global_baseline_fdr>0.10;global_generic_adjusted_fdr>0.10;min_group_n<10;no_independent_same_module_direction_replication;
GSE253006	JAK/TYK	tofacitinib	ulcerative colitis	marker-derived rectal single-cell compartments	baseline responder vs non-responder marker-compartment scRNA score	marker_compartment=epithelial_like	hif_nampt_metabolic	5	6	0.0209224610215858	-0.0167039035437959	0.0376263645653817	0.1994666340335748	0.3415682911126829	0.7442804460056891	0.6333333333333333	n=11 baseline, marker-derived compartments, concomitant UC severity/cell-composition; generic inflammation tested by inflammatory_nfkb/ifn_apc residualization	0.0136923428355997	0.8356181256245916	0.1154369464106037	inflammatory_nfkb,ifn_apc	0.6235979546135048	0.9409592736240048	5	False	not_corrected_significant	0.9567680810732627	0.9998367398099568	higher_in_responders_or_post	0		False	global_baseline_fdr>0.10;global_generic_adjusted_fdr>0.10;min_group_n<10;no_independent_same_module_direction_replication;
GSE253006	JAK/TYK	tofacitinib	ulcerative colitis	marker-derived rectal single-cell compartments	baseline responder vs non-responder marker-compartment scRNA score	marker_compartment=epithelial_like	inflammatory_nfkb	5	6	0.0624759418978967	0.015373479501743	0.0471024623961536	0.2228220841438562	0.3744403634688139	0.7230422252394716	0.4	n=11 baseline, marker-derived compartments, concomitant UC severity/cell-composition; generic inflammation tested by inflammatory_nfkb/ifn_apc residualization	0.0453897972301744	0.7264823273566832	0.2219449419665016	ifn_apc	0.2533268257176288	0.9409592736240048	5	False	not_corrected_significant	0.9567680810732627	0.9998367398099568	higher_in_responders_or_post	0		False	global_baseline_fdr>0.10;global_generic_adjusted_fdr>0.10;min_group_n<10;no_independent_same_module_direction_replication;
GSE253006	JAK/TYK	tofacitinib	ulcerative colitis	marker-derived rectal single-cell compartments	baseline responder vs non-responder marker-compartment scRNA score	marker_compartment=myeloid_apc_like	ifn_apc	5	6	-0.060475427326754	0.0209710988016661	-0.0814465261284202	-0.4611564922424847	-0.8358553706864545	0.425471637046245	0.3333333333333333	n=11 baseline, marker-derived compartments, concomitant UC severity/cell-composition; generic inflammation tested by inflammatory_nfkb/ifn_apc residualization	-0.0948540805489529	0.298327467158329	-0.5904690652778185	inflammatory_nfkb	0.3671824538261489	0.829883096734675	5	False	not_corrected_significant	0.9473413372095744	0.9717298280037758	lower_in_responders_or_post	0		False	global_baseline_fdr>0.10;global_generic_adjusted_fdr>0.10;min_group_n<10;no_independent_same_module_direction_replication;
GSE253006	JAK/TYK	tofacitinib	ulcerative colitis	marker-derived rectal single-cell compartments	baseline responder vs non-responder marker-compartment scRNA score	marker_compartment=myeloid_apc_like	hla_ii_apc	5	6	-0.0018935943709066	0.0663130685895283	-0.068206662960435	-0.2326665987017166	-0.4188085701947456	0.685715401156251	0.4333333333333333	n=11 baseline, marker-derived compartments, concomitant UC severity/cell-composition; generic inflammation tested by inflammatory_nfkb/ifn_apc residualization	-0.0170074449683577	0.815535414133138	-0.1403983269085594	inflammatory_nfkb,ifn_apc	0.7893553282879608	0.829883096734675	5	False	not_corrected_significant	0.9567680810732627	0.9998367398099568	lower_in_responders_or_post	0		False	global_baseline_fdr>0.10;global_generic_adjusted_fdr>0.10;min_group_n<10;generic_module_collinearity>0.70;no_independent_same_module_direction_replication;
GSE253006	JAK/TYK	tofacitinib	ulcerative colitis	marker-derived rectal single-cell compartments	baseline responder vs non-responder marker-compartment scRNA score	marker_compartment=myeloid_apc_like	lysosomal_apc	5	6	-0.0006597923487197	0.0398144999878625	-0.0404742923365822	-0.3487932848075061	-0.6810016267669985	0.5195565173239183	0.4333333333333333	n=11 baseline, marker-derived compartments, concomitant UC severity/cell-composition; generic inflammation tested by inflammatory_nfkb/ifn_apc residualization	0.0003339848069869	0.9950647695902638	0.0034651292582955	inflammatory_nfkb,ifn_apc	0.4335180607311511	0.829883096734675	5	False	not_corrected_significant	0.9492982233755103	0.9998367398099568	lower_in_responders_or_post	2	GSE138746	False	global_baseline_fdr>0.10;global_generic_adjusted_fdr>0.10;min_group_n<10;
GSE253006	JAK/TYK	tofacitinib	ulcerative colitis	marker-derived rectal single-cell compartments	baseline responder vs non-responder marker-compartment scRNA score	marker_compartment=myeloid_apc_like	mif_cd74_receptor_state	5	6	-0.0069091935788176	0.0698037141667506	-0.0767129077455682	-0.3330812916667642	-0.6182261935763754	0.5518280310584686	0.3999999999999999	n=11 baseline, marker-derived compartments, concomitant UC severity/cell-composition; generic inflammation tested by inflammatory_nfkb/ifn_apc residualization	-0.0150284630175885	0.8386431254337122	-0.1211084051399499	inflammatory_nfkb,ifn_apc	0.810428299233918	0.829883096734675	5	False	not_corrected_significant	0.9492982233755103	0.9998367398099568	lower_in_responders_or_post	0		False	global_baseline_fdr>0.10;global_generic_adjusted_fdr>0.10;min_group_n<10;generic_module_collinearity>0.70;no_independent_same_module_direction_replication;
GSE253006	JAK/TYK	tofacitinib	ulcerative colitis	marker-derived rectal single-cell compartments	baseline responder vs non-responder marker-compartment scRNA score	marker_compartment=myeloid_apc_like	mixscale_validated_ifng_readout	5	6	-0.0371681479304496	0.031135907757111	-0.0683040556875606	-0.5716429589162694	-1.1052468540347322	0.3050806089081045	0.3666666666666667	n=11 baseline, marker-derived compartments, concomitant UC severity/cell-composition; generic inflammation tested by inflammatory_nfkb/ifn_apc residualization	-0.0008255124939716	0.977727922306155	-0.0152694211659104	inflammatory_nfkb,ifn_apc	0.6929349392590578	0.829883096734675	5	False	not_corrected_significant	0.9473413372095744	0.9998367398099568	lower_in_responders_or_post	0		False	global_baseline_fdr>0.10;global_generic_adjusted_fdr>0.10;min_group_n<10;no_independent_same_module_direction_replication;
GSE253006	JAK/TYK	tofacitinib	ulcerative colitis	marker-derived rectal single-cell compartments	baseline responder vs non-responder marker-compartment scRNA score	marker_compartment=myeloid_apc_like	lipid_loader_repair	5	6	0.0232543546124812	0.0280946170936075	-0.0048402624811263	-0.0530699076888962	-0.0919776923406801	0.9294264162546714	0.4666666666666667	n=11 baseline, marker-derived compartments, concomitant UC severity/cell-composition; generic inflammation tested by inflammatory_nfkb/ifn_apc residualization	-0.0031299587536121	0.9522042258200414	-0.0355756222435366	inflammatory_nfkb,ifn_apc	0.2365845755471736	0.9294264162546714	5	False	not_corrected_significant	0.9845637352824658	0.9998367398099568	lower_in_responders_or_post	0		False	global_baseline_fdr>0.10;global_generic_adjusted_fdr>0.10;min_group_n<10;no_independent_same_module_direction_replication;
GSE253006	JAK/TYK	tofacitinib	ulcerative colitis	marker-derived rectal single-cell compartments	baseline responder vs non-responder marker-compartment scRNA score	marker_compartment=myeloid_apc_like	complement_phagocytosis	5	6	0.060850713162127	-0.0072062654934927	0.0680569786556198	0.3124140031109976	0.5460040481655687	0.6018050302612212	0.7000000000000001	n=11 baseline, marker-derived compartments, concomitant UC severity/cell-composition; generic inflammation tested by inflammatory_nfkb/ifn_apc residualization	0.0789922875997355	0.1159996596539964	0.9351094144274542	inflammatory_nfkb,ifn_apc	0.8148577908333593	0.829883096734675	5	False	not_corrected_significant	0.9492982233755103	0.9717298280037758	higher_in_responders_or_post	0		False	global_baseline_fdr>0.10;global_generic_adjusted_fdr>0.10;min_group_n<10;generic_module_collinearity>0.70;no_independent_same_module_direction_replication;
GSE253006	JAK/TYK	tofacitinib	ulcerative colitis	marker-derived rectal single-cell compartments	baseline responder vs non-responder marker-compartment scRNA score	marker_compartment=myeloid_apc_like	hif_nampt_metabolic	5	6	-0.0668934277477145	0.0321260575201402	-0.0990194852678548	-0.3041108601170774	-0.5295507019931027	0.613034208252763	0.3333333333333333	n=11 baseline, marker-derived compartments, concomitant UC severity/cell-composition; generic inflammation tested by inflammatory_nfkb/ifn_apc residualization	-0.0285209334604018	0.5035277954480673	-0.3806656759063663	inflammatory_nfkb,ifn_apc	0.972043892120966	0.829883096734675	5	False	not_corrected_significant	0.9541209105888868	0.9956027053275534	lower_in_responders_or_post	0		False	global_baseline_fdr>0.10;global_generic_adjusted_fdr>0.10;min_group_n<10;generic_module_collinearity>0.70;no_independent_same_module_direction_replication;
GSE253006	JAK/TYK	tofacitinib	ulcerative colitis	marker-derived rectal single-cell compartments	baseline responder vs non-responder marker-compartment scRNA score	marker_compartment=myeloid_apc_like	inflammatory_nfkb	5	6	-0.0590266561850123	0.0128093938379521	-0.0718360500229644	-0.2006611745451363	-0.34891670560394	0.7376738637641554	0.4	n=11 baseline, marker-derived compartments, concomitant UC severity/cell-composition; generic inflammation tested by inflammatory_nfkb/ifn_apc residualization	-0.1306701725873809	0.4943288571718119	-0.4007622704874983	ifn_apc	0.3671824538261489	0.829883096734675	5	False	not_corrected_significant	0.9567680810732627	0.9956027053275534	lower_in_responders_or_post	0		False	global_baseline_fdr>0.10;global_generic_adjusted_fdr>0.10;min_group_n<10;no_independent_same_module_direction_replication;
GSE253006	JAK/TYK	tofacitinib	ulcerative colitis	marker-derived rectal single-cell compartments	baseline responder vs non-responder marker-compartment scRNA score	marker_compartment=stromal_endothelial_like	ifn_apc	4	6	0.0626726728436565	-0.065660263396524	0.1283329362401805	0.7067636870408031	0.9892839548596286	0.3898370440097181	0.5833333333333333	n=11 baseline, marker-derived compartments, concomitant UC severity/cell-composition; generic inflammation tested by inflammatory_nfkb/ifn_apc residualization	0.1529638631292688	0.275203773742489	0.93288122275671	inflammatory_nfkb	0.3010432599120974	0.6744174419004436	4	False	too_underpowered_for_effect_size_claim	0.9473413372095744	0.9717298280037758	higher_in_responders_or_post	2	GSE138746	False	global_baseline_fdr>0.10;global_generic_adjusted_fdr>0.10;min_group_n<10;
GSE253006	JAK/TYK	tofacitinib	ulcerative colitis	marker-derived rectal single-cell compartments	baseline responder vs non-responder marker-compartment scRNA score	marker_compartment=stromal_endothelial_like	hla_ii_apc	4	6	-0.0556343529457654	-0.0041718820677672	-0.0514624708779982	-0.4537998587706068	-0.8153926335911816	0.4398763400100463	0.3333333333333333	n=11 baseline, marker-derived compartments, concomitant UC severity/cell-composition; generic inflammation tested by inflammatory_nfkb/ifn_apc residualization	-0.0349903762280611	0.54445514681083	-0.4146500529576256	inflammatory_nfkb,ifn_apc	0.653357440254301	0.6744174419004436	4	False	too_underpowered_for_effect_size_claim	0.9473413372095744	0.9956027053275534	lower_in_responders_or_post	0		False	global_baseline_fdr>0.10;global_generic_adjusted_fdr>0.10;min_group_n<10;no_independent_same_module_direction_replication;
GSE253006	JAK/TYK	tofacitinib	ulcerative colitis	marker-derived rectal single-cell compartments	baseline responder vs non-responder marker-compartment scRNA score	marker_compartment=stromal_endothelial_like	lysosomal_apc	4	6	0.016872378815698	-0.0467463888553586	0.0636187676710567	0.6053057484924717	1.1982117401954653	0.2674707135043464	0.7916666666666667	n=11 baseline, marker-derived compartments, concomitant UC severity/cell-composition; generic inflammation tested by inflammatory_nfkb/ifn_apc residualization	0.0794668276743886	0.1754054175704893	0.877740149514086	inflammatory_nfkb,ifn_apc	0.3999234786101667	0.6744174419004436	4	False	too_underpowered_for_effect_size_claim	0.9473413372095744	0.9717298280037758	higher_in_responders_or_post	0		False	global_baseline_fdr>0.10;global_generic_adjusted_fdr>0.10;min_group_n<10;no_independent_same_module_direction_replication;
GSE253006	JAK/TYK	tofacitinib	ulcerative colitis	marker-derived rectal single-cell compartments	baseline responder vs non-responder marker-compartment scRNA score	marker_compartment=stromal_endothelial_like	mif_cd74_receptor_state	4	6	-0.0217684266395762	-0.0175022867752079	-0.0042661398643683	-0.0355379882204336	-0.0616151316563271	0.9526369215625984	0.5	n=11 baseline, marker-derived compartments, concomitant UC severity/cell-composition; generic inflammation tested by inflammatory_nfkb/ifn_apc residualization	-0.008443126759453	0.8829672355660824	-0.1013379366838869	inflammatory_nfkb,ifn_apc	0.6220872480535535	0.9526369215625984	4	False	too_underpowered_for_effect_size_claim	0.9845637352824658	0.9998367398099568	lower_in_responders_or_post	0		False	global_baseline_fdr>0.10;global_generic_adjusted_fdr>0.10;min_group_n<10;no_independent_same_module_direction_replication;
GSE253006	JAK/TYK	tofacitinib	ulcerative colitis	marker-derived rectal single-cell compartments	baseline responder vs non-responder marker-compartment scRNA score	marker_compartment=stromal_endothelial_like	mixscale_validated_ifng_readout	4	6	0.0309817842063636	-0.0509705316767483	0.081952315883112	0.678861384401744	1.0102890362912915	0.3700020506148771	0.6666666666666667	n=11 baseline, marker-derived compartments, concomitant UC severity/cell-composition; generic inflammation tested by inflammatory_nfkb/ifn_apc residualization	0.0246113500527117	0.6450022566570582	0.3430256484823559	inflammatory_nfkb,ifn_apc	0.815395230930795	0.6744174419004436	4	False	too_underpowered_for_effect_size_claim	0.9473413372095744	0.9998367398099568	higher_in_responders_or_post	2	GSE138746	False	global_baseline_fdr>0.10;global_generic_adjusted_fdr>0.10;min_group_n<10;generic_module_collinearity>0.70;
GSE253006	JAK/TYK	tofacitinib	ulcerative colitis	marker-derived rectal single-cell compartments	baseline responder vs non-responder marker-compartment scRNA score	marker_compartment=stromal_endothelial_like	lipid_loader_repair	4	6	-0.0341300271090842	0.0183390788445561	-0.0524691059536403	-0.8631989686065908	-1.7043787735679454	0.1291005304807392	0.2083333333333333	n=11 baseline, marker-derived compartments, concomitant UC severity/cell-composition; generic inflammation tested by inflammatory_nfkb/ifn_apc residualization	-0.0343626685010963	0.3209677344995406	-0.5518851826688963	inflammatory_nfkb,ifn_apc	0.2187557522042869	0.6744174419004436	4	False	too_underpowered_for_effect_size_claim	0.9473413372095744	0.9717298280037758	lower_in_responders_or_post	0		False	global_baseline_fdr>0.10;global_generic_adjusted_fdr>0.10;min_group_n<10;no_independent_same_module_direction_replication;
GSE253006	JAK/TYK	tofacitinib	ulcerative colitis	marker-derived rectal single-cell compartments	baseline responder vs non-responder marker-compartment scRNA score	marker_compartment=stromal_endothelial_like	complement_phagocytosis	4	6	0.0107757513176611	-0.0113814393459799	0.022157190663641	0.4194357478096727	0.6522677277796018	0.5453177842169848	0.625	n=11 baseline, marker-derived compartments, concomitant UC severity/cell-composition; generic inflammation tested by inflammatory_nfkb/ifn_apc residualization	-0.0058669874410338	0.7571009111940122	-0.1763254976896134	inflammatory_nfkb,ifn_apc	0.7893706383024305	0.7011228654218377	4	False	too_underpowered_for_effect_size_claim	0.9492982233755103	0.9998367398099568	higher_in_responders_or_post	0		False	global_baseline_fdr>0.10;global_generic_adjusted_fdr>0.10;min_group_n<10;generic_module_collinearity>0.70;no_independent_same_module_direction_replication;
GSE253006	JAK/TYK	tofacitinib	ulcerative colitis	marker-derived rectal single-cell compartments	baseline responder vs non-responder marker-compartment scRNA score	marker_compartment=stromal_endothelial_like	hif_nampt_metabolic	4	6	-8.418752669080154e-05	-0.0059019518985304	0.0058177643718396	0.0573085188798787	0.0844950659851965	0.9368798603922496	0.4583333333333333	n=11 baseline, marker-derived compartments, concomitant UC severity/cell-composition; generic inflammation tested by inflammatory_nfkb/ifn_apc residualization	0.0268364799575426	0.6590141366658466	0.3344531731217521	inflammatory_nfkb,ifn_apc	0.5900899653666836	0.9526369215625984	4	False	too_underpowered_for_effect_size_claim	0.9845637352824658	0.9998367398099568	higher_in_responders_or_post	0		False	global_baseline_fdr>0.10;global_generic_adjusted_fdr>0.10;min_group_n<10;no_independent_same_module_direction_replication;
GSE253006	JAK/TYK	tofacitinib	ulcerative colitis	marker-derived rectal single-cell compartments	baseline responder vs non-responder marker-compartment scRNA score	marker_compartment=stromal_endothelial_like	inflammatory_nfkb	4	6	-0.0333673744693094	-0.000545648399419	-0.0328217260698903	-0.4278756318765662	-0.7951641290544509	0.449611627933629	0.3333333333333333	n=11 baseline, marker-derived compartments, concomitant UC severity/cell-composition; generic inflammation tested by inflammatory_nfkb/ifn_apc residualization	-0.0483197600499201	0.2163559329282497	-0.6936452367364885	ifn_apc	0.3010432599120975	0.6744174419004436	4	False	too_underpowered_for_effect_size_claim	0.9473413372095744	0.9717298280037758	lower_in_responders_or_post	0		False	global_baseline_fdr>0.10;global_generic_adjusted_fdr>0.10;min_group_n<10;no_independent_same_module_direction_replication;
GSE253006	JAK/TYK	tofacitinib	ulcerative colitis	marker-derived rectal single-cell compartments	baseline responder vs non-responder marker-compartment scRNA score	marker_compartment=t_cell_like	ifn_apc	5	6	0.0113934390135085	-0.0076027964977964	0.018996235511305	0.1658700067014852	0.3035925279302331	0.7683736322049681	0.5666666666666667	n=11 baseline, marker-derived compartments, concomitant UC severity/cell-composition; generic inflammation tested by inflammatory_nfkb/ifn_apc residualization	0.0087338868891366	0.8881605140574272	0.0825086043332172	inflammatory_nfkb	0.3899173369170061	0.8780034185918224	5	False	not_corrected_significant	0.9581526618459543	0.9998367398099568	higher_in_responders_or_post	2	GSE138746	False	global_baseline_fdr>0.10;global_generic_adjusted_fdr>0.10;min_group_n<10;
GSE253006	JAK/TYK	tofacitinib	ulcerative colitis	marker-derived rectal single-cell compartments	baseline responder vs non-responder marker-compartment scRNA score	marker_compartment=t_cell_like	hla_ii_apc	5	6	0.035713376970005	0.0217400775508788	0.0139732994191261	0.0889991758213179	0.1584530825323696	0.8780034185918224	0.5333333333333334	n=11 baseline, marker-derived compartments, concomitant UC severity/cell-composition; generic inflammation tested by inflammatory_nfkb/ifn_apc residualization	0.0046595742750801	0.905151676944752	0.0705164076914798	inflammatory_nfkb,ifn_apc	0.8070139517665608	0.8780034185918224	5	False	not_corrected_significant	0.9845637352824658	0.9998367398099568	higher_in_responders_or_post	0		False	global_baseline_fdr>0.10;global_generic_adjusted_fdr>0.10;min_group_n<10;generic_module_collinearity>0.70;no_independent_same_module_direction_replication;
GSE253006	JAK/TYK	tofacitinib	ulcerative colitis	marker-derived rectal single-cell compartments	baseline responder vs non-responder marker-compartment scRNA score	marker_compartment=t_cell_like	lysosomal_apc	5	6	0.0167246837319382	-0.0110708246215783	0.0277955083535166	0.4208161030623164	0.8270099145556783	0.4398019507410055	0.6	n=11 baseline, marker-derived compartments, concomitant UC severity/cell-composition; generic inflammation tested by inflammatory_nfkb/ifn_apc residualization	0.0155572424073027	0.5036734516427416	0.3724397064890213	inflammatory_nfkb,ifn_apc	0.6805040220503471	0.8780034185918224	5	False	not_corrected_significant	0.9473413372095744	0.9956027053275534	higher_in_responders_or_post	0		False	global_baseline_fdr>0.10;global_generic_adjusted_fdr>0.10;min_group_n<10;no_independent_same_module_direction_replication;
GSE253006	JAK/TYK	tofacitinib	ulcerative colitis	marker-derived rectal single-cell compartments	baseline responder vs non-responder marker-compartment scRNA score	marker_compartment=t_cell_like	mif_cd74_receptor_state	5	6	0.0494408682785193	0.016553655783711	0.0328872124948082	0.1990434179491394	0.3629831278368983	0.725091803028954	0.5	n=11 baseline, marker-derived compartments, concomitant UC severity/cell-composition; generic inflammation tested by inflammatory_nfkb/ifn_apc residualization	0.0203657180107998	0.6899352337955543	0.2335232521958851	inflammatory_nfkb,ifn_apc	0.7901487842933523	0.8780034185918224	5	False	not_corrected_significant	0.9567680810732627	0.9998367398099568	higher_in_responders_or_post	0		False	global_baseline_fdr>0.10;global_generic_adjusted_fdr>0.10;min_group_n<10;generic_module_collinearity>0.70;no_independent_same_module_direction_replication;
GSE253006	JAK/TYK	tofacitinib	ulcerative colitis	marker-derived rectal single-cell compartments	baseline responder vs non-responder marker-compartment scRNA score	marker_compartment=t_cell_like	mixscale_validated_ifng_readout	5	6	0.0107057400957174	0.0032068680632261	0.0074988720324913	0.1232908288020813	0.2388270066221726	0.8181016961847097	0.4666666666666667	n=11 baseline, marker-derived compartments, concomitant UC severity/cell-composition; generic inflammation tested by inflammatory_nfkb/ifn_apc residualization	-0.0017819907870551	0.9153863799151762	-0.0587110351357999	inflammatory_nfkb,ifn_apc	0.8656302465767675	0.8780034185918224	5	False	not_corrected_significant	0.9845637352824658	0.9998367398099568	higher_in_responders_or_post	2	GSE138746	False	global_baseline_fdr>0.10;global_generic_adjusted_fdr>0.10;min_group_n<10;generic_module_collinearity>0.70;
GSE253006	JAK/TYK	tofacitinib	ulcerative colitis	marker-derived rectal single-cell compartments	baseline responder vs non-responder marker-compartment scRNA score	marker_compartment=t_cell_like	lipid_loader_repair	5	6	-0.0006846518541295	-0.0054898579579794	0.0048052061038499	0.1718282220060376	0.3176281423019169	0.7580191560193965	0.5666666666666667	n=11 baseline, marker-derived compartments, concomitant UC severity/cell-composition; generic inflammation tested by inflammatory_nfkb/ifn_apc residualization	0.0038703297440381	0.7790303742658427	0.1554971978038113	inflammatory_nfkb,ifn_apc	0.4134251518104488	0.8780034185918224	5	False	not_corrected_significant	0.9567680810732627	0.9998367398099568	higher_in_responders_or_post	0		False	global_baseline_fdr>0.10;global_generic_adjusted_fdr>0.10;min_group_n<10;no_independent_same_module_direction_replication;
GSE253006	JAK/TYK	tofacitinib	ulcerative colitis	marker-derived rectal single-cell compartments	baseline responder vs non-responder marker-compartment scRNA score	marker_compartment=t_cell_like	complement_phagocytosis	5	6	0.0036985227908945	-0.0332078908813945	0.0369064136722891	0.6875899529102873	1.1359625307983026	0.3133888251596853	0.6666666666666666	n=11 baseline, marker-derived compartments, concomitant UC severity/cell-composition; generic inflammation tested by inflammatory_nfkb/ifn_apc residualization	0.0362607189376862	0.2640745572044781	0.7356648373599972	inflammatory_nfkb,ifn_apc	0.3025556451881036	0.8780034185918224	5	False	not_corrected_significant	0.9473413372095744	0.9717298280037758	higher_in_responders_or_post	0		False	global_baseline_fdr>0.10;global_generic_adjusted_fdr>0.10;min_group_n<10;no_independent_same_module_direction_replication;
GSE253006	JAK/TYK	tofacitinib	ulcerative colitis	marker-derived rectal single-cell compartments	baseline responder vs non-responder marker-compartment scRNA score	marker_compartment=t_cell_like	hif_nampt_metabolic	5	6	0.0227206423718409	-0.0132647372365709	0.0359853796084119	0.4436701126185136	0.8340351350858112	0.426745842875849	0.6333333333333333	n=11 baseline, marker-derived compartments, concomitant UC severity/cell-composition; generic inflammation tested by inflammatory_nfkb/ifn_apc residualization	0.0210326735027643	0.5019107368039818	0.3777858910511864	inflammatory_nfkb,ifn_apc	0.681378133737223	0.8780034185918224	5	False	not_corrected_significant	0.9473413372095744	0.9956027053275534	higher_in_responders_or_post	0		False	global_baseline_fdr>0.10;global_generic_adjusted_fdr>0.10;min_group_n<10;no_independent_same_module_direction_replication;
GSE253006	JAK/TYK	tofacitinib	ulcerative colitis	marker-derived rectal single-cell compartments	baseline responder vs non-responder marker-compartment scRNA score	marker_compartment=t_cell_like	inflammatory_nfkb	5	6	-0.0010550544901721	-0.0193223283212764	0.0182672738311042	0.2308741937494272	0.4289266736680334	0.678128327285859	0.6000000000000001	n=11 baseline, marker-derived compartments, concomitant UC severity/cell-composition; generic inflammation tested by inflammatory_nfkb/ifn_apc residualization	0.0131263684392505	0.7564705627157547	0.1794827295734052	ifn_apc	0.389917336917006	0.8780034185918224	5	False	not_corrected_significant	0.9567680810732627	0.9998367398099568	higher_in_responders_or_post	0		False	global_baseline_fdr>0.10;global_generic_adjusted_fdr>0.10;min_group_n<10;no_independent_same_module_direction_replication;
