analysis	dataset_path	disease_name	compartment	role	donor_id	disease	group	n_cells	cell_types	module	mean_z_score	high_fraction
ibd_crohn_myeloid	data/raw_v3/cell_state/ibd_human_10x.h5ad	Crohn disease	colon myeloid	myeloid_apc	CD_1	Crohn disease	case	81	myeloid cell	slc15a4_tasl_irf5_core	0.19182137892524984	0.2962962962962963
ibd_crohn_myeloid	data/raw_v3/cell_state/ibd_human_10x.h5ad	Crohn disease	colon myeloid	myeloid_apc	CD_1	Crohn disease	case	81	myeloid cell	endosomal_tlr_sensor_chaperone	-0.06860527138226903	0.16049382716049382
ibd_crohn_myeloid	data/raw_v3/cell_state/ibd_human_10x.h5ad	Crohn disease	colon myeloid	myeloid_apc	CD_1	Crohn disease	case	81	myeloid cell	full_slc15a4_tasl_tlr_irf5_branch	0.04300615017809619	0.3333333333333333
ibd_crohn_myeloid	data/raw_v3/cell_state/ibd_human_10x.h5ad	Crohn disease	colon myeloid	myeloid_apc	CD_2	Crohn disease	case	38	myeloid cell	slc15a4_tasl_irf5_core	0.33759692703218996	0.39473684210526316
ibd_crohn_myeloid	data/raw_v3/cell_state/ibd_human_10x.h5ad	Crohn disease	colon myeloid	myeloid_apc	CD_2	Crohn disease	case	38	myeloid cell	endosomal_tlr_sensor_chaperone	0.027895982138292832	0.23684210526315788
ibd_crohn_myeloid	data/raw_v3/cell_state/ibd_human_10x.h5ad	Crohn disease	colon myeloid	myeloid_apc	CD_2	Crohn disease	case	38	myeloid cell	full_slc15a4_tasl_tlr_irf5_branch	0.16062495852139155	0.5263157894736842
ibd_crohn_myeloid	data/raw_v3/cell_state/ibd_human_10x.h5ad	Crohn disease	colon myeloid	myeloid_apc	CD_3	Crohn disease	case	406	myeloid cell	slc15a4_tasl_irf5_core	0.05994913868568777	0.1625615763546798
ibd_crohn_myeloid	data/raw_v3/cell_state/ibd_human_10x.h5ad	Crohn disease	colon myeloid	myeloid_apc	CD_3	Crohn disease	case	406	myeloid cell	endosomal_tlr_sensor_chaperone	0.12767227242863258	0.229064039408867
ibd_crohn_myeloid	data/raw_v3/cell_state/ibd_human_10x.h5ad	Crohn disease	colon myeloid	myeloid_apc	CD_3	Crohn disease	case	406	myeloid cell	full_slc15a4_tasl_tlr_irf5_branch	0.0986480722530848	0.312807881773399
ibd_crohn_myeloid	data/raw_v3/cell_state/ibd_human_10x.h5ad	Crohn disease	colon myeloid	myeloid_apc	CD_4	Crohn disease	case	323	myeloid cell	slc15a4_tasl_irf5_core	0.1152944811686433	0.13312693498452013
ibd_crohn_myeloid	data/raw_v3/cell_state/ibd_human_10x.h5ad	Crohn disease	colon myeloid	myeloid_apc	CD_4	Crohn disease	case	323	myeloid cell	endosomal_tlr_sensor_chaperone	0.09638686297014683	0.14551083591331268
ibd_crohn_myeloid	data/raw_v3/cell_state/ibd_human_10x.h5ad	Crohn disease	colon myeloid	myeloid_apc	CD_4	Crohn disease	case	323	myeloid cell	full_slc15a4_tasl_tlr_irf5_branch	0.10449012791235962	0.22291021671826625
ibd_crohn_myeloid	data/raw_v3/cell_state/ibd_human_10x.h5ad	Crohn disease	colon myeloid	myeloid_apc	CD_5	Crohn disease	case	647	myeloid cell	slc15a4_tasl_irf5_core	0.048382074802508515	0.12364760432766615
ibd_crohn_myeloid	data/raw_v3/cell_state/ibd_human_10x.h5ad	Crohn disease	colon myeloid	myeloid_apc	CD_5	Crohn disease	case	647	myeloid cell	endosomal_tlr_sensor_chaperone	-0.050565893467844146	0.0973724884080371
ibd_crohn_myeloid	data/raw_v3/cell_state/ibd_human_10x.h5ad	Crohn disease	colon myeloid	myeloid_apc	CD_5	Crohn disease	case	647	myeloid cell	full_slc15a4_tasl_tlr_irf5_branch	-0.008159621351978704	0.18547140649149924
ibd_crohn_myeloid	data/raw_v3/cell_state/ibd_human_10x.h5ad	Crohn disease	colon myeloid	myeloid_apc	CD_6	Crohn disease	case	438	myeloid cell	slc15a4_tasl_irf5_core	0.13068794597652672	0.22146118721461186
ibd_crohn_myeloid	data/raw_v3/cell_state/ibd_human_10x.h5ad	Crohn disease	colon myeloid	myeloid_apc	CD_6	Crohn disease	case	438	myeloid cell	endosomal_tlr_sensor_chaperone	0.1206266888197359	0.2191780821917808
ibd_crohn_myeloid	data/raw_v3/cell_state/ibd_human_10x.h5ad	Crohn disease	colon myeloid	myeloid_apc	CD_6	Crohn disease	case	438	myeloid cell	full_slc15a4_tasl_tlr_irf5_branch	0.1249386561726463	0.3219178082191781
ibd_crohn_myeloid	data/raw_v3/cell_state/ibd_human_10x.h5ad	Crohn disease	colon myeloid	myeloid_apc	HC_1	normal	control	60	myeloid cell	slc15a4_tasl_irf5_core	0.014608860524340416	0.16666666666666666
ibd_crohn_myeloid	data/raw_v3/cell_state/ibd_human_10x.h5ad	Crohn disease	colon myeloid	myeloid_apc	HC_1	normal	control	60	myeloid cell	endosomal_tlr_sensor_chaperone	0.035432675324301596	0.2
ibd_crohn_myeloid	data/raw_v3/cell_state/ibd_human_10x.h5ad	Crohn disease	colon myeloid	myeloid_apc	HC_1	normal	control	60	myeloid cell	full_slc15a4_tasl_tlr_irf5_branch	0.02650818326717538	0.26666666666666666
ibd_crohn_myeloid	data/raw_v3/cell_state/ibd_human_10x.h5ad	Crohn disease	colon myeloid	myeloid_apc	HC_2	normal	control	112	myeloid cell	slc15a4_tasl_irf5_core	-0.13457671120403472	0.10714285714285714
ibd_crohn_myeloid	data/raw_v3/cell_state/ibd_human_10x.h5ad	Crohn disease	colon myeloid	myeloid_apc	HC_2	normal	control	112	myeloid cell	endosomal_tlr_sensor_chaperone	-0.08006839429920645	0.125
ibd_crohn_myeloid	data/raw_v3/cell_state/ibd_human_10x.h5ad	Crohn disease	colon myeloid	myeloid_apc	HC_2	normal	control	112	myeloid cell	full_slc15a4_tasl_tlr_irf5_branch	-0.1034291015441328	0.16071428571428573
ibd_crohn_myeloid	data/raw_v3/cell_state/ibd_human_10x.h5ad	Crohn disease	colon myeloid	myeloid_apc	HC_3	normal	control	135	myeloid cell	slc15a4_tasl_irf5_core	0.03254208935380207	0.1259259259259259
ibd_crohn_myeloid	data/raw_v3/cell_state/ibd_human_10x.h5ad	Crohn disease	colon myeloid	myeloid_apc	HC_3	normal	control	135	myeloid cell	endosomal_tlr_sensor_chaperone	-0.10678595733753665	0.06666666666666667
ibd_crohn_myeloid	data/raw_v3/cell_state/ibd_human_10x.h5ad	Crohn disease	colon myeloid	myeloid_apc	HC_3	normal	control	135	myeloid cell	full_slc15a4_tasl_tlr_irf5_branch	-0.04707393732696291	0.15555555555555556
ibd_crohn_myeloid	data/raw_v3/cell_state/ibd_human_10x.h5ad	Crohn disease	colon myeloid	myeloid_apc	HC_4	normal	control	75	myeloid cell	slc15a4_tasl_irf5_core	0.11889899676923323	0.25333333333333335
ibd_crohn_myeloid	data/raw_v3/cell_state/ibd_human_10x.h5ad	Crohn disease	colon myeloid	myeloid_apc	HC_4	normal	control	75	myeloid cell	endosomal_tlr_sensor_chaperone	0.00181767079631765	0.18666666666666668
ibd_crohn_myeloid	data/raw_v3/cell_state/ibd_human_10x.h5ad	Crohn disease	colon myeloid	myeloid_apc	HC_4	normal	control	75	myeloid cell	full_slc15a4_tasl_tlr_irf5_branch	0.051995381927567176	0.3333333333333333
ibd_crohn_myeloid	data/raw_v3/cell_state/ibd_human_10x.h5ad	Crohn disease	colon myeloid	myeloid_apc	HC_5	normal	control	192	myeloid cell	slc15a4_tasl_irf5_core	-0.0710862592493379	0.140625
ibd_crohn_myeloid	data/raw_v3/cell_state/ibd_human_10x.h5ad	Crohn disease	colon myeloid	myeloid_apc	HC_5	normal	control	192	myeloid cell	endosomal_tlr_sensor_chaperone	0.04113767071977548	0.19270833333333334
ibd_crohn_myeloid	data/raw_v3/cell_state/ibd_human_10x.h5ad	Crohn disease	colon myeloid	myeloid_apc	HC_5	normal	control	192	myeloid cell	full_slc15a4_tasl_tlr_irf5_branch	-0.006958299266987374	0.25
ibd_crohn_myeloid	data/raw_v3/cell_state/ibd_human_10x.h5ad	Crohn disease	colon myeloid	myeloid_apc	HC_6	normal	control	103	myeloid cell	slc15a4_tasl_irf5_core	0.14110694154183104	0.27184466019417475
ibd_crohn_myeloid	data/raw_v3/cell_state/ibd_human_10x.h5ad	Crohn disease	colon myeloid	myeloid_apc	HC_6	normal	control	103	myeloid cell	endosomal_tlr_sensor_chaperone	0.12837908538543427	0.27184466019417475
ibd_crohn_myeloid	data/raw_v3/cell_state/ibd_human_10x.h5ad	Crohn disease	colon myeloid	myeloid_apc	HC_6	normal	control	103	myeloid cell	full_slc15a4_tasl_tlr_irf5_branch	0.13383388088103293	0.3786407766990291
ibd_uc_myeloid	data/raw_v3/cell_state/ibd_human_10x.h5ad	ulcerative colitis	colon myeloid	myeloid_apc	HC_1	normal	control	60	myeloid cell	slc15a4_tasl_irf5_core	0.014608860524340416	0.16666666666666666
ibd_uc_myeloid	data/raw_v3/cell_state/ibd_human_10x.h5ad	ulcerative colitis	colon myeloid	myeloid_apc	HC_1	normal	control	60	myeloid cell	endosomal_tlr_sensor_chaperone	0.035432675324301596	0.2
ibd_uc_myeloid	data/raw_v3/cell_state/ibd_human_10x.h5ad	ulcerative colitis	colon myeloid	myeloid_apc	HC_1	normal	control	60	myeloid cell	full_slc15a4_tasl_tlr_irf5_branch	0.02650818326717538	0.26666666666666666
ibd_uc_myeloid	data/raw_v3/cell_state/ibd_human_10x.h5ad	ulcerative colitis	colon myeloid	myeloid_apc	HC_2	normal	control	112	myeloid cell	slc15a4_tasl_irf5_core	-0.13457671120403472	0.10714285714285714
ibd_uc_myeloid	data/raw_v3/cell_state/ibd_human_10x.h5ad	ulcerative colitis	colon myeloid	myeloid_apc	HC_2	normal	control	112	myeloid cell	endosomal_tlr_sensor_chaperone	-0.08006839429920645	0.125
ibd_uc_myeloid	data/raw_v3/cell_state/ibd_human_10x.h5ad	ulcerative colitis	colon myeloid	myeloid_apc	HC_2	normal	control	112	myeloid cell	full_slc15a4_tasl_tlr_irf5_branch	-0.1034291015441328	0.16071428571428573
ibd_uc_myeloid	data/raw_v3/cell_state/ibd_human_10x.h5ad	ulcerative colitis	colon myeloid	myeloid_apc	HC_3	normal	control	135	myeloid cell	slc15a4_tasl_irf5_core	0.03254208935380207	0.1259259259259259
ibd_uc_myeloid	data/raw_v3/cell_state/ibd_human_10x.h5ad	ulcerative colitis	colon myeloid	myeloid_apc	HC_3	normal	control	135	myeloid cell	endosomal_tlr_sensor_chaperone	-0.10678595733753665	0.06666666666666667
ibd_uc_myeloid	data/raw_v3/cell_state/ibd_human_10x.h5ad	ulcerative colitis	colon myeloid	myeloid_apc	HC_3	normal	control	135	myeloid cell	full_slc15a4_tasl_tlr_irf5_branch	-0.04707393732696291	0.15555555555555556
ibd_uc_myeloid	data/raw_v3/cell_state/ibd_human_10x.h5ad	ulcerative colitis	colon myeloid	myeloid_apc	HC_4	normal	control	75	myeloid cell	slc15a4_tasl_irf5_core	0.11889899676923323	0.25333333333333335
ibd_uc_myeloid	data/raw_v3/cell_state/ibd_human_10x.h5ad	ulcerative colitis	colon myeloid	myeloid_apc	HC_4	normal	control	75	myeloid cell	endosomal_tlr_sensor_chaperone	0.00181767079631765	0.18666666666666668
ibd_uc_myeloid	data/raw_v3/cell_state/ibd_human_10x.h5ad	ulcerative colitis	colon myeloid	myeloid_apc	HC_4	normal	control	75	myeloid cell	full_slc15a4_tasl_tlr_irf5_branch	0.051995381927567176	0.3333333333333333
ibd_uc_myeloid	data/raw_v3/cell_state/ibd_human_10x.h5ad	ulcerative colitis	colon myeloid	myeloid_apc	HC_5	normal	control	192	myeloid cell	slc15a4_tasl_irf5_core	-0.0710862592493379	0.140625
ibd_uc_myeloid	data/raw_v3/cell_state/ibd_human_10x.h5ad	ulcerative colitis	colon myeloid	myeloid_apc	HC_5	normal	control	192	myeloid cell	endosomal_tlr_sensor_chaperone	0.04113767071977548	0.19270833333333334
ibd_uc_myeloid	data/raw_v3/cell_state/ibd_human_10x.h5ad	ulcerative colitis	colon myeloid	myeloid_apc	HC_5	normal	control	192	myeloid cell	full_slc15a4_tasl_tlr_irf5_branch	-0.006958299266987374	0.25
ibd_uc_myeloid	data/raw_v3/cell_state/ibd_human_10x.h5ad	ulcerative colitis	colon myeloid	myeloid_apc	HC_6	normal	control	103	myeloid cell	slc15a4_tasl_irf5_core	0.14110694154183104	0.27184466019417475
ibd_uc_myeloid	data/raw_v3/cell_state/ibd_human_10x.h5ad	ulcerative colitis	colon myeloid	myeloid_apc	HC_6	normal	control	103	myeloid cell	endosomal_tlr_sensor_chaperone	0.12837908538543427	0.27184466019417475
ibd_uc_myeloid	data/raw_v3/cell_state/ibd_human_10x.h5ad	ulcerative colitis	colon myeloid	myeloid_apc	HC_6	normal	control	103	myeloid cell	full_slc15a4_tasl_tlr_irf5_branch	0.13383388088103293	0.3786407766990291
ibd_uc_myeloid	data/raw_v3/cell_state/ibd_human_10x.h5ad	ulcerative colitis	colon myeloid	myeloid_apc	UC_1	ulcerative colitis	case	49	myeloid cell	slc15a4_tasl_irf5_core	-0.1653060987257945	0.04081632653061224
ibd_uc_myeloid	data/raw_v3/cell_state/ibd_human_10x.h5ad	ulcerative colitis	colon myeloid	myeloid_apc	UC_1	ulcerative colitis	case	49	myeloid cell	endosomal_tlr_sensor_chaperone	-0.1207400292001856	0.061224489795918366
ibd_uc_myeloid	data/raw_v3/cell_state/ibd_human_10x.h5ad	ulcerative colitis	colon myeloid	myeloid_apc	UC_1	ulcerative colitis	case	49	myeloid cell	full_slc15a4_tasl_tlr_irf5_branch	-0.13983977328258942	0.10204081632653061
ibd_uc_myeloid	data/raw_v3/cell_state/ibd_human_10x.h5ad	ulcerative colitis	colon myeloid	myeloid_apc	UC_2	ulcerative colitis	case	138	myeloid cell	slc15a4_tasl_irf5_core	0.25095935570071015	0.2318840579710145
ibd_uc_myeloid	data/raw_v3/cell_state/ibd_human_10x.h5ad	ulcerative colitis	colon myeloid	myeloid_apc	UC_2	ulcerative colitis	case	138	myeloid cell	endosomal_tlr_sensor_chaperone	-0.026888263835587865	0.11594202898550725
ibd_uc_myeloid	data/raw_v3/cell_state/ibd_human_10x.h5ad	ulcerative colitis	colon myeloid	myeloid_apc	UC_2	ulcerative colitis	case	138	myeloid cell	full_slc15a4_tasl_tlr_irf5_branch	0.09218928739425414	0.30434782608695654
ibd_uc_myeloid	data/raw_v3/cell_state/ibd_human_10x.h5ad	ulcerative colitis	colon myeloid	myeloid_apc	UC_3	ulcerative colitis	case	275	myeloid cell	slc15a4_tasl_irf5_core	0.2221950900301021	0.2545454545454545
ibd_uc_myeloid	data/raw_v3/cell_state/ibd_human_10x.h5ad	ulcerative colitis	colon myeloid	myeloid_apc	UC_3	ulcerative colitis	case	275	myeloid cell	endosomal_tlr_sensor_chaperone	0.033718105572150714	0.15272727272727274
ibd_uc_myeloid	data/raw_v3/cell_state/ibd_human_10x.h5ad	ulcerative colitis	colon myeloid	myeloid_apc	UC_3	ulcerative colitis	case	275	myeloid cell	full_slc15a4_tasl_tlr_irf5_branch	0.11449395605412989	0.3418181818181818
ibd_uc_myeloid	data/raw_v3/cell_state/ibd_human_10x.h5ad	ulcerative colitis	colon myeloid	myeloid_apc	UC_4	ulcerative colitis	case	189	myeloid cell	slc15a4_tasl_irf5_core	0.2500678907491816	0.31216931216931215
ibd_uc_myeloid	data/raw_v3/cell_state/ibd_human_10x.h5ad	ulcerative colitis	colon myeloid	myeloid_apc	UC_4	ulcerative colitis	case	189	myeloid cell	endosomal_tlr_sensor_chaperone	0.08930234362552647	0.2275132275132275
ibd_uc_myeloid	data/raw_v3/cell_state/ibd_human_10x.h5ad	ulcerative colitis	colon myeloid	myeloid_apc	UC_4	ulcerative colitis	case	189	myeloid cell	full_slc15a4_tasl_tlr_irf5_branch	0.15820186382137874	0.42857142857142855
ibd_uc_myeloid	data/raw_v3/cell_state/ibd_human_10x.h5ad	ulcerative colitis	colon myeloid	myeloid_apc	UC_5	ulcerative colitis	case	329	myeloid cell	slc15a4_tasl_irf5_core	0.10541681537221724	0.2188449848024316
ibd_uc_myeloid	data/raw_v3/cell_state/ibd_human_10x.h5ad	ulcerative colitis	colon myeloid	myeloid_apc	UC_5	ulcerative colitis	case	329	myeloid cell	endosomal_tlr_sensor_chaperone	0.15273384582917732	0.2553191489361702
ibd_uc_myeloid	data/raw_v3/cell_state/ibd_human_10x.h5ad	ulcerative colitis	colon myeloid	myeloid_apc	UC_5	ulcerative colitis	case	329	myeloid cell	full_slc15a4_tasl_tlr_irf5_branch	0.13245511849048017	0.3586626139817629
ibd_uc_myeloid	data/raw_v3/cell_state/ibd_human_10x.h5ad	ulcerative colitis	colon myeloid	myeloid_apc	UC_6	ulcerative colitis	case	181	myeloid cell	slc15a4_tasl_irf5_core	0.26827289241026453	0.27624309392265195
ibd_uc_myeloid	data/raw_v3/cell_state/ibd_human_10x.h5ad	ulcerative colitis	colon myeloid	myeloid_apc	UC_6	ulcerative colitis	case	181	myeloid cell	endosomal_tlr_sensor_chaperone	-0.03714815704413236	0.13812154696132597
ibd_uc_myeloid	data/raw_v3/cell_state/ibd_human_10x.h5ad	ulcerative colitis	colon myeloid	myeloid_apc	UC_6	ulcerative colitis	case	181	myeloid cell	full_slc15a4_tasl_tlr_irf5_branch	0.09374657843632347	0.3314917127071823
ibd_crohn_epithelial	data/raw_v3/cell_state/ibd_human_10x.h5ad	Crohn disease	colon epithelial	tissue_resident	CD_1	Crohn disease	case	307	colon epithelial cell	slc15a4_tasl_irf5_core	0.01481240081910006	0.019543973941368076
ibd_crohn_epithelial	data/raw_v3/cell_state/ibd_human_10x.h5ad	Crohn disease	colon epithelial	tissue_resident	CD_1	Crohn disease	case	307	colon epithelial cell	endosomal_tlr_sensor_chaperone	0.04845845962301822	0.05211726384364821
ibd_crohn_epithelial	data/raw_v3/cell_state/ibd_human_10x.h5ad	Crohn disease	colon epithelial	tissue_resident	CD_1	Crohn disease	case	307	colon epithelial cell	full_slc15a4_tasl_tlr_irf5_branch	0.03403872013562473	0.06840390879478828
ibd_crohn_epithelial	data/raw_v3/cell_state/ibd_human_10x.h5ad	Crohn disease	colon epithelial	tissue_resident	CD_2	Crohn disease	case	598	colon epithelial cell	slc15a4_tasl_irf5_core	0.014651232891162849	0.013377926421404682
ibd_crohn_epithelial	data/raw_v3/cell_state/ibd_human_10x.h5ad	Crohn disease	colon epithelial	tissue_resident	CD_2	Crohn disease	case	598	colon epithelial cell	endosomal_tlr_sensor_chaperone	0.020552879745947376	0.021739130434782608
ibd_crohn_epithelial	data/raw_v3/cell_state/ibd_human_10x.h5ad	Crohn disease	colon epithelial	tissue_resident	CD_2	Crohn disease	case	598	colon epithelial cell	full_slc15a4_tasl_tlr_irf5_branch	0.018023602522468284	0.033444816053511704
ibd_crohn_epithelial	data/raw_v3/cell_state/ibd_human_10x.h5ad	Crohn disease	colon epithelial	tissue_resident	CD_3	Crohn disease	case	846	colon epithelial cell	slc15a4_tasl_irf5_core	0.002348151749171435	0.02127659574468085
ibd_crohn_epithelial	data/raw_v3/cell_state/ibd_human_10x.h5ad	Crohn disease	colon epithelial	tissue_resident	CD_3	Crohn disease	case	846	colon epithelial cell	endosomal_tlr_sensor_chaperone	0.07974585055859904	0.09929078014184398
ibd_crohn_epithelial	data/raw_v3/cell_state/ibd_human_10x.h5ad	Crohn disease	colon epithelial	tissue_resident	CD_3	Crohn disease	case	846	colon epithelial cell	full_slc15a4_tasl_tlr_irf5_branch	0.046575408211701474	0.11347517730496454
ibd_crohn_epithelial	data/raw_v3/cell_state/ibd_human_10x.h5ad	Crohn disease	colon epithelial	tissue_resident	CD_4	Crohn disease	case	573	colon epithelial cell	slc15a4_tasl_irf5_core	0.09045370451505362	0.0506108202443281
ibd_crohn_epithelial	data/raw_v3/cell_state/ibd_human_10x.h5ad	Crohn disease	colon epithelial	tissue_resident	CD_4	Crohn disease	case	573	colon epithelial cell	endosomal_tlr_sensor_chaperone	0.10096092713163574	0.15008726003490402
ibd_crohn_epithelial	data/raw_v3/cell_state/ibd_human_10x.h5ad	Crohn disease	colon epithelial	tissue_resident	CD_4	Crohn disease	case	573	colon epithelial cell	full_slc15a4_tasl_tlr_irf5_branch	0.09645783172452911	0.18324607329842932
ibd_crohn_epithelial	data/raw_v3/cell_state/ibd_human_10x.h5ad	Crohn disease	colon epithelial	tissue_resident	CD_5	Crohn disease	case	288	colon epithelial cell	slc15a4_tasl_irf5_core	0.16098995623857126	0.06944444444444445
ibd_crohn_epithelial	data/raw_v3/cell_state/ibd_human_10x.h5ad	Crohn disease	colon epithelial	tissue_resident	CD_5	Crohn disease	case	288	colon epithelial cell	endosomal_tlr_sensor_chaperone	0.0914863955397815	0.12152777777777778
ibd_crohn_epithelial	data/raw_v3/cell_state/ibd_human_10x.h5ad	Crohn disease	colon epithelial	tissue_resident	CD_5	Crohn disease	case	288	colon epithelial cell	full_slc15a4_tasl_tlr_irf5_branch	0.12127363583926283	0.1701388888888889
ibd_crohn_epithelial	data/raw_v3/cell_state/ibd_human_10x.h5ad	Crohn disease	colon epithelial	tissue_resident	CD_6	Crohn disease	case	2089	colon epithelial cell	slc15a4_tasl_irf5_core	0.03162252175083627	0.02106270943034945
ibd_crohn_epithelial	data/raw_v3/cell_state/ibd_human_10x.h5ad	Crohn disease	colon epithelial	tissue_resident	CD_6	Crohn disease	case	2089	colon epithelial cell	endosomal_tlr_sensor_chaperone	0.0340482568882259	0.04786979415988511
ibd_crohn_epithelial	data/raw_v3/cell_state/ibd_human_10x.h5ad	Crohn disease	colon epithelial	tissue_resident	CD_6	Crohn disease	case	2089	colon epithelial cell	full_slc15a4_tasl_tlr_irf5_branch	0.033008656115058904	0.06606031594064146
ibd_crohn_epithelial	data/raw_v3/cell_state/ibd_human_10x.h5ad	Crohn disease	colon epithelial	tissue_resident	HC_1	normal	control	256	colon epithelial cell	slc15a4_tasl_irf5_core	0.027829988228912122	0.01953125
ibd_crohn_epithelial	data/raw_v3/cell_state/ibd_human_10x.h5ad	Crohn disease	colon epithelial	tissue_resident	HC_1	normal	control	256	colon epithelial cell	endosomal_tlr_sensor_chaperone	0.006181304454698498	0.015625
ibd_crohn_epithelial	data/raw_v3/cell_state/ibd_human_10x.h5ad	Crohn disease	colon epithelial	tissue_resident	HC_1	normal	control	256	colon epithelial cell	full_slc15a4_tasl_tlr_irf5_branch	0.015459311786504334	0.03515625
ibd_crohn_epithelial	data/raw_v3/cell_state/ibd_human_10x.h5ad	Crohn disease	colon epithelial	tissue_resident	HC_2	normal	control	976	colon epithelial cell	slc15a4_tasl_irf5_core	0.03550338588533687	0.018442622950819672
ibd_crohn_epithelial	data/raw_v3/cell_state/ibd_human_10x.h5ad	Crohn disease	colon epithelial	tissue_resident	HC_2	normal	control	976	colon epithelial cell	endosomal_tlr_sensor_chaperone	0.06646134333853508	0.06967213114754098
ibd_crohn_epithelial	data/raw_v3/cell_state/ibd_human_10x.h5ad	Crohn disease	colon epithelial	tissue_resident	HC_2	normal	control	976	colon epithelial cell	full_slc15a4_tasl_tlr_irf5_branch	0.053193647287164414	0.0860655737704918
ibd_crohn_epithelial	data/raw_v3/cell_state/ibd_human_10x.h5ad	Crohn disease	colon epithelial	tissue_resident	HC_3	normal	control	1671	colon epithelial cell	slc15a4_tasl_irf5_core	-0.03219603795109207	0.00718132854578097
ibd_crohn_epithelial	data/raw_v3/cell_state/ibd_human_10x.h5ad	Crohn disease	colon epithelial	tissue_resident	HC_3	normal	control	1671	colon epithelial cell	endosomal_tlr_sensor_chaperone	-0.018025168846598508	0.01436265709156194
ibd_crohn_epithelial	data/raw_v3/cell_state/ibd_human_10x.h5ad	Crohn disease	colon epithelial	tissue_resident	HC_3	normal	control	1671	colon epithelial cell	full_slc15a4_tasl_tlr_irf5_branch	-0.02409839846281004	0.019748653500897665
ibd_crohn_epithelial	data/raw_v3/cell_state/ibd_human_10x.h5ad	Crohn disease	colon epithelial	tissue_resident	HC_4	normal	control	1439	colon epithelial cell	slc15a4_tasl_irf5_core	0.001316068080017554	0.020847810979847115
ibd_crohn_epithelial	data/raw_v3/cell_state/ibd_human_10x.h5ad	Crohn disease	colon epithelial	tissue_resident	HC_4	normal	control	1439	colon epithelial cell	endosomal_tlr_sensor_chaperone	-0.034802046681039187	0.010423905489923557
ibd_crohn_epithelial	data/raw_v3/cell_state/ibd_human_10x.h5ad	Crohn disease	colon epithelial	tissue_resident	HC_4	normal	control	1439	colon epithelial cell	full_slc15a4_tasl_tlr_irf5_branch	-0.01932285464058631	0.029881862404447533
ibd_crohn_epithelial	data/raw_v3/cell_state/ibd_human_10x.h5ad	Crohn disease	colon epithelial	tissue_resident	HC_5	normal	control	1302	colon epithelial cell	slc15a4_tasl_irf5_core	-0.017865421378326397	0.013824884792626729
ibd_crohn_epithelial	data/raw_v3/cell_state/ibd_human_10x.h5ad	Crohn disease	colon epithelial	tissue_resident	HC_5	normal	control	1302	colon epithelial cell	endosomal_tlr_sensor_chaperone	0.00766849455788179	0.03225806451612903
ibd_crohn_epithelial	data/raw_v3/cell_state/ibd_human_10x.h5ad	Crohn disease	colon epithelial	tissue_resident	HC_5	normal	control	1302	colon epithelial cell	full_slc15a4_tasl_tlr_irf5_branch	-0.00327461227192173	0.04377880184331797
ibd_crohn_epithelial	data/raw_v3/cell_state/ibd_human_10x.h5ad	Crohn disease	colon epithelial	tissue_resident	HC_6	normal	control	1069	colon epithelial cell	slc15a4_tasl_irf5_core	0.031235504652030278	0.025257249766136577
ibd_crohn_epithelial	data/raw_v3/cell_state/ibd_human_10x.h5ad	Crohn disease	colon epithelial	tissue_resident	HC_6	normal	control	1069	colon epithelial cell	endosomal_tlr_sensor_chaperone	0.0035239825664231178	0.023386342376052385
ibd_crohn_epithelial	data/raw_v3/cell_state/ibd_human_10x.h5ad	Crohn disease	colon epithelial	tissue_resident	HC_6	normal	control	1069	colon epithelial cell	full_slc15a4_tasl_tlr_irf5_branch	0.015400349174540464	0.04490177736202058
ibd_uc_epithelial	data/raw_v3/cell_state/ibd_human_10x.h5ad	ulcerative colitis	colon epithelial	tissue_resident	HC_1	normal	control	256	colon epithelial cell	slc15a4_tasl_irf5_core	0.027829988228912122	0.01953125
ibd_uc_epithelial	data/raw_v3/cell_state/ibd_human_10x.h5ad	ulcerative colitis	colon epithelial	tissue_resident	HC_1	normal	control	256	colon epithelial cell	endosomal_tlr_sensor_chaperone	0.006181304454698498	0.015625
ibd_uc_epithelial	data/raw_v3/cell_state/ibd_human_10x.h5ad	ulcerative colitis	colon epithelial	tissue_resident	HC_1	normal	control	256	colon epithelial cell	full_slc15a4_tasl_tlr_irf5_branch	0.015459311786504334	0.03515625
ibd_uc_epithelial	data/raw_v3/cell_state/ibd_human_10x.h5ad	ulcerative colitis	colon epithelial	tissue_resident	HC_2	normal	control	976	colon epithelial cell	slc15a4_tasl_irf5_core	0.03550338588533687	0.018442622950819672
ibd_uc_epithelial	data/raw_v3/cell_state/ibd_human_10x.h5ad	ulcerative colitis	colon epithelial	tissue_resident	HC_2	normal	control	976	colon epithelial cell	endosomal_tlr_sensor_chaperone	0.06646134333853508	0.06967213114754098
ibd_uc_epithelial	data/raw_v3/cell_state/ibd_human_10x.h5ad	ulcerative colitis	colon epithelial	tissue_resident	HC_2	normal	control	976	colon epithelial cell	full_slc15a4_tasl_tlr_irf5_branch	0.053193647287164414	0.0860655737704918
ibd_uc_epithelial	data/raw_v3/cell_state/ibd_human_10x.h5ad	ulcerative colitis	colon epithelial	tissue_resident	HC_3	normal	control	1671	colon epithelial cell	slc15a4_tasl_irf5_core	-0.03219603795109207	0.00718132854578097
ibd_uc_epithelial	data/raw_v3/cell_state/ibd_human_10x.h5ad	ulcerative colitis	colon epithelial	tissue_resident	HC_3	normal	control	1671	colon epithelial cell	endosomal_tlr_sensor_chaperone	-0.018025168846598508	0.01436265709156194
ibd_uc_epithelial	data/raw_v3/cell_state/ibd_human_10x.h5ad	ulcerative colitis	colon epithelial	tissue_resident	HC_3	normal	control	1671	colon epithelial cell	full_slc15a4_tasl_tlr_irf5_branch	-0.02409839846281004	0.019748653500897665
ibd_uc_epithelial	data/raw_v3/cell_state/ibd_human_10x.h5ad	ulcerative colitis	colon epithelial	tissue_resident	HC_4	normal	control	1439	colon epithelial cell	slc15a4_tasl_irf5_core	0.001316068080017554	0.020847810979847115
ibd_uc_epithelial	data/raw_v3/cell_state/ibd_human_10x.h5ad	ulcerative colitis	colon epithelial	tissue_resident	HC_4	normal	control	1439	colon epithelial cell	endosomal_tlr_sensor_chaperone	-0.034802046681039187	0.010423905489923557
ibd_uc_epithelial	data/raw_v3/cell_state/ibd_human_10x.h5ad	ulcerative colitis	colon epithelial	tissue_resident	HC_4	normal	control	1439	colon epithelial cell	full_slc15a4_tasl_tlr_irf5_branch	-0.01932285464058631	0.029881862404447533
ibd_uc_epithelial	data/raw_v3/cell_state/ibd_human_10x.h5ad	ulcerative colitis	colon epithelial	tissue_resident	HC_5	normal	control	1302	colon epithelial cell	slc15a4_tasl_irf5_core	-0.017865421378326397	0.013824884792626729
ibd_uc_epithelial	data/raw_v3/cell_state/ibd_human_10x.h5ad	ulcerative colitis	colon epithelial	tissue_resident	HC_5	normal	control	1302	colon epithelial cell	endosomal_tlr_sensor_chaperone	0.00766849455788179	0.03225806451612903
ibd_uc_epithelial	data/raw_v3/cell_state/ibd_human_10x.h5ad	ulcerative colitis	colon epithelial	tissue_resident	HC_5	normal	control	1302	colon epithelial cell	full_slc15a4_tasl_tlr_irf5_branch	-0.00327461227192173	0.04377880184331797
ibd_uc_epithelial	data/raw_v3/cell_state/ibd_human_10x.h5ad	ulcerative colitis	colon epithelial	tissue_resident	HC_6	normal	control	1069	colon epithelial cell	slc15a4_tasl_irf5_core	0.031235504652030278	0.025257249766136577
ibd_uc_epithelial	data/raw_v3/cell_state/ibd_human_10x.h5ad	ulcerative colitis	colon epithelial	tissue_resident	HC_6	normal	control	1069	colon epithelial cell	endosomal_tlr_sensor_chaperone	0.0035239825664231178	0.023386342376052385
ibd_uc_epithelial	data/raw_v3/cell_state/ibd_human_10x.h5ad	ulcerative colitis	colon epithelial	tissue_resident	HC_6	normal	control	1069	colon epithelial cell	full_slc15a4_tasl_tlr_irf5_branch	0.015400349174540464	0.04490177736202058
ibd_uc_epithelial	data/raw_v3/cell_state/ibd_human_10x.h5ad	ulcerative colitis	colon epithelial	tissue_resident	UC_1	ulcerative colitis	case	36	colon epithelial cell	slc15a4_tasl_irf5_core	-0.05434900057687013	0.0
ibd_uc_epithelial	data/raw_v3/cell_state/ibd_human_10x.h5ad	ulcerative colitis	colon epithelial	tissue_resident	UC_1	ulcerative colitis	case	36	colon epithelial cell	endosomal_tlr_sensor_chaperone	-0.04429718338657876	0.0
ibd_uc_epithelial	data/raw_v3/cell_state/ibd_human_10x.h5ad	ulcerative colitis	colon epithelial	tissue_resident	UC_1	ulcerative colitis	case	36	colon epithelial cell	full_slc15a4_tasl_tlr_irf5_branch	-0.04860510503956078	0.0
ibd_uc_epithelial	data/raw_v3/cell_state/ibd_human_10x.h5ad	ulcerative colitis	colon epithelial	tissue_resident	UC_2	ulcerative colitis	case	304	colon epithelial cell	slc15a4_tasl_irf5_core	0.05337824662308021	0.03289473684210526
ibd_uc_epithelial	data/raw_v3/cell_state/ibd_human_10x.h5ad	ulcerative colitis	colon epithelial	tissue_resident	UC_2	ulcerative colitis	case	304	colon epithelial cell	endosomal_tlr_sensor_chaperone	-0.02548063815453416	0.009868421052631578
ibd_uc_epithelial	data/raw_v3/cell_state/ibd_human_10x.h5ad	ulcerative colitis	colon epithelial	tissue_resident	UC_2	ulcerative colitis	case	304	colon epithelial cell	full_slc15a4_tasl_tlr_irf5_branch	0.008316026750157702	0.04276315789473684
ibd_uc_epithelial	data/raw_v3/cell_state/ibd_human_10x.h5ad	ulcerative colitis	colon epithelial	tissue_resident	UC_3	ulcerative colitis	case	96	colon epithelial cell	slc15a4_tasl_irf5_core	0.005897556017872935	0.041666666666666664
ibd_uc_epithelial	data/raw_v3/cell_state/ibd_human_10x.h5ad	ulcerative colitis	colon epithelial	tissue_resident	UC_3	ulcerative colitis	case	96	colon epithelial cell	endosomal_tlr_sensor_chaperone	-0.04429718338657874	0.0
ibd_uc_epithelial	data/raw_v3/cell_state/ibd_human_10x.h5ad	ulcerative colitis	colon epithelial	tissue_resident	UC_3	ulcerative colitis	case	96	colon epithelial cell	full_slc15a4_tasl_tlr_irf5_branch	-0.02278515221324232	0.041666666666666664
ibd_uc_epithelial	data/raw_v3/cell_state/ibd_human_10x.h5ad	ulcerative colitis	colon epithelial	tissue_resident	UC_4	ulcerative colitis	case	65	colon epithelial cell	slc15a4_tasl_irf5_core	0.09333119393950896	0.015384615384615385
ibd_uc_epithelial	data/raw_v3/cell_state/ibd_human_10x.h5ad	ulcerative colitis	colon epithelial	tissue_resident	UC_4	ulcerative colitis	case	65	colon epithelial cell	endosomal_tlr_sensor_chaperone	-0.04429718338657874	0.0
ibd_uc_epithelial	data/raw_v3/cell_state/ibd_human_10x.h5ad	ulcerative colitis	colon epithelial	tissue_resident	UC_4	ulcerative colitis	case	65	colon epithelial cell	full_slc15a4_tasl_tlr_irf5_branch	0.01468640689603027	0.015384615384615385
ibd_uc_epithelial	data/raw_v3/cell_state/ibd_human_10x.h5ad	ulcerative colitis	colon epithelial	tissue_resident	UC_5	ulcerative colitis	case	62	colon epithelial cell	slc15a4_tasl_irf5_core	0.026584737293131443	0.016129032258064516
ibd_uc_epithelial	data/raw_v3/cell_state/ibd_human_10x.h5ad	ulcerative colitis	colon epithelial	tissue_resident	UC_5	ulcerative colitis	case	62	colon epithelial cell	endosomal_tlr_sensor_chaperone	0.07748663670969584	0.11290322580645161
ibd_uc_epithelial	data/raw_v3/cell_state/ibd_human_10x.h5ad	ulcerative colitis	colon epithelial	tissue_resident	UC_5	ulcerative colitis	case	62	colon epithelial cell	full_slc15a4_tasl_tlr_irf5_branch	0.055671536959739656	0.12903225806451613
ibd_uc_epithelial	data/raw_v3/cell_state/ibd_human_10x.h5ad	ulcerative colitis	colon epithelial	tissue_resident	UC_6	ulcerative colitis	case	370	colon epithelial cell	slc15a4_tasl_irf5_core	0.09268088182195221	0.0918918918918919
ibd_uc_epithelial	data/raw_v3/cell_state/ibd_human_10x.h5ad	ulcerative colitis	colon epithelial	tissue_resident	UC_6	ulcerative colitis	case	370	colon epithelial cell	endosomal_tlr_sensor_chaperone	-0.04298651315282105	0.005405405405405406
ibd_uc_epithelial	data/raw_v3/cell_state/ibd_human_10x.h5ad	ulcerative colitis	colon epithelial	tissue_resident	UC_6	ulcerative colitis	case	370	colon epithelial cell	full_slc15a4_tasl_tlr_irf5_branch	0.015156656122081768	0.0945945945945946
ibd_crohn_stromal	data/raw_v3/cell_state/ibd_human_10x.h5ad	Crohn disease	colon stromal	tissue_resident	CD_1	Crohn disease	case	20	stromal cell of lamina propria of colon	slc15a4_tasl_irf5_core	0.03795933160416729	0.05
ibd_crohn_stromal	data/raw_v3/cell_state/ibd_human_10x.h5ad	Crohn disease	colon stromal	tissue_resident	CD_1	Crohn disease	case	20	stromal cell of lamina propria of colon	endosomal_tlr_sensor_chaperone	0.020748621585929557	0.05
ibd_crohn_stromal	data/raw_v3/cell_state/ibd_human_10x.h5ad	Crohn disease	colon stromal	tissue_resident	CD_1	Crohn disease	case	20	stromal cell of lamina propria of colon	full_slc15a4_tasl_tlr_irf5_branch	0.028124640165174297	0.1
ibd_crohn_stromal	data/raw_v3/cell_state/ibd_human_10x.h5ad	Crohn disease	colon stromal	tissue_resident	CD_2	Crohn disease	case	35	stromal cell of lamina propria of colon	slc15a4_tasl_irf5_core	0.0979523083331015	0.08571428571428572
ibd_crohn_stromal	data/raw_v3/cell_state/ibd_human_10x.h5ad	Crohn disease	colon stromal	tissue_resident	CD_2	Crohn disease	case	35	stromal cell of lamina propria of colon	endosomal_tlr_sensor_chaperone	0.1713396747573478	0.11428571428571428
ibd_crohn_stromal	data/raw_v3/cell_state/ibd_human_10x.h5ad	Crohn disease	colon stromal	tissue_resident	CD_2	Crohn disease	case	35	stromal cell of lamina propria of colon	full_slc15a4_tasl_tlr_irf5_branch	0.13988794628981366	0.14285714285714285
ibd_crohn_stromal	data/raw_v3/cell_state/ibd_human_10x.h5ad	Crohn disease	colon stromal	tissue_resident	CD_3	Crohn disease	case	177	stromal cell of lamina propria of colon	slc15a4_tasl_irf5_core	0.04862507192240712	0.07909604519774012
ibd_crohn_stromal	data/raw_v3/cell_state/ibd_human_10x.h5ad	Crohn disease	colon stromal	tissue_resident	CD_3	Crohn disease	case	177	stromal cell of lamina propria of colon	endosomal_tlr_sensor_chaperone	0.10006483458127058	0.14124293785310735
ibd_crohn_stromal	data/raw_v3/cell_state/ibd_human_10x.h5ad	Crohn disease	colon stromal	tissue_resident	CD_3	Crohn disease	case	177	stromal cell of lamina propria of colon	full_slc15a4_tasl_tlr_irf5_branch	0.07801922201318623	0.192090395480226
ibd_crohn_stromal	data/raw_v3/cell_state/ibd_human_10x.h5ad	Crohn disease	colon stromal	tissue_resident	CD_4	Crohn disease	case	73	stromal cell of lamina propria of colon	slc15a4_tasl_irf5_core	-0.0031709212667113615	0.0684931506849315
ibd_crohn_stromal	data/raw_v3/cell_state/ibd_human_10x.h5ad	Crohn disease	colon stromal	tissue_resident	CD_4	Crohn disease	case	73	stromal cell of lamina propria of colon	endosomal_tlr_sensor_chaperone	0.17207327256527516	0.2054794520547945
ibd_crohn_stromal	data/raw_v3/cell_state/ibd_human_10x.h5ad	Crohn disease	colon stromal	tissue_resident	CD_4	Crohn disease	case	73	stromal cell of lamina propria of colon	full_slc15a4_tasl_tlr_irf5_branch	0.09696861806585239	0.273972602739726
ibd_crohn_stromal	data/raw_v3/cell_state/ibd_human_10x.h5ad	Crohn disease	colon stromal	tissue_resident	CD_5	Crohn disease	case	110	stromal cell of lamina propria of colon	slc15a4_tasl_irf5_core	0.24692533659762678	0.22727272727272727
ibd_crohn_stromal	data/raw_v3/cell_state/ibd_human_10x.h5ad	Crohn disease	colon stromal	tissue_resident	CD_5	Crohn disease	case	110	stromal cell of lamina propria of colon	endosomal_tlr_sensor_chaperone	0.027874644120204756	0.1
ibd_crohn_stromal	data/raw_v3/cell_state/ibd_human_10x.h5ad	Crohn disease	colon stromal	tissue_resident	CD_5	Crohn disease	case	110	stromal cell of lamina propria of colon	full_slc15a4_tasl_tlr_irf5_branch	0.12175351232481417	0.3
ibd_crohn_stromal	data/raw_v3/cell_state/ibd_human_10x.h5ad	Crohn disease	colon stromal	tissue_resident	CD_6	Crohn disease	case	364	stromal cell of lamina propria of colon	slc15a4_tasl_irf5_core	-0.001505469727398003	0.04395604395604396
ibd_crohn_stromal	data/raw_v3/cell_state/ibd_human_10x.h5ad	Crohn disease	colon stromal	tissue_resident	CD_6	Crohn disease	case	364	stromal cell of lamina propria of colon	endosomal_tlr_sensor_chaperone	0.026138820883140314	0.046703296703296704
ibd_crohn_stromal	data/raw_v3/cell_state/ibd_human_10x.h5ad	Crohn disease	colon stromal	tissue_resident	CD_6	Crohn disease	case	364	stromal cell of lamina propria of colon	full_slc15a4_tasl_tlr_irf5_branch	0.014291267764338174	0.08791208791208792
ibd_crohn_stromal	data/raw_v3/cell_state/ibd_human_10x.h5ad	Crohn disease	colon stromal	tissue_resident	HC_1	normal	control	144	stromal cell of lamina propria of colon	slc15a4_tasl_irf5_core	0.025140471301709724	0.041666666666666664
ibd_crohn_stromal	data/raw_v3/cell_state/ibd_human_10x.h5ad	Crohn disease	colon stromal	tissue_resident	HC_1	normal	control	144	stromal cell of lamina propria of colon	endosomal_tlr_sensor_chaperone	0.08090890718649862	0.09027777777777778
ibd_crohn_stromal	data/raw_v3/cell_state/ibd_human_10x.h5ad	Crohn disease	colon stromal	tissue_resident	HC_1	normal	control	144	stromal cell of lamina propria of colon	full_slc15a4_tasl_tlr_irf5_branch	0.0570081489501605	0.13194444444444445
ibd_crohn_stromal	data/raw_v3/cell_state/ibd_human_10x.h5ad	Crohn disease	colon stromal	tissue_resident	HC_2	normal	control	45	stromal cell of lamina propria of colon	slc15a4_tasl_irf5_core	0.06229113523084999	0.044444444444444446
ibd_crohn_stromal	data/raw_v3/cell_state/ibd_human_10x.h5ad	Crohn disease	colon stromal	tissue_resident	HC_2	normal	control	45	stromal cell of lamina propria of colon	endosomal_tlr_sensor_chaperone	0.08709757653209649	0.08888888888888889
ibd_crohn_stromal	data/raw_v3/cell_state/ibd_human_10x.h5ad	Crohn disease	colon stromal	tissue_resident	HC_2	normal	control	45	stromal cell of lamina propria of colon	full_slc15a4_tasl_tlr_irf5_branch	0.076466244545848	0.13333333333333333
ibd_crohn_stromal	data/raw_v3/cell_state/ibd_human_10x.h5ad	Crohn disease	colon stromal	tissue_resident	HC_3	normal	control	140	stromal cell of lamina propria of colon	slc15a4_tasl_irf5_core	0.012085609632890886	0.05
ibd_crohn_stromal	data/raw_v3/cell_state/ibd_human_10x.h5ad	Crohn disease	colon stromal	tissue_resident	HC_3	normal	control	140	stromal cell of lamina propria of colon	endosomal_tlr_sensor_chaperone	0.03339062249448106	0.04285714285714286
ibd_crohn_stromal	data/raw_v3/cell_state/ibd_human_10x.h5ad	Crohn disease	colon stromal	tissue_resident	HC_3	normal	control	140	stromal cell of lamina propria of colon	full_slc15a4_tasl_tlr_irf5_branch	0.024259902696656715	0.09285714285714286
ibd_crohn_stromal	data/raw_v3/cell_state/ibd_human_10x.h5ad	Crohn disease	colon stromal	tissue_resident	HC_4	normal	control	220	stromal cell of lamina propria of colon	slc15a4_tasl_irf5_core	0.006939780068212385	0.022727272727272728
ibd_crohn_stromal	data/raw_v3/cell_state/ibd_human_10x.h5ad	Crohn disease	colon stromal	tissue_resident	HC_4	normal	control	220	stromal cell of lamina propria of colon	endosomal_tlr_sensor_chaperone	-0.04691011241685494	0.004545454545454545
ibd_crohn_stromal	data/raw_v3/cell_state/ibd_human_10x.h5ad	Crohn disease	colon stromal	tissue_resident	HC_4	normal	control	220	stromal cell of lamina propria of colon	full_slc15a4_tasl_tlr_irf5_branch	-0.023831587066111787	0.02727272727272727
ibd_crohn_stromal	data/raw_v3/cell_state/ibd_human_10x.h5ad	Crohn disease	colon stromal	tissue_resident	HC_5	normal	control	426	stromal cell of lamina propria of colon	slc15a4_tasl_irf5_core	-0.020160504918613837	0.03286384976525822
ibd_crohn_stromal	data/raw_v3/cell_state/ibd_human_10x.h5ad	Crohn disease	colon stromal	tissue_resident	HC_5	normal	control	426	stromal cell of lamina propria of colon	endosomal_tlr_sensor_chaperone	-0.016160488342252383	0.02112676056338028
ibd_crohn_stromal	data/raw_v3/cell_state/ibd_human_10x.h5ad	Crohn disease	colon stromal	tissue_resident	HC_5	normal	control	426	stromal cell of lamina propria of colon	full_slc15a4_tasl_tlr_irf5_branch	-0.017874781160692993	0.0539906103286385
ibd_crohn_stromal	data/raw_v3/cell_state/ibd_human_10x.h5ad	Crohn disease	colon stromal	tissue_resident	HC_6	normal	control	197	stromal cell of lamina propria of colon	slc15a4_tasl_irf5_core	-0.005348684371149354	0.050761421319796954
ibd_crohn_stromal	data/raw_v3/cell_state/ibd_human_10x.h5ad	Crohn disease	colon stromal	tissue_resident	HC_6	normal	control	197	stromal cell of lamina propria of colon	endosomal_tlr_sensor_chaperone	-0.015433339911268487	0.03553299492385787
ibd_crohn_stromal	data/raw_v3/cell_state/ibd_human_10x.h5ad	Crohn disease	colon stromal	tissue_resident	HC_6	normal	control	197	stromal cell of lamina propria of colon	full_slc15a4_tasl_tlr_irf5_branch	-0.011111344679788856	0.08629441624365482
ibd_uc_stromal	data/raw_v3/cell_state/ibd_human_10x.h5ad	ulcerative colitis	colon stromal	tissue_resident	HC_1	normal	control	144	stromal cell of lamina propria of colon	slc15a4_tasl_irf5_core	0.025140471301709724	0.041666666666666664
ibd_uc_stromal	data/raw_v3/cell_state/ibd_human_10x.h5ad	ulcerative colitis	colon stromal	tissue_resident	HC_1	normal	control	144	stromal cell of lamina propria of colon	endosomal_tlr_sensor_chaperone	0.08090890718649862	0.09027777777777778
ibd_uc_stromal	data/raw_v3/cell_state/ibd_human_10x.h5ad	ulcerative colitis	colon stromal	tissue_resident	HC_1	normal	control	144	stromal cell of lamina propria of colon	full_slc15a4_tasl_tlr_irf5_branch	0.0570081489501605	0.13194444444444445
ibd_uc_stromal	data/raw_v3/cell_state/ibd_human_10x.h5ad	ulcerative colitis	colon stromal	tissue_resident	HC_2	normal	control	45	stromal cell of lamina propria of colon	slc15a4_tasl_irf5_core	0.06229113523084999	0.044444444444444446
ibd_uc_stromal	data/raw_v3/cell_state/ibd_human_10x.h5ad	ulcerative colitis	colon stromal	tissue_resident	HC_2	normal	control	45	stromal cell of lamina propria of colon	endosomal_tlr_sensor_chaperone	0.08709757653209649	0.08888888888888889
ibd_uc_stromal	data/raw_v3/cell_state/ibd_human_10x.h5ad	ulcerative colitis	colon stromal	tissue_resident	HC_2	normal	control	45	stromal cell of lamina propria of colon	full_slc15a4_tasl_tlr_irf5_branch	0.076466244545848	0.13333333333333333
ibd_uc_stromal	data/raw_v3/cell_state/ibd_human_10x.h5ad	ulcerative colitis	colon stromal	tissue_resident	HC_3	normal	control	140	stromal cell of lamina propria of colon	slc15a4_tasl_irf5_core	0.012085609632890886	0.05
ibd_uc_stromal	data/raw_v3/cell_state/ibd_human_10x.h5ad	ulcerative colitis	colon stromal	tissue_resident	HC_3	normal	control	140	stromal cell of lamina propria of colon	endosomal_tlr_sensor_chaperone	0.03339062249448106	0.04285714285714286
ibd_uc_stromal	data/raw_v3/cell_state/ibd_human_10x.h5ad	ulcerative colitis	colon stromal	tissue_resident	HC_3	normal	control	140	stromal cell of lamina propria of colon	full_slc15a4_tasl_tlr_irf5_branch	0.024259902696656715	0.09285714285714286
ibd_uc_stromal	data/raw_v3/cell_state/ibd_human_10x.h5ad	ulcerative colitis	colon stromal	tissue_resident	HC_4	normal	control	220	stromal cell of lamina propria of colon	slc15a4_tasl_irf5_core	0.006939780068212385	0.022727272727272728
ibd_uc_stromal	data/raw_v3/cell_state/ibd_human_10x.h5ad	ulcerative colitis	colon stromal	tissue_resident	HC_4	normal	control	220	stromal cell of lamina propria of colon	endosomal_tlr_sensor_chaperone	-0.04691011241685494	0.004545454545454545
ibd_uc_stromal	data/raw_v3/cell_state/ibd_human_10x.h5ad	ulcerative colitis	colon stromal	tissue_resident	HC_4	normal	control	220	stromal cell of lamina propria of colon	full_slc15a4_tasl_tlr_irf5_branch	-0.023831587066111787	0.02727272727272727
ibd_uc_stromal	data/raw_v3/cell_state/ibd_human_10x.h5ad	ulcerative colitis	colon stromal	tissue_resident	HC_5	normal	control	426	stromal cell of lamina propria of colon	slc15a4_tasl_irf5_core	-0.020160504918613837	0.03286384976525822
ibd_uc_stromal	data/raw_v3/cell_state/ibd_human_10x.h5ad	ulcerative colitis	colon stromal	tissue_resident	HC_5	normal	control	426	stromal cell of lamina propria of colon	endosomal_tlr_sensor_chaperone	-0.016160488342252383	0.02112676056338028
ibd_uc_stromal	data/raw_v3/cell_state/ibd_human_10x.h5ad	ulcerative colitis	colon stromal	tissue_resident	HC_5	normal	control	426	stromal cell of lamina propria of colon	full_slc15a4_tasl_tlr_irf5_branch	-0.017874781160692993	0.0539906103286385
ibd_uc_stromal	data/raw_v3/cell_state/ibd_human_10x.h5ad	ulcerative colitis	colon stromal	tissue_resident	HC_6	normal	control	197	stromal cell of lamina propria of colon	slc15a4_tasl_irf5_core	-0.005348684371149354	0.050761421319796954
ibd_uc_stromal	data/raw_v3/cell_state/ibd_human_10x.h5ad	ulcerative colitis	colon stromal	tissue_resident	HC_6	normal	control	197	stromal cell of lamina propria of colon	endosomal_tlr_sensor_chaperone	-0.015433339911268487	0.03553299492385787
ibd_uc_stromal	data/raw_v3/cell_state/ibd_human_10x.h5ad	ulcerative colitis	colon stromal	tissue_resident	HC_6	normal	control	197	stromal cell of lamina propria of colon	full_slc15a4_tasl_tlr_irf5_branch	-0.011111344679788856	0.08629441624365482
ibd_uc_stromal	data/raw_v3/cell_state/ibd_human_10x.h5ad	ulcerative colitis	colon stromal	tissue_resident	UC_1	ulcerative colitis	case	243	stromal cell of lamina propria of colon	slc15a4_tasl_irf5_core	-0.014864646892293899	0.00823045267489712
ibd_uc_stromal	data/raw_v3/cell_state/ibd_human_10x.h5ad	ulcerative colitis	colon stromal	tissue_resident	UC_1	ulcerative colitis	case	243	stromal cell of lamina propria of colon	endosomal_tlr_sensor_chaperone	-0.02073917545278532	0.012345679012345678
ibd_uc_stromal	data/raw_v3/cell_state/ibd_human_10x.h5ad	ulcerative colitis	colon stromal	tissue_resident	UC_1	ulcerative colitis	case	243	stromal cell of lamina propria of colon	full_slc15a4_tasl_tlr_irf5_branch	-0.018221520355431838	0.0205761316872428
ibd_uc_stromal	data/raw_v3/cell_state/ibd_human_10x.h5ad	ulcerative colitis	colon stromal	tissue_resident	UC_2	ulcerative colitis	case	61	stromal cell of lamina propria of colon	slc15a4_tasl_irf5_core	0.08277949536832029	0.08196721311475409
ibd_uc_stromal	data/raw_v3/cell_state/ibd_human_10x.h5ad	ulcerative colitis	colon stromal	tissue_resident	UC_2	ulcerative colitis	case	61	stromal cell of lamina propria of colon	endosomal_tlr_sensor_chaperone	-0.0335812950359403	0.01639344262295082
ibd_uc_stromal	data/raw_v3/cell_state/ibd_human_10x.h5ad	ulcerative colitis	colon stromal	tissue_resident	UC_2	ulcerative colitis	case	61	stromal cell of lamina propria of colon	full_slc15a4_tasl_tlr_irf5_branch	0.016287615137314235	0.09836065573770492
ibd_uc_stromal	data/raw_v3/cell_state/ibd_human_10x.h5ad	ulcerative colitis	colon stromal	tissue_resident	UC_3	ulcerative colitis	case	161	stromal cell of lamina propria of colon	slc15a4_tasl_irf5_core	-0.024743960462667774	0.031055900621118012
ibd_uc_stromal	data/raw_v3/cell_state/ibd_human_10x.h5ad	ulcerative colitis	colon stromal	tissue_resident	UC_3	ulcerative colitis	case	161	stromal cell of lamina propria of colon	endosomal_tlr_sensor_chaperone	-0.048412134203211804	0.006211180124223602
ibd_uc_stromal	data/raw_v3/cell_state/ibd_human_10x.h5ad	ulcerative colitis	colon stromal	tissue_resident	UC_3	ulcerative colitis	case	161	stromal cell of lamina propria of colon	full_slc15a4_tasl_tlr_irf5_branch	-0.03826863117155007	0.037267080745341616
ibd_uc_stromal	data/raw_v3/cell_state/ibd_human_10x.h5ad	ulcerative colitis	colon stromal	tissue_resident	UC_4	ulcerative colitis	case	45	stromal cell of lamina propria of colon	slc15a4_tasl_irf5_core	0.05024504094160944	0.06666666666666667
ibd_uc_stromal	data/raw_v3/cell_state/ibd_human_10x.h5ad	ulcerative colitis	colon stromal	tissue_resident	UC_4	ulcerative colitis	case	45	stromal cell of lamina propria of colon	endosomal_tlr_sensor_chaperone	-0.034398697012172755	0.022222222222222223
ibd_uc_stromal	data/raw_v3/cell_state/ibd_human_10x.h5ad	ulcerative colitis	colon stromal	tissue_resident	UC_4	ulcerative colitis	case	45	stromal cell of lamina propria of colon	full_slc15a4_tasl_tlr_irf5_branch	0.001877190682305317	0.08888888888888889
ibd_uc_stromal	data/raw_v3/cell_state/ibd_human_10x.h5ad	ulcerative colitis	colon stromal	tissue_resident	UC_5	ulcerative colitis	case	220	stromal cell of lamina propria of colon	slc15a4_tasl_irf5_core	0.05168502750162378	0.08636363636363636
ibd_uc_stromal	data/raw_v3/cell_state/ibd_human_10x.h5ad	ulcerative colitis	colon stromal	tissue_resident	UC_5	ulcerative colitis	case	220	stromal cell of lamina propria of colon	endosomal_tlr_sensor_chaperone	0.08757525814740517	0.15
ibd_uc_stromal	data/raw_v3/cell_state/ibd_human_10x.h5ad	ulcerative colitis	colon stromal	tissue_resident	UC_5	ulcerative colitis	case	220	stromal cell of lamina propria of colon	full_slc15a4_tasl_tlr_irf5_branch	0.07219373072778458	0.2318181818181818
ibd_uc_stromal	data/raw_v3/cell_state/ibd_human_10x.h5ad	ulcerative colitis	colon stromal	tissue_resident	UC_6	ulcerative colitis	case	140	stromal cell of lamina propria of colon	slc15a4_tasl_irf5_core	0.016866219634522412	0.07857142857142857
ibd_uc_stromal	data/raw_v3/cell_state/ibd_human_10x.h5ad	ulcerative colitis	colon stromal	tissue_resident	UC_6	ulcerative colitis	case	140	stromal cell of lamina propria of colon	endosomal_tlr_sensor_chaperone	-0.053300719701813444	0.0
ibd_uc_stromal	data/raw_v3/cell_state/ibd_human_10x.h5ad	ulcerative colitis	colon stromal	tissue_resident	UC_6	ulcerative colitis	case	140	stromal cell of lamina propria of colon	full_slc15a4_tasl_tlr_irf5_branch	-0.023229174271955224	0.07857142857142857
psoriasis_skin_apc	data/raw_v3/cell_state/psoriasis_skin.h5ad	psoriasis	skin APC	myeloid_apc	Ctrl1	normal	control	173	Langerhans cell,dendritic cell, human,macrophage,monocyte	slc15a4_tasl_irf5_core	-0.019140216995321497	0.23699421965317918
psoriasis_skin_apc	data/raw_v3/cell_state/psoriasis_skin.h5ad	psoriasis	skin APC	myeloid_apc	Ctrl1	normal	control	173	Langerhans cell,dendritic cell, human,macrophage,monocyte	endosomal_tlr_sensor_chaperone	0.04022053566819611	0.2543352601156069
psoriasis_skin_apc	data/raw_v3/cell_state/psoriasis_skin.h5ad	psoriasis	skin APC	myeloid_apc	Ctrl1	normal	control	173	Langerhans cell,dendritic cell, human,macrophage,monocyte	full_slc15a4_tasl_tlr_irf5_branch	0.014780213098117126	0.3236994219653179
psoriasis_skin_apc	data/raw_v3/cell_state/psoriasis_skin.h5ad	psoriasis	skin APC	myeloid_apc	Ctrl2	normal	control	100	Langerhans cell,dendritic cell, human,macrophage,monocyte	slc15a4_tasl_irf5_core	-0.022909553500884278	0.23
psoriasis_skin_apc	data/raw_v3/cell_state/psoriasis_skin.h5ad	psoriasis	skin APC	myeloid_apc	Ctrl2	normal	control	100	Langerhans cell,dendritic cell, human,macrophage,monocyte	endosomal_tlr_sensor_chaperone	-0.02963189485912149	0.22
psoriasis_skin_apc	data/raw_v3/cell_state/psoriasis_skin.h5ad	psoriasis	skin APC	myeloid_apc	Ctrl2	normal	control	100	Langerhans cell,dendritic cell, human,macrophage,monocyte	full_slc15a4_tasl_tlr_irf5_branch	-0.026750891419876986	0.15
psoriasis_skin_apc	data/raw_v3/cell_state/psoriasis_skin.h5ad	psoriasis	skin APC	myeloid_apc	Ctrl3	normal	control	250	Langerhans cell,dendritic cell, human,macrophage,monocyte	slc15a4_tasl_irf5_core	0.022408851561116362	0.268
psoriasis_skin_apc	data/raw_v3/cell_state/psoriasis_skin.h5ad	psoriasis	skin APC	myeloid_apc	Ctrl3	normal	control	250	Langerhans cell,dendritic cell, human,macrophage,monocyte	endosomal_tlr_sensor_chaperone	-0.015979852738743142	0.26
psoriasis_skin_apc	data/raw_v3/cell_state/psoriasis_skin.h5ad	psoriasis	skin APC	myeloid_apc	Ctrl3	normal	control	250	Langerhans cell,dendritic cell, human,macrophage,monocyte	full_slc15a4_tasl_tlr_irf5_branch	0.0004724491040537799	0.24
psoriasis_skin_apc	data/raw_v3/cell_state/psoriasis_skin.h5ad	psoriasis	skin APC	myeloid_apc	Psor1	psoriasis	case	180	dendritic cell, human,macrophage,monocyte	slc15a4_tasl_irf5_core	0.05824841605188628	0.26666666666666666
psoriasis_skin_apc	data/raw_v3/cell_state/psoriasis_skin.h5ad	psoriasis	skin APC	myeloid_apc	Psor1	psoriasis	case	180	dendritic cell, human,macrophage,monocyte	endosomal_tlr_sensor_chaperone	-0.007330972809739622	0.25
psoriasis_skin_apc	data/raw_v3/cell_state/psoriasis_skin.h5ad	psoriasis	skin APC	myeloid_apc	Psor1	psoriasis	case	180	dendritic cell, human,macrophage,monocyte	full_slc15a4_tasl_tlr_irf5_branch	0.020774479559528606	0.2611111111111111
psoriasis_skin_apc	data/raw_v3/cell_state/psoriasis_skin.h5ad	psoriasis	skin APC	myeloid_apc	Psor2	psoriasis	case	95	Langerhans cell,dendritic cell, human,macrophage,monocyte	slc15a4_tasl_irf5_core	0.1447725291265747	0.3473684210526316
psoriasis_skin_apc	data/raw_v3/cell_state/psoriasis_skin.h5ad	psoriasis	skin APC	myeloid_apc	Psor2	psoriasis	case	95	Langerhans cell,dendritic cell, human,macrophage,monocyte	endosomal_tlr_sensor_chaperone	0.17522714693828795	0.3894736842105263
psoriasis_skin_apc	data/raw_v3/cell_state/psoriasis_skin.h5ad	psoriasis	skin APC	myeloid_apc	Psor2	psoriasis	case	95	Langerhans cell,dendritic cell, human,macrophage,monocyte	full_slc15a4_tasl_tlr_irf5_branch	0.16217516787612515	0.37894736842105264
psoriasis_skin_apc	data/raw_v3/cell_state/psoriasis_skin.h5ad	psoriasis	skin APC	myeloid_apc	Psor3	psoriasis	case	288	Langerhans cell,dendritic cell, human,macrophage,monocyte	slc15a4_tasl_irf5_core	0.10201030223870523	0.3090277777777778
psoriasis_skin_apc	data/raw_v3/cell_state/psoriasis_skin.h5ad	psoriasis	skin APC	myeloid_apc	Psor3	psoriasis	case	288	Langerhans cell,dendritic cell, human,macrophage,monocyte	endosomal_tlr_sensor_chaperone	0.24932414605396266	0.4548611111111111
psoriasis_skin_apc	data/raw_v3/cell_state/psoriasis_skin.h5ad	psoriasis	skin APC	myeloid_apc	Psor3	psoriasis	case	288	Langerhans cell,dendritic cell, human,macrophage,monocyte	full_slc15a4_tasl_tlr_irf5_branch	0.18618964156170947	0.4513888888888889
psoriasis_keratinocyte	data/raw_v3/cell_state/psoriasis_skin.h5ad	psoriasis	skin keratinocyte	tissue_resident	Ctrl1	normal	control	1373	basal cell of epidermis,granular cell of epidermis,hair follicular keratinocyte,spinous cell of epidermis,suprabasal keratinocyte	slc15a4_tasl_irf5_core	0.002714616226653799	0.13109978150036417
psoriasis_keratinocyte	data/raw_v3/cell_state/psoriasis_skin.h5ad	psoriasis	skin keratinocyte	tissue_resident	Ctrl1	normal	control	1373	basal cell of epidermis,granular cell of epidermis,hair follicular keratinocyte,spinous cell of epidermis,suprabasal keratinocyte	endosomal_tlr_sensor_chaperone	0.018292836894059975	0.09613983976693372
psoriasis_keratinocyte	data/raw_v3/cell_state/psoriasis_skin.h5ad	psoriasis	skin keratinocyte	tissue_resident	Ctrl1	normal	control	1373	basal cell of epidermis,granular cell of epidermis,hair follicular keratinocyte,spinous cell of epidermis,suprabasal keratinocyte	full_slc15a4_tasl_tlr_irf5_branch	0.011616456608028767	0.2090313182811362
psoriasis_keratinocyte	data/raw_v3/cell_state/psoriasis_skin.h5ad	psoriasis	skin keratinocyte	tissue_resident	Ctrl2	normal	control	936	basal cell of epidermis,granular cell of epidermis,hair follicular keratinocyte,spinous cell of epidermis,suprabasal keratinocyte	slc15a4_tasl_irf5_core	0.03916584276209617	0.1655982905982906
psoriasis_keratinocyte	data/raw_v3/cell_state/psoriasis_skin.h5ad	psoriasis	skin keratinocyte	tissue_resident	Ctrl2	normal	control	936	basal cell of epidermis,granular cell of epidermis,hair follicular keratinocyte,spinous cell of epidermis,suprabasal keratinocyte	endosomal_tlr_sensor_chaperone	0.01853642787006463	0.1282051282051282
psoriasis_keratinocyte	data/raw_v3/cell_state/psoriasis_skin.h5ad	psoriasis	skin keratinocyte	tissue_resident	Ctrl2	normal	control	936	basal cell of epidermis,granular cell of epidermis,hair follicular keratinocyte,spinous cell of epidermis,suprabasal keratinocyte	full_slc15a4_tasl_tlr_irf5_branch	0.027377605680935297	0.25854700854700857
psoriasis_keratinocyte	data/raw_v3/cell_state/psoriasis_skin.h5ad	psoriasis	skin keratinocyte	tissue_resident	Ctrl3	normal	control	2256	basal cell of epidermis,granular cell of epidermis,hair follicular keratinocyte,spinous cell of epidermis,suprabasal keratinocyte	slc15a4_tasl_irf5_core	-0.01790177167753457	0.1768617021276596
psoriasis_keratinocyte	data/raw_v3/cell_state/psoriasis_skin.h5ad	psoriasis	skin keratinocyte	tissue_resident	Ctrl3	normal	control	2256	basal cell of epidermis,granular cell of epidermis,hair follicular keratinocyte,spinous cell of epidermis,suprabasal keratinocyte	endosomal_tlr_sensor_chaperone	-0.018823653165746787	0.11657801418439716
psoriasis_keratinocyte	data/raw_v3/cell_state/psoriasis_skin.h5ad	psoriasis	skin keratinocyte	tissue_resident	Ctrl3	normal	control	2256	basal cell of epidermis,granular cell of epidermis,hair follicular keratinocyte,spinous cell of epidermis,suprabasal keratinocyte	full_slc15a4_tasl_tlr_irf5_branch	-0.018428561099370116	0.2637411347517731
psoriasis_keratinocyte	data/raw_v3/cell_state/psoriasis_skin.h5ad	psoriasis	skin keratinocyte	tissue_resident	Psor1	psoriasis	case	772	basal cell of epidermis,granular cell of epidermis,hair follicular keratinocyte,spinous cell of epidermis,suprabasal keratinocyte	slc15a4_tasl_irf5_core	-0.025175930723840972	0.14637305699481865
psoriasis_keratinocyte	data/raw_v3/cell_state/psoriasis_skin.h5ad	psoriasis	skin keratinocyte	tissue_resident	Psor1	psoriasis	case	772	basal cell of epidermis,granular cell of epidermis,hair follicular keratinocyte,spinous cell of epidermis,suprabasal keratinocyte	endosomal_tlr_sensor_chaperone	0.025049160302449126	0.13082901554404144
psoriasis_keratinocyte	data/raw_v3/cell_state/psoriasis_skin.h5ad	psoriasis	skin keratinocyte	tissue_resident	Psor1	psoriasis	case	772	basal cell of epidermis,granular cell of epidermis,hair follicular keratinocyte,spinous cell of epidermis,suprabasal keratinocyte	full_slc15a4_tasl_tlr_irf5_branch	0.003524121291181945	0.23704663212435234
psoriasis_keratinocyte	data/raw_v3/cell_state/psoriasis_skin.h5ad	psoriasis	skin keratinocyte	tissue_resident	Psor2	psoriasis	case	2530	basal cell of epidermis,granular cell of epidermis,hair follicular keratinocyte,spinous cell of epidermis,suprabasal keratinocyte	slc15a4_tasl_irf5_core	0.06297598736866915	0.2624505928853755
psoriasis_keratinocyte	data/raw_v3/cell_state/psoriasis_skin.h5ad	psoriasis	skin keratinocyte	tissue_resident	Psor2	psoriasis	case	2530	basal cell of epidermis,granular cell of epidermis,hair follicular keratinocyte,spinous cell of epidermis,suprabasal keratinocyte	endosomal_tlr_sensor_chaperone	0.0950351379866431	0.23873517786561266
psoriasis_keratinocyte	data/raw_v3/cell_state/psoriasis_skin.h5ad	psoriasis	skin keratinocyte	tissue_resident	Psor2	psoriasis	case	2530	basal cell of epidermis,granular cell of epidermis,hair follicular keratinocyte,spinous cell of epidermis,suprabasal keratinocyte	full_slc15a4_tasl_tlr_irf5_branch	0.08129550200751141	0.41462450592885375
psoriasis_keratinocyte	data/raw_v3/cell_state/psoriasis_skin.h5ad	psoriasis	skin keratinocyte	tissue_resident	Psor3	psoriasis	case	1716	basal cell of epidermis,granular cell of epidermis,hair follicular keratinocyte,spinous cell of epidermis,suprabasal keratinocyte	slc15a4_tasl_irf5_core	-0.024339066359237313	0.1888111888111888
psoriasis_keratinocyte	data/raw_v3/cell_state/psoriasis_skin.h5ad	psoriasis	skin keratinocyte	tissue_resident	Psor3	psoriasis	case	1716	basal cell of epidermis,granular cell of epidermis,hair follicular keratinocyte,spinous cell of epidermis,suprabasal keratinocyte	endosomal_tlr_sensor_chaperone	0.011685157555465106	0.14219114219114218
psoriasis_keratinocyte	data/raw_v3/cell_state/psoriasis_skin.h5ad	psoriasis	skin keratinocyte	tissue_resident	Psor3	psoriasis	case	1716	basal cell of epidermis,granular cell of epidermis,hair follicular keratinocyte,spinous cell of epidermis,suprabasal keratinocyte	full_slc15a4_tasl_tlr_irf5_branch	-0.0037537955508359228	0.2837995337995338
psoriasis_skin_stromal	data/raw_v3/cell_state/psoriasis_skin.h5ad	psoriasis	skin stromal	tissue_resident	Ctrl1	normal	control	1173	endothelial cell,endothelial cell of lymphatic vessel,fibroblast,fibroblast of papillary layer of dermis,pericyte,skin fibroblast	slc15a4_tasl_irf5_core	0.023677136428521994	0.12190963341858482
psoriasis_skin_stromal	data/raw_v3/cell_state/psoriasis_skin.h5ad	psoriasis	skin stromal	tissue_resident	Ctrl1	normal	control	1173	endothelial cell,endothelial cell of lymphatic vessel,fibroblast,fibroblast of papillary layer of dermis,pericyte,skin fibroblast	endosomal_tlr_sensor_chaperone	0.009169354609167558	0.0494458653026428
psoriasis_skin_stromal	data/raw_v3/cell_state/psoriasis_skin.h5ad	psoriasis	skin stromal	tissue_resident	Ctrl1	normal	control	1173	endothelial cell,endothelial cell of lymphatic vessel,fibroblast,fibroblast of papillary layer of dermis,pericyte,skin fibroblast	full_slc15a4_tasl_tlr_irf5_branch	0.015386975388890887	0.1577152600170503
psoriasis_skin_stromal	data/raw_v3/cell_state/psoriasis_skin.h5ad	psoriasis	skin stromal	tissue_resident	Ctrl2	normal	control	1461	endothelial cell,endothelial cell of lymphatic vessel,fibroblast,fibroblast of papillary layer of dermis,pericyte,skin fibroblast	slc15a4_tasl_irf5_core	0.01477721502338581	0.1375770020533881
psoriasis_skin_stromal	data/raw_v3/cell_state/psoriasis_skin.h5ad	psoriasis	skin stromal	tissue_resident	Ctrl2	normal	control	1461	endothelial cell,endothelial cell of lymphatic vessel,fibroblast,fibroblast of papillary layer of dermis,pericyte,skin fibroblast	endosomal_tlr_sensor_chaperone	0.020070768072063167	0.07734428473648186
psoriasis_skin_stromal	data/raw_v3/cell_state/psoriasis_skin.h5ad	psoriasis	skin stromal	tissue_resident	Ctrl2	normal	control	1461	endothelial cell,endothelial cell of lymphatic vessel,fibroblast,fibroblast of papillary layer of dermis,pericyte,skin fibroblast	full_slc15a4_tasl_tlr_irf5_branch	0.017802102479772864	0.19917864476386038
psoriasis_skin_stromal	data/raw_v3/cell_state/psoriasis_skin.h5ad	psoriasis	skin stromal	tissue_resident	Ctrl3	normal	control	2583	endothelial cell,endothelial cell of lymphatic vessel,fibroblast,fibroblast of papillary layer of dermis,pericyte,skin fibroblast	slc15a4_tasl_irf5_core	-0.0191106435074806	0.10956252419667054
psoriasis_skin_stromal	data/raw_v3/cell_state/psoriasis_skin.h5ad	psoriasis	skin stromal	tissue_resident	Ctrl3	normal	control	2583	endothelial cell,endothelial cell of lymphatic vessel,fibroblast,fibroblast of papillary layer of dermis,pericyte,skin fibroblast	endosomal_tlr_sensor_chaperone	-0.015516471200092204	0.05265195509097948
psoriasis_skin_stromal	data/raw_v3/cell_state/psoriasis_skin.h5ad	psoriasis	skin stromal	tissue_resident	Ctrl3	normal	control	2583	endothelial cell,endothelial cell of lymphatic vessel,fibroblast,fibroblast of papillary layer of dermis,pericyte,skin fibroblast	full_slc15a4_tasl_tlr_irf5_branch	-0.017056830760401525	0.151374370886566
psoriasis_skin_stromal	data/raw_v3/cell_state/psoriasis_skin.h5ad	psoriasis	skin stromal	tissue_resident	Psor1	psoriasis	case	1853	endothelial cell,endothelial cell of lymphatic vessel,fibroblast,fibroblast of papillary layer of dermis,pericyte,skin fibroblast	slc15a4_tasl_irf5_core	-0.007575038422311965	0.1586616297895305
psoriasis_skin_stromal	data/raw_v3/cell_state/psoriasis_skin.h5ad	psoriasis	skin stromal	tissue_resident	Psor1	psoriasis	case	1853	endothelial cell,endothelial cell of lymphatic vessel,fibroblast,fibroblast of papillary layer of dermis,pericyte,skin fibroblast	endosomal_tlr_sensor_chaperone	0.03691930424567936	0.09120345385860766
psoriasis_skin_stromal	data/raw_v3/cell_state/psoriasis_skin.h5ad	psoriasis	skin stromal	tissue_resident	Psor1	psoriasis	case	1853	endothelial cell,endothelial cell of lymphatic vessel,fibroblast,fibroblast of papillary layer of dermis,pericyte,skin fibroblast	full_slc15a4_tasl_tlr_irf5_branch	0.017850300245111635	0.2271991365353481
psoriasis_skin_stromal	data/raw_v3/cell_state/psoriasis_skin.h5ad	psoriasis	skin stromal	tissue_resident	Psor2	psoriasis	case	1654	endothelial cell,endothelial cell of lymphatic vessel,fibroblast,fibroblast of papillary layer of dermis,pericyte,skin fibroblast	slc15a4_tasl_irf5_core	0.013487191339493367	0.15114873035066506
psoriasis_skin_stromal	data/raw_v3/cell_state/psoriasis_skin.h5ad	psoriasis	skin stromal	tissue_resident	Psor2	psoriasis	case	1654	endothelial cell,endothelial cell of lymphatic vessel,fibroblast,fibroblast of papillary layer of dermis,pericyte,skin fibroblast	endosomal_tlr_sensor_chaperone	0.03453891636063739	0.11305925030229746
psoriasis_skin_stromal	data/raw_v3/cell_state/psoriasis_skin.h5ad	psoriasis	skin stromal	tissue_resident	Psor2	psoriasis	case	1654	endothelial cell,endothelial cell of lymphatic vessel,fibroblast,fibroblast of papillary layer of dermis,pericyte,skin fibroblast	full_slc15a4_tasl_tlr_irf5_branch	0.025516748494432806	0.23760580411124546
psoriasis_skin_stromal	data/raw_v3/cell_state/psoriasis_skin.h5ad	psoriasis	skin stromal	tissue_resident	Psor3	psoriasis	case	2573	endothelial cell,endothelial cell of lymphatic vessel,fibroblast,fibroblast of papillary layer of dermis,pericyte,skin fibroblast	slc15a4_tasl_irf5_core	0.010977311028324208	0.13253012048192772
psoriasis_skin_stromal	data/raw_v3/cell_state/psoriasis_skin.h5ad	psoriasis	skin stromal	tissue_resident	Psor3	psoriasis	case	2573	endothelial cell,endothelial cell of lymphatic vessel,fibroblast,fibroblast of papillary layer of dermis,pericyte,skin fibroblast	endosomal_tlr_sensor_chaperone	0.07678691512600802	0.13019821220365332
psoriasis_skin_stromal	data/raw_v3/cell_state/psoriasis_skin.h5ad	psoriasis	skin stromal	tissue_resident	Psor3	psoriasis	case	2573	endothelial cell,endothelial cell of lymphatic vessel,fibroblast,fibroblast of papillary layer of dermis,pericyte,skin fibroblast	full_slc15a4_tasl_tlr_irf5_branch	0.04858279908414353	0.23707734162456276
ra_blood_myeloid	data/raw_v3/cell_state/ra_binvignat_blood.h5ad	rheumatoid arthritis	blood myeloid/APC	myeloid_apc	Control01_1_A_M	normal	control	125	classical monocyte,myeloid dendritic cell,non-classical monocyte	slc15a4_tasl_irf5_core	-0.04740899570383645	0.04
ra_blood_myeloid	data/raw_v3/cell_state/ra_binvignat_blood.h5ad	rheumatoid arthritis	blood myeloid/APC	myeloid_apc	Control01_1_A_M	normal	control	125	classical monocyte,myeloid dendritic cell,non-classical monocyte	endosomal_tlr_sensor_chaperone	-0.048850128005051514	0.032
ra_blood_myeloid	data/raw_v3/cell_state/ra_binvignat_blood.h5ad	rheumatoid arthritis	blood myeloid/APC	myeloid_apc	Control01_1_A_M	normal	control	125	classical monocyte,myeloid dendritic cell,non-classical monocyte	full_slc15a4_tasl_tlr_irf5_branch	-0.04812956185444403	0.064
ra_blood_myeloid	data/raw_v3/cell_state/ra_binvignat_blood.h5ad	rheumatoid arthritis	blood myeloid/APC	myeloid_apc	Control03_1_C_F	normal	control	65	classical monocyte,myeloid dendritic cell,non-classical monocyte	slc15a4_tasl_irf5_core	0.025325294193584882	0.07692307692307693
ra_blood_myeloid	data/raw_v3/cell_state/ra_binvignat_blood.h5ad	rheumatoid arthritis	blood myeloid/APC	myeloid_apc	Control03_1_C_F	normal	control	65	classical monocyte,myeloid dendritic cell,non-classical monocyte	endosomal_tlr_sensor_chaperone	-0.11953343538279529	0.015384615384615385
ra_blood_myeloid	data/raw_v3/cell_state/ra_binvignat_blood.h5ad	rheumatoid arthritis	blood myeloid/APC	myeloid_apc	Control03_1_C_F	normal	control	65	classical monocyte,myeloid dendritic cell,non-classical monocyte	full_slc15a4_tasl_tlr_irf5_branch	-0.047104070594605245	0.09230769230769231
ra_blood_myeloid	data/raw_v3/cell_state/ra_binvignat_blood.h5ad	rheumatoid arthritis	blood myeloid/APC	myeloid_apc	Control04_1_C_F	normal	control	728	classical monocyte,myeloid dendritic cell,non-classical monocyte	slc15a4_tasl_irf5_core	-0.06353304310183175	0.03159340659340659
ra_blood_myeloid	data/raw_v3/cell_state/ra_binvignat_blood.h5ad	rheumatoid arthritis	blood myeloid/APC	myeloid_apc	Control04_1_C_F	normal	control	728	classical monocyte,myeloid dendritic cell,non-classical monocyte	endosomal_tlr_sensor_chaperone	-0.06979947086684514	0.03296703296703297
ra_blood_myeloid	data/raw_v3/cell_state/ra_binvignat_blood.h5ad	rheumatoid arthritis	blood myeloid/APC	myeloid_apc	Control04_1_C_F	normal	control	728	classical monocyte,myeloid dendritic cell,non-classical monocyte	full_slc15a4_tasl_tlr_irf5_branch	-0.06666625698433852	0.06456043956043957
ra_blood_myeloid	data/raw_v3/cell_state/ra_binvignat_blood.h5ad	rheumatoid arthritis	blood myeloid/APC	myeloid_apc	Control05_1_C_M	normal	control	1115	classical monocyte,myeloid dendritic cell,non-classical monocyte	slc15a4_tasl_irf5_core	-0.04847310731142204	0.039461883408071746
ra_blood_myeloid	data/raw_v3/cell_state/ra_binvignat_blood.h5ad	rheumatoid arthritis	blood myeloid/APC	myeloid_apc	Control05_1_C_M	normal	control	1115	classical monocyte,myeloid dendritic cell,non-classical monocyte	endosomal_tlr_sensor_chaperone	0.010450694769996159	0.05650224215246637
ra_blood_myeloid	data/raw_v3/cell_state/ra_binvignat_blood.h5ad	rheumatoid arthritis	blood myeloid/APC	myeloid_apc	Control05_1_C_M	normal	control	1115	classical monocyte,myeloid dendritic cell,non-classical monocyte	full_slc15a4_tasl_tlr_irf5_branch	-0.019011206270713003	0.09596412556053811
ra_blood_myeloid	data/raw_v3/cell_state/ra_binvignat_blood.h5ad	rheumatoid arthritis	blood myeloid/APC	myeloid_apc	Control06_1_C_M	normal	control	272	classical monocyte,myeloid dendritic cell,non-classical monocyte	slc15a4_tasl_irf5_core	0.0806838761764629	0.08455882352941177
ra_blood_myeloid	data/raw_v3/cell_state/ra_binvignat_blood.h5ad	rheumatoid arthritis	blood myeloid/APC	myeloid_apc	Control06_1_C_M	normal	control	272	classical monocyte,myeloid dendritic cell,non-classical monocyte	endosomal_tlr_sensor_chaperone	0.01215304987081576	0.0625
ra_blood_myeloid	data/raw_v3/cell_state/ra_binvignat_blood.h5ad	rheumatoid arthritis	blood myeloid/APC	myeloid_apc	Control06_1_C_M	normal	control	272	classical monocyte,myeloid dendritic cell,non-classical monocyte	full_slc15a4_tasl_tlr_irf5_branch	0.04641846302363928	0.14705882352941177
ra_blood_myeloid	data/raw_v3/cell_state/ra_binvignat_blood.h5ad	rheumatoid arthritis	blood myeloid/APC	myeloid_apc	Control07_1_C_F	normal	control	2411	classical monocyte,myeloid dendritic cell,non-classical monocyte	slc15a4_tasl_irf5_core	0.011445311496283446	0.06885109912899212
ra_blood_myeloid	data/raw_v3/cell_state/ra_binvignat_blood.h5ad	rheumatoid arthritis	blood myeloid/APC	myeloid_apc	Control07_1_C_F	normal	control	2411	classical monocyte,myeloid dendritic cell,non-classical monocyte	endosomal_tlr_sensor_chaperone	0.014259404507380486	0.08087930319369556
ra_blood_myeloid	data/raw_v3/cell_state/ra_binvignat_blood.h5ad	rheumatoid arthritis	blood myeloid/APC	myeloid_apc	Control07_1_C_F	normal	control	2411	classical monocyte,myeloid dendritic cell,non-classical monocyte	full_slc15a4_tasl_tlr_irf5_branch	0.01285235800183192	0.13894649523019495
ra_blood_myeloid	data/raw_v3/cell_state/ra_binvignat_blood.h5ad	rheumatoid arthritis	blood myeloid/APC	myeloid_apc	Control08_1_C_M	normal	control	582	classical monocyte,myeloid dendritic cell,non-classical monocyte	slc15a4_tasl_irf5_core	-0.044236392263385216	0.041237113402061855
ra_blood_myeloid	data/raw_v3/cell_state/ra_binvignat_blood.h5ad	rheumatoid arthritis	blood myeloid/APC	myeloid_apc	Control08_1_C_M	normal	control	582	classical monocyte,myeloid dendritic cell,non-classical monocyte	endosomal_tlr_sensor_chaperone	-0.009436219253624749	0.04982817869415808
ra_blood_myeloid	data/raw_v3/cell_state/ra_binvignat_blood.h5ad	rheumatoid arthritis	blood myeloid/APC	myeloid_apc	Control08_1_C_M	normal	control	582	classical monocyte,myeloid dendritic cell,non-classical monocyte	full_slc15a4_tasl_tlr_irf5_branch	-0.026836305758505038	0.08934707903780069
ra_blood_myeloid	data/raw_v3/cell_state/ra_binvignat_blood.h5ad	rheumatoid arthritis	blood myeloid/APC	myeloid_apc	Control09_1_C_M	normal	control	1494	classical monocyte,myeloid dendritic cell,non-classical monocyte	slc15a4_tasl_irf5_core	-0.021336546658487134	0.04618473895582329
ra_blood_myeloid	data/raw_v3/cell_state/ra_binvignat_blood.h5ad	rheumatoid arthritis	blood myeloid/APC	myeloid_apc	Control09_1_C_M	normal	control	1494	classical monocyte,myeloid dendritic cell,non-classical monocyte	endosomal_tlr_sensor_chaperone	-0.06635367061847955	0.030789825970548863
ra_blood_myeloid	data/raw_v3/cell_state/ra_binvignat_blood.h5ad	rheumatoid arthritis	blood myeloid/APC	myeloid_apc	Control09_1_C_M	normal	control	1494	classical monocyte,myeloid dendritic cell,non-classical monocyte	full_slc15a4_tasl_tlr_irf5_branch	-0.04384510863848339	0.07362784471218206
ra_blood_myeloid	data/raw_v3/cell_state/ra_binvignat_blood.h5ad	rheumatoid arthritis	blood myeloid/APC	myeloid_apc	Control10_1_C_F	normal	control	802	classical monocyte,myeloid dendritic cell,non-classical monocyte	slc15a4_tasl_irf5_core	-0.02605384867565472	0.04488778054862843
ra_blood_myeloid	data/raw_v3/cell_state/ra_binvignat_blood.h5ad	rheumatoid arthritis	blood myeloid/APC	myeloid_apc	Control10_1_C_F	normal	control	802	classical monocyte,myeloid dendritic cell,non-classical monocyte	endosomal_tlr_sensor_chaperone	-0.05683427449937668	0.032418952618453865
ra_blood_myeloid	data/raw_v3/cell_state/ra_binvignat_blood.h5ad	rheumatoid arthritis	blood myeloid/APC	myeloid_apc	Control10_1_C_F	normal	control	802	classical monocyte,myeloid dendritic cell,non-classical monocyte	full_slc15a4_tasl_tlr_irf5_branch	-0.04144406158751576	0.07356608478802992
ra_blood_myeloid	data/raw_v3/cell_state/ra_binvignat_blood.h5ad	rheumatoid arthritis	blood myeloid/APC	myeloid_apc	Control15_1_C_F	normal	control	776	classical monocyte,myeloid dendritic cell,non-classical monocyte	slc15a4_tasl_irf5_core	-0.04308514009388404	0.037371134020618556
ra_blood_myeloid	data/raw_v3/cell_state/ra_binvignat_blood.h5ad	rheumatoid arthritis	blood myeloid/APC	myeloid_apc	Control15_1_C_F	normal	control	776	classical monocyte,myeloid dendritic cell,non-classical monocyte	endosomal_tlr_sensor_chaperone	-0.07283768136547418	0.03350515463917526
ra_blood_myeloid	data/raw_v3/cell_state/ra_binvignat_blood.h5ad	rheumatoid arthritis	blood myeloid/APC	myeloid_apc	Control15_1_C_F	normal	control	776	classical monocyte,myeloid dendritic cell,non-classical monocyte	full_slc15a4_tasl_tlr_irf5_branch	-0.05796141072967917	0.06701030927835051
ra_blood_myeloid	data/raw_v3/cell_state/ra_binvignat_blood.h5ad	rheumatoid arthritis	blood myeloid/APC	myeloid_apc	Control16_1_C_F	normal	control	370	classical monocyte,myeloid dendritic cell,non-classical monocyte	slc15a4_tasl_irf5_core	-0.08846435851759844	0.021621621621621623
ra_blood_myeloid	data/raw_v3/cell_state/ra_binvignat_blood.h5ad	rheumatoid arthritis	blood myeloid/APC	myeloid_apc	Control16_1_C_F	normal	control	370	classical monocyte,myeloid dendritic cell,non-classical monocyte	endosomal_tlr_sensor_chaperone	-0.10939074728149348	0.016216216216216217
ra_blood_myeloid	data/raw_v3/cell_state/ra_binvignat_blood.h5ad	rheumatoid arthritis	blood myeloid/APC	myeloid_apc	Control16_1_C_F	normal	control	370	classical monocyte,myeloid dendritic cell,non-classical monocyte	full_slc15a4_tasl_tlr_irf5_branch	-0.09892755289954601	0.03783783783783784
ra_blood_myeloid	data/raw_v3/cell_state/ra_binvignat_blood.h5ad	rheumatoid arthritis	blood myeloid/APC	myeloid_apc	Control17_1_C_M	normal	control	259	classical monocyte,myeloid dendritic cell,non-classical monocyte	slc15a4_tasl_irf5_core	-0.08871119829048595	0.02702702702702703
ra_blood_myeloid	data/raw_v3/cell_state/ra_binvignat_blood.h5ad	rheumatoid arthritis	blood myeloid/APC	myeloid_apc	Control17_1_C_M	normal	control	259	classical monocyte,myeloid dendritic cell,non-classical monocyte	endosomal_tlr_sensor_chaperone	0.0040072976045503	0.0888030888030888
ra_blood_myeloid	data/raw_v3/cell_state/ra_binvignat_blood.h5ad	rheumatoid arthritis	blood myeloid/APC	myeloid_apc	Control17_1_C_M	normal	control	259	classical monocyte,myeloid dendritic cell,non-classical monocyte	full_slc15a4_tasl_tlr_irf5_branch	-0.042351950342967876	0.09652509652509653
ra_blood_myeloid	data/raw_v3/cell_state/ra_binvignat_blood.h5ad	rheumatoid arthritis	blood myeloid/APC	myeloid_apc	Control18_1_C_F	normal	control	192	classical monocyte,myeloid dendritic cell,non-classical monocyte	slc15a4_tasl_irf5_core	-0.0663672456898572	0.03125
ra_blood_myeloid	data/raw_v3/cell_state/ra_binvignat_blood.h5ad	rheumatoid arthritis	blood myeloid/APC	myeloid_apc	Control18_1_C_F	normal	control	192	classical monocyte,myeloid dendritic cell,non-classical monocyte	endosomal_tlr_sensor_chaperone	-0.061583801638045145	0.046875
ra_blood_myeloid	data/raw_v3/cell_state/ra_binvignat_blood.h5ad	rheumatoid arthritis	blood myeloid/APC	myeloid_apc	Control18_1_C_F	normal	control	192	classical monocyte,myeloid dendritic cell,non-classical monocyte	full_slc15a4_tasl_tlr_irf5_branch	-0.06397552366395125	0.07291666666666667
ra_blood_myeloid	data/raw_v3/cell_state/ra_binvignat_blood.h5ad	rheumatoid arthritis	blood myeloid/APC	myeloid_apc	Control19_1_C_F	normal	control	694	classical monocyte,myeloid dendritic cell,non-classical monocyte	slc15a4_tasl_irf5_core	-0.025702966903884714	0.05475504322766571
ra_blood_myeloid	data/raw_v3/cell_state/ra_binvignat_blood.h5ad	rheumatoid arthritis	blood myeloid/APC	myeloid_apc	Control19_1_C_F	normal	control	694	classical monocyte,myeloid dendritic cell,non-classical monocyte	endosomal_tlr_sensor_chaperone	-0.07011927394238032	0.04178674351585014
ra_blood_myeloid	data/raw_v3/cell_state/ra_binvignat_blood.h5ad	rheumatoid arthritis	blood myeloid/APC	myeloid_apc	Control19_1_C_F	normal	control	694	classical monocyte,myeloid dendritic cell,non-classical monocyte	full_slc15a4_tasl_tlr_irf5_branch	-0.047911120423132565	0.09510086455331412
ra_blood_myeloid	data/raw_v3/cell_state/ra_binvignat_blood.h5ad	rheumatoid arthritis	blood myeloid/APC	myeloid_apc	Control20_1_A_F	normal	control	757	classical monocyte,myeloid dendritic cell,non-classical monocyte	slc15a4_tasl_irf5_core	0.15768518009176646	0.14398943196829592
ra_blood_myeloid	data/raw_v3/cell_state/ra_binvignat_blood.h5ad	rheumatoid arthritis	blood myeloid/APC	myeloid_apc	Control20_1_A_F	normal	control	757	classical monocyte,myeloid dendritic cell,non-classical monocyte	endosomal_tlr_sensor_chaperone	0.2927706210132534	0.21400264200792601
ra_blood_myeloid	data/raw_v3/cell_state/ra_binvignat_blood.h5ad	rheumatoid arthritis	blood myeloid/APC	myeloid_apc	Control20_1_A_F	normal	control	757	classical monocyte,myeloid dendritic cell,non-classical monocyte	full_slc15a4_tasl_tlr_irf5_branch	0.22522790055250982	0.32100396301188905
ra_blood_myeloid	data/raw_v3/cell_state/ra_binvignat_blood.h5ad	rheumatoid arthritis	blood myeloid/APC	myeloid_apc	Control21_1_C_F	normal	control	676	classical monocyte,myeloid dendritic cell,non-classical monocyte	slc15a4_tasl_irf5_core	0.04089222456885614	0.08284023668639054
ra_blood_myeloid	data/raw_v3/cell_state/ra_binvignat_blood.h5ad	rheumatoid arthritis	blood myeloid/APC	myeloid_apc	Control21_1_C_F	normal	control	676	classical monocyte,myeloid dendritic cell,non-classical monocyte	endosomal_tlr_sensor_chaperone	0.08851179082545477	0.11982248520710059
ra_blood_myeloid	data/raw_v3/cell_state/ra_binvignat_blood.h5ad	rheumatoid arthritis	blood myeloid/APC	myeloid_apc	Control21_1_C_F	normal	control	676	classical monocyte,myeloid dendritic cell,non-classical monocyte	full_slc15a4_tasl_tlr_irf5_branch	0.06470200769715538	0.1849112426035503
ra_blood_myeloid	data/raw_v3/cell_state/ra_binvignat_blood.h5ad	rheumatoid arthritis	blood myeloid/APC	myeloid_apc	Control22_1_H_F	normal	control	608	classical monocyte,myeloid dendritic cell,non-classical monocyte	slc15a4_tasl_irf5_core	0.060068350222537426	0.09375
ra_blood_myeloid	data/raw_v3/cell_state/ra_binvignat_blood.h5ad	rheumatoid arthritis	blood myeloid/APC	myeloid_apc	Control22_1_H_F	normal	control	608	classical monocyte,myeloid dendritic cell,non-classical monocyte	endosomal_tlr_sensor_chaperone	-0.05274786714630029	0.05592105263157895
ra_blood_myeloid	data/raw_v3/cell_state/ra_binvignat_blood.h5ad	rheumatoid arthritis	blood myeloid/APC	myeloid_apc	Control22_1_H_F	normal	control	608	classical monocyte,myeloid dendritic cell,non-classical monocyte	full_slc15a4_tasl_tlr_irf5_branch	0.0036602415381185084	0.13322368421052633
ra_blood_myeloid	data/raw_v3/cell_state/ra_binvignat_blood.h5ad	rheumatoid arthritis	blood myeloid/APC	myeloid_apc	Control23_1_C_F	normal	control	873	classical monocyte,myeloid dendritic cell,non-classical monocyte	slc15a4_tasl_irf5_core	0.07989292958557444	0.10080183276059565
ra_blood_myeloid	data/raw_v3/cell_state/ra_binvignat_blood.h5ad	rheumatoid arthritis	blood myeloid/APC	myeloid_apc	Control23_1_C_F	normal	control	873	classical monocyte,myeloid dendritic cell,non-classical monocyte	endosomal_tlr_sensor_chaperone	0.08317605149324406	0.10882016036655212
ra_blood_myeloid	data/raw_v3/cell_state/ra_binvignat_blood.h5ad	rheumatoid arthritis	blood myeloid/APC	myeloid_apc	Control23_1_C_F	normal	control	873	classical monocyte,myeloid dendritic cell,non-classical monocyte	full_slc15a4_tasl_tlr_irf5_branch	0.0815344905394092	0.19243986254295534
ra_blood_myeloid	data/raw_v3/cell_state/ra_binvignat_blood.h5ad	rheumatoid arthritis	blood myeloid/APC	myeloid_apc	RA01_1_A_M	rheumatoid arthritis	case	956	classical monocyte,myeloid dendritic cell,non-classical monocyte	slc15a4_tasl_irf5_core	-0.051526426008345845	0.03765690376569038
ra_blood_myeloid	data/raw_v3/cell_state/ra_binvignat_blood.h5ad	rheumatoid arthritis	blood myeloid/APC	myeloid_apc	RA01_1_A_M	rheumatoid arthritis	case	956	classical monocyte,myeloid dendritic cell,non-classical monocyte	endosomal_tlr_sensor_chaperone	-0.05111315316706057	0.04184100418410042
ra_blood_myeloid	data/raw_v3/cell_state/ra_binvignat_blood.h5ad	rheumatoid arthritis	blood myeloid/APC	myeloid_apc	RA01_1_A_M	rheumatoid arthritis	case	956	classical monocyte,myeloid dendritic cell,non-classical monocyte	full_slc15a4_tasl_tlr_irf5_branch	-0.051319789587703266	0.07635983263598327
ra_blood_myeloid	data/raw_v3/cell_state/ra_binvignat_blood.h5ad	rheumatoid arthritis	blood myeloid/APC	myeloid_apc	RA03_1_C_F	rheumatoid arthritis	case	356	classical monocyte,myeloid dendritic cell,non-classical monocyte	slc15a4_tasl_irf5_core	-0.020101019248073605	0.05337078651685393
ra_blood_myeloid	data/raw_v3/cell_state/ra_binvignat_blood.h5ad	rheumatoid arthritis	blood myeloid/APC	myeloid_apc	RA03_1_C_F	rheumatoid arthritis	case	356	classical monocyte,myeloid dendritic cell,non-classical monocyte	endosomal_tlr_sensor_chaperone	0.014052600296527683	0.06741573033707865
ra_blood_myeloid	data/raw_v3/cell_state/ra_binvignat_blood.h5ad	rheumatoid arthritis	blood myeloid/APC	myeloid_apc	RA03_1_C_F	rheumatoid arthritis	case	356	classical monocyte,myeloid dendritic cell,non-classical monocyte	full_slc15a4_tasl_tlr_irf5_branch	-0.0030242094757730177	0.11797752808988764
ra_blood_myeloid	data/raw_v3/cell_state/ra_binvignat_blood.h5ad	rheumatoid arthritis	blood myeloid/APC	myeloid_apc	RA04_1_C_F	rheumatoid arthritis	case	152	classical monocyte,myeloid dendritic cell,non-classical monocyte	slc15a4_tasl_irf5_core	-0.08924422427944355	0.02631578947368421
ra_blood_myeloid	data/raw_v3/cell_state/ra_binvignat_blood.h5ad	rheumatoid arthritis	blood myeloid/APC	myeloid_apc	RA04_1_C_F	rheumatoid arthritis	case	152	classical monocyte,myeloid dendritic cell,non-classical monocyte	endosomal_tlr_sensor_chaperone	-0.12295289924355901	0.013157894736842105
ra_blood_myeloid	data/raw_v3/cell_state/ra_binvignat_blood.h5ad	rheumatoid arthritis	blood myeloid/APC	myeloid_apc	RA04_1_C_F	rheumatoid arthritis	case	152	classical monocyte,myeloid dendritic cell,non-classical monocyte	full_slc15a4_tasl_tlr_irf5_branch	-0.10609856176150136	0.039473684210526314
ra_blood_myeloid	data/raw_v3/cell_state/ra_binvignat_blood.h5ad	rheumatoid arthritis	blood myeloid/APC	myeloid_apc	RA05_1_C_M	rheumatoid arthritis	case	1294	classical monocyte,myeloid dendritic cell,non-classical monocyte	slc15a4_tasl_irf5_core	-0.02299747306543908	0.05023183925811438
ra_blood_myeloid	data/raw_v3/cell_state/ra_binvignat_blood.h5ad	rheumatoid arthritis	blood myeloid/APC	myeloid_apc	RA05_1_C_M	rheumatoid arthritis	case	1294	classical monocyte,myeloid dendritic cell,non-classical monocyte	endosomal_tlr_sensor_chaperone	-0.06834505120482649	0.030911901081916538
ra_blood_myeloid	data/raw_v3/cell_state/ra_binvignat_blood.h5ad	rheumatoid arthritis	blood myeloid/APC	myeloid_apc	RA05_1_C_M	rheumatoid arthritis	case	1294	classical monocyte,myeloid dendritic cell,non-classical monocyte	full_slc15a4_tasl_tlr_irf5_branch	-0.04567126213513284	0.07882534775888717
ra_blood_myeloid	data/raw_v3/cell_state/ra_binvignat_blood.h5ad	rheumatoid arthritis	blood myeloid/APC	myeloid_apc	RA06_1_C_M	rheumatoid arthritis	case	469	classical monocyte,myeloid dendritic cell,non-classical monocyte	slc15a4_tasl_irf5_core	-0.020311094111039683	0.0511727078891258
ra_blood_myeloid	data/raw_v3/cell_state/ra_binvignat_blood.h5ad	rheumatoid arthritis	blood myeloid/APC	myeloid_apc	RA06_1_C_M	rheumatoid arthritis	case	469	classical monocyte,myeloid dendritic cell,non-classical monocyte	endosomal_tlr_sensor_chaperone	-0.02387491569719176	0.04477611940298507
ra_blood_myeloid	data/raw_v3/cell_state/ra_binvignat_blood.h5ad	rheumatoid arthritis	blood myeloid/APC	myeloid_apc	RA06_1_C_M	rheumatoid arthritis	case	469	classical monocyte,myeloid dendritic cell,non-classical monocyte	full_slc15a4_tasl_tlr_irf5_branch	-0.022093004904115768	0.09381663113006397
ra_blood_myeloid	data/raw_v3/cell_state/ra_binvignat_blood.h5ad	rheumatoid arthritis	blood myeloid/APC	myeloid_apc	RA07_1_C_F	rheumatoid arthritis	case	536	classical monocyte,myeloid dendritic cell,non-classical monocyte	slc15a4_tasl_irf5_core	0.04252176208589176	0.07649253731343283
ra_blood_myeloid	data/raw_v3/cell_state/ra_binvignat_blood.h5ad	rheumatoid arthritis	blood myeloid/APC	myeloid_apc	RA07_1_C_F	rheumatoid arthritis	case	536	classical monocyte,myeloid dendritic cell,non-classical monocyte	endosomal_tlr_sensor_chaperone	-0.051406199407999044	0.03917910447761194
ra_blood_myeloid	data/raw_v3/cell_state/ra_binvignat_blood.h5ad	rheumatoid arthritis	blood myeloid/APC	myeloid_apc	RA07_1_C_F	rheumatoid arthritis	case	536	classical monocyte,myeloid dendritic cell,non-classical monocyte	full_slc15a4_tasl_tlr_irf5_branch	-0.004442218661053698	0.11567164179104478
ra_blood_myeloid	data/raw_v3/cell_state/ra_binvignat_blood.h5ad	rheumatoid arthritis	blood myeloid/APC	myeloid_apc	RA08_1_C_M	rheumatoid arthritis	case	966	classical monocyte,myeloid dendritic cell,non-classical monocyte	slc15a4_tasl_irf5_core	-0.016693000578416824	0.050724637681159424
ra_blood_myeloid	data/raw_v3/cell_state/ra_binvignat_blood.h5ad	rheumatoid arthritis	blood myeloid/APC	myeloid_apc	RA08_1_C_M	rheumatoid arthritis	case	966	classical monocyte,myeloid dendritic cell,non-classical monocyte	endosomal_tlr_sensor_chaperone	0.005943790594272586	0.057971014492753624
ra_blood_myeloid	data/raw_v3/cell_state/ra_binvignat_blood.h5ad	rheumatoid arthritis	blood myeloid/APC	myeloid_apc	RA08_1_C_M	rheumatoid arthritis	case	966	classical monocyte,myeloid dendritic cell,non-classical monocyte	full_slc15a4_tasl_tlr_irf5_branch	-0.0053746049920721595	0.10351966873706005
ra_blood_myeloid	data/raw_v3/cell_state/ra_binvignat_blood.h5ad	rheumatoid arthritis	blood myeloid/APC	myeloid_apc	RA09_1_C_M	rheumatoid arthritis	case	698	classical monocyte,myeloid dendritic cell,non-classical monocyte	slc15a4_tasl_irf5_core	0.0661217928032405	0.08452722063037249
ra_blood_myeloid	data/raw_v3/cell_state/ra_binvignat_blood.h5ad	rheumatoid arthritis	blood myeloid/APC	myeloid_apc	RA09_1_C_M	rheumatoid arthritis	case	698	classical monocyte,myeloid dendritic cell,non-classical monocyte	endosomal_tlr_sensor_chaperone	-0.07631243134234524	0.02865329512893983
ra_blood_myeloid	data/raw_v3/cell_state/ra_binvignat_blood.h5ad	rheumatoid arthritis	blood myeloid/APC	myeloid_apc	RA09_1_C_M	rheumatoid arthritis	case	698	classical monocyte,myeloid dendritic cell,non-classical monocyte	full_slc15a4_tasl_tlr_irf5_branch	-0.005095319269552433	0.11174785100286533
ra_blood_myeloid	data/raw_v3/cell_state/ra_binvignat_blood.h5ad	rheumatoid arthritis	blood myeloid/APC	myeloid_apc	RA10_1_C_F	rheumatoid arthritis	case	265	classical monocyte,myeloid dendritic cell,non-classical monocyte	slc15a4_tasl_irf5_core	-0.04085039090563852	0.03773584905660377
ra_blood_myeloid	data/raw_v3/cell_state/ra_binvignat_blood.h5ad	rheumatoid arthritis	blood myeloid/APC	myeloid_apc	RA10_1_C_F	rheumatoid arthritis	case	265	classical monocyte,myeloid dendritic cell,non-classical monocyte	endosomal_tlr_sensor_chaperone	-0.10092121007881945	0.022641509433962263
ra_blood_myeloid	data/raw_v3/cell_state/ra_binvignat_blood.h5ad	rheumatoid arthritis	blood myeloid/APC	myeloid_apc	RA10_1_C_F	rheumatoid arthritis	case	265	classical monocyte,myeloid dendritic cell,non-classical monocyte	full_slc15a4_tasl_tlr_irf5_branch	-0.07088580049222905	0.06037735849056604
ra_blood_myeloid	data/raw_v3/cell_state/ra_binvignat_blood.h5ad	rheumatoid arthritis	blood myeloid/APC	myeloid_apc	RA15_1_C_F	rheumatoid arthritis	case	485	classical monocyte,myeloid dendritic cell,non-classical monocyte	slc15a4_tasl_irf5_core	-0.06370321534671829	0.030927835051546393
ra_blood_myeloid	data/raw_v3/cell_state/ra_binvignat_blood.h5ad	rheumatoid arthritis	blood myeloid/APC	myeloid_apc	RA15_1_C_F	rheumatoid arthritis	case	485	classical monocyte,myeloid dendritic cell,non-classical monocyte	endosomal_tlr_sensor_chaperone	-0.047762536175525325	0.03505154639175258
ra_blood_myeloid	data/raw_v3/cell_state/ra_binvignat_blood.h5ad	rheumatoid arthritis	blood myeloid/APC	myeloid_apc	RA15_1_C_F	rheumatoid arthritis	case	485	classical monocyte,myeloid dendritic cell,non-classical monocyte	full_slc15a4_tasl_tlr_irf5_branch	-0.05573287576112185	0.06597938144329897
ra_blood_myeloid	data/raw_v3/cell_state/ra_binvignat_blood.h5ad	rheumatoid arthritis	blood myeloid/APC	myeloid_apc	RA16_1_C_M	rheumatoid arthritis	case	176	classical monocyte,myeloid dendritic cell,non-classical monocyte	slc15a4_tasl_irf5_core	-0.07866160738016831	0.028409090909090908
ra_blood_myeloid	data/raw_v3/cell_state/ra_binvignat_blood.h5ad	rheumatoid arthritis	blood myeloid/APC	myeloid_apc	RA16_1_C_M	rheumatoid arthritis	case	176	classical monocyte,myeloid dendritic cell,non-classical monocyte	endosomal_tlr_sensor_chaperone	-0.0623651562796227	0.03977272727272727
ra_blood_myeloid	data/raw_v3/cell_state/ra_binvignat_blood.h5ad	rheumatoid arthritis	blood myeloid/APC	myeloid_apc	RA16_1_C_M	rheumatoid arthritis	case	176	classical monocyte,myeloid dendritic cell,non-classical monocyte	full_slc15a4_tasl_tlr_irf5_branch	-0.07051338182989557	0.056818181818181816
ra_blood_myeloid	data/raw_v3/cell_state/ra_binvignat_blood.h5ad	rheumatoid arthritis	blood myeloid/APC	myeloid_apc	RA17_1_C_F	rheumatoid arthritis	case	155	classical monocyte,myeloid dendritic cell,non-classical monocyte	slc15a4_tasl_irf5_core	-0.0765941228702427	0.03225806451612903
ra_blood_myeloid	data/raw_v3/cell_state/ra_binvignat_blood.h5ad	rheumatoid arthritis	blood myeloid/APC	myeloid_apc	RA17_1_C_F	rheumatoid arthritis	case	155	classical monocyte,myeloid dendritic cell,non-classical monocyte	endosomal_tlr_sensor_chaperone	0.0021120638030694408	0.07741935483870968
ra_blood_myeloid	data/raw_v3/cell_state/ra_binvignat_blood.h5ad	rheumatoid arthritis	blood myeloid/APC	myeloid_apc	RA17_1_C_F	rheumatoid arthritis	case	155	classical monocyte,myeloid dendritic cell,non-classical monocyte	full_slc15a4_tasl_tlr_irf5_branch	-0.03724102953358668	0.10967741935483871
ra_blood_myeloid	data/raw_v3/cell_state/ra_binvignat_blood.h5ad	rheumatoid arthritis	blood myeloid/APC	myeloid_apc	RA18_1_C_F	rheumatoid arthritis	case	574	classical monocyte,myeloid dendritic cell,non-classical monocyte	slc15a4_tasl_irf5_core	0.06435567373399433	0.09407665505226481
ra_blood_myeloid	data/raw_v3/cell_state/ra_binvignat_blood.h5ad	rheumatoid arthritis	blood myeloid/APC	myeloid_apc	RA18_1_C_F	rheumatoid arthritis	case	574	classical monocyte,myeloid dendritic cell,non-classical monocyte	endosomal_tlr_sensor_chaperone	-0.06161484807077855	0.04529616724738676
ra_blood_myeloid	data/raw_v3/cell_state/ra_binvignat_blood.h5ad	rheumatoid arthritis	blood myeloid/APC	myeloid_apc	RA18_1_C_F	rheumatoid arthritis	case	574	classical monocyte,myeloid dendritic cell,non-classical monocyte	full_slc15a4_tasl_tlr_irf5_branch	0.001370412831607854	0.13414634146341464
ra_blood_myeloid	data/raw_v3/cell_state/ra_binvignat_blood.h5ad	rheumatoid arthritis	blood myeloid/APC	myeloid_apc	RA19_1_A_F	rheumatoid arthritis	case	876	classical monocyte,myeloid dendritic cell,non-classical monocyte	slc15a4_tasl_irf5_core	0.032746513964100214	0.07876712328767123
ra_blood_myeloid	data/raw_v3/cell_state/ra_binvignat_blood.h5ad	rheumatoid arthritis	blood myeloid/APC	myeloid_apc	RA19_1_A_F	rheumatoid arthritis	case	876	classical monocyte,myeloid dendritic cell,non-classical monocyte	endosomal_tlr_sensor_chaperone	-0.031315612682771235	0.06278538812785388
ra_blood_myeloid	data/raw_v3/cell_state/ra_binvignat_blood.h5ad	rheumatoid arthritis	blood myeloid/APC	myeloid_apc	RA19_1_A_F	rheumatoid arthritis	case	876	classical monocyte,myeloid dendritic cell,non-classical monocyte	full_slc15a4_tasl_tlr_irf5_branch	0.00071545064066442	0.136986301369863
ra_blood_myeloid	data/raw_v3/cell_state/ra_binvignat_blood.h5ad	rheumatoid arthritis	blood myeloid/APC	myeloid_apc	RA20_1_C_F	rheumatoid arthritis	case	730	classical monocyte,myeloid dendritic cell,non-classical monocyte	slc15a4_tasl_irf5_core	0.041683182931984246	0.0863013698630137
ra_blood_myeloid	data/raw_v3/cell_state/ra_binvignat_blood.h5ad	rheumatoid arthritis	blood myeloid/APC	myeloid_apc	RA20_1_C_F	rheumatoid arthritis	case	730	classical monocyte,myeloid dendritic cell,non-classical monocyte	endosomal_tlr_sensor_chaperone	-0.025059463015639702	0.07260273972602739
ra_blood_myeloid	data/raw_v3/cell_state/ra_binvignat_blood.h5ad	rheumatoid arthritis	blood myeloid/APC	myeloid_apc	RA20_1_C_F	rheumatoid arthritis	case	730	classical monocyte,myeloid dendritic cell,non-classical monocyte	full_slc15a4_tasl_tlr_irf5_branch	0.008311859958172227	0.1410958904109589
ra_blood_myeloid	data/raw_v3/cell_state/ra_binvignat_blood.h5ad	rheumatoid arthritis	blood myeloid/APC	myeloid_apc	RA21_1_H_F	rheumatoid arthritis	case	612	classical monocyte,myeloid dendritic cell,non-classical monocyte	slc15a4_tasl_irf5_core	-0.1375018165713788	0.0032679738562091504
ra_blood_myeloid	data/raw_v3/cell_state/ra_binvignat_blood.h5ad	rheumatoid arthritis	blood myeloid/APC	myeloid_apc	RA21_1_H_F	rheumatoid arthritis	case	612	classical monocyte,myeloid dendritic cell,non-classical monocyte	endosomal_tlr_sensor_chaperone	-0.13482525981233046	0.006535947712418301
ra_blood_myeloid	data/raw_v3/cell_state/ra_binvignat_blood.h5ad	rheumatoid arthritis	blood myeloid/APC	myeloid_apc	RA21_1_H_F	rheumatoid arthritis	case	612	classical monocyte,myeloid dendritic cell,non-classical monocyte	full_slc15a4_tasl_tlr_irf5_branch	-0.1361635381918547	0.00980392156862745
ra_blood_myeloid	data/raw_v3/cell_state/ra_binvignat_blood.h5ad	rheumatoid arthritis	blood myeloid/APC	myeloid_apc	RA22_1_C_F	rheumatoid arthritis	case	435	classical monocyte,myeloid dendritic cell,non-classical monocyte	slc15a4_tasl_irf5_core	-0.06646020811492824	0.0367816091954023
ra_blood_myeloid	data/raw_v3/cell_state/ra_binvignat_blood.h5ad	rheumatoid arthritis	blood myeloid/APC	myeloid_apc	RA22_1_C_F	rheumatoid arthritis	case	435	classical monocyte,myeloid dendritic cell,non-classical monocyte	endosomal_tlr_sensor_chaperone	0.027160609770566776	0.08505747126436781
ra_blood_myeloid	data/raw_v3/cell_state/ra_binvignat_blood.h5ad	rheumatoid arthritis	blood myeloid/APC	myeloid_apc	RA22_1_C_F	rheumatoid arthritis	case	435	classical monocyte,myeloid dendritic cell,non-classical monocyte	full_slc15a4_tasl_tlr_irf5_branch	-0.01964979917218079	0.11264367816091954
ra_blood_myeloid	data/raw_v3/cell_state/ra_binvignat_blood.h5ad	rheumatoid arthritis	blood myeloid/APC	myeloid_apc	RA23_1_C_F	rheumatoid arthritis	case	1075	classical monocyte,myeloid dendritic cell,non-classical monocyte	slc15a4_tasl_irf5_core	0.17107514531055326	0.1386046511627907
ra_blood_myeloid	data/raw_v3/cell_state/ra_binvignat_blood.h5ad	rheumatoid arthritis	blood myeloid/APC	myeloid_apc	RA23_1_C_F	rheumatoid arthritis	case	1075	classical monocyte,myeloid dendritic cell,non-classical monocyte	endosomal_tlr_sensor_chaperone	0.1738179328274165	0.16
ra_blood_myeloid	data/raw_v3/cell_state/ra_binvignat_blood.h5ad	rheumatoid arthritis	blood myeloid/APC	myeloid_apc	RA23_1_C_F	rheumatoid arthritis	case	1075	classical monocyte,myeloid dendritic cell,non-classical monocyte	full_slc15a4_tasl_tlr_irf5_branch	0.17244653906898483	0.2725581395348837
sjogren_gland_apc	data/raw_v3/cell_state/sjogren_salivary.h5ad	Sjogren syndrome	salivary gland APC	myeloid_apc	NIDCRDC3247	Sjogren syndrome	case	157	alternatively activated macrophage,dendritic cell,inflammatory macrophage	slc15a4_tasl_irf5_core	0.17095908499461424	0.34394904458598724
sjogren_gland_apc	data/raw_v3/cell_state/sjogren_salivary.h5ad	Sjogren syndrome	salivary gland APC	myeloid_apc	NIDCRDC3247	Sjogren syndrome	case	157	alternatively activated macrophage,dendritic cell,inflammatory macrophage	endosomal_tlr_sensor_chaperone	-0.08504034129120862	0.2611464968152866
sjogren_gland_apc	data/raw_v3/cell_state/sjogren_salivary.h5ad	Sjogren syndrome	salivary gland APC	myeloid_apc	NIDCRDC3247	Sjogren syndrome	case	157	alternatively activated macrophage,dendritic cell,inflammatory macrophage	full_slc15a4_tasl_tlr_irf5_branch	0.024673698545572605	0.2356687898089172
sjogren_gland_apc	data/raw_v3/cell_state/sjogren_salivary.h5ad	Sjogren syndrome	salivary gland APC	myeloid_apc	NIDCRDC3437	normal	control	65	alternatively activated macrophage,dendritic cell,inflammatory macrophage	slc15a4_tasl_irf5_core	0.19241288797656153	0.38461538461538464
sjogren_gland_apc	data/raw_v3/cell_state/sjogren_salivary.h5ad	Sjogren syndrome	salivary gland APC	myeloid_apc	NIDCRDC3437	normal	control	65	alternatively activated macrophage,dendritic cell,inflammatory macrophage	endosomal_tlr_sensor_chaperone	0.26311478156431484	0.4153846153846154
sjogren_gland_apc	data/raw_v3/cell_state/sjogren_salivary.h5ad	Sjogren syndrome	salivary gland APC	myeloid_apc	NIDCRDC3437	normal	control	65	alternatively activated macrophage,dendritic cell,inflammatory macrophage	full_slc15a4_tasl_tlr_irf5_branch	0.23281397002670634	0.46153846153846156
sjogren_gland_apc	data/raw_v3/cell_state/sjogren_salivary.h5ad	Sjogren syndrome	salivary gland APC	myeloid_apc	NIDCRDC3556	normal	control	249	alternatively activated macrophage,dendritic cell,inflammatory macrophage	slc15a4_tasl_irf5_core	-0.2860718412829438	0.01606425702811245
sjogren_gland_apc	data/raw_v3/cell_state/sjogren_salivary.h5ad	Sjogren syndrome	salivary gland APC	myeloid_apc	NIDCRDC3556	normal	control	249	alternatively activated macrophage,dendritic cell,inflammatory macrophage	endosomal_tlr_sensor_chaperone	-0.218953759763982	0.06827309236947791
sjogren_gland_apc	data/raw_v3/cell_state/sjogren_salivary.h5ad	Sjogren syndrome	salivary gland APC	myeloid_apc	NIDCRDC3556	normal	control	249	alternatively activated macrophage,dendritic cell,inflammatory macrophage	full_slc15a4_tasl_tlr_irf5_branch	-0.247718651843537	0.05220883534136546
sjogren_gland_apc	data/raw_v3/cell_state/sjogren_salivary.h5ad	Sjogren syndrome	salivary gland APC	myeloid_apc	NIDCRDC3559	Sjogren syndrome	case	65	alternatively activated macrophage,dendritic cell,inflammatory macrophage	slc15a4_tasl_irf5_core	-0.044735402917942646	0.2153846153846154
sjogren_gland_apc	data/raw_v3/cell_state/sjogren_salivary.h5ad	Sjogren syndrome	salivary gland APC	myeloid_apc	NIDCRDC3559	Sjogren syndrome	case	65	alternatively activated macrophage,dendritic cell,inflammatory macrophage	endosomal_tlr_sensor_chaperone	-0.17448785143895823	0.09230769230769231
sjogren_gland_apc	data/raw_v3/cell_state/sjogren_salivary.h5ad	Sjogren syndrome	salivary gland APC	myeloid_apc	NIDCRDC3559	Sjogren syndrome	case	65	alternatively activated macrophage,dendritic cell,inflammatory macrophage	full_slc15a4_tasl_tlr_irf5_branch	-0.11887965921566583	0.15384615384615385
sjogren_gland_apc	data/raw_v3/cell_state/sjogren_salivary.h5ad	Sjogren syndrome	salivary gland APC	myeloid_apc	NIDCRDC3560	Sjogren syndrome	case	21	alternatively activated macrophage,dendritic cell,inflammatory macrophage	slc15a4_tasl_irf5_core	0.3774327043833031	0.5238095238095238
sjogren_gland_apc	data/raw_v3/cell_state/sjogren_salivary.h5ad	Sjogren syndrome	salivary gland APC	myeloid_apc	NIDCRDC3560	Sjogren syndrome	case	21	alternatively activated macrophage,dendritic cell,inflammatory macrophage	endosomal_tlr_sensor_chaperone	-0.002413727855459965	0.19047619047619047
sjogren_gland_apc	data/raw_v3/cell_state/sjogren_salivary.h5ad	Sjogren syndrome	salivary gland APC	myeloid_apc	NIDCRDC3560	Sjogren syndrome	case	21	alternatively activated macrophage,dendritic cell,inflammatory macrophage	full_slc15a4_tasl_tlr_irf5_branch	0.1603776002468671	0.42857142857142855
sjogren_gland_apc	data/raw_v3/cell_state/sjogren_salivary.h5ad	Sjogren syndrome	salivary gland APC	myeloid_apc	NIDCRDC3561	Sjogren syndrome	case	147	alternatively activated macrophage,dendritic cell,inflammatory macrophage	slc15a4_tasl_irf5_core	0.102782016830983	0.2789115646258503
sjogren_gland_apc	data/raw_v3/cell_state/sjogren_salivary.h5ad	Sjogren syndrome	salivary gland APC	myeloid_apc	NIDCRDC3561	Sjogren syndrome	case	147	alternatively activated macrophage,dendritic cell,inflammatory macrophage	endosomal_tlr_sensor_chaperone	-0.08993558615646736	0.2789115646258503
sjogren_gland_apc	data/raw_v3/cell_state/sjogren_salivary.h5ad	Sjogren syndrome	salivary gland APC	myeloid_apc	NIDCRDC3561	Sjogren syndrome	case	147	alternatively activated macrophage,dendritic cell,inflammatory macrophage	full_slc15a4_tasl_tlr_irf5_branch	-0.007342327733274362	0.21768707482993196
sjogren_gland_apc	data/raw_v3/cell_state/sjogren_salivary.h5ad	Sjogren syndrome	salivary gland APC	myeloid_apc	NIDCRDC3564	normal	control	31	alternatively activated macrophage,dendritic cell,inflammatory macrophage	slc15a4_tasl_irf5_core	0.2727133226583635	0.5161290322580645
sjogren_gland_apc	data/raw_v3/cell_state/sjogren_salivary.h5ad	Sjogren syndrome	salivary gland APC	myeloid_apc	NIDCRDC3564	normal	control	31	alternatively activated macrophage,dendritic cell,inflammatory macrophage	endosomal_tlr_sensor_chaperone	0.13272332641363613	0.3548387096774194
sjogren_gland_apc	data/raw_v3/cell_state/sjogren_salivary.h5ad	Sjogren syndrome	salivary gland APC	myeloid_apc	NIDCRDC3564	normal	control	31	alternatively activated macrophage,dendritic cell,inflammatory macrophage	full_slc15a4_tasl_tlr_irf5_branch	0.19271903908994786	0.41935483870967744
sjogren_gland_apc	data/raw_v3/cell_state/sjogren_salivary.h5ad	Sjogren syndrome	salivary gland APC	myeloid_apc	NIDCRDC3592	normal	control	25	alternatively activated macrophage,dendritic cell,inflammatory macrophage	slc15a4_tasl_irf5_core	0.22331901215380756	0.52
sjogren_gland_apc	data/raw_v3/cell_state/sjogren_salivary.h5ad	Sjogren syndrome	salivary gland APC	myeloid_apc	NIDCRDC3592	normal	control	25	alternatively activated macrophage,dendritic cell,inflammatory macrophage	endosomal_tlr_sensor_chaperone	0.1298241814400622	0.24
sjogren_gland_apc	data/raw_v3/cell_state/sjogren_salivary.h5ad	Sjogren syndrome	salivary gland APC	myeloid_apc	NIDCRDC3592	normal	control	25	alternatively activated macrophage,dendritic cell,inflammatory macrophage	full_slc15a4_tasl_tlr_irf5_branch	0.16989339460309594	0.4
sjogren_gland_apc	data/raw_v3/cell_state/sjogren_salivary.h5ad	Sjogren syndrome	salivary gland APC	myeloid_apc	NIDCRDC3596	normal	control	53	alternatively activated macrophage,dendritic cell,inflammatory macrophage	slc15a4_tasl_irf5_core	0.005170605857973035	0.2641509433962264
sjogren_gland_apc	data/raw_v3/cell_state/sjogren_salivary.h5ad	Sjogren syndrome	salivary gland APC	myeloid_apc	NIDCRDC3596	normal	control	53	alternatively activated macrophage,dendritic cell,inflammatory macrophage	endosomal_tlr_sensor_chaperone	0.038304346544515824	0.3018867924528302
sjogren_gland_apc	data/raw_v3/cell_state/sjogren_salivary.h5ad	Sjogren syndrome	salivary gland APC	myeloid_apc	NIDCRDC3596	normal	control	53	alternatively activated macrophage,dendritic cell,inflammatory macrophage	full_slc15a4_tasl_tlr_irf5_branch	0.02410417196456893	0.2830188679245283
sjogren_gland_apc	data/raw_v3/cell_state/sjogren_salivary.h5ad	Sjogren syndrome	salivary gland APC	myeloid_apc	NIDCRDC3598	Sjogren syndrome	case	120	alternatively activated macrophage,dendritic cell,inflammatory macrophage	slc15a4_tasl_irf5_core	0.1136503204342865	0.39166666666666666
sjogren_gland_apc	data/raw_v3/cell_state/sjogren_salivary.h5ad	Sjogren syndrome	salivary gland APC	myeloid_apc	NIDCRDC3598	Sjogren syndrome	case	120	alternatively activated macrophage,dendritic cell,inflammatory macrophage	endosomal_tlr_sensor_chaperone	0.13323109329237853	0.3
sjogren_gland_apc	data/raw_v3/cell_state/sjogren_salivary.h5ad	Sjogren syndrome	salivary gland APC	myeloid_apc	NIDCRDC3598	Sjogren syndrome	case	120	alternatively activated macrophage,dendritic cell,inflammatory macrophage	full_slc15a4_tasl_tlr_irf5_branch	0.12483933349605338	0.3333333333333333
sjogren_gland_apc	data/raw_v3/cell_state/sjogren_salivary.h5ad	Sjogren syndrome	salivary gland APC	myeloid_apc	NIDCRDC3604	Sjogren syndrome	case	140	alternatively activated macrophage,dendritic cell,inflammatory macrophage	slc15a4_tasl_irf5_core	0.08761783820041698	0.30714285714285716
sjogren_gland_apc	data/raw_v3/cell_state/sjogren_salivary.h5ad	Sjogren syndrome	salivary gland APC	myeloid_apc	NIDCRDC3604	Sjogren syndrome	case	140	alternatively activated macrophage,dendritic cell,inflammatory macrophage	endosomal_tlr_sensor_chaperone	0.04279331198293613	0.2642857142857143
sjogren_gland_apc	data/raw_v3/cell_state/sjogren_salivary.h5ad	Sjogren syndrome	salivary gland APC	myeloid_apc	NIDCRDC3604	Sjogren syndrome	case	140	alternatively activated macrophage,dendritic cell,inflammatory macrophage	full_slc15a4_tasl_tlr_irf5_branch	0.06200382321899938	0.2714285714285714
sjogren_gland_apc	data/raw_v3/cell_state/sjogren_salivary.h5ad	Sjogren syndrome	salivary gland APC	myeloid_apc	NIDCRDC3606	normal	control	81	alternatively activated macrophage,dendritic cell,inflammatory macrophage	slc15a4_tasl_irf5_core	0.14791378427281043	0.38271604938271603
sjogren_gland_apc	data/raw_v3/cell_state/sjogren_salivary.h5ad	Sjogren syndrome	salivary gland APC	myeloid_apc	NIDCRDC3606	normal	control	81	alternatively activated macrophage,dendritic cell,inflammatory macrophage	endosomal_tlr_sensor_chaperone	0.09794798203925614	0.37037037037037035
sjogren_gland_apc	data/raw_v3/cell_state/sjogren_salivary.h5ad	Sjogren syndrome	salivary gland APC	myeloid_apc	NIDCRDC3606	normal	control	81	alternatively activated macrophage,dendritic cell,inflammatory macrophage	full_slc15a4_tasl_tlr_irf5_branch	0.119361897282208	0.38271604938271603
sjogren_gland_apc	data/raw_v3/cell_state/sjogren_salivary.h5ad	Sjogren syndrome	salivary gland APC	myeloid_apc	NIDCRDC3607	normal	control	77	alternatively activated macrophage,dendritic cell,inflammatory macrophage	slc15a4_tasl_irf5_core	0.057764843137742695	0.2987012987012987
sjogren_gland_apc	data/raw_v3/cell_state/sjogren_salivary.h5ad	Sjogren syndrome	salivary gland APC	myeloid_apc	NIDCRDC3607	normal	control	77	alternatively activated macrophage,dendritic cell,inflammatory macrophage	endosomal_tlr_sensor_chaperone	0.1364168395985033	0.37662337662337664
sjogren_gland_apc	data/raw_v3/cell_state/sjogren_salivary.h5ad	Sjogren syndrome	salivary gland APC	myeloid_apc	NIDCRDC3607	normal	control	77	alternatively activated macrophage,dendritic cell,inflammatory macrophage	full_slc15a4_tasl_tlr_irf5_branch	0.10270884111532018	0.2987012987012987
sjogren_gland_apc	data/raw_v3/cell_state/sjogren_salivary.h5ad	Sjogren syndrome	salivary gland APC	myeloid_apc	NIDCRDC3614	normal	control	21	alternatively activated macrophage,dendritic cell,inflammatory macrophage	slc15a4_tasl_irf5_core	0.46834805909663874	0.47619047619047616
sjogren_gland_apc	data/raw_v3/cell_state/sjogren_salivary.h5ad	Sjogren syndrome	salivary gland APC	myeloid_apc	NIDCRDC3614	normal	control	21	alternatively activated macrophage,dendritic cell,inflammatory macrophage	endosomal_tlr_sensor_chaperone	0.13910954978345846	0.2857142857142857
sjogren_gland_apc	data/raw_v3/cell_state/sjogren_salivary.h5ad	Sjogren syndrome	salivary gland APC	myeloid_apc	NIDCRDC3614	normal	control	21	alternatively activated macrophage,dendritic cell,inflammatory macrophage	full_slc15a4_tasl_tlr_irf5_branch	0.28021176806053577	0.38095238095238093
sjogren_gland_apc	data/raw_v3/cell_state/sjogren_salivary.h5ad	Sjogren syndrome	salivary gland APC	myeloid_apc	NIDCRDC3617	Sjogren syndrome	case	143	alternatively activated macrophage,dendritic cell,inflammatory macrophage	slc15a4_tasl_irf5_core	0.056564592641062526	0.25874125874125875
sjogren_gland_apc	data/raw_v3/cell_state/sjogren_salivary.h5ad	Sjogren syndrome	salivary gland APC	myeloid_apc	NIDCRDC3617	Sjogren syndrome	case	143	alternatively activated macrophage,dendritic cell,inflammatory macrophage	endosomal_tlr_sensor_chaperone	-0.03068487925495103	0.26573426573426573
sjogren_gland_apc	data/raw_v3/cell_state/sjogren_salivary.h5ad	Sjogren syndrome	salivary gland APC	myeloid_apc	NIDCRDC3617	Sjogren syndrome	case	143	alternatively activated macrophage,dendritic cell,inflammatory macrophage	full_slc15a4_tasl_tlr_irf5_branch	0.006707751557626215	0.2097902097902098
sjogren_gland_apc	data/raw_v3/cell_state/sjogren_salivary.h5ad	Sjogren syndrome	salivary gland APC	myeloid_apc	NIDCRDC3618	Sjogren syndrome	case	20	alternatively activated macrophage,dendritic cell,inflammatory macrophage	slc15a4_tasl_irf5_core	0.23628647879162018	0.45
sjogren_gland_apc	data/raw_v3/cell_state/sjogren_salivary.h5ad	Sjogren syndrome	salivary gland APC	myeloid_apc	NIDCRDC3618	Sjogren syndrome	case	20	alternatively activated macrophage,dendritic cell,inflammatory macrophage	endosomal_tlr_sensor_chaperone	-0.06086885467650101	0.25
sjogren_gland_apc	data/raw_v3/cell_state/sjogren_salivary.h5ad	Sjogren syndrome	salivary gland APC	myeloid_apc	NIDCRDC3618	Sjogren syndrome	case	20	alternatively activated macrophage,dendritic cell,inflammatory macrophage	full_slc15a4_tasl_tlr_irf5_branch	0.06648343109555092	0.3
sjogren_gland_apc	data/raw_v3/cell_state/sjogren_salivary.h5ad	Sjogren syndrome	salivary gland APC	myeloid_apc	NIDCRDC3621	normal	control	49	alternatively activated macrophage,dendritic cell,inflammatory macrophage	slc15a4_tasl_irf5_core	-0.1186137898237604	0.1836734693877551
sjogren_gland_apc	data/raw_v3/cell_state/sjogren_salivary.h5ad	Sjogren syndrome	salivary gland APC	myeloid_apc	NIDCRDC3621	normal	control	49	alternatively activated macrophage,dendritic cell,inflammatory macrophage	endosomal_tlr_sensor_chaperone	0.08662766976676042	0.2857142857142857
sjogren_gland_apc	data/raw_v3/cell_state/sjogren_salivary.h5ad	Sjogren syndrome	salivary gland APC	myeloid_apc	NIDCRDC3621	normal	control	49	alternatively activated macrophage,dendritic cell,inflammatory macrophage	full_slc15a4_tasl_tlr_irf5_branch	-0.0013329557720342423	0.20408163265306123
sjogren_gland_apc	data/raw_v3/cell_state/sjogren_salivary.h5ad	Sjogren syndrome	salivary gland APC	myeloid_apc	NIDCRDC3622	Sjogren syndrome	case	72	alternatively activated macrophage,dendritic cell,inflammatory macrophage	slc15a4_tasl_irf5_core	0.01601840950976188	0.2361111111111111
sjogren_gland_apc	data/raw_v3/cell_state/sjogren_salivary.h5ad	Sjogren syndrome	salivary gland APC	myeloid_apc	NIDCRDC3622	Sjogren syndrome	case	72	alternatively activated macrophage,dendritic cell,inflammatory macrophage	endosomal_tlr_sensor_chaperone	0.09175692792375599	0.3888888888888889
sjogren_gland_apc	data/raw_v3/cell_state/sjogren_salivary.h5ad	Sjogren syndrome	salivary gland APC	myeloid_apc	NIDCRDC3622	Sjogren syndrome	case	72	alternatively activated macrophage,dendritic cell,inflammatory macrophage	full_slc15a4_tasl_tlr_irf5_branch	0.0592975628891871	0.2638888888888889
sjogren_gland_apc	data/raw_v3/cell_state/sjogren_salivary.h5ad	Sjogren syndrome	salivary gland APC	myeloid_apc	NIDCRDC3623	normal	control	24	alternatively activated macrophage,dendritic cell,inflammatory macrophage	slc15a4_tasl_irf5_core	0.276569113089105	0.4583333333333333
sjogren_gland_apc	data/raw_v3/cell_state/sjogren_salivary.h5ad	Sjogren syndrome	salivary gland APC	myeloid_apc	NIDCRDC3623	normal	control	24	alternatively activated macrophage,dendritic cell,inflammatory macrophage	endosomal_tlr_sensor_chaperone	0.010214382892902357	0.3333333333333333
sjogren_gland_apc	data/raw_v3/cell_state/sjogren_salivary.h5ad	Sjogren syndrome	salivary gland APC	myeloid_apc	NIDCRDC3623	normal	control	24	alternatively activated macrophage,dendritic cell,inflammatory macrophage	full_slc15a4_tasl_tlr_irf5_branch	0.12436641011984635	0.4166666666666667
sjogren_gland_apc	data/raw_v3/cell_state/sjogren_salivary.h5ad	Sjogren syndrome	salivary gland APC	myeloid_apc	NIDCRDC3630	normal	control	52	alternatively activated macrophage,dendritic cell,inflammatory macrophage	slc15a4_tasl_irf5_core	0.14165024898241094	0.38461538461538464
sjogren_gland_apc	data/raw_v3/cell_state/sjogren_salivary.h5ad	Sjogren syndrome	salivary gland APC	myeloid_apc	NIDCRDC3630	normal	control	52	alternatively activated macrophage,dendritic cell,inflammatory macrophage	endosomal_tlr_sensor_chaperone	0.01974234217878529	0.3076923076923077
sjogren_gland_apc	data/raw_v3/cell_state/sjogren_salivary.h5ad	Sjogren syndrome	salivary gland APC	myeloid_apc	NIDCRDC3630	normal	control	52	alternatively activated macrophage,dendritic cell,inflammatory macrophage	full_slc15a4_tasl_tlr_irf5_branch	0.07198858795176771	0.2692307692307692
sjogren_gland_apc	data/raw_v3/cell_state/sjogren_salivary.h5ad	Sjogren syndrome	salivary gland APC	myeloid_apc	NIDCRDC3632	normal	control	52	alternatively activated macrophage,dendritic cell,inflammatory macrophage	slc15a4_tasl_irf5_core	0.10937638954653527	0.3076923076923077
sjogren_gland_apc	data/raw_v3/cell_state/sjogren_salivary.h5ad	Sjogren syndrome	salivary gland APC	myeloid_apc	NIDCRDC3632	normal	control	52	alternatively activated macrophage,dendritic cell,inflammatory macrophage	endosomal_tlr_sensor_chaperone	-0.08698111559628288	0.21153846153846154
sjogren_gland_apc	data/raw_v3/cell_state/sjogren_salivary.h5ad	Sjogren syndrome	salivary gland APC	myeloid_apc	NIDCRDC3632	normal	control	52	alternatively activated macrophage,dendritic cell,inflammatory macrophage	full_slc15a4_tasl_tlr_irf5_branch	-0.00282789910650368	0.25
sjogren_gland_apc	data/raw_v3/cell_state/sjogren_salivary.h5ad	Sjogren syndrome	salivary gland APC	myeloid_apc	NIDCRDC3633	normal	control	19	alternatively activated macrophage,dendritic cell,inflammatory macrophage	slc15a4_tasl_irf5_core	0.1920363125981167	0.42105263157894735
sjogren_gland_apc	data/raw_v3/cell_state/sjogren_salivary.h5ad	Sjogren syndrome	salivary gland APC	myeloid_apc	NIDCRDC3633	normal	control	19	alternatively activated macrophage,dendritic cell,inflammatory macrophage	endosomal_tlr_sensor_chaperone	0.30400603439436574	0.47368421052631576
sjogren_gland_apc	data/raw_v3/cell_state/sjogren_salivary.h5ad	Sjogren syndrome	salivary gland APC	myeloid_apc	NIDCRDC3633	normal	control	19	alternatively activated macrophage,dendritic cell,inflammatory macrophage	full_slc15a4_tasl_tlr_irf5_branch	0.25601901076740186	0.5263157894736842
sjogren_gland_epithelial	data/raw_v3/cell_state/sjogren_salivary.h5ad	Sjogren syndrome	salivary gland epithelial	tissue_resident	NIDCRDC3247	Sjogren syndrome	case	2292	acinar cell of salivary gland,duct epithelial cell	slc15a4_tasl_irf5_core	-0.0004647678430486384	0.015706806282722512
sjogren_gland_epithelial	data/raw_v3/cell_state/sjogren_salivary.h5ad	Sjogren syndrome	salivary gland epithelial	tissue_resident	NIDCRDC3247	Sjogren syndrome	case	2292	acinar cell of salivary gland,duct epithelial cell	endosomal_tlr_sensor_chaperone	-0.007340049249797726	0.05977312390924956
sjogren_gland_epithelial	data/raw_v3/cell_state/sjogren_salivary.h5ad	Sjogren syndrome	salivary gland epithelial	tissue_resident	NIDCRDC3247	Sjogren syndrome	case	2292	acinar cell of salivary gland,duct epithelial cell	full_slc15a4_tasl_tlr_irf5_branch	-0.004393500075476695	0.0737347294938918
sjogren_gland_epithelial	data/raw_v3/cell_state/sjogren_salivary.h5ad	Sjogren syndrome	salivary gland epithelial	tissue_resident	NIDCRDC3437	normal	control	1036	acinar cell of salivary gland,duct epithelial cell	slc15a4_tasl_irf5_core	0.11214460802266346	0.1274131274131274
sjogren_gland_epithelial	data/raw_v3/cell_state/sjogren_salivary.h5ad	Sjogren syndrome	salivary gland epithelial	tissue_resident	NIDCRDC3437	normal	control	1036	acinar cell of salivary gland,duct epithelial cell	endosomal_tlr_sensor_chaperone	0.0795320116827989	0.2799227799227799
sjogren_gland_epithelial	data/raw_v3/cell_state/sjogren_salivary.h5ad	Sjogren syndrome	salivary gland epithelial	tissue_resident	NIDCRDC3437	normal	control	1036	acinar cell of salivary gland,duct epithelial cell	full_slc15a4_tasl_tlr_irf5_branch	0.09350883868559799	0.3388030888030888
sjogren_gland_epithelial	data/raw_v3/cell_state/sjogren_salivary.h5ad	Sjogren syndrome	salivary gland epithelial	tissue_resident	NIDCRDC3546	Sjogren syndrome	case	86	acinar cell of salivary gland	slc15a4_tasl_irf5_core	-0.06732202627223512	0.0
sjogren_gland_epithelial	data/raw_v3/cell_state/sjogren_salivary.h5ad	Sjogren syndrome	salivary gland epithelial	tissue_resident	NIDCRDC3546	Sjogren syndrome	case	86	acinar cell of salivary gland	endosomal_tlr_sensor_chaperone	-0.03451223959784083	0.011627906976744186
sjogren_gland_epithelial	data/raw_v3/cell_state/sjogren_salivary.h5ad	Sjogren syndrome	salivary gland epithelial	tissue_resident	NIDCRDC3546	Sjogren syndrome	case	86	acinar cell of salivary gland	full_slc15a4_tasl_tlr_irf5_branch	-0.04857357674400981	0.011627906976744186
sjogren_gland_epithelial	data/raw_v3/cell_state/sjogren_salivary.h5ad	Sjogren syndrome	salivary gland epithelial	tissue_resident	NIDCRDC3556	normal	control	17159	acinar cell of salivary gland,duct epithelial cell	slc15a4_tasl_irf5_core	-0.033838281606469164	0.005478174718806458
sjogren_gland_epithelial	data/raw_v3/cell_state/sjogren_salivary.h5ad	Sjogren syndrome	salivary gland epithelial	tissue_resident	NIDCRDC3556	normal	control	17159	acinar cell of salivary gland,duct epithelial cell	endosomal_tlr_sensor_chaperone	-0.029236791274157896	0.01864910542572411
sjogren_gland_epithelial	data/raw_v3/cell_state/sjogren_salivary.h5ad	Sjogren syndrome	salivary gland epithelial	tissue_resident	NIDCRDC3556	normal	control	17159	acinar cell of salivary gland,duct epithelial cell	full_slc15a4_tasl_tlr_irf5_branch	-0.03120885855943416	0.023894166326709015
sjogren_gland_epithelial	data/raw_v3/cell_state/sjogren_salivary.h5ad	Sjogren syndrome	salivary gland epithelial	tissue_resident	NIDCRDC3559	Sjogren syndrome	case	2244	acinar cell of salivary gland,duct epithelial cell	slc15a4_tasl_irf5_core	0.034479428680592165	0.04590017825311943
sjogren_gland_epithelial	data/raw_v3/cell_state/sjogren_salivary.h5ad	Sjogren syndrome	salivary gland epithelial	tissue_resident	NIDCRDC3559	Sjogren syndrome	case	2244	acinar cell of salivary gland,duct epithelial cell	endosomal_tlr_sensor_chaperone	0.03444579393025394	0.11274509803921569
sjogren_gland_epithelial	data/raw_v3/cell_state/sjogren_salivary.h5ad	Sjogren syndrome	salivary gland epithelial	tissue_resident	NIDCRDC3559	Sjogren syndrome	case	2244	acinar cell of salivary gland,duct epithelial cell	full_slc15a4_tasl_tlr_irf5_branch	0.03446020882325604	0.14215686274509803
sjogren_gland_epithelial	data/raw_v3/cell_state/sjogren_salivary.h5ad	Sjogren syndrome	salivary gland epithelial	tissue_resident	NIDCRDC3560	Sjogren syndrome	case	791	acinar cell of salivary gland,duct epithelial cell	slc15a4_tasl_irf5_core	0.10370531358550969	0.12389380530973451
sjogren_gland_epithelial	data/raw_v3/cell_state/sjogren_salivary.h5ad	Sjogren syndrome	salivary gland epithelial	tissue_resident	NIDCRDC3560	Sjogren syndrome	case	791	acinar cell of salivary gland,duct epithelial cell	endosomal_tlr_sensor_chaperone	0.10735970943178673	0.3147914032869785
sjogren_gland_epithelial	data/raw_v3/cell_state/sjogren_salivary.h5ad	Sjogren syndrome	salivary gland epithelial	tissue_resident	NIDCRDC3560	Sjogren syndrome	case	791	acinar cell of salivary gland,duct epithelial cell	full_slc15a4_tasl_tlr_irf5_branch	0.1057935397833823	0.3666245259165613
sjogren_gland_epithelial	data/raw_v3/cell_state/sjogren_salivary.h5ad	Sjogren syndrome	salivary gland epithelial	tissue_resident	NIDCRDC3561	Sjogren syndrome	case	3777	acinar cell of salivary gland,duct epithelial cell	slc15a4_tasl_irf5_core	0.027361122767507785	0.03627217368281705
sjogren_gland_epithelial	data/raw_v3/cell_state/sjogren_salivary.h5ad	Sjogren syndrome	salivary gland epithelial	tissue_resident	NIDCRDC3561	Sjogren syndrome	case	3777	acinar cell of salivary gland,duct epithelial cell	endosomal_tlr_sensor_chaperone	0.03961925860388753	0.11675933280381255
sjogren_gland_epithelial	data/raw_v3/cell_state/sjogren_salivary.h5ad	Sjogren syndrome	salivary gland epithelial	tissue_resident	NIDCRDC3561	Sjogren syndrome	case	3777	acinar cell of salivary gland,duct epithelial cell	full_slc15a4_tasl_tlr_irf5_branch	0.034365771816867625	0.1448239343394228
sjogren_gland_epithelial	data/raw_v3/cell_state/sjogren_salivary.h5ad	Sjogren syndrome	salivary gland epithelial	tissue_resident	NIDCRDC3564	normal	control	1412	acinar cell of salivary gland,duct epithelial cell	slc15a4_tasl_irf5_core	-0.023419429715331026	0.012747875354107648
sjogren_gland_epithelial	data/raw_v3/cell_state/sjogren_salivary.h5ad	Sjogren syndrome	salivary gland epithelial	tissue_resident	NIDCRDC3564	normal	control	1412	acinar cell of salivary gland,duct epithelial cell	endosomal_tlr_sensor_chaperone	-0.028502048282774643	0.04886685552407932
sjogren_gland_epithelial	data/raw_v3/cell_state/sjogren_salivary.h5ad	Sjogren syndrome	salivary gland epithelial	tissue_resident	NIDCRDC3564	normal	control	1412	acinar cell of salivary gland,duct epithelial cell	full_slc15a4_tasl_tlr_irf5_branch	-0.026323783182441676	0.05453257790368272
sjogren_gland_epithelial	data/raw_v3/cell_state/sjogren_salivary.h5ad	Sjogren syndrome	salivary gland epithelial	tissue_resident	NIDCRDC3592	normal	control	1030	acinar cell of salivary gland,duct epithelial cell	slc15a4_tasl_irf5_core	0.003499036226473282	0.031067961165048542
sjogren_gland_epithelial	data/raw_v3/cell_state/sjogren_salivary.h5ad	Sjogren syndrome	salivary gland epithelial	tissue_resident	NIDCRDC3592	normal	control	1030	acinar cell of salivary gland,duct epithelial cell	endosomal_tlr_sensor_chaperone	0.005650861259704881	0.10388349514563107
sjogren_gland_epithelial	data/raw_v3/cell_state/sjogren_salivary.h5ad	Sjogren syndrome	salivary gland epithelial	tissue_resident	NIDCRDC3592	normal	control	1030	acinar cell of salivary gland,duct epithelial cell	full_slc15a4_tasl_tlr_irf5_branch	0.00472865053117705	0.12427184466019417
sjogren_gland_epithelial	data/raw_v3/cell_state/sjogren_salivary.h5ad	Sjogren syndrome	salivary gland epithelial	tissue_resident	NIDCRDC3596	normal	control	872	acinar cell of salivary gland,duct epithelial cell	slc15a4_tasl_irf5_core	0.03032048150365055	0.04472477064220184
sjogren_gland_epithelial	data/raw_v3/cell_state/sjogren_salivary.h5ad	Sjogren syndrome	salivary gland epithelial	tissue_resident	NIDCRDC3596	normal	control	872	acinar cell of salivary gland,duct epithelial cell	endosomal_tlr_sensor_chaperone	0.035710970297636854	0.11238532110091744
sjogren_gland_epithelial	data/raw_v3/cell_state/sjogren_salivary.h5ad	Sjogren syndrome	salivary gland epithelial	tissue_resident	NIDCRDC3596	normal	control	872	acinar cell of salivary gland,duct epithelial cell	full_slc15a4_tasl_tlr_irf5_branch	0.033400760814499865	0.14564220183486237
sjogren_gland_epithelial	data/raw_v3/cell_state/sjogren_salivary.h5ad	Sjogren syndrome	salivary gland epithelial	tissue_resident	NIDCRDC3598	Sjogren syndrome	case	1455	acinar cell of salivary gland,duct epithelial cell	slc15a4_tasl_irf5_core	-0.007312976103461115	0.02268041237113402
sjogren_gland_epithelial	data/raw_v3/cell_state/sjogren_salivary.h5ad	Sjogren syndrome	salivary gland epithelial	tissue_resident	NIDCRDC3598	Sjogren syndrome	case	1455	acinar cell of salivary gland,duct epithelial cell	endosomal_tlr_sensor_chaperone	-0.003951890166912766	0.04742268041237113
sjogren_gland_epithelial	data/raw_v3/cell_state/sjogren_salivary.h5ad	Sjogren syndrome	salivary gland epithelial	tissue_resident	NIDCRDC3598	Sjogren syndrome	case	1455	acinar cell of salivary gland,duct epithelial cell	full_slc15a4_tasl_tlr_irf5_branch	-0.0053923555682906365	0.06735395189003436
sjogren_gland_epithelial	data/raw_v3/cell_state/sjogren_salivary.h5ad	Sjogren syndrome	salivary gland epithelial	tissue_resident	NIDCRDC3603	normal	control	763	acinar cell of salivary gland,duct epithelial cell	slc15a4_tasl_irf5_core	0.022404017652260622	0.053735255570117955
sjogren_gland_epithelial	data/raw_v3/cell_state/sjogren_salivary.h5ad	Sjogren syndrome	salivary gland epithelial	tissue_resident	NIDCRDC3603	normal	control	763	acinar cell of salivary gland,duct epithelial cell	endosomal_tlr_sensor_chaperone	0.009840451473653044	0.10878112712975098
sjogren_gland_epithelial	data/raw_v3/cell_state/sjogren_salivary.h5ad	Sjogren syndrome	salivary gland epithelial	tissue_resident	NIDCRDC3603	normal	control	763	acinar cell of salivary gland,duct epithelial cell	full_slc15a4_tasl_tlr_irf5_branch	0.015224836978770565	0.1349934469200524
sjogren_gland_epithelial	data/raw_v3/cell_state/sjogren_salivary.h5ad	Sjogren syndrome	salivary gland epithelial	tissue_resident	NIDCRDC3604	Sjogren syndrome	case	1120	acinar cell of salivary gland,duct epithelial cell	slc15a4_tasl_irf5_core	0.07599457650083823	0.05
sjogren_gland_epithelial	data/raw_v3/cell_state/sjogren_salivary.h5ad	Sjogren syndrome	salivary gland epithelial	tissue_resident	NIDCRDC3604	Sjogren syndrome	case	1120	acinar cell of salivary gland,duct epithelial cell	endosomal_tlr_sensor_chaperone	0.044911686450300345	0.1392857142857143
sjogren_gland_epithelial	data/raw_v3/cell_state/sjogren_salivary.h5ad	Sjogren syndrome	salivary gland epithelial	tissue_resident	NIDCRDC3604	Sjogren syndrome	case	1120	acinar cell of salivary gland,duct epithelial cell	full_slc15a4_tasl_tlr_irf5_branch	0.05823292504338803	0.16071428571428573
sjogren_gland_epithelial	data/raw_v3/cell_state/sjogren_salivary.h5ad	Sjogren syndrome	salivary gland epithelial	tissue_resident	NIDCRDC3606	normal	control	2746	acinar cell of salivary gland,duct epithelial cell	slc15a4_tasl_irf5_core	-0.0462579950054276	0.009832483612527313
sjogren_gland_epithelial	data/raw_v3/cell_state/sjogren_salivary.h5ad	Sjogren syndrome	salivary gland epithelial	tissue_resident	NIDCRDC3606	normal	control	2746	acinar cell of salivary gland,duct epithelial cell	endosomal_tlr_sensor_chaperone	-0.04045315176724995	0.023670793882010197
sjogren_gland_epithelial	data/raw_v3/cell_state/sjogren_salivary.h5ad	Sjogren syndrome	salivary gland epithelial	tissue_resident	NIDCRDC3606	normal	control	2746	acinar cell of salivary gland,duct epithelial cell	full_slc15a4_tasl_tlr_irf5_branch	-0.04294094172646895	0.030225782957028404
sjogren_gland_epithelial	data/raw_v3/cell_state/sjogren_salivary.h5ad	Sjogren syndrome	salivary gland epithelial	tissue_resident	NIDCRDC3607	normal	control	1050	acinar cell of salivary gland,duct epithelial cell	slc15a4_tasl_irf5_core	0.10057464586887264	0.054285714285714284
sjogren_gland_epithelial	data/raw_v3/cell_state/sjogren_salivary.h5ad	Sjogren syndrome	salivary gland epithelial	tissue_resident	NIDCRDC3607	normal	control	1050	acinar cell of salivary gland,duct epithelial cell	endosomal_tlr_sensor_chaperone	0.05869226673422767	0.14
sjogren_gland_epithelial	data/raw_v3/cell_state/sjogren_salivary.h5ad	Sjogren syndrome	salivary gland epithelial	tissue_resident	NIDCRDC3607	normal	control	1050	acinar cell of salivary gland,duct epithelial cell	full_slc15a4_tasl_tlr_irf5_branch	0.07664185779193262	0.1761904761904762
sjogren_gland_epithelial	data/raw_v3/cell_state/sjogren_salivary.h5ad	Sjogren syndrome	salivary gland epithelial	tissue_resident	NIDCRDC3614	normal	control	527	acinar cell of salivary gland,duct epithelial cell	slc15a4_tasl_irf5_core	0.1255227109603615	0.11195445920303605
sjogren_gland_epithelial	data/raw_v3/cell_state/sjogren_salivary.h5ad	Sjogren syndrome	salivary gland epithelial	tissue_resident	NIDCRDC3614	normal	control	527	acinar cell of salivary gland,duct epithelial cell	endosomal_tlr_sensor_chaperone	0.14204512672663838	0.3206831119544592
sjogren_gland_epithelial	data/raw_v3/cell_state/sjogren_salivary.h5ad	Sjogren syndrome	salivary gland epithelial	tissue_resident	NIDCRDC3614	normal	control	527	acinar cell of salivary gland,duct epithelial cell	full_slc15a4_tasl_tlr_irf5_branch	0.13496409139823395	0.36432637571157495
sjogren_gland_epithelial	data/raw_v3/cell_state/sjogren_salivary.h5ad	Sjogren syndrome	salivary gland epithelial	tissue_resident	NIDCRDC3617	Sjogren syndrome	case	1538	acinar cell of salivary gland,duct epithelial cell	slc15a4_tasl_irf5_core	0.08591751227764867	0.055266579973992196
sjogren_gland_epithelial	data/raw_v3/cell_state/sjogren_salivary.h5ad	Sjogren syndrome	salivary gland epithelial	tissue_resident	NIDCRDC3617	Sjogren syndrome	case	1538	acinar cell of salivary gland,duct epithelial cell	endosomal_tlr_sensor_chaperone	0.0664620210531758	0.16905071521456436
sjogren_gland_epithelial	data/raw_v3/cell_state/sjogren_salivary.h5ad	Sjogren syndrome	salivary gland epithelial	tissue_resident	NIDCRDC3617	Sjogren syndrome	case	1538	acinar cell of salivary gland,duct epithelial cell	full_slc15a4_tasl_tlr_irf5_branch	0.07480008872080703	0.20806241872561768
sjogren_gland_epithelial	data/raw_v3/cell_state/sjogren_salivary.h5ad	Sjogren syndrome	salivary gland epithelial	tissue_resident	NIDCRDC3618	Sjogren syndrome	case	1260	acinar cell of salivary gland,duct epithelial cell	slc15a4_tasl_irf5_core	0.05582923979199148	0.030952380952380953
sjogren_gland_epithelial	data/raw_v3/cell_state/sjogren_salivary.h5ad	Sjogren syndrome	salivary gland epithelial	tissue_resident	NIDCRDC3618	Sjogren syndrome	case	1260	acinar cell of salivary gland,duct epithelial cell	endosomal_tlr_sensor_chaperone	-0.022824350270739747	0.05238095238095238
sjogren_gland_epithelial	data/raw_v3/cell_state/sjogren_salivary.h5ad	Sjogren syndrome	salivary gland epithelial	tissue_resident	NIDCRDC3618	Sjogren syndrome	case	1260	acinar cell of salivary gland,duct epithelial cell	full_slc15a4_tasl_tlr_irf5_branch	0.010884331184716494	0.07857142857142857
sjogren_gland_epithelial	data/raw_v3/cell_state/sjogren_salivary.h5ad	Sjogren syndrome	salivary gland epithelial	tissue_resident	NIDCRDC3621	normal	control	1256	acinar cell of salivary gland,duct epithelial cell	slc15a4_tasl_irf5_core	0.003714229506726233	0.03343949044585987
sjogren_gland_epithelial	data/raw_v3/cell_state/sjogren_salivary.h5ad	Sjogren syndrome	salivary gland epithelial	tissue_resident	NIDCRDC3621	normal	control	1256	acinar cell of salivary gland,duct epithelial cell	endosomal_tlr_sensor_chaperone	0.09430239525352334	0.1695859872611465
sjogren_gland_epithelial	data/raw_v3/cell_state/sjogren_salivary.h5ad	Sjogren syndrome	salivary gland epithelial	tissue_resident	NIDCRDC3621	normal	control	1256	acinar cell of salivary gland,duct epithelial cell	full_slc15a4_tasl_tlr_irf5_branch	0.05547889564775315	0.18949044585987262
sjogren_gland_epithelial	data/raw_v3/cell_state/sjogren_salivary.h5ad	Sjogren syndrome	salivary gland epithelial	tissue_resident	NIDCRDC3622	Sjogren syndrome	case	3167	acinar cell of salivary gland,duct epithelial cell	slc15a4_tasl_irf5_core	0.02562576937118551	0.018629617934954216
sjogren_gland_epithelial	data/raw_v3/cell_state/sjogren_salivary.h5ad	Sjogren syndrome	salivary gland epithelial	tissue_resident	NIDCRDC3622	Sjogren syndrome	case	3167	acinar cell of salivary gland,duct epithelial cell	endosomal_tlr_sensor_chaperone	0.023617577013580512	0.09314808967477108
sjogren_gland_epithelial	data/raw_v3/cell_state/sjogren_salivary.h5ad	Sjogren syndrome	salivary gland epithelial	tissue_resident	NIDCRDC3622	Sjogren syndrome	case	3167	acinar cell of salivary gland,duct epithelial cell	full_slc15a4_tasl_tlr_irf5_branch	0.02447823088112551	0.10798863277549732
sjogren_gland_epithelial	data/raw_v3/cell_state/sjogren_salivary.h5ad	Sjogren syndrome	salivary gland epithelial	tissue_resident	NIDCRDC3623	normal	control	776	acinar cell of salivary gland,duct epithelial cell	slc15a4_tasl_irf5_core	0.0840527022177327	0.10309278350515463
sjogren_gland_epithelial	data/raw_v3/cell_state/sjogren_salivary.h5ad	Sjogren syndrome	salivary gland epithelial	tissue_resident	NIDCRDC3623	normal	control	776	acinar cell of salivary gland,duct epithelial cell	endosomal_tlr_sensor_chaperone	0.15356199030691248	0.3698453608247423
sjogren_gland_epithelial	data/raw_v3/cell_state/sjogren_salivary.h5ad	Sjogren syndrome	salivary gland epithelial	tissue_resident	NIDCRDC3623	normal	control	776	acinar cell of salivary gland,duct epithelial cell	full_slc15a4_tasl_tlr_irf5_branch	0.12377229541154972	0.41494845360824745
sjogren_gland_epithelial	data/raw_v3/cell_state/sjogren_salivary.h5ad	Sjogren syndrome	salivary gland epithelial	tissue_resident	NIDCRDC3630	normal	control	1312	acinar cell of salivary gland,duct epithelial cell	slc15a4_tasl_irf5_core	0.10823238916072803	0.09298780487804878
sjogren_gland_epithelial	data/raw_v3/cell_state/sjogren_salivary.h5ad	Sjogren syndrome	salivary gland epithelial	tissue_resident	NIDCRDC3630	normal	control	1312	acinar cell of salivary gland,duct epithelial cell	endosomal_tlr_sensor_chaperone	0.06831746273324976	0.2149390243902439
sjogren_gland_epithelial	data/raw_v3/cell_state/sjogren_salivary.h5ad	Sjogren syndrome	salivary gland epithelial	tissue_resident	NIDCRDC3630	normal	control	1312	acinar cell of salivary gland,duct epithelial cell	full_slc15a4_tasl_tlr_irf5_branch	0.08542385977359758	0.2736280487804878
sjogren_gland_epithelial	data/raw_v3/cell_state/sjogren_salivary.h5ad	Sjogren syndrome	salivary gland epithelial	tissue_resident	NIDCRDC3632	normal	control	2084	acinar cell of salivary gland,duct epithelial cell	slc15a4_tasl_irf5_core	0.08333442862759581	0.06669865642994242
sjogren_gland_epithelial	data/raw_v3/cell_state/sjogren_salivary.h5ad	Sjogren syndrome	salivary gland epithelial	tissue_resident	NIDCRDC3632	normal	control	2084	acinar cell of salivary gland,duct epithelial cell	endosomal_tlr_sensor_chaperone	0.01998417279126689	0.11516314779270634
sjogren_gland_epithelial	data/raw_v3/cell_state/sjogren_salivary.h5ad	Sjogren syndrome	salivary gland epithelial	tissue_resident	NIDCRDC3632	normal	control	2084	acinar cell of salivary gland,duct epithelial cell	full_slc15a4_tasl_tlr_irf5_branch	0.04713428243540784	0.16794625719769674
sjogren_gland_epithelial	data/raw_v3/cell_state/sjogren_salivary.h5ad	Sjogren syndrome	salivary gland epithelial	tissue_resident	NIDCRDC3633	normal	control	150	acinar cell of salivary gland,duct epithelial cell	slc15a4_tasl_irf5_core	0.13393704470088066	0.19333333333333333
sjogren_gland_epithelial	data/raw_v3/cell_state/sjogren_salivary.h5ad	Sjogren syndrome	salivary gland epithelial	tissue_resident	NIDCRDC3633	normal	control	150	acinar cell of salivary gland,duct epithelial cell	endosomal_tlr_sensor_chaperone	0.13844976434080183	0.38666666666666666
sjogren_gland_epithelial	data/raw_v3/cell_state/sjogren_salivary.h5ad	Sjogren syndrome	salivary gland epithelial	tissue_resident	NIDCRDC3633	normal	control	150	acinar cell of salivary gland,duct epithelial cell	full_slc15a4_tasl_tlr_irf5_branch	0.13651574163797847	0.43333333333333335
sjogren_gland_epithelial	data/raw_v3/cell_state/sjogren_salivary.h5ad	Sjogren syndrome	salivary gland epithelial	tissue_resident	NIDCRDC3637	Sjogren syndrome	case	194	acinar cell of salivary gland,duct epithelial cell	slc15a4_tasl_irf5_core	-0.007831080611818279	0.061855670103092786
sjogren_gland_epithelial	data/raw_v3/cell_state/sjogren_salivary.h5ad	Sjogren syndrome	salivary gland epithelial	tissue_resident	NIDCRDC3637	Sjogren syndrome	case	194	acinar cell of salivary gland,duct epithelial cell	endosomal_tlr_sensor_chaperone	0.043840931652481756	0.19072164948453607
sjogren_gland_epithelial	data/raw_v3/cell_state/sjogren_salivary.h5ad	Sjogren syndrome	salivary gland epithelial	tissue_resident	NIDCRDC3637	Sjogren syndrome	case	194	acinar cell of salivary gland,duct epithelial cell	full_slc15a4_tasl_tlr_irf5_branch	0.021695783539210298	0.1958762886597938
sjogren_gland_stromal	data/raw_v3/cell_state/sjogren_salivary.h5ad	Sjogren syndrome	salivary gland stromal/endothelial	tissue_resident	NIDCRDC3247	Sjogren syndrome	case	312	endothelial cell,fibroblast,smooth muscle cell	slc15a4_tasl_irf5_core	0.05483395012842388	0.028846153846153848
sjogren_gland_stromal	data/raw_v3/cell_state/sjogren_salivary.h5ad	Sjogren syndrome	salivary gland stromal/endothelial	tissue_resident	NIDCRDC3247	Sjogren syndrome	case	312	endothelial cell,fibroblast,smooth muscle cell	endosomal_tlr_sensor_chaperone	-0.009982300135721794	0.038461538461538464
sjogren_gland_stromal	data/raw_v3/cell_state/sjogren_salivary.h5ad	Sjogren syndrome	salivary gland stromal/endothelial	tissue_resident	NIDCRDC3247	Sjogren syndrome	case	312	endothelial cell,fibroblast,smooth muscle cell	full_slc15a4_tasl_tlr_irf5_branch	0.017796092834626343	0.0641025641025641
sjogren_gland_stromal	data/raw_v3/cell_state/sjogren_salivary.h5ad	Sjogren syndrome	salivary gland stromal/endothelial	tissue_resident	NIDCRDC3437	normal	control	201	endothelial cell,fibroblast,smooth muscle cell	slc15a4_tasl_irf5_core	0.050101526329125304	0.10945273631840796
sjogren_gland_stromal	data/raw_v3/cell_state/sjogren_salivary.h5ad	Sjogren syndrome	salivary gland stromal/endothelial	tissue_resident	NIDCRDC3437	normal	control	201	endothelial cell,fibroblast,smooth muscle cell	endosomal_tlr_sensor_chaperone	0.10501528831809742	0.08955223880597014
sjogren_gland_stromal	data/raw_v3/cell_state/sjogren_salivary.h5ad	Sjogren syndrome	salivary gland stromal/endothelial	tissue_resident	NIDCRDC3437	normal	control	201	endothelial cell,fibroblast,smooth muscle cell	full_slc15a4_tasl_tlr_irf5_branch	0.08148081889425222	0.18407960199004975
sjogren_gland_stromal	data/raw_v3/cell_state/sjogren_salivary.h5ad	Sjogren syndrome	salivary gland stromal/endothelial	tissue_resident	NIDCRDC3556	normal	control	1652	endothelial cell,fibroblast,smooth muscle cell	slc15a4_tasl_irf5_core	-0.05945814164929447	0.004842615012106538
sjogren_gland_stromal	data/raw_v3/cell_state/sjogren_salivary.h5ad	Sjogren syndrome	salivary gland stromal/endothelial	tissue_resident	NIDCRDC3556	normal	control	1652	endothelial cell,fibroblast,smooth muscle cell	endosomal_tlr_sensor_chaperone	-0.043187783908893836	0.005447941888619854
sjogren_gland_stromal	data/raw_v3/cell_state/sjogren_salivary.h5ad	Sjogren syndrome	salivary gland stromal/endothelial	tissue_resident	NIDCRDC3556	normal	control	1652	endothelial cell,fibroblast,smooth muscle cell	full_slc15a4_tasl_tlr_irf5_branch	-0.050160794369065516	0.010290556900726392
sjogren_gland_stromal	data/raw_v3/cell_state/sjogren_salivary.h5ad	Sjogren syndrome	salivary gland stromal/endothelial	tissue_resident	NIDCRDC3559	Sjogren syndrome	case	518	endothelial cell,fibroblast,smooth muscle cell	slc15a4_tasl_irf5_core	-0.06307480298697257	0.013513513513513514
sjogren_gland_stromal	data/raw_v3/cell_state/sjogren_salivary.h5ad	Sjogren syndrome	salivary gland stromal/endothelial	tissue_resident	NIDCRDC3559	Sjogren syndrome	case	518	endothelial cell,fibroblast,smooth muscle cell	endosomal_tlr_sensor_chaperone	-0.01766428126550777	0.02895752895752896
sjogren_gland_stromal	data/raw_v3/cell_state/sjogren_salivary.h5ad	Sjogren syndrome	salivary gland stromal/endothelial	tissue_resident	NIDCRDC3559	Sjogren syndrome	case	518	endothelial cell,fibroblast,smooth muscle cell	full_slc15a4_tasl_tlr_irf5_branch	-0.03712593343184981	0.04054054054054054
sjogren_gland_stromal	data/raw_v3/cell_state/sjogren_salivary.h5ad	Sjogren syndrome	salivary gland stromal/endothelial	tissue_resident	NIDCRDC3560	Sjogren syndrome	case	271	endothelial cell,fibroblast,smooth muscle cell	slc15a4_tasl_irf5_core	0.04437586380719697	0.08487084870848709
sjogren_gland_stromal	data/raw_v3/cell_state/sjogren_salivary.h5ad	Sjogren syndrome	salivary gland stromal/endothelial	tissue_resident	NIDCRDC3560	Sjogren syndrome	case	271	endothelial cell,fibroblast,smooth muscle cell	endosomal_tlr_sensor_chaperone	-0.003478723978700815	0.055350553505535055
sjogren_gland_stromal	data/raw_v3/cell_state/sjogren_salivary.h5ad	Sjogren syndrome	salivary gland stromal/endothelial	tissue_resident	NIDCRDC3560	Sjogren syndrome	case	271	endothelial cell,fibroblast,smooth muscle cell	full_slc15a4_tasl_tlr_irf5_branch	0.01703038507239825	0.13284132841328414
sjogren_gland_stromal	data/raw_v3/cell_state/sjogren_salivary.h5ad	Sjogren syndrome	salivary gland stromal/endothelial	tissue_resident	NIDCRDC3561	Sjogren syndrome	case	3367	endothelial cell,fibroblast,smooth muscle cell	slc15a4_tasl_irf5_core	-0.004186648137414328	0.029106029106029108
sjogren_gland_stromal	data/raw_v3/cell_state/sjogren_salivary.h5ad	Sjogren syndrome	salivary gland stromal/endothelial	tissue_resident	NIDCRDC3561	Sjogren syndrome	case	3367	endothelial cell,fibroblast,smooth muscle cell	endosomal_tlr_sensor_chaperone	-0.0011145634890565444	0.03267003267003267
sjogren_gland_stromal	data/raw_v3/cell_state/sjogren_salivary.h5ad	Sjogren syndrome	salivary gland stromal/endothelial	tissue_resident	NIDCRDC3561	Sjogren syndrome	case	3367	endothelial cell,fibroblast,smooth muscle cell	full_slc15a4_tasl_tlr_irf5_branch	-0.0024311711954955787	0.060885060885060883
sjogren_gland_stromal	data/raw_v3/cell_state/sjogren_salivary.h5ad	Sjogren syndrome	salivary gland stromal/endothelial	tissue_resident	NIDCRDC3564	normal	control	116	endothelial cell,fibroblast,smooth muscle cell	slc15a4_tasl_irf5_core	0.03276149599846973	0.10344827586206896
sjogren_gland_stromal	data/raw_v3/cell_state/sjogren_salivary.h5ad	Sjogren syndrome	salivary gland stromal/endothelial	tissue_resident	NIDCRDC3564	normal	control	116	endothelial cell,fibroblast,smooth muscle cell	endosomal_tlr_sensor_chaperone	0.05386030311926132	0.12931034482758622
sjogren_gland_stromal	data/raw_v3/cell_state/sjogren_salivary.h5ad	Sjogren syndrome	salivary gland stromal/endothelial	tissue_resident	NIDCRDC3564	normal	control	116	endothelial cell,fibroblast,smooth muscle cell	full_slc15a4_tasl_tlr_irf5_branch	0.04481795721035063	0.22413793103448276
sjogren_gland_stromal	data/raw_v3/cell_state/sjogren_salivary.h5ad	Sjogren syndrome	salivary gland stromal/endothelial	tissue_resident	NIDCRDC3592	normal	control	115	endothelial cell,fibroblast,smooth muscle cell	slc15a4_tasl_irf5_core	-0.006615188089693679	0.06956521739130435
sjogren_gland_stromal	data/raw_v3/cell_state/sjogren_salivary.h5ad	Sjogren syndrome	salivary gland stromal/endothelial	tissue_resident	NIDCRDC3592	normal	control	115	endothelial cell,fibroblast,smooth muscle cell	endosomal_tlr_sensor_chaperone	0.07854973399284372	0.06956521739130435
sjogren_gland_stromal	data/raw_v3/cell_state/sjogren_salivary.h5ad	Sjogren syndrome	salivary gland stromal/endothelial	tissue_resident	NIDCRDC3592	normal	control	115	endothelial cell,fibroblast,smooth muscle cell	full_slc15a4_tasl_tlr_irf5_branch	0.042050481671756214	0.11304347826086956
sjogren_gland_stromal	data/raw_v3/cell_state/sjogren_salivary.h5ad	Sjogren syndrome	salivary gland stromal/endothelial	tissue_resident	NIDCRDC3596	normal	control	258	endothelial cell,fibroblast,smooth muscle cell	slc15a4_tasl_irf5_core	0.050846359041951304	0.09302325581395349
sjogren_gland_stromal	data/raw_v3/cell_state/sjogren_salivary.h5ad	Sjogren syndrome	salivary gland stromal/endothelial	tissue_resident	NIDCRDC3596	normal	control	258	endothelial cell,fibroblast,smooth muscle cell	endosomal_tlr_sensor_chaperone	0.006818716922856432	0.05813953488372093
sjogren_gland_stromal	data/raw_v3/cell_state/sjogren_salivary.h5ad	Sjogren syndrome	salivary gland stromal/endothelial	tissue_resident	NIDCRDC3596	normal	control	258	endothelial cell,fibroblast,smooth muscle cell	full_slc15a4_tasl_tlr_irf5_branch	0.02568770640246853	0.14728682170542637
sjogren_gland_stromal	data/raw_v3/cell_state/sjogren_salivary.h5ad	Sjogren syndrome	salivary gland stromal/endothelial	tissue_resident	NIDCRDC3598	Sjogren syndrome	case	340	endothelial cell,fibroblast,smooth muscle cell	slc15a4_tasl_irf5_core	0.10209875127016066	0.10294117647058823
sjogren_gland_stromal	data/raw_v3/cell_state/sjogren_salivary.h5ad	Sjogren syndrome	salivary gland stromal/endothelial	tissue_resident	NIDCRDC3598	Sjogren syndrome	case	340	endothelial cell,fibroblast,smooth muscle cell	endosomal_tlr_sensor_chaperone	0.18037821827269393	0.11470588235294117
sjogren_gland_stromal	data/raw_v3/cell_state/sjogren_salivary.h5ad	Sjogren syndrome	salivary gland stromal/endothelial	tissue_resident	NIDCRDC3598	Sjogren syndrome	case	340	endothelial cell,fibroblast,smooth muscle cell	full_slc15a4_tasl_tlr_irf5_branch	0.14682987527160823	0.20588235294117646
sjogren_gland_stromal	data/raw_v3/cell_state/sjogren_salivary.h5ad	Sjogren syndrome	salivary gland stromal/endothelial	tissue_resident	NIDCRDC3603	normal	control	129	endothelial cell,fibroblast,smooth muscle cell	slc15a4_tasl_irf5_core	0.07980524218329653	0.15503875968992248
sjogren_gland_stromal	data/raw_v3/cell_state/sjogren_salivary.h5ad	Sjogren syndrome	salivary gland stromal/endothelial	tissue_resident	NIDCRDC3603	normal	control	129	endothelial cell,fibroblast,smooth muscle cell	endosomal_tlr_sensor_chaperone	0.017160510177382536	0.09302325581395349
sjogren_gland_stromal	data/raw_v3/cell_state/sjogren_salivary.h5ad	Sjogren syndrome	salivary gland stromal/endothelial	tissue_resident	NIDCRDC3603	normal	control	129	endothelial cell,fibroblast,smooth muscle cell	full_slc15a4_tasl_tlr_irf5_branch	0.0440082524656314	0.24031007751937986
sjogren_gland_stromal	data/raw_v3/cell_state/sjogren_salivary.h5ad	Sjogren syndrome	salivary gland stromal/endothelial	tissue_resident	NIDCRDC3604	Sjogren syndrome	case	984	endothelial cell,fibroblast,smooth muscle cell	slc15a4_tasl_irf5_core	0.1171478803214908	0.1290650406504065
sjogren_gland_stromal	data/raw_v3/cell_state/sjogren_salivary.h5ad	Sjogren syndrome	salivary gland stromal/endothelial	tissue_resident	NIDCRDC3604	Sjogren syndrome	case	984	endothelial cell,fibroblast,smooth muscle cell	endosomal_tlr_sensor_chaperone	0.04228657268851781	0.07926829268292683
sjogren_gland_stromal	data/raw_v3/cell_state/sjogren_salivary.h5ad	Sjogren syndrome	salivary gland stromal/endothelial	tissue_resident	NIDCRDC3604	Sjogren syndrome	case	984	endothelial cell,fibroblast,smooth muscle cell	full_slc15a4_tasl_tlr_irf5_branch	0.07436999024550624	0.1910569105691057
sjogren_gland_stromal	data/raw_v3/cell_state/sjogren_salivary.h5ad	Sjogren syndrome	salivary gland stromal/endothelial	tissue_resident	NIDCRDC3606	normal	control	173	endothelial cell,fibroblast,smooth muscle cell	slc15a4_tasl_irf5_core	-0.006992019658841992	0.06358381502890173
sjogren_gland_stromal	data/raw_v3/cell_state/sjogren_salivary.h5ad	Sjogren syndrome	salivary gland stromal/endothelial	tissue_resident	NIDCRDC3606	normal	control	173	endothelial cell,fibroblast,smooth muscle cell	endosomal_tlr_sensor_chaperone	0.00942152704712388	0.07514450867052024
sjogren_gland_stromal	data/raw_v3/cell_state/sjogren_salivary.h5ad	Sjogren syndrome	salivary gland stromal/endothelial	tissue_resident	NIDCRDC3606	normal	control	173	endothelial cell,fibroblast,smooth muscle cell	full_slc15a4_tasl_tlr_irf5_branch	0.002387149887424226	0.12138728323699421
sjogren_gland_stromal	data/raw_v3/cell_state/sjogren_salivary.h5ad	Sjogren syndrome	salivary gland stromal/endothelial	tissue_resident	NIDCRDC3607	normal	control	707	endothelial cell,fibroblast,smooth muscle cell	slc15a4_tasl_irf5_core	0.04860849922273376	0.05799151343705799
sjogren_gland_stromal	data/raw_v3/cell_state/sjogren_salivary.h5ad	Sjogren syndrome	salivary gland stromal/endothelial	tissue_resident	NIDCRDC3607	normal	control	707	endothelial cell,fibroblast,smooth muscle cell	endosomal_tlr_sensor_chaperone	0.004946764110671622	0.05091937765205092
sjogren_gland_stromal	data/raw_v3/cell_state/sjogren_salivary.h5ad	Sjogren syndrome	salivary gland stromal/endothelial	tissue_resident	NIDCRDC3607	normal	control	707	endothelial cell,fibroblast,smooth muscle cell	full_slc15a4_tasl_tlr_irf5_branch	0.023658936301555397	0.10325318246110325
sjogren_gland_stromal	data/raw_v3/cell_state/sjogren_salivary.h5ad	Sjogren syndrome	salivary gland stromal/endothelial	tissue_resident	NIDCRDC3614	normal	control	428	endothelial cell,fibroblast,smooth muscle cell	slc15a4_tasl_irf5_core	0.07231004743819769	0.1261682242990654
sjogren_gland_stromal	data/raw_v3/cell_state/sjogren_salivary.h5ad	Sjogren syndrome	salivary gland stromal/endothelial	tissue_resident	NIDCRDC3614	normal	control	428	endothelial cell,fibroblast,smooth muscle cell	endosomal_tlr_sensor_chaperone	0.053213848648246874	0.11682242990654206
sjogren_gland_stromal	data/raw_v3/cell_state/sjogren_salivary.h5ad	Sjogren syndrome	salivary gland stromal/endothelial	tissue_resident	NIDCRDC3614	normal	control	428	endothelial cell,fibroblast,smooth muscle cell	full_slc15a4_tasl_tlr_irf5_branch	0.0613979338439401	0.22429906542056074
sjogren_gland_stromal	data/raw_v3/cell_state/sjogren_salivary.h5ad	Sjogren syndrome	salivary gland stromal/endothelial	tissue_resident	NIDCRDC3617	Sjogren syndrome	case	3524	endothelial cell,fibroblast,smooth muscle cell	slc15a4_tasl_irf5_core	-0.004741167078196275	0.03234960272417707
sjogren_gland_stromal	data/raw_v3/cell_state/sjogren_salivary.h5ad	Sjogren syndrome	salivary gland stromal/endothelial	tissue_resident	NIDCRDC3617	Sjogren syndrome	case	3524	endothelial cell,fibroblast,smooth muscle cell	endosomal_tlr_sensor_chaperone	-0.01653337601367534	0.03064699205448354
sjogren_gland_stromal	data/raw_v3/cell_state/sjogren_salivary.h5ad	Sjogren syndrome	salivary gland stromal/endothelial	tissue_resident	NIDCRDC3617	Sjogren syndrome	case	3524	endothelial cell,fibroblast,smooth muscle cell	full_slc15a4_tasl_tlr_irf5_branch	-0.011479572184184291	0.05987514188422247
sjogren_gland_stromal	data/raw_v3/cell_state/sjogren_salivary.h5ad	Sjogren syndrome	salivary gland stromal/endothelial	tissue_resident	NIDCRDC3618	Sjogren syndrome	case	128	endothelial cell,fibroblast,smooth muscle cell	slc15a4_tasl_irf5_core	-0.031184377149052048	0.0390625
sjogren_gland_stromal	data/raw_v3/cell_state/sjogren_salivary.h5ad	Sjogren syndrome	salivary gland stromal/endothelial	tissue_resident	NIDCRDC3618	Sjogren syndrome	case	128	endothelial cell,fibroblast,smooth muscle cell	endosomal_tlr_sensor_chaperone	0.30809237027319486	0.0625
sjogren_gland_stromal	data/raw_v3/cell_state/sjogren_salivary.h5ad	Sjogren syndrome	salivary gland stromal/endothelial	tissue_resident	NIDCRDC3618	Sjogren syndrome	case	128	endothelial cell,fibroblast,smooth muscle cell	full_slc15a4_tasl_tlr_irf5_branch	0.1626880499493751	0.1015625
sjogren_gland_stromal	data/raw_v3/cell_state/sjogren_salivary.h5ad	Sjogren syndrome	salivary gland stromal/endothelial	tissue_resident	NIDCRDC3621	normal	control	805	endothelial cell,fibroblast,smooth muscle cell	slc15a4_tasl_irf5_core	-0.02420839568809304	0.043478260869565216
sjogren_gland_stromal	data/raw_v3/cell_state/sjogren_salivary.h5ad	Sjogren syndrome	salivary gland stromal/endothelial	tissue_resident	NIDCRDC3621	normal	control	805	endothelial cell,fibroblast,smooth muscle cell	endosomal_tlr_sensor_chaperone	0.010869460568897314	0.05714285714285714
sjogren_gland_stromal	data/raw_v3/cell_state/sjogren_salivary.h5ad	Sjogren syndrome	salivary gland stromal/endothelial	tissue_resident	NIDCRDC3621	normal	control	805	endothelial cell,fibroblast,smooth muscle cell	full_slc15a4_tasl_tlr_irf5_branch	-0.004163906398384255	0.09813664596273292
sjogren_gland_stromal	data/raw_v3/cell_state/sjogren_salivary.h5ad	Sjogren syndrome	salivary gland stromal/endothelial	tissue_resident	NIDCRDC3622	Sjogren syndrome	case	1795	endothelial cell,fibroblast,smooth muscle cell	slc15a4_tasl_irf5_core	-0.013130989165743368	0.02841225626740947
sjogren_gland_stromal	data/raw_v3/cell_state/sjogren_salivary.h5ad	Sjogren syndrome	salivary gland stromal/endothelial	tissue_resident	NIDCRDC3622	Sjogren syndrome	case	1795	endothelial cell,fibroblast,smooth muscle cell	endosomal_tlr_sensor_chaperone	-0.0033156644185536833	0.03732590529247911
sjogren_gland_stromal	data/raw_v3/cell_state/sjogren_salivary.h5ad	Sjogren syndrome	salivary gland stromal/endothelial	tissue_resident	NIDCRDC3622	Sjogren syndrome	case	1795	endothelial cell,fibroblast,smooth muscle cell	full_slc15a4_tasl_tlr_irf5_branch	-0.007522232167349254	0.06518105849582173
sjogren_gland_stromal	data/raw_v3/cell_state/sjogren_salivary.h5ad	Sjogren syndrome	salivary gland stromal/endothelial	tissue_resident	NIDCRDC3623	normal	control	316	endothelial cell,fibroblast,smooth muscle cell	slc15a4_tasl_irf5_core	0.067345339197789	0.0981012658227848
sjogren_gland_stromal	data/raw_v3/cell_state/sjogren_salivary.h5ad	Sjogren syndrome	salivary gland stromal/endothelial	tissue_resident	NIDCRDC3623	normal	control	316	endothelial cell,fibroblast,smooth muscle cell	endosomal_tlr_sensor_chaperone	0.00787678093720316	0.056962025316455694
sjogren_gland_stromal	data/raw_v3/cell_state/sjogren_salivary.h5ad	Sjogren syndrome	salivary gland stromal/endothelial	tissue_resident	NIDCRDC3623	normal	control	316	endothelial cell,fibroblast,smooth muscle cell	full_slc15a4_tasl_tlr_irf5_branch	0.03336330590602566	0.13924050632911392
sjogren_gland_stromal	data/raw_v3/cell_state/sjogren_salivary.h5ad	Sjogren syndrome	salivary gland stromal/endothelial	tissue_resident	NIDCRDC3630	normal	control	425	endothelial cell,fibroblast,smooth muscle cell	slc15a4_tasl_irf5_core	-0.03840505255304789	0.03294117647058824
sjogren_gland_stromal	data/raw_v3/cell_state/sjogren_salivary.h5ad	Sjogren syndrome	salivary gland stromal/endothelial	tissue_resident	NIDCRDC3630	normal	control	425	endothelial cell,fibroblast,smooth muscle cell	endosomal_tlr_sensor_chaperone	-0.006274587670655325	0.042352941176470586
sjogren_gland_stromal	data/raw_v3/cell_state/sjogren_salivary.h5ad	Sjogren syndrome	salivary gland stromal/endothelial	tissue_resident	NIDCRDC3630	normal	control	425	endothelial cell,fibroblast,smooth muscle cell	full_slc15a4_tasl_tlr_irf5_branch	-0.02004478690596641	0.07294117647058823
sjogren_gland_stromal	data/raw_v3/cell_state/sjogren_salivary.h5ad	Sjogren syndrome	salivary gland stromal/endothelial	tissue_resident	NIDCRDC3632	normal	control	1011	endothelial cell,fibroblast,smooth muscle cell	slc15a4_tasl_irf5_core	-0.005101591052696751	0.04253214638971316
sjogren_gland_stromal	data/raw_v3/cell_state/sjogren_salivary.h5ad	Sjogren syndrome	salivary gland stromal/endothelial	tissue_resident	NIDCRDC3632	normal	control	1011	endothelial cell,fibroblast,smooth muscle cell	endosomal_tlr_sensor_chaperone	-0.009978138622911045	0.03560830860534125
sjogren_gland_stromal	data/raw_v3/cell_state/sjogren_salivary.h5ad	Sjogren syndrome	salivary gland stromal/endothelial	tissue_resident	NIDCRDC3632	normal	control	1011	endothelial cell,fibroblast,smooth muscle cell	full_slc15a4_tasl_tlr_irf5_branch	-0.007888189664247765	0.0771513353115727
sjogren_gland_stromal	data/raw_v3/cell_state/sjogren_salivary.h5ad	Sjogren syndrome	salivary gland stromal/endothelial	tissue_resident	NIDCRDC3633	normal	control	180	endothelial cell,fibroblast,smooth muscle cell	slc15a4_tasl_irf5_core	0.09601564895109836	0.13333333333333333
sjogren_gland_stromal	data/raw_v3/cell_state/sjogren_salivary.h5ad	Sjogren syndrome	salivary gland stromal/endothelial	tissue_resident	NIDCRDC3633	normal	control	180	endothelial cell,fibroblast,smooth muscle cell	endosomal_tlr_sensor_chaperone	0.025538902568835016	0.08888888888888889
sjogren_gland_stromal	data/raw_v3/cell_state/sjogren_salivary.h5ad	Sjogren syndrome	salivary gland stromal/endothelial	tissue_resident	NIDCRDC3633	normal	control	180	endothelial cell,fibroblast,smooth muscle cell	full_slc15a4_tasl_tlr_irf5_branch	0.05574322244694789	0.20555555555555555
sjogren_gland_stromal	data/raw_v3/cell_state/sjogren_salivary.h5ad	Sjogren syndrome	salivary gland stromal/endothelial	tissue_resident	NIDCRDC3637	Sjogren syndrome	case	88	endothelial cell,fibroblast,smooth muscle cell	slc15a4_tasl_irf5_core	0.05537864787463023	0.14772727272727273
sjogren_gland_stromal	data/raw_v3/cell_state/sjogren_salivary.h5ad	Sjogren syndrome	salivary gland stromal/endothelial	tissue_resident	NIDCRDC3637	Sjogren syndrome	case	88	endothelial cell,fibroblast,smooth muscle cell	endosomal_tlr_sensor_chaperone	0.10492553047292576	0.09090909090909091
sjogren_gland_stromal	data/raw_v3/cell_state/sjogren_salivary.h5ad	Sjogren syndrome	salivary gland stromal/endothelial	tissue_resident	NIDCRDC3637	Sjogren syndrome	case	88	endothelial cell,fibroblast,smooth muscle cell	full_slc15a4_tasl_tlr_irf5_branch	0.08369115221651335	0.2159090909090909
t1d_beta_cell	data/raw_v3/cell_state/t1d_hpap_islet.h5ad	type 1 diabetes mellitus	pancreatic beta cell	tissue_resident	HPAP019	normal	control	3193	type B pancreatic cell	slc15a4_tasl_irf5_core	-0.008444949663648603	0.14688380833072345
t1d_beta_cell	data/raw_v3/cell_state/t1d_hpap_islet.h5ad	type 1 diabetes mellitus	pancreatic beta cell	tissue_resident	HPAP019	normal	control	3193	type B pancreatic cell	endosomal_tlr_sensor_chaperone	-0.008024953097552676	0.02912621359223301
t1d_beta_cell	data/raw_v3/cell_state/t1d_hpap_islet.h5ad	type 1 diabetes mellitus	pancreatic beta cell	tissue_resident	HPAP019	normal	control	3193	type B pancreatic cell	full_slc15a4_tasl_tlr_irf5_branch	-0.00823495138060063	0.16786720952082682
t1d_beta_cell	data/raw_v3/cell_state/t1d_hpap_islet.h5ad	type 1 diabetes mellitus	pancreatic beta cell	tissue_resident	HPAP020	type 1 diabetes mellitus	case	199	type B pancreatic cell	slc15a4_tasl_irf5_core	-0.037146931118205086	0.1457286432160804
t1d_beta_cell	data/raw_v3/cell_state/t1d_hpap_islet.h5ad	type 1 diabetes mellitus	pancreatic beta cell	tissue_resident	HPAP020	type 1 diabetes mellitus	case	199	type B pancreatic cell	endosomal_tlr_sensor_chaperone	0.009142691254570522	0.04522613065326633
t1d_beta_cell	data/raw_v3/cell_state/t1d_hpap_islet.h5ad	type 1 diabetes mellitus	pancreatic beta cell	tissue_resident	HPAP020	type 1 diabetes mellitus	case	199	type B pancreatic cell	full_slc15a4_tasl_tlr_irf5_branch	-0.01400211993181727	0.18090452261306533
t1d_beta_cell	data/raw_v3/cell_state/t1d_hpap_islet.h5ad	type 1 diabetes mellitus	pancreatic beta cell	tissue_resident	HPAP021	type 1 diabetes mellitus	case	81	type B pancreatic cell	slc15a4_tasl_irf5_core	0.02643204448984248	0.12345679012345678
t1d_beta_cell	data/raw_v3/cell_state/t1d_hpap_islet.h5ad	type 1 diabetes mellitus	pancreatic beta cell	tissue_resident	HPAP021	type 1 diabetes mellitus	case	81	type B pancreatic cell	endosomal_tlr_sensor_chaperone	-0.06308541381447674	0.0
t1d_beta_cell	data/raw_v3/cell_state/t1d_hpap_islet.h5ad	type 1 diabetes mellitus	pancreatic beta cell	tissue_resident	HPAP021	type 1 diabetes mellitus	case	81	type B pancreatic cell	full_slc15a4_tasl_tlr_irf5_branch	-0.018326684662317107	0.12345679012345678
t1d_beta_cell	data/raw_v3/cell_state/t1d_hpap_islet.h5ad	type 1 diabetes mellitus	pancreatic beta cell	tissue_resident	HPAP022	normal	control	1134	type B pancreatic cell	slc15a4_tasl_irf5_core	-0.011182745934547392	0.1419753086419753
t1d_beta_cell	data/raw_v3/cell_state/t1d_hpap_islet.h5ad	type 1 diabetes mellitus	pancreatic beta cell	tissue_resident	HPAP022	normal	control	1134	type B pancreatic cell	endosomal_tlr_sensor_chaperone	-0.04240077950815772	0.012345679012345678
t1d_beta_cell	data/raw_v3/cell_state/t1d_hpap_islet.h5ad	type 1 diabetes mellitus	pancreatic beta cell	tissue_resident	HPAP022	normal	control	1134	type B pancreatic cell	full_slc15a4_tasl_tlr_irf5_branch	-0.026791762721352544	0.14991181657848324
t1d_beta_cell	data/raw_v3/cell_state/t1d_hpap_islet.h5ad	type 1 diabetes mellitus	pancreatic beta cell	tissue_resident	HPAP024	normal	control	89	type B pancreatic cell	slc15a4_tasl_irf5_core	-0.06021401388720802	0.1797752808988764
t1d_beta_cell	data/raw_v3/cell_state/t1d_hpap_islet.h5ad	type 1 diabetes mellitus	pancreatic beta cell	tissue_resident	HPAP024	normal	control	89	type B pancreatic cell	endosomal_tlr_sensor_chaperone	0.006568190322320682	0.056179775280898875
t1d_beta_cell	data/raw_v3/cell_state/t1d_hpap_islet.h5ad	type 1 diabetes mellitus	pancreatic beta cell	tissue_resident	HPAP024	normal	control	89	type B pancreatic cell	full_slc15a4_tasl_tlr_irf5_branch	-0.026822911782443677	0.23595505617977527
t1d_beta_cell	data/raw_v3/cell_state/t1d_hpap_islet.h5ad	type 1 diabetes mellitus	pancreatic beta cell	tissue_resident	HPAP026	normal	control	72	type B pancreatic cell	slc15a4_tasl_irf5_core	0.29656967080770336	0.375
t1d_beta_cell	data/raw_v3/cell_state/t1d_hpap_islet.h5ad	type 1 diabetes mellitus	pancreatic beta cell	tissue_resident	HPAP026	normal	control	72	type B pancreatic cell	endosomal_tlr_sensor_chaperone	-0.030094021344868035	0.027777777777777776
t1d_beta_cell	data/raw_v3/cell_state/t1d_hpap_islet.h5ad	type 1 diabetes mellitus	pancreatic beta cell	tissue_resident	HPAP026	normal	control	72	type B pancreatic cell	full_slc15a4_tasl_tlr_irf5_branch	0.1332378247314177	0.3888888888888889
t1d_beta_cell	data/raw_v3/cell_state/t1d_hpap_islet.h5ad	type 1 diabetes mellitus	pancreatic beta cell	tissue_resident	HPAP028	type 1 diabetes mellitus	case	789	type B pancreatic cell	slc15a4_tasl_irf5_core	-0.09026648852675546	0.049429657794676805
t1d_beta_cell	data/raw_v3/cell_state/t1d_hpap_islet.h5ad	type 1 diabetes mellitus	pancreatic beta cell	tissue_resident	HPAP028	type 1 diabetes mellitus	case	789	type B pancreatic cell	endosomal_tlr_sensor_chaperone	-0.0388879300432537	0.0076045627376425855
t1d_beta_cell	data/raw_v3/cell_state/t1d_hpap_islet.h5ad	type 1 diabetes mellitus	pancreatic beta cell	tissue_resident	HPAP028	type 1 diabetes mellitus	case	789	type B pancreatic cell	full_slc15a4_tasl_tlr_irf5_branch	-0.06457720928500456	0.057034220532319393
t1d_beta_cell	data/raw_v3/cell_state/t1d_hpap_islet.h5ad	type 1 diabetes mellitus	pancreatic beta cell	tissue_resident	HPAP029	normal	control	30	type B pancreatic cell	slc15a4_tasl_irf5_core	-0.14146883003584368	0.03333333333333333
t1d_beta_cell	data/raw_v3/cell_state/t1d_hpap_islet.h5ad	type 1 diabetes mellitus	pancreatic beta cell	tissue_resident	HPAP029	normal	control	30	type B pancreatic cell	endosomal_tlr_sensor_chaperone	-0.06308541381447674	0.0
t1d_beta_cell	data/raw_v3/cell_state/t1d_hpap_islet.h5ad	type 1 diabetes mellitus	pancreatic beta cell	tissue_resident	HPAP029	normal	control	30	type B pancreatic cell	full_slc15a4_tasl_tlr_irf5_branch	-0.10227712192516021	0.03333333333333333
t1d_beta_cell	data/raw_v3/cell_state/t1d_hpap_islet.h5ad	type 1 diabetes mellitus	pancreatic beta cell	tissue_resident	HPAP034	normal	control	12	type B pancreatic cell	slc15a4_tasl_irf5_core	-0.07738238978911076	0.16666666666666666
t1d_beta_cell	data/raw_v3/cell_state/t1d_hpap_islet.h5ad	type 1 diabetes mellitus	pancreatic beta cell	tissue_resident	HPAP034	normal	control	12	type B pancreatic cell	endosomal_tlr_sensor_chaperone	0.6587970443627954	0.08333333333333333
t1d_beta_cell	data/raw_v3/cell_state/t1d_hpap_islet.h5ad	type 1 diabetes mellitus	pancreatic beta cell	tissue_resident	HPAP034	normal	control	12	type B pancreatic cell	full_slc15a4_tasl_tlr_irf5_branch	0.2907073272868423	0.25
t1d_beta_cell	data/raw_v3/cell_state/t1d_hpap_islet.h5ad	type 1 diabetes mellitus	pancreatic beta cell	tissue_resident	HPAP035	normal	control	408	type B pancreatic cell	slc15a4_tasl_irf5_core	-0.01040746401923426	0.15441176470588236
t1d_beta_cell	data/raw_v3/cell_state/t1d_hpap_islet.h5ad	type 1 diabetes mellitus	pancreatic beta cell	tissue_resident	HPAP035	normal	control	408	type B pancreatic cell	endosomal_tlr_sensor_chaperone	-0.05034581628732899	0.007352941176470588
t1d_beta_cell	data/raw_v3/cell_state/t1d_hpap_islet.h5ad	type 1 diabetes mellitus	pancreatic beta cell	tissue_resident	HPAP035	normal	control	408	type B pancreatic cell	full_slc15a4_tasl_tlr_irf5_branch	-0.030376640153281603	0.15931372549019607
t1d_beta_cell	data/raw_v3/cell_state/t1d_hpap_islet.h5ad	type 1 diabetes mellitus	pancreatic beta cell	tissue_resident	HPAP036	normal	control	274	type B pancreatic cell	slc15a4_tasl_irf5_core	0.0653187133156946	0.2116788321167883
t1d_beta_cell	data/raw_v3/cell_state/t1d_hpap_islet.h5ad	type 1 diabetes mellitus	pancreatic beta cell	tissue_resident	HPAP036	normal	control	274	type B pancreatic cell	endosomal_tlr_sensor_chaperone	0.03571624393603423	0.032846715328467155
t1d_beta_cell	data/raw_v3/cell_state/t1d_hpap_islet.h5ad	type 1 diabetes mellitus	pancreatic beta cell	tissue_resident	HPAP036	normal	control	274	type B pancreatic cell	full_slc15a4_tasl_tlr_irf5_branch	0.05051747862586443	0.22627737226277372
t1d_beta_cell	data/raw_v3/cell_state/t1d_hpap_islet.h5ad	type 1 diabetes mellitus	pancreatic beta cell	tissue_resident	HPAP037	normal	control	444	type B pancreatic cell	slc15a4_tasl_irf5_core	0.025143114899085037	0.22072072072072071
t1d_beta_cell	data/raw_v3/cell_state/t1d_hpap_islet.h5ad	type 1 diabetes mellitus	pancreatic beta cell	tissue_resident	HPAP037	normal	control	444	type B pancreatic cell	endosomal_tlr_sensor_chaperone	-0.02635808208765997	0.02252252252252252
t1d_beta_cell	data/raw_v3/cell_state/t1d_hpap_islet.h5ad	type 1 diabetes mellitus	pancreatic beta cell	tissue_resident	HPAP037	normal	control	444	type B pancreatic cell	full_slc15a4_tasl_tlr_irf5_branch	-0.0006074835942874588	0.23423423423423423
t1d_beta_cell	data/raw_v3/cell_state/t1d_hpap_islet.h5ad	type 1 diabetes mellitus	pancreatic beta cell	tissue_resident	HPAP038	normal	control	1074	type B pancreatic cell	slc15a4_tasl_irf5_core	-0.013157784518908259	0.1750465549348231
t1d_beta_cell	data/raw_v3/cell_state/t1d_hpap_islet.h5ad	type 1 diabetes mellitus	pancreatic beta cell	tissue_resident	HPAP038	normal	control	1074	type B pancreatic cell	endosomal_tlr_sensor_chaperone	0.09915481497229083	0.1042830540037244
t1d_beta_cell	data/raw_v3/cell_state/t1d_hpap_islet.h5ad	type 1 diabetes mellitus	pancreatic beta cell	tissue_resident	HPAP038	normal	control	1074	type B pancreatic cell	full_slc15a4_tasl_tlr_irf5_branch	0.0429985152266913	0.2579143389199255
t1d_beta_cell	data/raw_v3/cell_state/t1d_hpap_islet.h5ad	type 1 diabetes mellitus	pancreatic beta cell	tissue_resident	HPAP039	normal	control	104	type B pancreatic cell	slc15a4_tasl_irf5_core	-0.09184885094713623	0.057692307692307696
t1d_beta_cell	data/raw_v3/cell_state/t1d_hpap_islet.h5ad	type 1 diabetes mellitus	pancreatic beta cell	tissue_resident	HPAP039	normal	control	104	type B pancreatic cell	endosomal_tlr_sensor_chaperone	-0.015514675580495425	0.019230769230769232
t1d_beta_cell	data/raw_v3/cell_state/t1d_hpap_islet.h5ad	type 1 diabetes mellitus	pancreatic beta cell	tissue_resident	HPAP039	normal	control	104	type B pancreatic cell	full_slc15a4_tasl_tlr_irf5_branch	-0.0536817632638158	0.07692307692307693
t1d_beta_cell	data/raw_v3/cell_state/t1d_hpap_islet.h5ad	type 1 diabetes mellitus	pancreatic beta cell	tissue_resident	HPAP040	normal	control	332	type B pancreatic cell	slc15a4_tasl_irf5_core	0.024876466320821893	0.2319277108433735
t1d_beta_cell	data/raw_v3/cell_state/t1d_hpap_islet.h5ad	type 1 diabetes mellitus	pancreatic beta cell	tissue_resident	HPAP040	normal	control	332	type B pancreatic cell	endosomal_tlr_sensor_chaperone	0.008450967414778555	0.05120481927710843
t1d_beta_cell	data/raw_v3/cell_state/t1d_hpap_islet.h5ad	type 1 diabetes mellitus	pancreatic beta cell	tissue_resident	HPAP040	normal	control	332	type B pancreatic cell	full_slc15a4_tasl_tlr_irf5_branch	0.01666371686780024	0.2680722891566265
t1d_beta_cell	data/raw_v3/cell_state/t1d_hpap_islet.h5ad	type 1 diabetes mellitus	pancreatic beta cell	tissue_resident	HPAP042	normal	control	104	type B pancreatic cell	slc15a4_tasl_irf5_core	0.04427477181209819	0.15384615384615385
t1d_beta_cell	data/raw_v3/cell_state/t1d_hpap_islet.h5ad	type 1 diabetes mellitus	pancreatic beta cell	tissue_resident	HPAP042	normal	control	104	type B pancreatic cell	endosomal_tlr_sensor_chaperone	-0.02251900817434677	0.019230769230769232
t1d_beta_cell	data/raw_v3/cell_state/t1d_hpap_islet.h5ad	type 1 diabetes mellitus	pancreatic beta cell	tissue_resident	HPAP042	normal	control	104	type B pancreatic cell	full_slc15a4_tasl_tlr_irf5_branch	0.01087788181887572	0.17307692307692307
t1d_beta_cell	data/raw_v3/cell_state/t1d_hpap_islet.h5ad	type 1 diabetes mellitus	pancreatic beta cell	tissue_resident	HPAP043	normal	control	281	type B pancreatic cell	slc15a4_tasl_irf5_core	-0.021573770425188397	0.20284697508896798
t1d_beta_cell	data/raw_v3/cell_state/t1d_hpap_islet.h5ad	type 1 diabetes mellitus	pancreatic beta cell	tissue_resident	HPAP043	normal	control	281	type B pancreatic cell	endosomal_tlr_sensor_chaperone	0.0017344076150900532	0.046263345195729534
t1d_beta_cell	data/raw_v3/cell_state/t1d_hpap_islet.h5ad	type 1 diabetes mellitus	pancreatic beta cell	tissue_resident	HPAP043	normal	control	281	type B pancreatic cell	full_slc15a4_tasl_tlr_irf5_branch	-0.00991968140504917	0.23487544483985764
t1d_beta_cell	data/raw_v3/cell_state/t1d_hpap_islet.h5ad	type 1 diabetes mellitus	pancreatic beta cell	tissue_resident	HPAP044	normal	control	133	type B pancreatic cell	slc15a4_tasl_irf5_core	0.11837260055181577	0.17293233082706766
t1d_beta_cell	data/raw_v3/cell_state/t1d_hpap_islet.h5ad	type 1 diabetes mellitus	pancreatic beta cell	tissue_resident	HPAP044	normal	control	133	type B pancreatic cell	endosomal_tlr_sensor_chaperone	0.04329101360420032	0.05263157894736842
t1d_beta_cell	data/raw_v3/cell_state/t1d_hpap_islet.h5ad	type 1 diabetes mellitus	pancreatic beta cell	tissue_resident	HPAP044	normal	control	133	type B pancreatic cell	full_slc15a4_tasl_tlr_irf5_branch	0.08083180707800805	0.21052631578947367
t1d_beta_cell	data/raw_v3/cell_state/t1d_hpap_islet.h5ad	type 1 diabetes mellitus	pancreatic beta cell	tissue_resident	HPAP045	normal	control	1066	type B pancreatic cell	slc15a4_tasl_irf5_core	-0.02579378210026701	0.12570356472795496
t1d_beta_cell	data/raw_v3/cell_state/t1d_hpap_islet.h5ad	type 1 diabetes mellitus	pancreatic beta cell	tissue_resident	HPAP045	normal	control	1066	type B pancreatic cell	endosomal_tlr_sensor_chaperone	-0.0067516062723130986	0.024390243902439025
t1d_beta_cell	data/raw_v3/cell_state/t1d_hpap_islet.h5ad	type 1 diabetes mellitus	pancreatic beta cell	tissue_resident	HPAP045	normal	control	1066	type B pancreatic cell	full_slc15a4_tasl_tlr_irf5_branch	-0.016272694186290043	0.14352720450281425
t1d_beta_cell	data/raw_v3/cell_state/t1d_hpap_islet.h5ad	type 1 diabetes mellitus	pancreatic beta cell	tissue_resident	HPAP047	normal	control	141	type B pancreatic cell	slc15a4_tasl_irf5_core	-0.020357685949466867	0.07092198581560284
t1d_beta_cell	data/raw_v3/cell_state/t1d_hpap_islet.h5ad	type 1 diabetes mellitus	pancreatic beta cell	tissue_resident	HPAP047	normal	control	141	type B pancreatic cell	endosomal_tlr_sensor_chaperone	-0.06308541381447676	0.0
t1d_beta_cell	data/raw_v3/cell_state/t1d_hpap_islet.h5ad	type 1 diabetes mellitus	pancreatic beta cell	tissue_resident	HPAP047	normal	control	141	type B pancreatic cell	full_slc15a4_tasl_tlr_irf5_branch	-0.04172154988197181	0.07092198581560284
t1d_beta_cell	data/raw_v3/cell_state/t1d_hpap_islet.h5ad	type 1 diabetes mellitus	pancreatic beta cell	tissue_resident	HPAP049	normal	control	959	type B pancreatic cell	slc15a4_tasl_irf5_core	0.028929470434992072	0.1991657977059437
t1d_beta_cell	data/raw_v3/cell_state/t1d_hpap_islet.h5ad	type 1 diabetes mellitus	pancreatic beta cell	tissue_resident	HPAP049	normal	control	959	type B pancreatic cell	endosomal_tlr_sensor_chaperone	-0.012765027508043406	0.022940563086548488
t1d_beta_cell	data/raw_v3/cell_state/t1d_hpap_islet.h5ad	type 1 diabetes mellitus	pancreatic beta cell	tissue_resident	HPAP049	normal	control	959	type B pancreatic cell	full_slc15a4_tasl_tlr_irf5_branch	0.008082221463474343	0.21584984358706985
t1d_beta_cell	data/raw_v3/cell_state/t1d_hpap_islet.h5ad	type 1 diabetes mellitus	pancreatic beta cell	tissue_resident	HPAP050	normal	control	377	type B pancreatic cell	slc15a4_tasl_irf5_core	0.020615682837772605	0.20424403183023873
t1d_beta_cell	data/raw_v3/cell_state/t1d_hpap_islet.h5ad	type 1 diabetes mellitus	pancreatic beta cell	tissue_resident	HPAP050	normal	control	377	type B pancreatic cell	endosomal_tlr_sensor_chaperone	0.022492155571185758	0.042440318302387266
t1d_beta_cell	data/raw_v3/cell_state/t1d_hpap_islet.h5ad	type 1 diabetes mellitus	pancreatic beta cell	tissue_resident	HPAP050	normal	control	377	type B pancreatic cell	full_slc15a4_tasl_tlr_irf5_branch	0.021553919204479192	0.23076923076923078
t1d_ductal_cell	data/raw_v3/cell_state/t1d_hpap_islet.h5ad	type 1 diabetes mellitus	pancreatic ductal cell	tissue_resident	HPAP019	normal	control	25	pancreatic ductal cell	slc15a4_tasl_irf5_core	0.08360057978998192	0.4
t1d_ductal_cell	data/raw_v3/cell_state/t1d_hpap_islet.h5ad	type 1 diabetes mellitus	pancreatic ductal cell	tissue_resident	HPAP019	normal	control	25	pancreatic ductal cell	endosomal_tlr_sensor_chaperone	0.13310261752581343	0.4
t1d_ductal_cell	data/raw_v3/cell_state/t1d_hpap_islet.h5ad	type 1 diabetes mellitus	pancreatic ductal cell	tissue_resident	HPAP019	normal	control	25	pancreatic ductal cell	full_slc15a4_tasl_tlr_irf5_branch	0.10835159865789767	0.44
t1d_ductal_cell	data/raw_v3/cell_state/t1d_hpap_islet.h5ad	type 1 diabetes mellitus	pancreatic ductal cell	tissue_resident	HPAP020	type 1 diabetes mellitus	case	2434	pancreatic ductal cell	slc15a4_tasl_irf5_core	-0.08694158139176605	0.18611339359079704
t1d_ductal_cell	data/raw_v3/cell_state/t1d_hpap_islet.h5ad	type 1 diabetes mellitus	pancreatic ductal cell	tissue_resident	HPAP020	type 1 diabetes mellitus	case	2434	pancreatic ductal cell	endosomal_tlr_sensor_chaperone	0.12227305265834046	0.35949055053410023
t1d_ductal_cell	data/raw_v3/cell_state/t1d_hpap_islet.h5ad	type 1 diabetes mellitus	pancreatic ductal cell	tissue_resident	HPAP020	type 1 diabetes mellitus	case	2434	pancreatic ductal cell	full_slc15a4_tasl_tlr_irf5_branch	0.017665735633287223	0.22966310599835663
t1d_ductal_cell	data/raw_v3/cell_state/t1d_hpap_islet.h5ad	type 1 diabetes mellitus	pancreatic ductal cell	tissue_resident	HPAP021	type 1 diabetes mellitus	case	2163	pancreatic ductal cell	slc15a4_tasl_irf5_core	0.09274044948756076	0.3948220064724919
t1d_ductal_cell	data/raw_v3/cell_state/t1d_hpap_islet.h5ad	type 1 diabetes mellitus	pancreatic ductal cell	tissue_resident	HPAP021	type 1 diabetes mellitus	case	2163	pancreatic ductal cell	endosomal_tlr_sensor_chaperone	-0.09760983378882544	0.03698566805362922
t1d_ductal_cell	data/raw_v3/cell_state/t1d_hpap_islet.h5ad	type 1 diabetes mellitus	pancreatic ductal cell	tissue_resident	HPAP021	type 1 diabetes mellitus	case	2163	pancreatic ductal cell	full_slc15a4_tasl_tlr_irf5_branch	-0.0024346921506323573	0.17568192325473878
t1d_ductal_cell	data/raw_v3/cell_state/t1d_hpap_islet.h5ad	type 1 diabetes mellitus	pancreatic ductal cell	tissue_resident	HPAP022	normal	control	83	pancreatic ductal cell	slc15a4_tasl_irf5_core	-0.01660467072140887	0.26506024096385544
t1d_ductal_cell	data/raw_v3/cell_state/t1d_hpap_islet.h5ad	type 1 diabetes mellitus	pancreatic ductal cell	tissue_resident	HPAP022	normal	control	83	pancreatic ductal cell	endosomal_tlr_sensor_chaperone	-0.03258879454644784	0.1686746987951807
t1d_ductal_cell	data/raw_v3/cell_state/t1d_hpap_islet.h5ad	type 1 diabetes mellitus	pancreatic ductal cell	tissue_resident	HPAP022	normal	control	83	pancreatic ductal cell	full_slc15a4_tasl_tlr_irf5_branch	-0.024596732633928368	0.1686746987951807
t1d_ductal_cell	data/raw_v3/cell_state/t1d_hpap_islet.h5ad	type 1 diabetes mellitus	pancreatic ductal cell	tissue_resident	HPAP023	type 1 diabetes mellitus	case	81	pancreatic ductal cell	slc15a4_tasl_irf5_core	-0.05464521782856699	0.19753086419753085
t1d_ductal_cell	data/raw_v3/cell_state/t1d_hpap_islet.h5ad	type 1 diabetes mellitus	pancreatic ductal cell	tissue_resident	HPAP023	type 1 diabetes mellitus	case	81	pancreatic ductal cell	endosomal_tlr_sensor_chaperone	-0.027169513100089755	0.16049382716049382
t1d_ductal_cell	data/raw_v3/cell_state/t1d_hpap_islet.h5ad	type 1 diabetes mellitus	pancreatic ductal cell	tissue_resident	HPAP023	type 1 diabetes mellitus	case	81	pancreatic ductal cell	full_slc15a4_tasl_tlr_irf5_branch	-0.04090736546432838	0.14814814814814814
t1d_ductal_cell	data/raw_v3/cell_state/t1d_hpap_islet.h5ad	type 1 diabetes mellitus	pancreatic ductal cell	tissue_resident	HPAP024	normal	control	348	pancreatic ductal cell	slc15a4_tasl_irf5_core	0.003762368740266225	0.25287356321839083
t1d_ductal_cell	data/raw_v3/cell_state/t1d_hpap_islet.h5ad	type 1 diabetes mellitus	pancreatic ductal cell	tissue_resident	HPAP024	normal	control	348	pancreatic ductal cell	endosomal_tlr_sensor_chaperone	0.04350797452473165	0.21839080459770116
t1d_ductal_cell	data/raw_v3/cell_state/t1d_hpap_islet.h5ad	type 1 diabetes mellitus	pancreatic ductal cell	tissue_resident	HPAP024	normal	control	348	pancreatic ductal cell	full_slc15a4_tasl_tlr_irf5_branch	0.02363517163249893	0.2442528735632184
t1d_ductal_cell	data/raw_v3/cell_state/t1d_hpap_islet.h5ad	type 1 diabetes mellitus	pancreatic ductal cell	tissue_resident	HPAP026	normal	control	37	pancreatic ductal cell	slc15a4_tasl_irf5_core	0.010576323366907317	0.1891891891891892
t1d_ductal_cell	data/raw_v3/cell_state/t1d_hpap_islet.h5ad	type 1 diabetes mellitus	pancreatic ductal cell	tissue_resident	HPAP026	normal	control	37	pancreatic ductal cell	endosomal_tlr_sensor_chaperone	-0.0954007134706467	0.05405405405405406
t1d_ductal_cell	data/raw_v3/cell_state/t1d_hpap_islet.h5ad	type 1 diabetes mellitus	pancreatic ductal cell	tissue_resident	HPAP026	normal	control	37	pancreatic ductal cell	full_slc15a4_tasl_tlr_irf5_branch	-0.04241219505186973	0.1891891891891892
t1d_ductal_cell	data/raw_v3/cell_state/t1d_hpap_islet.h5ad	type 1 diabetes mellitus	pancreatic ductal cell	tissue_resident	HPAP028	type 1 diabetes mellitus	case	852	pancreatic ductal cell	slc15a4_tasl_irf5_core	-0.021100598788743492	0.2136150234741784
t1d_ductal_cell	data/raw_v3/cell_state/t1d_hpap_islet.h5ad	type 1 diabetes mellitus	pancreatic ductal cell	tissue_resident	HPAP028	type 1 diabetes mellitus	case	852	pancreatic ductal cell	endosomal_tlr_sensor_chaperone	0.021469943694298055	0.1643192488262911
t1d_ductal_cell	data/raw_v3/cell_state/t1d_hpap_islet.h5ad	type 1 diabetes mellitus	pancreatic ductal cell	tissue_resident	HPAP028	type 1 diabetes mellitus	case	852	pancreatic ductal cell	full_slc15a4_tasl_tlr_irf5_branch	0.00018467245277726402	0.24882629107981222
t1d_ductal_cell	data/raw_v3/cell_state/t1d_hpap_islet.h5ad	type 1 diabetes mellitus	pancreatic ductal cell	tissue_resident	HPAP029	normal	control	47	pancreatic ductal cell	slc15a4_tasl_irf5_core	-0.04053177970905056	0.23404255319148937
t1d_ductal_cell	data/raw_v3/cell_state/t1d_hpap_islet.h5ad	type 1 diabetes mellitus	pancreatic ductal cell	tissue_resident	HPAP029	normal	control	47	pancreatic ductal cell	endosomal_tlr_sensor_chaperone	-0.008155726868660102	0.14893617021276595
t1d_ductal_cell	data/raw_v3/cell_state/t1d_hpap_islet.h5ad	type 1 diabetes mellitus	pancreatic ductal cell	tissue_resident	HPAP029	normal	control	47	pancreatic ductal cell	full_slc15a4_tasl_tlr_irf5_branch	-0.024343753288855345	0.2553191489361702
t1d_ductal_cell	data/raw_v3/cell_state/t1d_hpap_islet.h5ad	type 1 diabetes mellitus	pancreatic ductal cell	tissue_resident	HPAP032	type 1 diabetes mellitus	case	602	pancreatic ductal cell	slc15a4_tasl_irf5_core	-0.0041576515187177	0.2574750830564784
t1d_ductal_cell	data/raw_v3/cell_state/t1d_hpap_islet.h5ad	type 1 diabetes mellitus	pancreatic ductal cell	tissue_resident	HPAP032	type 1 diabetes mellitus	case	602	pancreatic ductal cell	endosomal_tlr_sensor_chaperone	0.00025857045002408447	0.1644518272425249
t1d_ductal_cell	data/raw_v3/cell_state/t1d_hpap_islet.h5ad	type 1 diabetes mellitus	pancreatic ductal cell	tissue_resident	HPAP032	type 1 diabetes mellitus	case	602	pancreatic ductal cell	full_slc15a4_tasl_tlr_irf5_branch	-0.0019495405343468164	0.22093023255813954
t1d_ductal_cell	data/raw_v3/cell_state/t1d_hpap_islet.h5ad	type 1 diabetes mellitus	pancreatic ductal cell	tissue_resident	HPAP034	normal	control	75	pancreatic ductal cell	slc15a4_tasl_irf5_core	-0.12979211682176714	0.14666666666666667
t1d_ductal_cell	data/raw_v3/cell_state/t1d_hpap_islet.h5ad	type 1 diabetes mellitus	pancreatic ductal cell	tissue_resident	HPAP034	normal	control	75	pancreatic ductal cell	endosomal_tlr_sensor_chaperone	0.06284481000242877	0.25333333333333335
t1d_ductal_cell	data/raw_v3/cell_state/t1d_hpap_islet.h5ad	type 1 diabetes mellitus	pancreatic ductal cell	tissue_resident	HPAP034	normal	control	75	pancreatic ductal cell	full_slc15a4_tasl_tlr_irf5_branch	-0.03347365340966921	0.25333333333333335
t1d_ductal_cell	data/raw_v3/cell_state/t1d_hpap_islet.h5ad	type 1 diabetes mellitus	pancreatic ductal cell	tissue_resident	HPAP035	normal	control	186	pancreatic ductal cell	slc15a4_tasl_irf5_core	0.027675331047911887	0.24731182795698925
t1d_ductal_cell	data/raw_v3/cell_state/t1d_hpap_islet.h5ad	type 1 diabetes mellitus	pancreatic ductal cell	tissue_resident	HPAP035	normal	control	186	pancreatic ductal cell	endosomal_tlr_sensor_chaperone	-0.011926715078307965	0.15591397849462366
t1d_ductal_cell	data/raw_v3/cell_state/t1d_hpap_islet.h5ad	type 1 diabetes mellitus	pancreatic ductal cell	tissue_resident	HPAP035	normal	control	186	pancreatic ductal cell	full_slc15a4_tasl_tlr_irf5_branch	0.00787430798480194	0.24193548387096775
t1d_ductal_cell	data/raw_v3/cell_state/t1d_hpap_islet.h5ad	type 1 diabetes mellitus	pancreatic ductal cell	tissue_resident	HPAP036	normal	control	152	pancreatic ductal cell	slc15a4_tasl_irf5_core	-0.06587874025283597	0.17763157894736842
t1d_ductal_cell	data/raw_v3/cell_state/t1d_hpap_islet.h5ad	type 1 diabetes mellitus	pancreatic ductal cell	tissue_resident	HPAP036	normal	control	152	pancreatic ductal cell	endosomal_tlr_sensor_chaperone	-0.0006069909462582036	0.16447368421052633
t1d_ductal_cell	data/raw_v3/cell_state/t1d_hpap_islet.h5ad	type 1 diabetes mellitus	pancreatic ductal cell	tissue_resident	HPAP036	normal	control	152	pancreatic ductal cell	full_slc15a4_tasl_tlr_irf5_branch	-0.03324286559954709	0.23026315789473684
t1d_ductal_cell	data/raw_v3/cell_state/t1d_hpap_islet.h5ad	type 1 diabetes mellitus	pancreatic ductal cell	tissue_resident	HPAP037	normal	control	377	pancreatic ductal cell	slc15a4_tasl_irf5_core	0.01135976515876895	0.27320954907161804
t1d_ductal_cell	data/raw_v3/cell_state/t1d_hpap_islet.h5ad	type 1 diabetes mellitus	pancreatic ductal cell	tissue_resident	HPAP037	normal	control	377	pancreatic ductal cell	endosomal_tlr_sensor_chaperone	-0.07478036309620746	0.07692307692307693
t1d_ductal_cell	data/raw_v3/cell_state/t1d_hpap_islet.h5ad	type 1 diabetes mellitus	pancreatic ductal cell	tissue_resident	HPAP037	normal	control	377	pancreatic ductal cell	full_slc15a4_tasl_tlr_irf5_branch	-0.03171029896871927	0.23076923076923078
t1d_ductal_cell	data/raw_v3/cell_state/t1d_hpap_islet.h5ad	type 1 diabetes mellitus	pancreatic ductal cell	tissue_resident	HPAP038	normal	control	78	pancreatic ductal cell	slc15a4_tasl_irf5_core	0.04542974033158504	0.3333333333333333
t1d_ductal_cell	data/raw_v3/cell_state/t1d_hpap_islet.h5ad	type 1 diabetes mellitus	pancreatic ductal cell	tissue_resident	HPAP038	normal	control	78	pancreatic ductal cell	endosomal_tlr_sensor_chaperone	0.13935701525651825	0.3974358974358974
t1d_ductal_cell	data/raw_v3/cell_state/t1d_hpap_islet.h5ad	type 1 diabetes mellitus	pancreatic ductal cell	tissue_resident	HPAP038	normal	control	78	pancreatic ductal cell	full_slc15a4_tasl_tlr_irf5_branch	0.09239337779405164	0.3717948717948718
t1d_ductal_cell	data/raw_v3/cell_state/t1d_hpap_islet.h5ad	type 1 diabetes mellitus	pancreatic ductal cell	tissue_resident	HPAP039	normal	control	1418	pancreatic ductal cell	slc15a4_tasl_irf5_core	-0.021954183085572274	0.2016925246826516
t1d_ductal_cell	data/raw_v3/cell_state/t1d_hpap_islet.h5ad	type 1 diabetes mellitus	pancreatic ductal cell	tissue_resident	HPAP039	normal	control	1418	pancreatic ductal cell	endosomal_tlr_sensor_chaperone	0.019402801307805084	0.14950634696755993
t1d_ductal_cell	data/raw_v3/cell_state/t1d_hpap_islet.h5ad	type 1 diabetes mellitus	pancreatic ductal cell	tissue_resident	HPAP039	normal	control	1418	pancreatic ductal cell	full_slc15a4_tasl_tlr_irf5_branch	-0.001275690888883604	0.2679830747531735
t1d_ductal_cell	data/raw_v3/cell_state/t1d_hpap_islet.h5ad	type 1 diabetes mellitus	pancreatic ductal cell	tissue_resident	HPAP040	normal	control	151	pancreatic ductal cell	slc15a4_tasl_irf5_core	-0.027681259860894734	0.26490066225165565
t1d_ductal_cell	data/raw_v3/cell_state/t1d_hpap_islet.h5ad	type 1 diabetes mellitus	pancreatic ductal cell	tissue_resident	HPAP040	normal	control	151	pancreatic ductal cell	endosomal_tlr_sensor_chaperone	0.04279786428643393	0.15894039735099338
t1d_ductal_cell	data/raw_v3/cell_state/t1d_hpap_islet.h5ad	type 1 diabetes mellitus	pancreatic ductal cell	tissue_resident	HPAP040	normal	control	151	pancreatic ductal cell	full_slc15a4_tasl_tlr_irf5_branch	0.00755830221276958	0.1986754966887417
t1d_ductal_cell	data/raw_v3/cell_state/t1d_hpap_islet.h5ad	type 1 diabetes mellitus	pancreatic ductal cell	tissue_resident	HPAP042	normal	control	976	pancreatic ductal cell	slc15a4_tasl_irf5_core	0.037351710962822915	0.2776639344262295
t1d_ductal_cell	data/raw_v3/cell_state/t1d_hpap_islet.h5ad	type 1 diabetes mellitus	pancreatic ductal cell	tissue_resident	HPAP042	normal	control	976	pancreatic ductal cell	endosomal_tlr_sensor_chaperone	-0.04882423114897403	0.10655737704918032
t1d_ductal_cell	data/raw_v3/cell_state/t1d_hpap_islet.h5ad	type 1 diabetes mellitus	pancreatic ductal cell	tissue_resident	HPAP042	normal	control	976	pancreatic ductal cell	full_slc15a4_tasl_tlr_irf5_branch	-0.005736260093075579	0.22950819672131148
t1d_ductal_cell	data/raw_v3/cell_state/t1d_hpap_islet.h5ad	type 1 diabetes mellitus	pancreatic ductal cell	tissue_resident	HPAP043	normal	control	192	pancreatic ductal cell	slc15a4_tasl_irf5_core	0.1558070626219001	0.4635416666666667
t1d_ductal_cell	data/raw_v3/cell_state/t1d_hpap_islet.h5ad	type 1 diabetes mellitus	pancreatic ductal cell	tissue_resident	HPAP043	normal	control	192	pancreatic ductal cell	endosomal_tlr_sensor_chaperone	0.003206281820758324	0.22395833333333334
t1d_ductal_cell	data/raw_v3/cell_state/t1d_hpap_islet.h5ad	type 1 diabetes mellitus	pancreatic ductal cell	tissue_resident	HPAP043	normal	control	192	pancreatic ductal cell	full_slc15a4_tasl_tlr_irf5_branch	0.07950667222132922	0.3802083333333333
t1d_ductal_cell	data/raw_v3/cell_state/t1d_hpap_islet.h5ad	type 1 diabetes mellitus	pancreatic ductal cell	tissue_resident	HPAP044	normal	control	871	pancreatic ductal cell	slc15a4_tasl_irf5_core	0.020334134880612375	0.3237657864523536
t1d_ductal_cell	data/raw_v3/cell_state/t1d_hpap_islet.h5ad	type 1 diabetes mellitus	pancreatic ductal cell	tissue_resident	HPAP044	normal	control	871	pancreatic ductal cell	endosomal_tlr_sensor_chaperone	0.035641945224934565	0.2158438576349024
t1d_ductal_cell	data/raw_v3/cell_state/t1d_hpap_islet.h5ad	type 1 diabetes mellitus	pancreatic ductal cell	tissue_resident	HPAP044	normal	control	871	pancreatic ductal cell	full_slc15a4_tasl_tlr_irf5_branch	0.02798804005277347	0.269804822043628
t1d_ductal_cell	data/raw_v3/cell_state/t1d_hpap_islet.h5ad	type 1 diabetes mellitus	pancreatic ductal cell	tissue_resident	HPAP045	normal	control	101	pancreatic ductal cell	slc15a4_tasl_irf5_core	0.11760366440994192	0.36633663366336633
t1d_ductal_cell	data/raw_v3/cell_state/t1d_hpap_islet.h5ad	type 1 diabetes mellitus	pancreatic ductal cell	tissue_resident	HPAP045	normal	control	101	pancreatic ductal cell	endosomal_tlr_sensor_chaperone	-0.03485940846571774	0.13861386138613863
t1d_ductal_cell	data/raw_v3/cell_state/t1d_hpap_islet.h5ad	type 1 diabetes mellitus	pancreatic ductal cell	tissue_resident	HPAP045	normal	control	101	pancreatic ductal cell	full_slc15a4_tasl_tlr_irf5_branch	0.04137212797211209	0.297029702970297
t1d_ductal_cell	data/raw_v3/cell_state/t1d_hpap_islet.h5ad	type 1 diabetes mellitus	pancreatic ductal cell	tissue_resident	HPAP047	normal	control	517	pancreatic ductal cell	slc15a4_tasl_irf5_core	-0.0824585039641273	0.12572533849129594
t1d_ductal_cell	data/raw_v3/cell_state/t1d_hpap_islet.h5ad	type 1 diabetes mellitus	pancreatic ductal cell	tissue_resident	HPAP047	normal	control	517	pancreatic ductal cell	endosomal_tlr_sensor_chaperone	-0.004179148633585066	0.11218568665377177
t1d_ductal_cell	data/raw_v3/cell_state/t1d_hpap_islet.h5ad	type 1 diabetes mellitus	pancreatic ductal cell	tissue_resident	HPAP047	normal	control	517	pancreatic ductal cell	full_slc15a4_tasl_tlr_irf5_branch	-0.04331882629885621	0.20502901353965183
t1d_ductal_cell	data/raw_v3/cell_state/t1d_hpap_islet.h5ad	type 1 diabetes mellitus	pancreatic ductal cell	tissue_resident	HPAP049	normal	control	51	pancreatic ductal cell	slc15a4_tasl_irf5_core	-0.08021974845597905	0.17647058823529413
t1d_ductal_cell	data/raw_v3/cell_state/t1d_hpap_islet.h5ad	type 1 diabetes mellitus	pancreatic ductal cell	tissue_resident	HPAP049	normal	control	51	pancreatic ductal cell	endosomal_tlr_sensor_chaperone	-0.08840333639453067	0.058823529411764705
t1d_ductal_cell	data/raw_v3/cell_state/t1d_hpap_islet.h5ad	type 1 diabetes mellitus	pancreatic ductal cell	tissue_resident	HPAP049	normal	control	51	pancreatic ductal cell	full_slc15a4_tasl_tlr_irf5_branch	-0.08431154242525488	0.11764705882352941
t1d_ductal_cell	data/raw_v3/cell_state/t1d_hpap_islet.h5ad	type 1 diabetes mellitus	pancreatic ductal cell	tissue_resident	HPAP050	normal	control	107	pancreatic ductal cell	slc15a4_tasl_irf5_core	-0.07158241967097435	0.16822429906542055
t1d_ductal_cell	data/raw_v3/cell_state/t1d_hpap_islet.h5ad	type 1 diabetes mellitus	pancreatic ductal cell	tissue_resident	HPAP050	normal	control	107	pancreatic ductal cell	endosomal_tlr_sensor_chaperone	-0.044146306493297455	0.102803738317757
t1d_ductal_cell	data/raw_v3/cell_state/t1d_hpap_islet.h5ad	type 1 diabetes mellitus	pancreatic ductal cell	tissue_resident	HPAP050	normal	control	107	pancreatic ductal cell	full_slc15a4_tasl_tlr_irf5_branch	-0.057864363082135925	0.18691588785046728
t1d_acinar_cell	data/raw_v3/cell_state/t1d_hpap_islet.h5ad	type 1 diabetes mellitus	pancreatic acinar cell	tissue_resident	HPAP020	type 1 diabetes mellitus	case	3843	pancreatic acinar cell	slc15a4_tasl_irf5_core	-0.07025677851706923	0.10720791048659901
t1d_acinar_cell	data/raw_v3/cell_state/t1d_hpap_islet.h5ad	type 1 diabetes mellitus	pancreatic acinar cell	tissue_resident	HPAP020	type 1 diabetes mellitus	case	3843	pancreatic acinar cell	endosomal_tlr_sensor_chaperone	-0.00233134454625733	0.06895654436638043
t1d_acinar_cell	data/raw_v3/cell_state/t1d_hpap_islet.h5ad	type 1 diabetes mellitus	pancreatic acinar cell	tissue_resident	HPAP020	type 1 diabetes mellitus	case	3843	pancreatic acinar cell	full_slc15a4_tasl_tlr_irf5_branch	-0.03629406153166327	0.1647150663544106
t1d_acinar_cell	data/raw_v3/cell_state/t1d_hpap_islet.h5ad	type 1 diabetes mellitus	pancreatic acinar cell	tissue_resident	HPAP021	type 1 diabetes mellitus	case	1484	pancreatic acinar cell	slc15a4_tasl_irf5_core	0.03535816553121086	0.20485175202156333
t1d_acinar_cell	data/raw_v3/cell_state/t1d_hpap_islet.h5ad	type 1 diabetes mellitus	pancreatic acinar cell	tissue_resident	HPAP021	type 1 diabetes mellitus	case	1484	pancreatic acinar cell	endosomal_tlr_sensor_chaperone	-0.07081370256792496	0.016846361185983826
t1d_acinar_cell	data/raw_v3/cell_state/t1d_hpap_islet.h5ad	type 1 diabetes mellitus	pancreatic acinar cell	tissue_resident	HPAP021	type 1 diabetes mellitus	case	1484	pancreatic acinar cell	full_slc15a4_tasl_tlr_irf5_branch	-0.017727768518357036	0.215633423180593
t1d_acinar_cell	data/raw_v3/cell_state/t1d_hpap_islet.h5ad	type 1 diabetes mellitus	pancreatic acinar cell	tissue_resident	HPAP022	normal	control	80	pancreatic acinar cell	slc15a4_tasl_irf5_core	0.08416567930043932	0.1125
t1d_acinar_cell	data/raw_v3/cell_state/t1d_hpap_islet.h5ad	type 1 diabetes mellitus	pancreatic acinar cell	tissue_resident	HPAP022	normal	control	80	pancreatic acinar cell	endosomal_tlr_sensor_chaperone	-0.0715491678503443	0.0375
t1d_acinar_cell	data/raw_v3/cell_state/t1d_hpap_islet.h5ad	type 1 diabetes mellitus	pancreatic acinar cell	tissue_resident	HPAP022	normal	control	80	pancreatic acinar cell	full_slc15a4_tasl_tlr_irf5_branch	0.00630825572504749	0.125
t1d_acinar_cell	data/raw_v3/cell_state/t1d_hpap_islet.h5ad	type 1 diabetes mellitus	pancreatic acinar cell	tissue_resident	HPAP023	type 1 diabetes mellitus	case	92	pancreatic acinar cell	slc15a4_tasl_irf5_core	-0.03436100490537072	0.06521739130434782
t1d_acinar_cell	data/raw_v3/cell_state/t1d_hpap_islet.h5ad	type 1 diabetes mellitus	pancreatic acinar cell	tissue_resident	HPAP023	type 1 diabetes mellitus	case	92	pancreatic acinar cell	endosomal_tlr_sensor_chaperone	-0.027636460416695777	0.05434782608695652
t1d_acinar_cell	data/raw_v3/cell_state/t1d_hpap_islet.h5ad	type 1 diabetes mellitus	pancreatic acinar cell	tissue_resident	HPAP023	type 1 diabetes mellitus	case	92	pancreatic acinar cell	full_slc15a4_tasl_tlr_irf5_branch	-0.030998732661033236	0.08695652173913043
t1d_acinar_cell	data/raw_v3/cell_state/t1d_hpap_islet.h5ad	type 1 diabetes mellitus	pancreatic acinar cell	tissue_resident	HPAP024	normal	control	1187	pancreatic acinar cell	slc15a4_tasl_irf5_core	-0.0011909285532539047	0.15164279696714406
t1d_acinar_cell	data/raw_v3/cell_state/t1d_hpap_islet.h5ad	type 1 diabetes mellitus	pancreatic acinar cell	tissue_resident	HPAP024	normal	control	1187	pancreatic acinar cell	endosomal_tlr_sensor_chaperone	-0.0014772116392620749	0.08593091828138164
t1d_acinar_cell	data/raw_v3/cell_state/t1d_hpap_islet.h5ad	type 1 diabetes mellitus	pancreatic acinar cell	tissue_resident	HPAP024	normal	control	1187	pancreatic acinar cell	full_slc15a4_tasl_tlr_irf5_branch	-0.0013340700962579761	0.21735467565290648
t1d_acinar_cell	data/raw_v3/cell_state/t1d_hpap_islet.h5ad	type 1 diabetes mellitus	pancreatic acinar cell	tissue_resident	HPAP026	normal	control	185	pancreatic acinar cell	slc15a4_tasl_irf5_core	-0.045000823463750006	0.05945945945945946
t1d_acinar_cell	data/raw_v3/cell_state/t1d_hpap_islet.h5ad	type 1 diabetes mellitus	pancreatic acinar cell	tissue_resident	HPAP026	normal	control	185	pancreatic acinar cell	endosomal_tlr_sensor_chaperone	-0.049965380702247125	0.02702702702702703
t1d_acinar_cell	data/raw_v3/cell_state/t1d_hpap_islet.h5ad	type 1 diabetes mellitus	pancreatic acinar cell	tissue_resident	HPAP026	normal	control	185	pancreatic acinar cell	full_slc15a4_tasl_tlr_irf5_branch	-0.047483102082998545	0.08108108108108109
t1d_acinar_cell	data/raw_v3/cell_state/t1d_hpap_islet.h5ad	type 1 diabetes mellitus	pancreatic acinar cell	tissue_resident	HPAP028	type 1 diabetes mellitus	case	2924	pancreatic acinar cell	slc15a4_tasl_irf5_core	-0.0417452498999372	0.09644322845417237
t1d_acinar_cell	data/raw_v3/cell_state/t1d_hpap_islet.h5ad	type 1 diabetes mellitus	pancreatic acinar cell	tissue_resident	HPAP028	type 1 diabetes mellitus	case	2924	pancreatic acinar cell	endosomal_tlr_sensor_chaperone	-0.037516854333794133	0.038303693570451436
t1d_acinar_cell	data/raw_v3/cell_state/t1d_hpap_islet.h5ad	type 1 diabetes mellitus	pancreatic acinar cell	tissue_resident	HPAP028	type 1 diabetes mellitus	case	2924	pancreatic acinar cell	full_slc15a4_tasl_tlr_irf5_branch	-0.03963105211686564	0.12893296853625172
t1d_acinar_cell	data/raw_v3/cell_state/t1d_hpap_islet.h5ad	type 1 diabetes mellitus	pancreatic acinar cell	tissue_resident	HPAP029	normal	control	362	pancreatic acinar cell	slc15a4_tasl_irf5_core	-0.036135510290631855	0.13535911602209943
t1d_acinar_cell	data/raw_v3/cell_state/t1d_hpap_islet.h5ad	type 1 diabetes mellitus	pancreatic acinar cell	tissue_resident	HPAP029	normal	control	362	pancreatic acinar cell	endosomal_tlr_sensor_chaperone	0.04325585306166471	0.08011049723756906
t1d_acinar_cell	data/raw_v3/cell_state/t1d_hpap_islet.h5ad	type 1 diabetes mellitus	pancreatic acinar cell	tissue_resident	HPAP029	normal	control	362	pancreatic acinar cell	full_slc15a4_tasl_tlr_irf5_branch	0.0035601713855164443	0.19613259668508287
t1d_acinar_cell	data/raw_v3/cell_state/t1d_hpap_islet.h5ad	type 1 diabetes mellitus	pancreatic acinar cell	tissue_resident	HPAP032	type 1 diabetes mellitus	case	1124	pancreatic acinar cell	slc15a4_tasl_irf5_core	-0.011248799396672848	0.12455516014234876
t1d_acinar_cell	data/raw_v3/cell_state/t1d_hpap_islet.h5ad	type 1 diabetes mellitus	pancreatic acinar cell	tissue_resident	HPAP032	type 1 diabetes mellitus	case	1124	pancreatic acinar cell	endosomal_tlr_sensor_chaperone	-0.02681029836451926	0.059608540925266906
t1d_acinar_cell	data/raw_v3/cell_state/t1d_hpap_islet.h5ad	type 1 diabetes mellitus	pancreatic acinar cell	tissue_resident	HPAP032	type 1 diabetes mellitus	case	1124	pancreatic acinar cell	full_slc15a4_tasl_tlr_irf5_branch	-0.01902954888059604	0.17437722419928825
t1d_acinar_cell	data/raw_v3/cell_state/t1d_hpap_islet.h5ad	type 1 diabetes mellitus	pancreatic acinar cell	tissue_resident	HPAP034	normal	control	168	pancreatic acinar cell	slc15a4_tasl_irf5_core	-0.007055216073513755	0.16666666666666666
t1d_acinar_cell	data/raw_v3/cell_state/t1d_hpap_islet.h5ad	type 1 diabetes mellitus	pancreatic acinar cell	tissue_resident	HPAP034	normal	control	168	pancreatic acinar cell	endosomal_tlr_sensor_chaperone	-0.02407114917108088	0.05357142857142857
t1d_acinar_cell	data/raw_v3/cell_state/t1d_hpap_islet.h5ad	type 1 diabetes mellitus	pancreatic acinar cell	tissue_resident	HPAP034	normal	control	168	pancreatic acinar cell	full_slc15a4_tasl_tlr_irf5_branch	-0.015563182622297302	0.21428571428571427
t1d_acinar_cell	data/raw_v3/cell_state/t1d_hpap_islet.h5ad	type 1 diabetes mellitus	pancreatic acinar cell	tissue_resident	HPAP035	normal	control	401	pancreatic acinar cell	slc15a4_tasl_irf5_core	-0.09520050864170955	0.06234413965087282
t1d_acinar_cell	data/raw_v3/cell_state/t1d_hpap_islet.h5ad	type 1 diabetes mellitus	pancreatic acinar cell	tissue_resident	HPAP035	normal	control	401	pancreatic acinar cell	endosomal_tlr_sensor_chaperone	0.007678401310655192	0.04239401496259352
t1d_acinar_cell	data/raw_v3/cell_state/t1d_hpap_islet.h5ad	type 1 diabetes mellitus	pancreatic acinar cell	tissue_resident	HPAP035	normal	control	401	pancreatic acinar cell	full_slc15a4_tasl_tlr_irf5_branch	-0.04376105366552716	0.09725685785536159
t1d_acinar_cell	data/raw_v3/cell_state/t1d_hpap_islet.h5ad	type 1 diabetes mellitus	pancreatic acinar cell	tissue_resident	HPAP036	normal	control	621	pancreatic acinar cell	slc15a4_tasl_irf5_core	-0.061761893115993456	0.09178743961352658
t1d_acinar_cell	data/raw_v3/cell_state/t1d_hpap_islet.h5ad	type 1 diabetes mellitus	pancreatic acinar cell	tissue_resident	HPAP036	normal	control	621	pancreatic acinar cell	endosomal_tlr_sensor_chaperone	-0.03953402820678213	0.04669887278582931
t1d_acinar_cell	data/raw_v3/cell_state/t1d_hpap_islet.h5ad	type 1 diabetes mellitus	pancreatic acinar cell	tissue_resident	HPAP036	normal	control	621	pancreatic acinar cell	full_slc15a4_tasl_tlr_irf5_branch	-0.050647960661387784	0.13365539452495975
t1d_acinar_cell	data/raw_v3/cell_state/t1d_hpap_islet.h5ad	type 1 diabetes mellitus	pancreatic acinar cell	tissue_resident	HPAP037	normal	control	2270	pancreatic acinar cell	slc15a4_tasl_irf5_core	-0.005847772007694245	0.13083700440528634
t1d_acinar_cell	data/raw_v3/cell_state/t1d_hpap_islet.h5ad	type 1 diabetes mellitus	pancreatic acinar cell	tissue_resident	HPAP037	normal	control	2270	pancreatic acinar cell	endosomal_tlr_sensor_chaperone	-0.05879810343685968	0.03171806167400881
t1d_acinar_cell	data/raw_v3/cell_state/t1d_hpap_islet.h5ad	type 1 diabetes mellitus	pancreatic acinar cell	tissue_resident	HPAP037	normal	control	2270	pancreatic acinar cell	full_slc15a4_tasl_tlr_irf5_branch	-0.032322937722276936	0.15330396475770924
t1d_acinar_cell	data/raw_v3/cell_state/t1d_hpap_islet.h5ad	type 1 diabetes mellitus	pancreatic acinar cell	tissue_resident	HPAP038	normal	control	87	pancreatic acinar cell	slc15a4_tasl_irf5_core	-0.007000637766729523	0.20689655172413793
t1d_acinar_cell	data/raw_v3/cell_state/t1d_hpap_islet.h5ad	type 1 diabetes mellitus	pancreatic acinar cell	tissue_resident	HPAP038	normal	control	87	pancreatic acinar cell	endosomal_tlr_sensor_chaperone	0.10003923764125193	0.25287356321839083
t1d_acinar_cell	data/raw_v3/cell_state/t1d_hpap_islet.h5ad	type 1 diabetes mellitus	pancreatic acinar cell	tissue_resident	HPAP038	normal	control	87	pancreatic acinar cell	full_slc15a4_tasl_tlr_irf5_branch	0.04651929993726121	0.3103448275862069
t1d_acinar_cell	data/raw_v3/cell_state/t1d_hpap_islet.h5ad	type 1 diabetes mellitus	pancreatic acinar cell	tissue_resident	HPAP039	normal	control	2053	pancreatic acinar cell	slc15a4_tasl_irf5_core	-0.03792824686543697	0.11105698977106673
t1d_acinar_cell	data/raw_v3/cell_state/t1d_hpap_islet.h5ad	type 1 diabetes mellitus	pancreatic acinar cell	tissue_resident	HPAP039	normal	control	2053	pancreatic acinar cell	endosomal_tlr_sensor_chaperone	0.04211846216050029	0.1100828056502679
t1d_acinar_cell	data/raw_v3/cell_state/t1d_hpap_islet.h5ad	type 1 diabetes mellitus	pancreatic acinar cell	tissue_resident	HPAP039	normal	control	2053	pancreatic acinar cell	full_slc15a4_tasl_tlr_irf5_branch	0.0020951076475316716	0.20311738918655625
t1d_acinar_cell	data/raw_v3/cell_state/t1d_hpap_islet.h5ad	type 1 diabetes mellitus	pancreatic acinar cell	tissue_resident	HPAP040	normal	control	477	pancreatic acinar cell	slc15a4_tasl_irf5_core	0.051277000302958384	0.22641509433962265
t1d_acinar_cell	data/raw_v3/cell_state/t1d_hpap_islet.h5ad	type 1 diabetes mellitus	pancreatic acinar cell	tissue_resident	HPAP040	normal	control	477	pancreatic acinar cell	endosomal_tlr_sensor_chaperone	0.04639137765279098	0.13417190775681342
t1d_acinar_cell	data/raw_v3/cell_state/t1d_hpap_islet.h5ad	type 1 diabetes mellitus	pancreatic acinar cell	tissue_resident	HPAP040	normal	control	477	pancreatic acinar cell	full_slc15a4_tasl_tlr_irf5_branch	0.048834188977874685	0.33752620545073375
t1d_acinar_cell	data/raw_v3/cell_state/t1d_hpap_islet.h5ad	type 1 diabetes mellitus	pancreatic acinar cell	tissue_resident	HPAP042	normal	control	1505	pancreatic acinar cell	slc15a4_tasl_irf5_core	0.026874082251728205	0.16345514950166112
t1d_acinar_cell	data/raw_v3/cell_state/t1d_hpap_islet.h5ad	type 1 diabetes mellitus	pancreatic acinar cell	tissue_resident	HPAP042	normal	control	1505	pancreatic acinar cell	endosomal_tlr_sensor_chaperone	0.022215493870999126	0.10166112956810631
t1d_acinar_cell	data/raw_v3/cell_state/t1d_hpap_islet.h5ad	type 1 diabetes mellitus	pancreatic acinar cell	tissue_resident	HPAP042	normal	control	1505	pancreatic acinar cell	full_slc15a4_tasl_tlr_irf5_branch	0.02454478806136368	0.24385382059800664
t1d_acinar_cell	data/raw_v3/cell_state/t1d_hpap_islet.h5ad	type 1 diabetes mellitus	pancreatic acinar cell	tissue_resident	HPAP043	normal	control	849	pancreatic acinar cell	slc15a4_tasl_irf5_core	0.005287067395950891	0.12014134275618374
t1d_acinar_cell	data/raw_v3/cell_state/t1d_hpap_islet.h5ad	type 1 diabetes mellitus	pancreatic acinar cell	tissue_resident	HPAP043	normal	control	849	pancreatic acinar cell	endosomal_tlr_sensor_chaperone	-0.006497992815555711	0.03297997644287397
t1d_acinar_cell	data/raw_v3/cell_state/t1d_hpap_islet.h5ad	type 1 diabetes mellitus	pancreatic acinar cell	tissue_resident	HPAP043	normal	control	849	pancreatic acinar cell	full_slc15a4_tasl_tlr_irf5_branch	-0.0006054627098023907	0.143698468786808
t1d_acinar_cell	data/raw_v3/cell_state/t1d_hpap_islet.h5ad	type 1 diabetes mellitus	pancreatic acinar cell	tissue_resident	HPAP044	normal	control	1440	pancreatic acinar cell	slc15a4_tasl_irf5_core	0.11600606762775484	0.2611111111111111
t1d_acinar_cell	data/raw_v3/cell_state/t1d_hpap_islet.h5ad	type 1 diabetes mellitus	pancreatic acinar cell	tissue_resident	HPAP044	normal	control	1440	pancreatic acinar cell	endosomal_tlr_sensor_chaperone	0.026525159926803755	0.12222222222222222
t1d_acinar_cell	data/raw_v3/cell_state/t1d_hpap_islet.h5ad	type 1 diabetes mellitus	pancreatic acinar cell	tissue_resident	HPAP044	normal	control	1440	pancreatic acinar cell	full_slc15a4_tasl_tlr_irf5_branch	0.0712656137772793	0.34652777777777777
t1d_acinar_cell	data/raw_v3/cell_state/t1d_hpap_islet.h5ad	type 1 diabetes mellitus	pancreatic acinar cell	tissue_resident	HPAP045	normal	control	111	pancreatic acinar cell	slc15a4_tasl_irf5_core	-0.03920139621398897	0.15315315315315314
t1d_acinar_cell	data/raw_v3/cell_state/t1d_hpap_islet.h5ad	type 1 diabetes mellitus	pancreatic acinar cell	tissue_resident	HPAP045	normal	control	111	pancreatic acinar cell	endosomal_tlr_sensor_chaperone	0.053259094629855216	0.15315315315315314
t1d_acinar_cell	data/raw_v3/cell_state/t1d_hpap_islet.h5ad	type 1 diabetes mellitus	pancreatic acinar cell	tissue_resident	HPAP045	normal	control	111	pancreatic acinar cell	full_slc15a4_tasl_tlr_irf5_branch	0.007028849207933143	0.26126126126126126
t1d_acinar_cell	data/raw_v3/cell_state/t1d_hpap_islet.h5ad	type 1 diabetes mellitus	pancreatic acinar cell	tissue_resident	HPAP047	normal	control	1374	pancreatic acinar cell	slc15a4_tasl_irf5_core	-0.04645343970691814	0.08224163027656478
t1d_acinar_cell	data/raw_v3/cell_state/t1d_hpap_islet.h5ad	type 1 diabetes mellitus	pancreatic acinar cell	tissue_resident	HPAP047	normal	control	1374	pancreatic acinar cell	endosomal_tlr_sensor_chaperone	-0.010203143781078504	0.040756914119359534
t1d_acinar_cell	data/raw_v3/cell_state/t1d_hpap_islet.h5ad	type 1 diabetes mellitus	pancreatic acinar cell	tissue_resident	HPAP047	normal	control	1374	pancreatic acinar cell	full_slc15a4_tasl_tlr_irf5_branch	-0.028328291743998302	0.1215429403202329
t1d_acinar_cell	data/raw_v3/cell_state/t1d_hpap_islet.h5ad	type 1 diabetes mellitus	pancreatic acinar cell	tissue_resident	HPAP049	normal	control	56	pancreatic acinar cell	slc15a4_tasl_irf5_core	0.08167318766016288	0.19642857142857142
t1d_acinar_cell	data/raw_v3/cell_state/t1d_hpap_islet.h5ad	type 1 diabetes mellitus	pancreatic acinar cell	tissue_resident	HPAP049	normal	control	56	pancreatic acinar cell	endosomal_tlr_sensor_chaperone	-0.034348616932226524	0.07142857142857142
t1d_acinar_cell	data/raw_v3/cell_state/t1d_hpap_islet.h5ad	type 1 diabetes mellitus	pancreatic acinar cell	tissue_resident	HPAP049	normal	control	56	pancreatic acinar cell	full_slc15a4_tasl_tlr_irf5_branch	0.023662285363968187	0.26785714285714285
t1d_acinar_cell	data/raw_v3/cell_state/t1d_hpap_islet.h5ad	type 1 diabetes mellitus	pancreatic acinar cell	tissue_resident	HPAP050	normal	control	521	pancreatic acinar cell	slc15a4_tasl_irf5_core	0.02507616302292359	0.15163147792706333
t1d_acinar_cell	data/raw_v3/cell_state/t1d_hpap_islet.h5ad	type 1 diabetes mellitus	pancreatic acinar cell	tissue_resident	HPAP050	normal	control	521	pancreatic acinar cell	endosomal_tlr_sensor_chaperone	-0.0252219386029504	0.05950095969289827
t1d_acinar_cell	data/raw_v3/cell_state/t1d_hpap_islet.h5ad	type 1 diabetes mellitus	pancreatic acinar cell	tissue_resident	HPAP050	normal	control	521	pancreatic acinar cell	full_slc15a4_tasl_tlr_irf5_branch	-7.288779001339662e-05	0.2053742802303263
t1d_stellate_cell	data/raw_v3/cell_state/t1d_hpap_islet.h5ad	type 1 diabetes mellitus	pancreatic stellate cell	tissue_resident	HPAP019	normal	control	124	pancreatic stellate cell	slc15a4_tasl_irf5_core	-0.0798453098242519	0.18548387096774194
t1d_stellate_cell	data/raw_v3/cell_state/t1d_hpap_islet.h5ad	type 1 diabetes mellitus	pancreatic stellate cell	tissue_resident	HPAP019	normal	control	124	pancreatic stellate cell	endosomal_tlr_sensor_chaperone	0.04907090042945608	0.13709677419354838
t1d_stellate_cell	data/raw_v3/cell_state/t1d_hpap_islet.h5ad	type 1 diabetes mellitus	pancreatic stellate cell	tissue_resident	HPAP019	normal	control	124	pancreatic stellate cell	full_slc15a4_tasl_tlr_irf5_branch	-0.015387204697397901	0.22580645161290322
t1d_stellate_cell	data/raw_v3/cell_state/t1d_hpap_islet.h5ad	type 1 diabetes mellitus	pancreatic stellate cell	tissue_resident	HPAP020	type 1 diabetes mellitus	case	302	pancreatic stellate cell	slc15a4_tasl_irf5_core	0.043074131184473265	0.15894039735099338
t1d_stellate_cell	data/raw_v3/cell_state/t1d_hpap_islet.h5ad	type 1 diabetes mellitus	pancreatic stellate cell	tissue_resident	HPAP020	type 1 diabetes mellitus	case	302	pancreatic stellate cell	endosomal_tlr_sensor_chaperone	0.03725575894345145	0.16887417218543047
t1d_stellate_cell	data/raw_v3/cell_state/t1d_hpap_islet.h5ad	type 1 diabetes mellitus	pancreatic stellate cell	tissue_resident	HPAP020	type 1 diabetes mellitus	case	302	pancreatic stellate cell	full_slc15a4_tasl_tlr_irf5_branch	0.040164945063962364	0.2251655629139073
t1d_stellate_cell	data/raw_v3/cell_state/t1d_hpap_islet.h5ad	type 1 diabetes mellitus	pancreatic stellate cell	tissue_resident	HPAP021	type 1 diabetes mellitus	case	203	pancreatic stellate cell	slc15a4_tasl_irf5_core	0.07115605426579254	0.32019704433497537
t1d_stellate_cell	data/raw_v3/cell_state/t1d_hpap_islet.h5ad	type 1 diabetes mellitus	pancreatic stellate cell	tissue_resident	HPAP021	type 1 diabetes mellitus	case	203	pancreatic stellate cell	endosomal_tlr_sensor_chaperone	-0.06866198484056607	0.019704433497536946
t1d_stellate_cell	data/raw_v3/cell_state/t1d_hpap_islet.h5ad	type 1 diabetes mellitus	pancreatic stellate cell	tissue_resident	HPAP021	type 1 diabetes mellitus	case	203	pancreatic stellate cell	full_slc15a4_tasl_tlr_irf5_branch	0.0012470347126132429	0.21674876847290642
t1d_stellate_cell	data/raw_v3/cell_state/t1d_hpap_islet.h5ad	type 1 diabetes mellitus	pancreatic stellate cell	tissue_resident	HPAP022	normal	control	106	pancreatic stellate cell	slc15a4_tasl_irf5_core	-0.11966672895873796	0.14150943396226415
t1d_stellate_cell	data/raw_v3/cell_state/t1d_hpap_islet.h5ad	type 1 diabetes mellitus	pancreatic stellate cell	tissue_resident	HPAP022	normal	control	106	pancreatic stellate cell	endosomal_tlr_sensor_chaperone	0.013566993156428214	0.10377358490566038
t1d_stellate_cell	data/raw_v3/cell_state/t1d_hpap_islet.h5ad	type 1 diabetes mellitus	pancreatic stellate cell	tissue_resident	HPAP022	normal	control	106	pancreatic stellate cell	full_slc15a4_tasl_tlr_irf5_branch	-0.05304986790115487	0.16037735849056603
t1d_stellate_cell	data/raw_v3/cell_state/t1d_hpap_islet.h5ad	type 1 diabetes mellitus	pancreatic stellate cell	tissue_resident	HPAP024	normal	control	40	pancreatic stellate cell	slc15a4_tasl_irf5_core	-0.13753420301541705	0.125
t1d_stellate_cell	data/raw_v3/cell_state/t1d_hpap_islet.h5ad	type 1 diabetes mellitus	pancreatic stellate cell	tissue_resident	HPAP024	normal	control	40	pancreatic stellate cell	endosomal_tlr_sensor_chaperone	0.06490342246923433	0.075
t1d_stellate_cell	data/raw_v3/cell_state/t1d_hpap_islet.h5ad	type 1 diabetes mellitus	pancreatic stellate cell	tissue_resident	HPAP024	normal	control	40	pancreatic stellate cell	full_slc15a4_tasl_tlr_irf5_branch	-0.03631539027309136	0.175
t1d_stellate_cell	data/raw_v3/cell_state/t1d_hpap_islet.h5ad	type 1 diabetes mellitus	pancreatic stellate cell	tissue_resident	HPAP028	type 1 diabetes mellitus	case	322	pancreatic stellate cell	slc15a4_tasl_irf5_core	-0.09688456256983058	0.14596273291925466
t1d_stellate_cell	data/raw_v3/cell_state/t1d_hpap_islet.h5ad	type 1 diabetes mellitus	pancreatic stellate cell	tissue_resident	HPAP028	type 1 diabetes mellitus	case	322	pancreatic stellate cell	endosomal_tlr_sensor_chaperone	-0.02681494922999857	0.043478260869565216
t1d_stellate_cell	data/raw_v3/cell_state/t1d_hpap_islet.h5ad	type 1 diabetes mellitus	pancreatic stellate cell	tissue_resident	HPAP028	type 1 diabetes mellitus	case	322	pancreatic stellate cell	full_slc15a4_tasl_tlr_irf5_branch	-0.061849755899914566	0.16770186335403728
t1d_stellate_cell	data/raw_v3/cell_state/t1d_hpap_islet.h5ad	type 1 diabetes mellitus	pancreatic stellate cell	tissue_resident	HPAP029	normal	control	11	pancreatic stellate cell	slc15a4_tasl_irf5_core	-0.14759016934001262	0.09090909090909091
t1d_stellate_cell	data/raw_v3/cell_state/t1d_hpap_islet.h5ad	type 1 diabetes mellitus	pancreatic stellate cell	tissue_resident	HPAP029	normal	control	11	pancreatic stellate cell	endosomal_tlr_sensor_chaperone	-0.0002589518879816929	0.09090909090909091
t1d_stellate_cell	data/raw_v3/cell_state/t1d_hpap_islet.h5ad	type 1 diabetes mellitus	pancreatic stellate cell	tissue_resident	HPAP029	normal	control	11	pancreatic stellate cell	full_slc15a4_tasl_tlr_irf5_branch	-0.07392456061399716	0.09090909090909091
t1d_stellate_cell	data/raw_v3/cell_state/t1d_hpap_islet.h5ad	type 1 diabetes mellitus	pancreatic stellate cell	tissue_resident	HPAP032	type 1 diabetes mellitus	case	167	pancreatic stellate cell	slc15a4_tasl_irf5_core	-0.10939517326305126	0.1377245508982036
t1d_stellate_cell	data/raw_v3/cell_state/t1d_hpap_islet.h5ad	type 1 diabetes mellitus	pancreatic stellate cell	tissue_resident	HPAP032	type 1 diabetes mellitus	case	167	pancreatic stellate cell	endosomal_tlr_sensor_chaperone	-0.011049941642444801	0.05389221556886228
t1d_stellate_cell	data/raw_v3/cell_state/t1d_hpap_islet.h5ad	type 1 diabetes mellitus	pancreatic stellate cell	tissue_resident	HPAP032	type 1 diabetes mellitus	case	167	pancreatic stellate cell	full_slc15a4_tasl_tlr_irf5_branch	-0.06022255745274802	0.16167664670658682
t1d_stellate_cell	data/raw_v3/cell_state/t1d_hpap_islet.h5ad	type 1 diabetes mellitus	pancreatic stellate cell	tissue_resident	HPAP035	normal	control	36	pancreatic stellate cell	slc15a4_tasl_irf5_core	-0.19203566284958015	0.05555555555555555
t1d_stellate_cell	data/raw_v3/cell_state/t1d_hpap_islet.h5ad	type 1 diabetes mellitus	pancreatic stellate cell	tissue_resident	HPAP035	normal	control	36	pancreatic stellate cell	endosomal_tlr_sensor_chaperone	-0.08742675890066418	0.0
t1d_stellate_cell	data/raw_v3/cell_state/t1d_hpap_islet.h5ad	type 1 diabetes mellitus	pancreatic stellate cell	tissue_resident	HPAP035	normal	control	36	pancreatic stellate cell	full_slc15a4_tasl_tlr_irf5_branch	-0.13973121087512216	0.027777777777777776
t1d_stellate_cell	data/raw_v3/cell_state/t1d_hpap_islet.h5ad	type 1 diabetes mellitus	pancreatic stellate cell	tissue_resident	HPAP036	normal	control	24	pancreatic stellate cell	slc15a4_tasl_irf5_core	-0.17011848058830392	0.041666666666666664
t1d_stellate_cell	data/raw_v3/cell_state/t1d_hpap_islet.h5ad	type 1 diabetes mellitus	pancreatic stellate cell	tissue_resident	HPAP036	normal	control	24	pancreatic stellate cell	endosomal_tlr_sensor_chaperone	-0.024726283652761055	0.041666666666666664
t1d_stellate_cell	data/raw_v3/cell_state/t1d_hpap_islet.h5ad	type 1 diabetes mellitus	pancreatic stellate cell	tissue_resident	HPAP036	normal	control	24	pancreatic stellate cell	full_slc15a4_tasl_tlr_irf5_branch	-0.09742238212053249	0.041666666666666664
t1d_stellate_cell	data/raw_v3/cell_state/t1d_hpap_islet.h5ad	type 1 diabetes mellitus	pancreatic stellate cell	tissue_resident	HPAP037	normal	control	68	pancreatic stellate cell	slc15a4_tasl_irf5_core	-0.08317164886445423	0.17647058823529413
t1d_stellate_cell	data/raw_v3/cell_state/t1d_hpap_islet.h5ad	type 1 diabetes mellitus	pancreatic stellate cell	tissue_resident	HPAP037	normal	control	68	pancreatic stellate cell	endosomal_tlr_sensor_chaperone	-0.06029021557289191	0.014705882352941176
t1d_stellate_cell	data/raw_v3/cell_state/t1d_hpap_islet.h5ad	type 1 diabetes mellitus	pancreatic stellate cell	tissue_resident	HPAP037	normal	control	68	pancreatic stellate cell	full_slc15a4_tasl_tlr_irf5_branch	-0.07173093221867308	0.19117647058823528
t1d_stellate_cell	data/raw_v3/cell_state/t1d_hpap_islet.h5ad	type 1 diabetes mellitus	pancreatic stellate cell	tissue_resident	HPAP038	normal	control	18	pancreatic stellate cell	slc15a4_tasl_irf5_core	-0.060136582246033576	0.16666666666666666
t1d_stellate_cell	data/raw_v3/cell_state/t1d_hpap_islet.h5ad	type 1 diabetes mellitus	pancreatic stellate cell	tissue_resident	HPAP038	normal	control	18	pancreatic stellate cell	endosomal_tlr_sensor_chaperone	-0.013831291084689992	0.1111111111111111
t1d_stellate_cell	data/raw_v3/cell_state/t1d_hpap_islet.h5ad	type 1 diabetes mellitus	pancreatic stellate cell	tissue_resident	HPAP038	normal	control	18	pancreatic stellate cell	full_slc15a4_tasl_tlr_irf5_branch	-0.036983936665361775	0.16666666666666666
t1d_stellate_cell	data/raw_v3/cell_state/t1d_hpap_islet.h5ad	type 1 diabetes mellitus	pancreatic stellate cell	tissue_resident	HPAP039	normal	control	180	pancreatic stellate cell	slc15a4_tasl_irf5_core	0.10343887838199378	0.4111111111111111
t1d_stellate_cell	data/raw_v3/cell_state/t1d_hpap_islet.h5ad	type 1 diabetes mellitus	pancreatic stellate cell	tissue_resident	HPAP039	normal	control	180	pancreatic stellate cell	endosomal_tlr_sensor_chaperone	0.021193997224632468	0.07777777777777778
t1d_stellate_cell	data/raw_v3/cell_state/t1d_hpap_islet.h5ad	type 1 diabetes mellitus	pancreatic stellate cell	tissue_resident	HPAP039	normal	control	180	pancreatic stellate cell	full_slc15a4_tasl_tlr_irf5_branch	0.06231643780331313	0.40555555555555556
t1d_stellate_cell	data/raw_v3/cell_state/t1d_hpap_islet.h5ad	type 1 diabetes mellitus	pancreatic stellate cell	tissue_resident	HPAP040	normal	control	19	pancreatic stellate cell	slc15a4_tasl_irf5_core	0.16026100058312776	0.5789473684210527
t1d_stellate_cell	data/raw_v3/cell_state/t1d_hpap_islet.h5ad	type 1 diabetes mellitus	pancreatic stellate cell	tissue_resident	HPAP040	normal	control	19	pancreatic stellate cell	endosomal_tlr_sensor_chaperone	-0.08742675890066415	0.0
t1d_stellate_cell	data/raw_v3/cell_state/t1d_hpap_islet.h5ad	type 1 diabetes mellitus	pancreatic stellate cell	tissue_resident	HPAP040	normal	control	19	pancreatic stellate cell	full_slc15a4_tasl_tlr_irf5_branch	0.0364171208412318	0.3157894736842105
t1d_stellate_cell	data/raw_v3/cell_state/t1d_hpap_islet.h5ad	type 1 diabetes mellitus	pancreatic stellate cell	tissue_resident	HPAP042	normal	control	150	pancreatic stellate cell	slc15a4_tasl_irf5_core	-0.03913409734883997	0.19333333333333333
t1d_stellate_cell	data/raw_v3/cell_state/t1d_hpap_islet.h5ad	type 1 diabetes mellitus	pancreatic stellate cell	tissue_resident	HPAP042	normal	control	150	pancreatic stellate cell	endosomal_tlr_sensor_chaperone	-0.03855245927529862	0.02666666666666667
t1d_stellate_cell	data/raw_v3/cell_state/t1d_hpap_islet.h5ad	type 1 diabetes mellitus	pancreatic stellate cell	tissue_resident	HPAP042	normal	control	150	pancreatic stellate cell	full_slc15a4_tasl_tlr_irf5_branch	-0.03884327831206928	0.21333333333333335
t1d_stellate_cell	data/raw_v3/cell_state/t1d_hpap_islet.h5ad	type 1 diabetes mellitus	pancreatic stellate cell	tissue_resident	HPAP043	normal	control	41	pancreatic stellate cell	slc15a4_tasl_irf5_core	-0.0388435912895816	0.24390243902439024
t1d_stellate_cell	data/raw_v3/cell_state/t1d_hpap_islet.h5ad	type 1 diabetes mellitus	pancreatic stellate cell	tissue_resident	HPAP043	normal	control	41	pancreatic stellate cell	endosomal_tlr_sensor_chaperone	0.031439862064630154	0.0975609756097561
t1d_stellate_cell	data/raw_v3/cell_state/t1d_hpap_islet.h5ad	type 1 diabetes mellitus	pancreatic stellate cell	tissue_resident	HPAP043	normal	control	41	pancreatic stellate cell	full_slc15a4_tasl_tlr_irf5_branch	-0.003701864612475708	0.2682926829268293
t1d_stellate_cell	data/raw_v3/cell_state/t1d_hpap_islet.h5ad	type 1 diabetes mellitus	pancreatic stellate cell	tissue_resident	HPAP044	normal	control	107	pancreatic stellate cell	slc15a4_tasl_irf5_core	0.15435820905638714	0.32710280373831774
t1d_stellate_cell	data/raw_v3/cell_state/t1d_hpap_islet.h5ad	type 1 diabetes mellitus	pancreatic stellate cell	tissue_resident	HPAP044	normal	control	107	pancreatic stellate cell	endosomal_tlr_sensor_chaperone	-0.029930727849896147	0.056074766355140186
t1d_stellate_cell	data/raw_v3/cell_state/t1d_hpap_islet.h5ad	type 1 diabetes mellitus	pancreatic stellate cell	tissue_resident	HPAP044	normal	control	107	pancreatic stellate cell	full_slc15a4_tasl_tlr_irf5_branch	0.06221374060324549	0.308411214953271
t1d_stellate_cell	data/raw_v3/cell_state/t1d_hpap_islet.h5ad	type 1 diabetes mellitus	pancreatic stellate cell	tissue_resident	HPAP045	normal	control	33	pancreatic stellate cell	slc15a4_tasl_irf5_core	0.612203657003702	0.5757575757575758
t1d_stellate_cell	data/raw_v3/cell_state/t1d_hpap_islet.h5ad	type 1 diabetes mellitus	pancreatic stellate cell	tissue_resident	HPAP045	normal	control	33	pancreatic stellate cell	endosomal_tlr_sensor_chaperone	0.171520857424265	0.2727272727272727
t1d_stellate_cell	data/raw_v3/cell_state/t1d_hpap_islet.h5ad	type 1 diabetes mellitus	pancreatic stellate cell	tissue_resident	HPAP045	normal	control	33	pancreatic stellate cell	full_slc15a4_tasl_tlr_irf5_branch	0.39186225721398343	0.45454545454545453
t1d_stellate_cell	data/raw_v3/cell_state/t1d_hpap_islet.h5ad	type 1 diabetes mellitus	pancreatic stellate cell	tissue_resident	HPAP047	normal	control	97	pancreatic stellate cell	slc15a4_tasl_irf5_core	-0.08004620647621771	0.15463917525773196
t1d_stellate_cell	data/raw_v3/cell_state/t1d_hpap_islet.h5ad	type 1 diabetes mellitus	pancreatic stellate cell	tissue_resident	HPAP047	normal	control	97	pancreatic stellate cell	endosomal_tlr_sensor_chaperone	-0.0721112210673383	0.010309278350515464
t1d_stellate_cell	data/raw_v3/cell_state/t1d_hpap_islet.h5ad	type 1 diabetes mellitus	pancreatic stellate cell	tissue_resident	HPAP047	normal	control	97	pancreatic stellate cell	full_slc15a4_tasl_tlr_irf5_branch	-0.076078713771778	0.15463917525773196
t1d_stellate_cell	data/raw_v3/cell_state/t1d_hpap_islet.h5ad	type 1 diabetes mellitus	pancreatic stellate cell	tissue_resident	HPAP049	normal	control	53	pancreatic stellate cell	slc15a4_tasl_irf5_core	0.09622766459977625	0.4339622641509434
t1d_stellate_cell	data/raw_v3/cell_state/t1d_hpap_islet.h5ad	type 1 diabetes mellitus	pancreatic stellate cell	tissue_resident	HPAP049	normal	control	53	pancreatic stellate cell	endosomal_tlr_sensor_chaperone	0.08864662984051841	0.1509433962264151
t1d_stellate_cell	data/raw_v3/cell_state/t1d_hpap_islet.h5ad	type 1 diabetes mellitus	pancreatic stellate cell	tissue_resident	HPAP049	normal	control	53	pancreatic stellate cell	full_slc15a4_tasl_tlr_irf5_branch	0.09243714722014731	0.39622641509433965
t1d_stellate_cell	data/raw_v3/cell_state/t1d_hpap_islet.h5ad	type 1 diabetes mellitus	pancreatic stellate cell	tissue_resident	HPAP050	normal	control	41	pancreatic stellate cell	slc15a4_tasl_irf5_core	0.007814458263937655	0.24390243902439024
t1d_stellate_cell	data/raw_v3/cell_state/t1d_hpap_islet.h5ad	type 1 diabetes mellitus	pancreatic stellate cell	tissue_resident	HPAP050	normal	control	41	pancreatic stellate cell	endosomal_tlr_sensor_chaperone	-0.018490463360523138	0.04878048780487805
t1d_stellate_cell	data/raw_v3/cell_state/t1d_hpap_islet.h5ad	type 1 diabetes mellitus	pancreatic stellate cell	tissue_resident	HPAP050	normal	control	41	pancreatic stellate cell	full_slc15a4_tasl_tlr_irf5_branch	-0.005338002548292728	0.2682926829268293
t1d_endothelial_cell	data/raw_v3/cell_state/t1d_hpap_islet.h5ad	type 1 diabetes mellitus	pancreatic endothelial cell	tissue_resident	HPAP019	normal	control	26	endothelial cell	slc15a4_tasl_irf5_core	0.031921448745999066	0.15384615384615385
t1d_endothelial_cell	data/raw_v3/cell_state/t1d_hpap_islet.h5ad	type 1 diabetes mellitus	pancreatic endothelial cell	tissue_resident	HPAP019	normal	control	26	endothelial cell	endosomal_tlr_sensor_chaperone	0.0012467050996846233	0.038461538461538464
t1d_endothelial_cell	data/raw_v3/cell_state/t1d_hpap_islet.h5ad	type 1 diabetes mellitus	pancreatic endothelial cell	tissue_resident	HPAP019	normal	control	26	endothelial cell	full_slc15a4_tasl_tlr_irf5_branch	0.016584076922841834	0.19230769230769232
t1d_endothelial_cell	data/raw_v3/cell_state/t1d_hpap_islet.h5ad	type 1 diabetes mellitus	pancreatic endothelial cell	tissue_resident	HPAP020	type 1 diabetes mellitus	case	222	endothelial cell	slc15a4_tasl_irf5_core	-0.0037398773200874665	0.12612612612612611
t1d_endothelial_cell	data/raw_v3/cell_state/t1d_hpap_islet.h5ad	type 1 diabetes mellitus	pancreatic endothelial cell	tissue_resident	HPAP020	type 1 diabetes mellitus	case	222	endothelial cell	endosomal_tlr_sensor_chaperone	0.04681113835401961	0.06756756756756757
t1d_endothelial_cell	data/raw_v3/cell_state/t1d_hpap_islet.h5ad	type 1 diabetes mellitus	pancreatic endothelial cell	tissue_resident	HPAP020	type 1 diabetes mellitus	case	222	endothelial cell	full_slc15a4_tasl_tlr_irf5_branch	0.02153563051696606	0.18468468468468469
t1d_endothelial_cell	data/raw_v3/cell_state/t1d_hpap_islet.h5ad	type 1 diabetes mellitus	pancreatic endothelial cell	tissue_resident	HPAP021	type 1 diabetes mellitus	case	159	endothelial cell	slc15a4_tasl_irf5_core	0.10015159938296403	0.1069182389937107
t1d_endothelial_cell	data/raw_v3/cell_state/t1d_hpap_islet.h5ad	type 1 diabetes mellitus	pancreatic endothelial cell	tissue_resident	HPAP021	type 1 diabetes mellitus	case	159	endothelial cell	endosomal_tlr_sensor_chaperone	-0.03821442833619886	0.018867924528301886
t1d_endothelial_cell	data/raw_v3/cell_state/t1d_hpap_islet.h5ad	type 1 diabetes mellitus	pancreatic endothelial cell	tissue_resident	HPAP021	type 1 diabetes mellitus	case	159	endothelial cell	full_slc15a4_tasl_tlr_irf5_branch	0.030968585523382577	0.11949685534591195
t1d_endothelial_cell	data/raw_v3/cell_state/t1d_hpap_islet.h5ad	type 1 diabetes mellitus	pancreatic endothelial cell	tissue_resident	HPAP022	normal	control	141	endothelial cell	slc15a4_tasl_irf5_core	0.028456650957925256	0.12056737588652482
t1d_endothelial_cell	data/raw_v3/cell_state/t1d_hpap_islet.h5ad	type 1 diabetes mellitus	pancreatic endothelial cell	tissue_resident	HPAP022	normal	control	141	endothelial cell	endosomal_tlr_sensor_chaperone	0.028484555947231316	0.04964539007092199
t1d_endothelial_cell	data/raw_v3/cell_state/t1d_hpap_islet.h5ad	type 1 diabetes mellitus	pancreatic endothelial cell	tissue_resident	HPAP022	normal	control	141	endothelial cell	full_slc15a4_tasl_tlr_irf5_branch	0.028470603452578288	0.16312056737588654
t1d_endothelial_cell	data/raw_v3/cell_state/t1d_hpap_islet.h5ad	type 1 diabetes mellitus	pancreatic endothelial cell	tissue_resident	HPAP023	type 1 diabetes mellitus	case	28	endothelial cell	slc15a4_tasl_irf5_core	-0.10935331421952957	0.0
t1d_endothelial_cell	data/raw_v3/cell_state/t1d_hpap_islet.h5ad	type 1 diabetes mellitus	pancreatic endothelial cell	tissue_resident	HPAP023	type 1 diabetes mellitus	case	28	endothelial cell	endosomal_tlr_sensor_chaperone	0.15801431577561023	0.10714285714285714
t1d_endothelial_cell	data/raw_v3/cell_state/t1d_hpap_islet.h5ad	type 1 diabetes mellitus	pancreatic endothelial cell	tissue_resident	HPAP023	type 1 diabetes mellitus	case	28	endothelial cell	full_slc15a4_tasl_tlr_irf5_branch	0.024330500778040307	0.10714285714285714
t1d_endothelial_cell	data/raw_v3/cell_state/t1d_hpap_islet.h5ad	type 1 diabetes mellitus	pancreatic endothelial cell	tissue_resident	HPAP024	normal	control	25	endothelial cell	slc15a4_tasl_irf5_core	0.15327268524396104	0.16
t1d_endothelial_cell	data/raw_v3/cell_state/t1d_hpap_islet.h5ad	type 1 diabetes mellitus	pancreatic endothelial cell	tissue_resident	HPAP024	normal	control	25	endothelial cell	endosomal_tlr_sensor_chaperone	0.1744122366535611	0.16
t1d_endothelial_cell	data/raw_v3/cell_state/t1d_hpap_islet.h5ad	type 1 diabetes mellitus	pancreatic endothelial cell	tissue_resident	HPAP024	normal	control	25	endothelial cell	full_slc15a4_tasl_tlr_irf5_branch	0.163842460948761	0.24
t1d_endothelial_cell	data/raw_v3/cell_state/t1d_hpap_islet.h5ad	type 1 diabetes mellitus	pancreatic endothelial cell	tissue_resident	HPAP026	normal	control	10	endothelial cell	slc15a4_tasl_irf5_core	-0.10935331421952958	0.0
t1d_endothelial_cell	data/raw_v3/cell_state/t1d_hpap_islet.h5ad	type 1 diabetes mellitus	pancreatic endothelial cell	tissue_resident	HPAP026	normal	control	10	endothelial cell	endosomal_tlr_sensor_chaperone	-0.05102249212844371	0.0
t1d_endothelial_cell	data/raw_v3/cell_state/t1d_hpap_islet.h5ad	type 1 diabetes mellitus	pancreatic endothelial cell	tissue_resident	HPAP026	normal	control	10	endothelial cell	full_slc15a4_tasl_tlr_irf5_branch	-0.08018790317398664	0.0
t1d_endothelial_cell	data/raw_v3/cell_state/t1d_hpap_islet.h5ad	type 1 diabetes mellitus	pancreatic endothelial cell	tissue_resident	HPAP028	type 1 diabetes mellitus	case	483	endothelial cell	slc15a4_tasl_irf5_core	-0.020438568220797895	0.037267080745341616
t1d_endothelial_cell	data/raw_v3/cell_state/t1d_hpap_islet.h5ad	type 1 diabetes mellitus	pancreatic endothelial cell	tissue_resident	HPAP028	type 1 diabetes mellitus	case	483	endothelial cell	endosomal_tlr_sensor_chaperone	-0.04168838985464872	0.004140786749482402
t1d_endothelial_cell	data/raw_v3/cell_state/t1d_hpap_islet.h5ad	type 1 diabetes mellitus	pancreatic endothelial cell	tissue_resident	HPAP028	type 1 diabetes mellitus	case	483	endothelial cell	full_slc15a4_tasl_tlr_irf5_branch	-0.031063479037723326	0.041407867494824016
t1d_endothelial_cell	data/raw_v3/cell_state/t1d_hpap_islet.h5ad	type 1 diabetes mellitus	pancreatic endothelial cell	tissue_resident	HPAP029	normal	control	14	endothelial cell	slc15a4_tasl_irf5_core	0.17710331922949965	0.21428571428571427
t1d_endothelial_cell	data/raw_v3/cell_state/t1d_hpap_islet.h5ad	type 1 diabetes mellitus	pancreatic endothelial cell	tissue_resident	HPAP029	normal	control	14	endothelial cell	endosomal_tlr_sensor_chaperone	0.10442407514009532	0.07142857142857142
t1d_endothelial_cell	data/raw_v3/cell_state/t1d_hpap_islet.h5ad	type 1 diabetes mellitus	pancreatic endothelial cell	tissue_resident	HPAP029	normal	control	14	endothelial cell	full_slc15a4_tasl_tlr_irf5_branch	0.14076369718479742	0.2857142857142857
t1d_endothelial_cell	data/raw_v3/cell_state/t1d_hpap_islet.h5ad	type 1 diabetes mellitus	pancreatic endothelial cell	tissue_resident	HPAP032	type 1 diabetes mellitus	case	234	endothelial cell	slc15a4_tasl_irf5_core	0.04776143866303054	0.05128205128205128
t1d_endothelial_cell	data/raw_v3/cell_state/t1d_hpap_islet.h5ad	type 1 diabetes mellitus	pancreatic endothelial cell	tissue_resident	HPAP032	type 1 diabetes mellitus	case	234	endothelial cell	endosomal_tlr_sensor_chaperone	-0.01467231191548931	0.021367521367521368
t1d_endothelial_cell	data/raw_v3/cell_state/t1d_hpap_islet.h5ad	type 1 diabetes mellitus	pancreatic endothelial cell	tissue_resident	HPAP032	type 1 diabetes mellitus	case	234	endothelial cell	full_slc15a4_tasl_tlr_irf5_branch	0.0165445633737706	0.07264957264957266
t1d_endothelial_cell	data/raw_v3/cell_state/t1d_hpap_islet.h5ad	type 1 diabetes mellitus	pancreatic endothelial cell	tissue_resident	HPAP035	normal	control	100	endothelial cell	slc15a4_tasl_irf5_core	-0.022175640856696495	0.07
t1d_endothelial_cell	data/raw_v3/cell_state/t1d_hpap_islet.h5ad	type 1 diabetes mellitus	pancreatic endothelial cell	tissue_resident	HPAP035	normal	control	100	endothelial cell	endosomal_tlr_sensor_chaperone	-0.014591756115134812	0.02
t1d_endothelial_cell	data/raw_v3/cell_state/t1d_hpap_islet.h5ad	type 1 diabetes mellitus	pancreatic endothelial cell	tissue_resident	HPAP035	normal	control	100	endothelial cell	full_slc15a4_tasl_tlr_irf5_branch	-0.018383698485915666	0.09
t1d_endothelial_cell	data/raw_v3/cell_state/t1d_hpap_islet.h5ad	type 1 diabetes mellitus	pancreatic endothelial cell	tissue_resident	HPAP036	normal	control	50	endothelial cell	slc15a4_tasl_irf5_core	-0.03714238263498099	0.12
t1d_endothelial_cell	data/raw_v3/cell_state/t1d_hpap_islet.h5ad	type 1 diabetes mellitus	pancreatic endothelial cell	tissue_resident	HPAP036	normal	control	50	endothelial cell	endosomal_tlr_sensor_chaperone	0.08794749738947637	0.12
t1d_endothelial_cell	data/raw_v3/cell_state/t1d_hpap_islet.h5ad	type 1 diabetes mellitus	pancreatic endothelial cell	tissue_resident	HPAP036	normal	control	50	endothelial cell	full_slc15a4_tasl_tlr_irf5_branch	0.025402557377247677	0.2
t1d_endothelial_cell	data/raw_v3/cell_state/t1d_hpap_islet.h5ad	type 1 diabetes mellitus	pancreatic endothelial cell	tissue_resident	HPAP037	normal	control	84	endothelial cell	slc15a4_tasl_irf5_core	0.018701108963265767	0.11904761904761904
t1d_endothelial_cell	data/raw_v3/cell_state/t1d_hpap_islet.h5ad	type 1 diabetes mellitus	pancreatic endothelial cell	tissue_resident	HPAP037	normal	control	84	endothelial cell	endosomal_tlr_sensor_chaperone	0.0023414407158136408	0.03571428571428571
t1d_endothelial_cell	data/raw_v3/cell_state/t1d_hpap_islet.h5ad	type 1 diabetes mellitus	pancreatic endothelial cell	tissue_resident	HPAP037	normal	control	84	endothelial cell	full_slc15a4_tasl_tlr_irf5_branch	0.010521274839539694	0.14285714285714285
t1d_endothelial_cell	data/raw_v3/cell_state/t1d_hpap_islet.h5ad	type 1 diabetes mellitus	pancreatic endothelial cell	tissue_resident	HPAP039	normal	control	99	endothelial cell	slc15a4_tasl_irf5_core	-0.020136854383006754	0.0707070707070707
t1d_endothelial_cell	data/raw_v3/cell_state/t1d_hpap_islet.h5ad	type 1 diabetes mellitus	pancreatic endothelial cell	tissue_resident	HPAP039	normal	control	99	endothelial cell	endosomal_tlr_sensor_chaperone	-0.027001633131605092	0.010101010101010102
t1d_endothelial_cell	data/raw_v3/cell_state/t1d_hpap_islet.h5ad	type 1 diabetes mellitus	pancreatic endothelial cell	tissue_resident	HPAP039	normal	control	99	endothelial cell	full_slc15a4_tasl_tlr_irf5_branch	-0.02356924375730593	0.08080808080808081
t1d_endothelial_cell	data/raw_v3/cell_state/t1d_hpap_islet.h5ad	type 1 diabetes mellitus	pancreatic endothelial cell	tissue_resident	HPAP040	normal	control	48	endothelial cell	slc15a4_tasl_irf5_core	-0.06340624736978001	0.041666666666666664
t1d_endothelial_cell	data/raw_v3/cell_state/t1d_hpap_islet.h5ad	type 1 diabetes mellitus	pancreatic endothelial cell	tissue_resident	HPAP040	normal	control	48	endothelial cell	endosomal_tlr_sensor_chaperone	0.012316553834001293	0.041666666666666664
t1d_endothelial_cell	data/raw_v3/cell_state/t1d_hpap_islet.h5ad	type 1 diabetes mellitus	pancreatic endothelial cell	tissue_resident	HPAP040	normal	control	48	endothelial cell	full_slc15a4_tasl_tlr_irf5_branch	-0.025544846767889363	0.0625
t1d_endothelial_cell	data/raw_v3/cell_state/t1d_hpap_islet.h5ad	type 1 diabetes mellitus	pancreatic endothelial cell	tissue_resident	HPAP042	normal	control	238	endothelial cell	slc15a4_tasl_irf5_core	-0.01892794543555851	0.06302521008403361
t1d_endothelial_cell	data/raw_v3/cell_state/t1d_hpap_islet.h5ad	type 1 diabetes mellitus	pancreatic endothelial cell	tissue_resident	HPAP042	normal	control	238	endothelial cell	endosomal_tlr_sensor_chaperone	0.009209198916189565	0.02100840336134454
t1d_endothelial_cell	data/raw_v3/cell_state/t1d_hpap_islet.h5ad	type 1 diabetes mellitus	pancreatic endothelial cell	tissue_resident	HPAP042	normal	control	238	endothelial cell	full_slc15a4_tasl_tlr_irf5_branch	-0.004859373259684476	0.08403361344537816
t1d_endothelial_cell	data/raw_v3/cell_state/t1d_hpap_islet.h5ad	type 1 diabetes mellitus	pancreatic endothelial cell	tissue_resident	HPAP043	normal	control	77	endothelial cell	slc15a4_tasl_irf5_core	0.026040857552974004	0.05194805194805195
t1d_endothelial_cell	data/raw_v3/cell_state/t1d_hpap_islet.h5ad	type 1 diabetes mellitus	pancreatic endothelial cell	tissue_resident	HPAP043	normal	control	77	endothelial cell	endosomal_tlr_sensor_chaperone	-0.05102249212844373	0.0
t1d_endothelial_cell	data/raw_v3/cell_state/t1d_hpap_islet.h5ad	type 1 diabetes mellitus	pancreatic endothelial cell	tissue_resident	HPAP043	normal	control	77	endothelial cell	full_slc15a4_tasl_tlr_irf5_branch	-0.012490817287734846	0.05194805194805195
t1d_endothelial_cell	data/raw_v3/cell_state/t1d_hpap_islet.h5ad	type 1 diabetes mellitus	pancreatic endothelial cell	tissue_resident	HPAP044	normal	control	33	endothelial cell	slc15a4_tasl_irf5_core	0.029812466144652047	0.12121212121212122
t1d_endothelial_cell	data/raw_v3/cell_state/t1d_hpap_islet.h5ad	type 1 diabetes mellitus	pancreatic endothelial cell	tissue_resident	HPAP044	normal	control	33	endothelial cell	endosomal_tlr_sensor_chaperone	-0.03768964410638862	0.030303030303030304
t1d_endothelial_cell	data/raw_v3/cell_state/t1d_hpap_islet.h5ad	type 1 diabetes mellitus	pancreatic endothelial cell	tissue_resident	HPAP044	normal	control	33	endothelial cell	full_slc15a4_tasl_tlr_irf5_branch	-0.003938588980868298	0.12121212121212122
t1d_endothelial_cell	data/raw_v3/cell_state/t1d_hpap_islet.h5ad	type 1 diabetes mellitus	pancreatic endothelial cell	tissue_resident	HPAP045	normal	control	25	endothelial cell	slc15a4_tasl_irf5_core	-0.10935331421952958	0.0
t1d_endothelial_cell	data/raw_v3/cell_state/t1d_hpap_islet.h5ad	type 1 diabetes mellitus	pancreatic endothelial cell	tissue_resident	HPAP045	normal	control	25	endothelial cell	endosomal_tlr_sensor_chaperone	-0.05102249212844371	0.0
t1d_endothelial_cell	data/raw_v3/cell_state/t1d_hpap_islet.h5ad	type 1 diabetes mellitus	pancreatic endothelial cell	tissue_resident	HPAP045	normal	control	25	endothelial cell	full_slc15a4_tasl_tlr_irf5_branch	-0.08018790317398665	0.0
t1d_endothelial_cell	data/raw_v3/cell_state/t1d_hpap_islet.h5ad	type 1 diabetes mellitus	pancreatic endothelial cell	tissue_resident	HPAP047	normal	control	133	endothelial cell	slc15a4_tasl_irf5_core	-0.09534120585761219	0.007518796992481203
t1d_endothelial_cell	data/raw_v3/cell_state/t1d_hpap_islet.h5ad	type 1 diabetes mellitus	pancreatic endothelial cell	tissue_resident	HPAP047	normal	control	133	endothelial cell	endosomal_tlr_sensor_chaperone	0.017291808333188684	0.022556390977443608
t1d_endothelial_cell	data/raw_v3/cell_state/t1d_hpap_islet.h5ad	type 1 diabetes mellitus	pancreatic endothelial cell	tissue_resident	HPAP047	normal	control	133	endothelial cell	full_slc15a4_tasl_tlr_irf5_branch	-0.039024698762211756	0.022556390977443608
t1d_endothelial_cell	data/raw_v3/cell_state/t1d_hpap_islet.h5ad	type 1 diabetes mellitus	pancreatic endothelial cell	tissue_resident	HPAP049	normal	control	282	endothelial cell	slc15a4_tasl_irf5_core	0.042968367911891646	0.09929078014184398
t1d_endothelial_cell	data/raw_v3/cell_state/t1d_hpap_islet.h5ad	type 1 diabetes mellitus	pancreatic endothelial cell	tissue_resident	HPAP049	normal	control	282	endothelial cell	endosomal_tlr_sensor_chaperone	-0.01279567849960243	0.01773049645390071
t1d_endothelial_cell	data/raw_v3/cell_state/t1d_hpap_islet.h5ad	type 1 diabetes mellitus	pancreatic endothelial cell	tissue_resident	HPAP049	normal	control	282	endothelial cell	full_slc15a4_tasl_tlr_irf5_branch	0.015086344706144594	0.11702127659574468
t1d_endothelial_cell	data/raw_v3/cell_state/t1d_hpap_islet.h5ad	type 1 diabetes mellitus	pancreatic endothelial cell	tissue_resident	HPAP050	normal	control	134	endothelial cell	slc15a4_tasl_irf5_core	0.021175612486987353	0.1044776119402985
t1d_endothelial_cell	data/raw_v3/cell_state/t1d_hpap_islet.h5ad	type 1 diabetes mellitus	pancreatic endothelial cell	tissue_resident	HPAP050	normal	control	134	endothelial cell	endosomal_tlr_sensor_chaperone	-0.031235385175049583	0.007462686567164179
t1d_endothelial_cell	data/raw_v3/cell_state/t1d_hpap_islet.h5ad	type 1 diabetes mellitus	pancreatic endothelial cell	tissue_resident	HPAP050	normal	control	134	endothelial cell	full_slc15a4_tasl_tlr_irf5_branch	-0.005029886344031129	0.11194029850746269
