row_key	check	status	detail
knowledge_external/EXTERNAL_LAYER_READER_BRIEF_V48.md	node_present	PASS	/Users/soeren.leibach/Projects/ms-auto-research/knowledge_external/catalogs/indexes/v48_external_synthesis_dependency_graph.tsv
knowledge_external/EXTERNAL_LAYER_READER_BRIEF_V48.md	node_field_matches.artifact	PASS	expected=V48 external layer reader brief observed=V48 external layer reader brief
knowledge_external/EXTERNAL_LAYER_READER_BRIEF_V48.md	node_field_matches.output	PASS	expected=knowledge_external/EXTERNAL_LAYER_READER_BRIEF_V48.md observed=knowledge_external/EXTERNAL_LAYER_READER_BRIEF_V48.md
knowledge_external/EXTERNAL_LAYER_READER_BRIEF_V48.md	node_field_matches.output_exists	PASS	expected=yes observed=yes
knowledge_external/EXTERNAL_LAYER_READER_BRIEF_V48.md	node_field_matches.n_inputs	PASS	expected=4 observed=4
knowledge_external/EXTERNAL_LAYER_READER_BRIEF_V48.md	node_field_matches.n_controls	PASS	expected=1 observed=1
knowledge_external/EXTERNAL_LAYER_READER_BRIEF_V48.md	node_field_matches.inputs	PASS	expected=docs/knowledge/EPISTEMIC_CLASSES.md;knowledge_external/INDEX.md;knowledge_external/templates/HIGH_PRIORITY_SOURCE_INTAKE_CHECKLIST_V48.md;knowledge_external/synthesis/CONVERGENCE_CONTRADICTION_V48.md observed=docs/knowledge/EPISTEMIC_CLASSES.md;knowledge_external/INDEX.md;knowledge_external/templates/HIGH_PRIORITY_SOURCE_INTAKE_CHECKLIST_V48.md;knowledge_external/synthesis/CONVERGENCE_CONTRADICTION_V48.md
knowledge_external/EXTERNAL_LAYER_READER_BRIEF_V48.md	node_field_matches.controls	PASS	expected=scripts/v48_external_layer_reader_brief_freshness_linter.py observed=scripts/v48_external_layer_reader_brief_freshness_linter.py
knowledge_external/EXTERNAL_LAYER_READER_BRIEF_V48.md	node_field_matches.boundary	PASS	expected=synthesis/navigation only observed=synthesis/navigation only
knowledge_external/INDEX.md	node_present	PASS	/Users/soeren.leibach/Projects/ms-auto-research/knowledge_external/catalogs/indexes/v48_external_synthesis_dependency_graph.tsv
knowledge_external/INDEX.md	node_field_matches.artifact	PASS	expected=Public external index observed=Public external index
knowledge_external/INDEX.md	node_field_matches.output	PASS	expected=knowledge_external/INDEX.md observed=knowledge_external/INDEX.md
knowledge_external/INDEX.md	node_field_matches.output_exists	PASS	expected=yes observed=yes
knowledge_external/INDEX.md	node_field_matches.n_inputs	PASS	expected=2 observed=2
knowledge_external/INDEX.md	node_field_matches.n_controls	PASS	expected=3 observed=3
knowledge_external/INDEX.md	node_field_matches.inputs	PASS	expected=knowledge_external/catalogs/indexes/;knowledge_external/synthesis/ observed=knowledge_external/catalogs/indexes/;knowledge_external/synthesis/
knowledge_external/INDEX.md	node_field_matches.controls	PASS	expected=scripts/v48_public_index_crosslink_linter.py;scripts/v48_public_index_freshness_linter.py;scripts/v47_external_markdown_index_linter.py observed=scripts/v48_public_index_crosslink_linter.py;scripts/v48_public_index_freshness_linter.py;scripts/v47_external_markdown_index_linter.py
knowledge_external/INDEX.md	node_field_matches.boundary	PASS	expected=class-aware public navigation only observed=class-aware public navigation only
knowledge_external/catalogs/indexes/EXTERNAL_RESOURCE_COMPARATOR_MATRIX_V48.md	node_present	PASS	/Users/soeren.leibach/Projects/ms-auto-research/knowledge_external/catalogs/indexes/v48_external_synthesis_dependency_graph.tsv
knowledge_external/catalogs/indexes/EXTERNAL_RESOURCE_COMPARATOR_MATRIX_V48.md	node_field_matches.artifact	PASS	expected=V48 external resource comparator matrix observed=V48 external resource comparator matrix
knowledge_external/catalogs/indexes/EXTERNAL_RESOURCE_COMPARATOR_MATRIX_V48.md	node_field_matches.output	PASS	expected=knowledge_external/catalogs/indexes/EXTERNAL_RESOURCE_COMPARATOR_MATRIX_V48.md observed=knowledge_external/catalogs/indexes/EXTERNAL_RESOURCE_COMPARATOR_MATRIX_V48.md
knowledge_external/catalogs/indexes/EXTERNAL_RESOURCE_COMPARATOR_MATRIX_V48.md	node_field_matches.output_exists	PASS	expected=yes observed=yes
knowledge_external/catalogs/indexes/EXTERNAL_RESOURCE_COMPARATOR_MATRIX_V48.md	node_field_matches.n_inputs	PASS	expected=1 observed=1
knowledge_external/catalogs/indexes/EXTERNAL_RESOURCE_COMPARATOR_MATRIX_V48.md	node_field_matches.n_controls	PASS	expected=1 observed=1
knowledge_external/catalogs/indexes/EXTERNAL_RESOURCE_COMPARATOR_MATRIX_V48.md	node_field_matches.inputs	PASS	expected=knowledge_external/catalogs/records/resource.*.json observed=knowledge_external/catalogs/records/resource.*.json
knowledge_external/catalogs/indexes/EXTERNAL_RESOURCE_COMPARATOR_MATRIX_V48.md	node_field_matches.controls	PASS	expected=scripts/v48_resource_comparator_freshness_linter.py observed=scripts/v48_resource_comparator_freshness_linter.py
knowledge_external/catalogs/indexes/EXTERNAL_RESOURCE_COMPARATOR_MATRIX_V48.md	node_field_matches.boundary	PASS	expected=external resource metadata only observed=external resource metadata only
knowledge_external/catalogs/indexes/GOVERNANCE_FAILURE_MODE_MATRIX_V48.md	node_present	PASS	/Users/soeren.leibach/Projects/ms-auto-research/knowledge_external/catalogs/indexes/v48_external_synthesis_dependency_graph.tsv
knowledge_external/catalogs/indexes/GOVERNANCE_FAILURE_MODE_MATRIX_V48.md	node_field_matches.artifact	PASS	expected=V48 governance failure-mode matrix observed=V48 governance failure-mode matrix
knowledge_external/catalogs/indexes/GOVERNANCE_FAILURE_MODE_MATRIX_V48.md	node_field_matches.output	PASS	expected=knowledge_external/catalogs/indexes/GOVERNANCE_FAILURE_MODE_MATRIX_V48.md observed=knowledge_external/catalogs/indexes/GOVERNANCE_FAILURE_MODE_MATRIX_V48.md
knowledge_external/catalogs/indexes/GOVERNANCE_FAILURE_MODE_MATRIX_V48.md	node_field_matches.output_exists	PASS	expected=yes observed=yes
knowledge_external/catalogs/indexes/GOVERNANCE_FAILURE_MODE_MATRIX_V48.md	node_field_matches.n_inputs	PASS	expected=1 observed=1
knowledge_external/catalogs/indexes/GOVERNANCE_FAILURE_MODE_MATRIX_V48.md	node_field_matches.n_controls	PASS	expected=1 observed=1
knowledge_external/catalogs/indexes/GOVERNANCE_FAILURE_MODE_MATRIX_V48.md	node_field_matches.inputs	PASS	expected=knowledge_external/catalogs/indexes/v48_governance_navigation.tsv observed=knowledge_external/catalogs/indexes/v48_governance_navigation.tsv
knowledge_external/catalogs/indexes/GOVERNANCE_FAILURE_MODE_MATRIX_V48.md	node_field_matches.controls	PASS	expected=scripts/v48_governance_failure_mode_freshness_linter.py observed=scripts/v48_governance_failure_mode_freshness_linter.py
knowledge_external/catalogs/indexes/GOVERNANCE_FAILURE_MODE_MATRIX_V48.md	node_field_matches.boundary	PASS	expected=governance mapping control observed=governance mapping control
knowledge_external/catalogs/indexes/HIGH_PRIORITY_SOURCE_TERMS_PACKET_V48.md	node_present	PASS	/Users/soeren.leibach/Projects/ms-auto-research/knowledge_external/catalogs/indexes/v48_external_synthesis_dependency_graph.tsv
knowledge_external/catalogs/indexes/HIGH_PRIORITY_SOURCE_TERMS_PACKET_V48.md	node_field_matches.artifact	PASS	expected=V48 high-priority source-terms packet observed=V48 high-priority source-terms packet
knowledge_external/catalogs/indexes/HIGH_PRIORITY_SOURCE_TERMS_PACKET_V48.md	node_field_matches.output	PASS	expected=knowledge_external/catalogs/indexes/HIGH_PRIORITY_SOURCE_TERMS_PACKET_V48.md observed=knowledge_external/catalogs/indexes/HIGH_PRIORITY_SOURCE_TERMS_PACKET_V48.md
knowledge_external/catalogs/indexes/HIGH_PRIORITY_SOURCE_TERMS_PACKET_V48.md	node_field_matches.output_exists	PASS	expected=yes observed=yes
knowledge_external/catalogs/indexes/HIGH_PRIORITY_SOURCE_TERMS_PACKET_V48.md	node_field_matches.n_inputs	PASS	expected=1 observed=1
knowledge_external/catalogs/indexes/HIGH_PRIORITY_SOURCE_TERMS_PACKET_V48.md	node_field_matches.n_controls	PASS	expected=1 observed=1
knowledge_external/catalogs/indexes/HIGH_PRIORITY_SOURCE_TERMS_PACKET_V48.md	node_field_matches.inputs	PASS	expected=knowledge_external/catalogs/indexes/source_terms_coverage_v48.tsv observed=knowledge_external/catalogs/indexes/source_terms_coverage_v48.tsv
knowledge_external/catalogs/indexes/HIGH_PRIORITY_SOURCE_TERMS_PACKET_V48.md	node_field_matches.controls	PASS	expected=scripts/v48_high_priority_source_terms_packet_freshness_linter.py observed=scripts/v48_high_priority_source_terms_packet_freshness_linter.py
knowledge_external/catalogs/indexes/HIGH_PRIORITY_SOURCE_TERMS_PACKET_V48.md	node_field_matches.boundary	PASS	expected=source terms review queue only observed=source terms review queue only
knowledge_external/catalogs/indexes/SOURCE_DOMAIN_INDEPENDENCE_ROLLUP_V48.md	node_present	PASS	/Users/soeren.leibach/Projects/ms-auto-research/knowledge_external/catalogs/indexes/v48_external_synthesis_dependency_graph.tsv
knowledge_external/catalogs/indexes/SOURCE_DOMAIN_INDEPENDENCE_ROLLUP_V48.md	node_field_matches.artifact	PASS	expected=V48 source-domain independence rollup observed=V48 source-domain independence rollup
knowledge_external/catalogs/indexes/SOURCE_DOMAIN_INDEPENDENCE_ROLLUP_V48.md	node_field_matches.output	PASS	expected=knowledge_external/catalogs/indexes/SOURCE_DOMAIN_INDEPENDENCE_ROLLUP_V48.md observed=knowledge_external/catalogs/indexes/SOURCE_DOMAIN_INDEPENDENCE_ROLLUP_V48.md
knowledge_external/catalogs/indexes/SOURCE_DOMAIN_INDEPENDENCE_ROLLUP_V48.md	node_field_matches.output_exists	PASS	expected=yes observed=yes
knowledge_external/catalogs/indexes/SOURCE_DOMAIN_INDEPENDENCE_ROLLUP_V48.md	node_field_matches.n_inputs	PASS	expected=1 observed=1
knowledge_external/catalogs/indexes/SOURCE_DOMAIN_INDEPENDENCE_ROLLUP_V48.md	node_field_matches.n_controls	PASS	expected=1 observed=1
knowledge_external/catalogs/indexes/SOURCE_DOMAIN_INDEPENDENCE_ROLLUP_V48.md	node_field_matches.inputs	PASS	expected=knowledge_external/synthesis/convergence_source_independence_v48.tsv observed=knowledge_external/synthesis/convergence_source_independence_v48.tsv
knowledge_external/catalogs/indexes/SOURCE_DOMAIN_INDEPENDENCE_ROLLUP_V48.md	node_field_matches.controls	PASS	expected=scripts/v48_source_domain_independence_freshness_linter.py observed=scripts/v48_source_domain_independence_freshness_linter.py
knowledge_external/catalogs/indexes/SOURCE_DOMAIN_INDEPENDENCE_ROLLUP_V48.md	node_field_matches.boundary	PASS	expected=source-domain accounting only observed=source-domain accounting only
knowledge_external/catalogs/indexes/SOURCE_DOMAIN_REVIEW_V48.md	node_present	PASS	/Users/soeren.leibach/Projects/ms-auto-research/knowledge_external/catalogs/indexes/v48_external_synthesis_dependency_graph.tsv
knowledge_external/catalogs/indexes/SOURCE_DOMAIN_REVIEW_V48.md	node_field_matches.artifact	PASS	expected=V48 source-domain review observed=V48 source-domain review
knowledge_external/catalogs/indexes/SOURCE_DOMAIN_REVIEW_V48.md	node_field_matches.output	PASS	expected=knowledge_external/catalogs/indexes/SOURCE_DOMAIN_REVIEW_V48.md observed=knowledge_external/catalogs/indexes/SOURCE_DOMAIN_REVIEW_V48.md
knowledge_external/catalogs/indexes/SOURCE_DOMAIN_REVIEW_V48.md	node_field_matches.output_exists	PASS	expected=yes observed=yes
knowledge_external/catalogs/indexes/SOURCE_DOMAIN_REVIEW_V48.md	node_field_matches.n_inputs	PASS	expected=1 observed=1
knowledge_external/catalogs/indexes/SOURCE_DOMAIN_REVIEW_V48.md	node_field_matches.n_controls	PASS	expected=1 observed=1
knowledge_external/catalogs/indexes/SOURCE_DOMAIN_REVIEW_V48.md	node_field_matches.inputs	PASS	expected=knowledge_external/catalogs/records/ observed=knowledge_external/catalogs/records/
knowledge_external/catalogs/indexes/SOURCE_DOMAIN_REVIEW_V48.md	node_field_matches.controls	PASS	expected=scripts/v48_source_domain_review_freshness_linter.py observed=scripts/v48_source_domain_review_freshness_linter.py
knowledge_external/catalogs/indexes/SOURCE_DOMAIN_REVIEW_V48.md	node_field_matches.boundary	PASS	expected=domain maintenance only observed=domain maintenance only
knowledge_external/catalogs/indexes/SOURCE_TERMS_COVERAGE_V48.md	node_present	PASS	/Users/soeren.leibach/Projects/ms-auto-research/knowledge_external/catalogs/indexes/v48_external_synthesis_dependency_graph.tsv
knowledge_external/catalogs/indexes/SOURCE_TERMS_COVERAGE_V48.md	node_field_matches.artifact	PASS	expected=V48 source-terms coverage observed=V48 source-terms coverage
knowledge_external/catalogs/indexes/SOURCE_TERMS_COVERAGE_V48.md	node_field_matches.output	PASS	expected=knowledge_external/catalogs/indexes/SOURCE_TERMS_COVERAGE_V48.md observed=knowledge_external/catalogs/indexes/SOURCE_TERMS_COVERAGE_V48.md
knowledge_external/catalogs/indexes/SOURCE_TERMS_COVERAGE_V48.md	node_field_matches.output_exists	PASS	expected=yes observed=yes
knowledge_external/catalogs/indexes/SOURCE_TERMS_COVERAGE_V48.md	node_field_matches.n_inputs	PASS	expected=1 observed=1
knowledge_external/catalogs/indexes/SOURCE_TERMS_COVERAGE_V48.md	node_field_matches.n_controls	PASS	expected=3 observed=3
knowledge_external/catalogs/indexes/SOURCE_TERMS_COVERAGE_V48.md	node_field_matches.inputs	PASS	expected=knowledge_external/catalogs/records/ observed=knowledge_external/catalogs/records/
knowledge_external/catalogs/indexes/SOURCE_TERMS_COVERAGE_V48.md	node_field_matches.controls	PASS	expected=scripts/v48_source_terms_coverage_freshness_linter.py;scripts/v48_source_terms_freshness_linter.py;scripts/v48_source_terms_metadata_linter.py observed=scripts/v48_source_terms_coverage_freshness_linter.py;scripts/v48_source_terms_freshness_linter.py;scripts/v48_source_terms_metadata_linter.py
knowledge_external/catalogs/indexes/SOURCE_TERMS_COVERAGE_V48.md	node_field_matches.boundary	PASS	expected=source terms metadata only observed=source terms metadata only
knowledge_external/catalogs/indexes/SOURCE_URL_DUPLICATE_REVIEW_V48.md	node_present	PASS	/Users/soeren.leibach/Projects/ms-auto-research/knowledge_external/catalogs/indexes/v48_external_synthesis_dependency_graph.tsv
knowledge_external/catalogs/indexes/SOURCE_URL_DUPLICATE_REVIEW_V48.md	node_field_matches.artifact	PASS	expected=External source URL duplicate review observed=External source URL duplicate review
knowledge_external/catalogs/indexes/SOURCE_URL_DUPLICATE_REVIEW_V48.md	node_field_matches.output	PASS	expected=knowledge_external/catalogs/indexes/SOURCE_URL_DUPLICATE_REVIEW_V48.md observed=knowledge_external/catalogs/indexes/SOURCE_URL_DUPLICATE_REVIEW_V48.md
knowledge_external/catalogs/indexes/SOURCE_URL_DUPLICATE_REVIEW_V48.md	node_field_matches.output_exists	PASS	expected=yes observed=yes
knowledge_external/catalogs/indexes/SOURCE_URL_DUPLICATE_REVIEW_V48.md	node_field_matches.n_inputs	PASS	expected=1 observed=1
knowledge_external/catalogs/indexes/SOURCE_URL_DUPLICATE_REVIEW_V48.md	node_field_matches.n_controls	PASS	expected=1 observed=1
knowledge_external/catalogs/indexes/SOURCE_URL_DUPLICATE_REVIEW_V48.md	node_field_matches.inputs	PASS	expected=knowledge_external/catalogs/records/ observed=knowledge_external/catalogs/records/
knowledge_external/catalogs/indexes/SOURCE_URL_DUPLICATE_REVIEW_V48.md	node_field_matches.controls	PASS	expected=scripts/v48_source_url_duplicate_freshness_linter.py observed=scripts/v48_source_url_duplicate_freshness_linter.py
knowledge_external/catalogs/indexes/SOURCE_URL_DUPLICATE_REVIEW_V48.md	node_field_matches.boundary	PASS	expected=source maintenance only observed=source maintenance only
knowledge_external/catalogs/indexes/V48_EVIDENCE_BOUNDARY_GLOSSARY.md	node_present	PASS	/Users/soeren.leibach/Projects/ms-auto-research/knowledge_external/catalogs/indexes/v48_external_synthesis_dependency_graph.tsv
knowledge_external/catalogs/indexes/V48_EVIDENCE_BOUNDARY_GLOSSARY.md	node_field_matches.artifact	PASS	expected=V48 evidence-boundary glossary observed=V48 evidence-boundary glossary
knowledge_external/catalogs/indexes/V48_EVIDENCE_BOUNDARY_GLOSSARY.md	node_field_matches.output	PASS	expected=knowledge_external/catalogs/indexes/V48_EVIDENCE_BOUNDARY_GLOSSARY.md observed=knowledge_external/catalogs/indexes/V48_EVIDENCE_BOUNDARY_GLOSSARY.md
knowledge_external/catalogs/indexes/V48_EVIDENCE_BOUNDARY_GLOSSARY.md	node_field_matches.output_exists	PASS	expected=yes observed=yes
knowledge_external/catalogs/indexes/V48_EVIDENCE_BOUNDARY_GLOSSARY.md	node_field_matches.n_inputs	PASS	expected=1 observed=1
knowledge_external/catalogs/indexes/V48_EVIDENCE_BOUNDARY_GLOSSARY.md	node_field_matches.n_controls	PASS	expected=1 observed=1
knowledge_external/catalogs/indexes/V48_EVIDENCE_BOUNDARY_GLOSSARY.md	node_field_matches.inputs	PASS	expected=knowledge_external/catalogs/indexes/governance_failure_mode_matrix_v48.tsv observed=knowledge_external/catalogs/indexes/governance_failure_mode_matrix_v48.tsv
knowledge_external/catalogs/indexes/V48_EVIDENCE_BOUNDARY_GLOSSARY.md	node_field_matches.controls	PASS	expected=scripts/v48_evidence_boundary_glossary_freshness_linter.py observed=scripts/v48_evidence_boundary_glossary_freshness_linter.py
knowledge_external/catalogs/indexes/V48_EVIDENCE_BOUNDARY_GLOSSARY.md	node_field_matches.boundary	PASS	expected=synthesis/navigation only observed=synthesis/navigation only
knowledge_external/catalogs/indexes/V48_EXTERNAL_SYNTHESIS_DEPENDENCY_GRAPH.md	node_present	PASS	/Users/soeren.leibach/Projects/ms-auto-research/knowledge_external/catalogs/indexes/v48_external_synthesis_dependency_graph.tsv
knowledge_external/catalogs/indexes/V48_EXTERNAL_SYNTHESIS_DEPENDENCY_GRAPH.md	node_field_matches.artifact	PASS	expected=V48 external synthesis dependency graph observed=V48 external synthesis dependency graph
knowledge_external/catalogs/indexes/V48_EXTERNAL_SYNTHESIS_DEPENDENCY_GRAPH.md	node_field_matches.output	PASS	expected=knowledge_external/catalogs/indexes/V48_EXTERNAL_SYNTHESIS_DEPENDENCY_GRAPH.md observed=knowledge_external/catalogs/indexes/V48_EXTERNAL_SYNTHESIS_DEPENDENCY_GRAPH.md
knowledge_external/catalogs/indexes/V48_EXTERNAL_SYNTHESIS_DEPENDENCY_GRAPH.md	node_field_matches.output_exists	PASS	expected=yes observed=yes
knowledge_external/catalogs/indexes/V48_EXTERNAL_SYNTHESIS_DEPENDENCY_GRAPH.md	node_field_matches.n_inputs	PASS	expected=1 observed=1
knowledge_external/catalogs/indexes/V48_EXTERNAL_SYNTHESIS_DEPENDENCY_GRAPH.md	node_field_matches.n_controls	PASS	expected=1 observed=1
knowledge_external/catalogs/indexes/V48_EXTERNAL_SYNTHESIS_DEPENDENCY_GRAPH.md	node_field_matches.inputs	PASS	expected=scripts/v48_external_synthesis_dependency_graph.py observed=scripts/v48_external_synthesis_dependency_graph.py
knowledge_external/catalogs/indexes/V48_EXTERNAL_SYNTHESIS_DEPENDENCY_GRAPH.md	node_field_matches.controls	PASS	expected=scripts/v48_external_synthesis_dependency_freshness_linter.py observed=scripts/v48_external_synthesis_dependency_freshness_linter.py
knowledge_external/catalogs/indexes/V48_EXTERNAL_SYNTHESIS_DEPENDENCY_GRAPH.md	node_field_matches.boundary	PASS	expected=dependency/navigation control observed=dependency/navigation control
knowledge_external/catalogs/indexes/V48_GOVERNANCE_NAVIGATION.md	node_present	PASS	/Users/soeren.leibach/Projects/ms-auto-research/knowledge_external/catalogs/indexes/v48_external_synthesis_dependency_graph.tsv
knowledge_external/catalogs/indexes/V48_GOVERNANCE_NAVIGATION.md	node_field_matches.artifact	PASS	expected=V48 governance navigation observed=V48 governance navigation
knowledge_external/catalogs/indexes/V48_GOVERNANCE_NAVIGATION.md	node_field_matches.output	PASS	expected=knowledge_external/catalogs/indexes/V48_GOVERNANCE_NAVIGATION.md observed=knowledge_external/catalogs/indexes/V48_GOVERNANCE_NAVIGATION.md
knowledge_external/catalogs/indexes/V48_GOVERNANCE_NAVIGATION.md	node_field_matches.output_exists	PASS	expected=yes observed=yes
knowledge_external/catalogs/indexes/V48_GOVERNANCE_NAVIGATION.md	node_field_matches.n_inputs	PASS	expected=2 observed=2
knowledge_external/catalogs/indexes/V48_GOVERNANCE_NAVIGATION.md	node_field_matches.n_controls	PASS	expected=1 observed=1
knowledge_external/catalogs/indexes/V48_GOVERNANCE_NAVIGATION.md	node_field_matches.inputs	PASS	expected=scripts/v48_governance_navigation.py;analysis/v48_governance_preflight/v48_governance_preflight_plan.tsv observed=scripts/v48_governance_navigation.py;analysis/v48_governance_preflight/v48_governance_preflight_plan.tsv
knowledge_external/catalogs/indexes/V48_GOVERNANCE_NAVIGATION.md	node_field_matches.controls	PASS	expected=scripts/v48_governance_navigation_freshness_linter.py observed=scripts/v48_governance_navigation_freshness_linter.py
knowledge_external/catalogs/indexes/V48_GOVERNANCE_NAVIGATION.md	node_field_matches.boundary	PASS	expected=navigation control observed=navigation control
knowledge_external/catalogs/indexes/V48_PREFLIGHT_SUMMARY_CARD.md	node_present	PASS	/Users/soeren.leibach/Projects/ms-auto-research/knowledge_external/catalogs/indexes/v48_external_synthesis_dependency_graph.tsv
knowledge_external/catalogs/indexes/V48_PREFLIGHT_SUMMARY_CARD.md	node_field_matches.artifact	PASS	expected=V48 preflight summary card observed=V48 preflight summary card
knowledge_external/catalogs/indexes/V48_PREFLIGHT_SUMMARY_CARD.md	node_field_matches.output	PASS	expected=knowledge_external/catalogs/indexes/V48_PREFLIGHT_SUMMARY_CARD.md observed=knowledge_external/catalogs/indexes/V48_PREFLIGHT_SUMMARY_CARD.md
knowledge_external/catalogs/indexes/V48_PREFLIGHT_SUMMARY_CARD.md	node_field_matches.output_exists	PASS	expected=yes observed=yes
knowledge_external/catalogs/indexes/V48_PREFLIGHT_SUMMARY_CARD.md	node_field_matches.n_inputs	PASS	expected=3 observed=3
knowledge_external/catalogs/indexes/V48_PREFLIGHT_SUMMARY_CARD.md	node_field_matches.n_controls	PASS	expected=1 observed=1
knowledge_external/catalogs/indexes/V48_PREFLIGHT_SUMMARY_CARD.md	node_field_matches.inputs	PASS	expected=analysis/v48_governance_preflight/v48_governance_preflight_summary.json;knowledge_external/catalogs/indexes/v48_governance_navigation_summary.json;knowledge_external/catalogs/indexes/governance_failure_mode_matrix_v48_summary.json observed=analysis/v48_governance_preflight/v48_governance_preflight_summary.json;knowledge_external/catalogs/indexes/v48_governance_navigation_summary.json;knowledge_external/catalogs/indexes/governance_failure_mode_matrix_v48_summary.json
knowledge_external/catalogs/indexes/V48_PREFLIGHT_SUMMARY_CARD.md	node_field_matches.controls	PASS	expected=scripts/v48_preflight_summary_card_freshness_linter.py observed=scripts/v48_preflight_summary_card_freshness_linter.py
knowledge_external/catalogs/indexes/V48_PREFLIGHT_SUMMARY_CARD.md	node_field_matches.boundary	PASS	expected=handoff/navigation only observed=handoff/navigation only
knowledge_external/catalogs/indexes/V48_RELATIONSHIP_MATRIX_DATA_DICTIONARY.md	node_present	PASS	/Users/soeren.leibach/Projects/ms-auto-research/knowledge_external/catalogs/indexes/v48_external_synthesis_dependency_graph.tsv
knowledge_external/catalogs/indexes/V48_RELATIONSHIP_MATRIX_DATA_DICTIONARY.md	node_field_matches.artifact	PASS	expected=V48 relationship-matrix data dictionary observed=V48 relationship-matrix data dictionary
knowledge_external/catalogs/indexes/V48_RELATIONSHIP_MATRIX_DATA_DICTIONARY.md	node_field_matches.output	PASS	expected=knowledge_external/catalogs/indexes/V48_RELATIONSHIP_MATRIX_DATA_DICTIONARY.md observed=knowledge_external/catalogs/indexes/V48_RELATIONSHIP_MATRIX_DATA_DICTIONARY.md
knowledge_external/catalogs/indexes/V48_RELATIONSHIP_MATRIX_DATA_DICTIONARY.md	node_field_matches.output_exists	PASS	expected=yes observed=yes
knowledge_external/catalogs/indexes/V48_RELATIONSHIP_MATRIX_DATA_DICTIONARY.md	node_field_matches.n_inputs	PASS	expected=2 observed=2
knowledge_external/catalogs/indexes/V48_RELATIONSHIP_MATRIX_DATA_DICTIONARY.md	node_field_matches.n_controls	PASS	expected=1 observed=1
knowledge_external/catalogs/indexes/V48_RELATIONSHIP_MATRIX_DATA_DICTIONARY.md	node_field_matches.inputs	PASS	expected=knowledge_external/synthesis/convergence_contradiction_v48.tsv;scripts/v48_convergence_status_vocabulary_linter.py observed=knowledge_external/synthesis/convergence_contradiction_v48.tsv;scripts/v48_convergence_status_vocabulary_linter.py
knowledge_external/catalogs/indexes/V48_RELATIONSHIP_MATRIX_DATA_DICTIONARY.md	node_field_matches.controls	PASS	expected=scripts/v48_relationship_matrix_data_dictionary_freshness_linter.py observed=scripts/v48_relationship_matrix_data_dictionary_freshness_linter.py
knowledge_external/catalogs/indexes/V48_RELATIONSHIP_MATRIX_DATA_DICTIONARY.md	node_field_matches.boundary	PASS	expected=synthesis/navigation only observed=synthesis/navigation only
knowledge_external/synthesis/CONTRADICTION_READINESS_PLAYBOOK_V48.md	node_present	PASS	/Users/soeren.leibach/Projects/ms-auto-research/knowledge_external/catalogs/indexes/v48_external_synthesis_dependency_graph.tsv
knowledge_external/synthesis/CONTRADICTION_READINESS_PLAYBOOK_V48.md	node_field_matches.artifact	PASS	expected=Contradiction readiness playbook observed=Contradiction readiness playbook
knowledge_external/synthesis/CONTRADICTION_READINESS_PLAYBOOK_V48.md	node_field_matches.output	PASS	expected=knowledge_external/synthesis/CONTRADICTION_READINESS_PLAYBOOK_V48.md observed=knowledge_external/synthesis/CONTRADICTION_READINESS_PLAYBOOK_V48.md
knowledge_external/synthesis/CONTRADICTION_READINESS_PLAYBOOK_V48.md	node_field_matches.output_exists	PASS	expected=yes observed=yes
knowledge_external/synthesis/CONTRADICTION_READINESS_PLAYBOOK_V48.md	node_field_matches.n_inputs	PASS	expected=1 observed=1
knowledge_external/synthesis/CONTRADICTION_READINESS_PLAYBOOK_V48.md	node_field_matches.n_controls	PASS	expected=1 observed=1
knowledge_external/synthesis/CONTRADICTION_READINESS_PLAYBOOK_V48.md	node_field_matches.inputs	PASS	expected=knowledge_external/synthesis/convergence_contradiction_v48.tsv observed=knowledge_external/synthesis/convergence_contradiction_v48.tsv
knowledge_external/synthesis/CONTRADICTION_READINESS_PLAYBOOK_V48.md	node_field_matches.controls	PASS	expected=scripts/v48_contradiction_readiness_freshness_linter.py observed=scripts/v48_contradiction_readiness_freshness_linter.py
knowledge_external/synthesis/CONTRADICTION_READINESS_PLAYBOOK_V48.md	node_field_matches.boundary	PASS	expected=future contradiction handling only observed=future contradiction handling only
knowledge_external/synthesis/CONTRADICTION_SURVEILLANCE_CHECKLIST_V48.md	node_present	PASS	/Users/soeren.leibach/Projects/ms-auto-research/knowledge_external/catalogs/indexes/v48_external_synthesis_dependency_graph.tsv
knowledge_external/synthesis/CONTRADICTION_SURVEILLANCE_CHECKLIST_V48.md	node_field_matches.artifact	PASS	expected=Contradiction surveillance checklist observed=Contradiction surveillance checklist
knowledge_external/synthesis/CONTRADICTION_SURVEILLANCE_CHECKLIST_V48.md	node_field_matches.output	PASS	expected=knowledge_external/synthesis/CONTRADICTION_SURVEILLANCE_CHECKLIST_V48.md observed=knowledge_external/synthesis/CONTRADICTION_SURVEILLANCE_CHECKLIST_V48.md
knowledge_external/synthesis/CONTRADICTION_SURVEILLANCE_CHECKLIST_V48.md	node_field_matches.output_exists	PASS	expected=yes observed=yes
knowledge_external/synthesis/CONTRADICTION_SURVEILLANCE_CHECKLIST_V48.md	node_field_matches.n_inputs	PASS	expected=2 observed=2
knowledge_external/synthesis/CONTRADICTION_SURVEILLANCE_CHECKLIST_V48.md	node_field_matches.n_controls	PASS	expected=1 observed=1
knowledge_external/synthesis/CONTRADICTION_SURVEILLANCE_CHECKLIST_V48.md	node_field_matches.inputs	PASS	expected=knowledge_external/synthesis/convergence_contradiction_v48.tsv;knowledge_external/synthesis/high_priority_external_sourcing_plan_v48.tsv observed=knowledge_external/synthesis/convergence_contradiction_v48.tsv;knowledge_external/synthesis/high_priority_external_sourcing_plan_v48.tsv
knowledge_external/synthesis/CONTRADICTION_SURVEILLANCE_CHECKLIST_V48.md	node_field_matches.controls	PASS	expected=scripts/v48_contradiction_surveillance_freshness_linter.py observed=scripts/v48_contradiction_surveillance_freshness_linter.py
knowledge_external/synthesis/CONTRADICTION_SURVEILLANCE_CHECKLIST_V48.md	node_field_matches.boundary	PASS	expected=future contradiction surveillance only observed=future contradiction surveillance only
knowledge_external/synthesis/CONVERGENCE_CONTRADICTION_EXECUTIVE_CARD_V48.md	node_present	PASS	/Users/soeren.leibach/Projects/ms-auto-research/knowledge_external/catalogs/indexes/v48_external_synthesis_dependency_graph.tsv
knowledge_external/synthesis/CONVERGENCE_CONTRADICTION_EXECUTIVE_CARD_V48.md	node_field_matches.artifact	PASS	expected=V48 convergence/contradiction executive card observed=V48 convergence/contradiction executive card
knowledge_external/synthesis/CONVERGENCE_CONTRADICTION_EXECUTIVE_CARD_V48.md	node_field_matches.output	PASS	expected=knowledge_external/synthesis/CONVERGENCE_CONTRADICTION_EXECUTIVE_CARD_V48.md observed=knowledge_external/synthesis/CONVERGENCE_CONTRADICTION_EXECUTIVE_CARD_V48.md
knowledge_external/synthesis/CONVERGENCE_CONTRADICTION_EXECUTIVE_CARD_V48.md	node_field_matches.output_exists	PASS	expected=yes observed=yes
knowledge_external/synthesis/CONVERGENCE_CONTRADICTION_EXECUTIVE_CARD_V48.md	node_field_matches.n_inputs	PASS	expected=4 observed=4
knowledge_external/synthesis/CONVERGENCE_CONTRADICTION_EXECUTIVE_CARD_V48.md	node_field_matches.n_controls	PASS	expected=1 observed=1
knowledge_external/synthesis/CONVERGENCE_CONTRADICTION_EXECUTIVE_CARD_V48.md	node_field_matches.inputs	PASS	expected=knowledge_external/catalogs/indexes/convergence_contradiction_v48_summary.json;knowledge_external/catalogs/indexes/convergence_source_independence_v48_summary.json;knowledge_external/catalogs/indexes/v37_external_coverage_gap_priority_v48_summary.json;analysis/v48_governance_preflight/v48_governance_preflight_summary.json observed=knowledge_external/catalogs/indexes/convergence_contradiction_v48_summary.json;knowledge_external/catalogs/indexes/convergence_source_independence_v48_summary.json;knowledge_external/catalogs/indexes/v37_external_coverage_gap_priority_v48_summary.json;analysis/v48_governance_preflight/v48_governance_preflight_summary.json
knowledge_external/synthesis/CONVERGENCE_CONTRADICTION_EXECUTIVE_CARD_V48.md	node_field_matches.controls	PASS	expected=scripts/v48_convergence_executive_card_freshness_linter.py observed=scripts/v48_convergence_executive_card_freshness_linter.py
knowledge_external/synthesis/CONVERGENCE_CONTRADICTION_EXECUTIVE_CARD_V48.md	node_field_matches.boundary	PASS	expected=handoff/navigation only observed=handoff/navigation only
knowledge_external/synthesis/CONVERGENCE_CONTRADICTION_V48.md	node_present	PASS	/Users/soeren.leibach/Projects/ms-auto-research/knowledge_external/catalogs/indexes/v48_external_synthesis_dependency_graph.tsv
knowledge_external/synthesis/CONVERGENCE_CONTRADICTION_V48.md	node_field_matches.artifact	PASS	expected=V48 convergence/contradiction matrix observed=V48 convergence/contradiction matrix
knowledge_external/synthesis/CONVERGENCE_CONTRADICTION_V48.md	node_field_matches.output	PASS	expected=knowledge_external/synthesis/CONVERGENCE_CONTRADICTION_V48.md observed=knowledge_external/synthesis/CONVERGENCE_CONTRADICTION_V48.md
knowledge_external/synthesis/CONVERGENCE_CONTRADICTION_V48.md	node_field_matches.output_exists	PASS	expected=yes observed=yes
knowledge_external/synthesis/CONVERGENCE_CONTRADICTION_V48.md	node_field_matches.n_inputs	PASS	expected=2 observed=2
knowledge_external/synthesis/CONVERGENCE_CONTRADICTION_V48.md	node_field_matches.n_controls	PASS	expected=4 observed=4
knowledge_external/synthesis/CONVERGENCE_CONTRADICTION_V48.md	node_field_matches.inputs	PASS	expected=knowledge_external/catalogs/records/;docs/reports/FINDINGS_REPORT_V37.md observed=knowledge_external/catalogs/records/;docs/reports/FINDINGS_REPORT_V37.md
knowledge_external/synthesis/CONVERGENCE_CONTRADICTION_V48.md	node_field_matches.controls	PASS	expected=scripts/v48_convergence_matrix_coverage_linter.py;scripts/v48_convergence_status_vocabulary_linter.py;scripts/v48_support_contradiction_coverage_linter.py;scripts/v48_project_finding_reference_linter.py observed=scripts/v48_convergence_matrix_coverage_linter.py;scripts/v48_convergence_status_vocabulary_linter.py;scripts/v48_support_contradiction_coverage_linter.py;scripts/v48_project_finding_reference_linter.py
knowledge_external/synthesis/CONVERGENCE_CONTRADICTION_V48.md	node_field_matches.boundary	PASS	expected=relationship classification only; external agreement is context and project artifacts remain evidence observed=relationship classification only; external agreement is context and project artifacts remain evidence
knowledge_external/synthesis/CONVERGENCE_SOURCE_INDEPENDENCE_V48.md	node_present	PASS	/Users/soeren.leibach/Projects/ms-auto-research/knowledge_external/catalogs/indexes/v48_external_synthesis_dependency_graph.tsv
knowledge_external/synthesis/CONVERGENCE_SOURCE_INDEPENDENCE_V48.md	node_field_matches.artifact	PASS	expected=V48 convergence source-independence matrix observed=V48 convergence source-independence matrix
knowledge_external/synthesis/CONVERGENCE_SOURCE_INDEPENDENCE_V48.md	node_field_matches.output	PASS	expected=knowledge_external/synthesis/CONVERGENCE_SOURCE_INDEPENDENCE_V48.md observed=knowledge_external/synthesis/CONVERGENCE_SOURCE_INDEPENDENCE_V48.md
knowledge_external/synthesis/CONVERGENCE_SOURCE_INDEPENDENCE_V48.md	node_field_matches.output_exists	PASS	expected=yes observed=yes
knowledge_external/synthesis/CONVERGENCE_SOURCE_INDEPENDENCE_V48.md	node_field_matches.n_inputs	PASS	expected=2 observed=2
knowledge_external/synthesis/CONVERGENCE_SOURCE_INDEPENDENCE_V48.md	node_field_matches.n_controls	PASS	expected=1 observed=1
knowledge_external/synthesis/CONVERGENCE_SOURCE_INDEPENDENCE_V48.md	node_field_matches.inputs	PASS	expected=knowledge_external/synthesis/convergence_contradiction_v48.tsv;knowledge_external/catalogs/records/ observed=knowledge_external/synthesis/convergence_contradiction_v48.tsv;knowledge_external/catalogs/records/
knowledge_external/synthesis/CONVERGENCE_SOURCE_INDEPENDENCE_V48.md	node_field_matches.controls	PASS	expected=scripts/v48_convergence_source_independence_freshness_linter.py observed=scripts/v48_convergence_source_independence_freshness_linter.py
knowledge_external/synthesis/CONVERGENCE_SOURCE_INDEPENDENCE_V48.md	node_field_matches.boundary	PASS	expected=independence accounting only; prevents overcounting same-source corroboration observed=independence accounting only; prevents overcounting same-source corroboration
knowledge_external/synthesis/DECISION_RELEVANT_CONVERGENCES_V48.md	node_present	PASS	/Users/soeren.leibach/Projects/ms-auto-research/knowledge_external/catalogs/indexes/v48_external_synthesis_dependency_graph.tsv
knowledge_external/synthesis/DECISION_RELEVANT_CONVERGENCES_V48.md	node_field_matches.artifact	PASS	expected=V48 decision-relevant convergence shortlist observed=V48 decision-relevant convergence shortlist
knowledge_external/synthesis/DECISION_RELEVANT_CONVERGENCES_V48.md	node_field_matches.output	PASS	expected=knowledge_external/synthesis/DECISION_RELEVANT_CONVERGENCES_V48.md observed=knowledge_external/synthesis/DECISION_RELEVANT_CONVERGENCES_V48.md
knowledge_external/synthesis/DECISION_RELEVANT_CONVERGENCES_V48.md	node_field_matches.output_exists	PASS	expected=yes observed=yes
knowledge_external/synthesis/DECISION_RELEVANT_CONVERGENCES_V48.md	node_field_matches.n_inputs	PASS	expected=1 observed=1
knowledge_external/synthesis/DECISION_RELEVANT_CONVERGENCES_V48.md	node_field_matches.n_controls	PASS	expected=1 observed=1
knowledge_external/synthesis/DECISION_RELEVANT_CONVERGENCES_V48.md	node_field_matches.inputs	PASS	expected=knowledge_external/synthesis/convergence_contradiction_v48.tsv observed=knowledge_external/synthesis/convergence_contradiction_v48.tsv
knowledge_external/synthesis/DECISION_RELEVANT_CONVERGENCES_V48.md	node_field_matches.controls	PASS	expected=scripts/v48_decision_relevant_convergence_freshness_linter.py observed=scripts/v48_decision_relevant_convergence_freshness_linter.py
knowledge_external/synthesis/DECISION_RELEVANT_CONVERGENCES_V48.md	node_field_matches.boundary	PASS	expected=navigation shortlist only; no score or rule change observed=navigation shortlist only; no score or rule change
knowledge_external/synthesis/FUTURE_GROUNDING_QUEUE_V48.md	node_present	PASS	/Users/soeren.leibach/Projects/ms-auto-research/knowledge_external/catalogs/indexes/v48_external_synthesis_dependency_graph.tsv
knowledge_external/synthesis/FUTURE_GROUNDING_QUEUE_V48.md	node_field_matches.artifact	PASS	expected=V48 future-grounding queue observed=V48 future-grounding queue
knowledge_external/synthesis/FUTURE_GROUNDING_QUEUE_V48.md	node_field_matches.output	PASS	expected=knowledge_external/synthesis/FUTURE_GROUNDING_QUEUE_V48.md observed=knowledge_external/synthesis/FUTURE_GROUNDING_QUEUE_V48.md
knowledge_external/synthesis/FUTURE_GROUNDING_QUEUE_V48.md	node_field_matches.output_exists	PASS	expected=yes observed=yes
knowledge_external/synthesis/FUTURE_GROUNDING_QUEUE_V48.md	node_field_matches.n_inputs	PASS	expected=1 observed=1
knowledge_external/synthesis/FUTURE_GROUNDING_QUEUE_V48.md	node_field_matches.n_controls	PASS	expected=2 observed=2
knowledge_external/synthesis/FUTURE_GROUNDING_QUEUE_V48.md	node_field_matches.inputs	PASS	expected=knowledge_external/synthesis/convergence_contradiction_v48.tsv observed=knowledge_external/synthesis/convergence_contradiction_v48.tsv
knowledge_external/synthesis/FUTURE_GROUNDING_QUEUE_V48.md	node_field_matches.controls	PASS	expected=scripts/v48_future_grounding_queue_freshness_linter.py;scripts/v47_external_verifiable_intake_linter.py observed=scripts/v48_future_grounding_queue_freshness_linter.py;scripts/v47_external_verifiable_intake_linter.py
knowledge_external/synthesis/FUTURE_GROUNDING_QUEUE_V48.md	node_field_matches.boundary	PASS	expected=queued tasks are not findings observed=queued tasks are not findings
knowledge_external/synthesis/HIGH_PRIORITY_EXTERNAL_SOURCING_PLAN_V48.md	node_present	PASS	/Users/soeren.leibach/Projects/ms-auto-research/knowledge_external/catalogs/indexes/v48_external_synthesis_dependency_graph.tsv
knowledge_external/synthesis/HIGH_PRIORITY_EXTERNAL_SOURCING_PLAN_V48.md	node_field_matches.artifact	PASS	expected=High-priority external sourcing plan observed=High-priority external sourcing plan
knowledge_external/synthesis/HIGH_PRIORITY_EXTERNAL_SOURCING_PLAN_V48.md	node_field_matches.output	PASS	expected=knowledge_external/synthesis/HIGH_PRIORITY_EXTERNAL_SOURCING_PLAN_V48.md observed=knowledge_external/synthesis/HIGH_PRIORITY_EXTERNAL_SOURCING_PLAN_V48.md
knowledge_external/synthesis/HIGH_PRIORITY_EXTERNAL_SOURCING_PLAN_V48.md	node_field_matches.output_exists	PASS	expected=yes observed=yes
knowledge_external/synthesis/HIGH_PRIORITY_EXTERNAL_SOURCING_PLAN_V48.md	node_field_matches.n_inputs	PASS	expected=1 observed=1
knowledge_external/synthesis/HIGH_PRIORITY_EXTERNAL_SOURCING_PLAN_V48.md	node_field_matches.n_controls	PASS	expected=1 observed=1
knowledge_external/synthesis/HIGH_PRIORITY_EXTERNAL_SOURCING_PLAN_V48.md	node_field_matches.inputs	PASS	expected=knowledge_external/synthesis/v37_external_coverage_gap_priority_v48.tsv observed=knowledge_external/synthesis/v37_external_coverage_gap_priority_v48.tsv
knowledge_external/synthesis/HIGH_PRIORITY_EXTERNAL_SOURCING_PLAN_V48.md	node_field_matches.controls	PASS	expected=scripts/v48_high_priority_external_sourcing_plan_freshness_linter.py observed=scripts/v48_high_priority_external_sourcing_plan_freshness_linter.py
knowledge_external/synthesis/HIGH_PRIORITY_EXTERNAL_SOURCING_PLAN_V48.md	node_field_matches.boundary	PASS	expected=future-source planning only observed=future-source planning only
knowledge_external/synthesis/HIGH_PRIORITY_SOURCE_SEARCH_QUERIES_V48.md	node_present	PASS	/Users/soeren.leibach/Projects/ms-auto-research/knowledge_external/catalogs/indexes/v48_external_synthesis_dependency_graph.tsv
knowledge_external/synthesis/HIGH_PRIORITY_SOURCE_SEARCH_QUERIES_V48.md	node_field_matches.artifact	PASS	expected=High-priority source-search query packet observed=High-priority source-search query packet
knowledge_external/synthesis/HIGH_PRIORITY_SOURCE_SEARCH_QUERIES_V48.md	node_field_matches.output	PASS	expected=knowledge_external/synthesis/HIGH_PRIORITY_SOURCE_SEARCH_QUERIES_V48.md observed=knowledge_external/synthesis/HIGH_PRIORITY_SOURCE_SEARCH_QUERIES_V48.md
knowledge_external/synthesis/HIGH_PRIORITY_SOURCE_SEARCH_QUERIES_V48.md	node_field_matches.output_exists	PASS	expected=yes observed=yes
knowledge_external/synthesis/HIGH_PRIORITY_SOURCE_SEARCH_QUERIES_V48.md	node_field_matches.n_inputs	PASS	expected=1 observed=1
knowledge_external/synthesis/HIGH_PRIORITY_SOURCE_SEARCH_QUERIES_V48.md	node_field_matches.n_controls	PASS	expected=1 observed=1
knowledge_external/synthesis/HIGH_PRIORITY_SOURCE_SEARCH_QUERIES_V48.md	node_field_matches.inputs	PASS	expected=knowledge_external/synthesis/high_priority_external_sourcing_plan_v48.tsv observed=knowledge_external/synthesis/high_priority_external_sourcing_plan_v48.tsv
knowledge_external/synthesis/HIGH_PRIORITY_SOURCE_SEARCH_QUERIES_V48.md	node_field_matches.controls	PASS	expected=scripts/v48_high_priority_source_search_query_freshness_linter.py observed=scripts/v48_high_priority_source_search_query_freshness_linter.py
knowledge_external/synthesis/HIGH_PRIORITY_SOURCE_SEARCH_QUERIES_V48.md	node_field_matches.boundary	PASS	expected=future-search/navigation only observed=future-search/navigation only
knowledge_external/synthesis/UNRESOLVED_EXTERNAL_COVERAGE_HANDOFF_V48.md	node_present	PASS	/Users/soeren.leibach/Projects/ms-auto-research/knowledge_external/catalogs/indexes/v48_external_synthesis_dependency_graph.tsv
knowledge_external/synthesis/UNRESOLVED_EXTERNAL_COVERAGE_HANDOFF_V48.md	node_field_matches.artifact	PASS	expected=Unresolved external coverage handoff observed=Unresolved external coverage handoff
knowledge_external/synthesis/UNRESOLVED_EXTERNAL_COVERAGE_HANDOFF_V48.md	node_field_matches.output	PASS	expected=knowledge_external/synthesis/UNRESOLVED_EXTERNAL_COVERAGE_HANDOFF_V48.md observed=knowledge_external/synthesis/UNRESOLVED_EXTERNAL_COVERAGE_HANDOFF_V48.md
knowledge_external/synthesis/UNRESOLVED_EXTERNAL_COVERAGE_HANDOFF_V48.md	node_field_matches.output_exists	PASS	expected=yes observed=yes
knowledge_external/synthesis/UNRESOLVED_EXTERNAL_COVERAGE_HANDOFF_V48.md	node_field_matches.n_inputs	PASS	expected=5 observed=5
knowledge_external/synthesis/UNRESOLVED_EXTERNAL_COVERAGE_HANDOFF_V48.md	node_field_matches.n_controls	PASS	expected=1 observed=1
knowledge_external/synthesis/UNRESOLVED_EXTERNAL_COVERAGE_HANDOFF_V48.md	node_field_matches.inputs	PASS	expected=knowledge_external/synthesis/v37_external_coverage_gap_priority_v48.tsv;knowledge_external/synthesis/high_priority_external_sourcing_plan_v48.tsv;knowledge_external/synthesis/high_priority_source_search_queries_v48.tsv;knowledge_external/synthesis/future_grounding_queue_v48.tsv;knowledge_external/synthesis/contradiction_surveillance_checklist_v48.tsv observed=knowledge_external/synthesis/v37_external_coverage_gap_priority_v48.tsv;knowledge_external/synthesis/high_priority_external_sourcing_plan_v48.tsv;knowledge_external/synthesis/high_priority_source_search_queries_v48.tsv;knowledge_external/synthesis/future_grounding_queue_v48.tsv;knowledge_external/synthesis/contradiction_surveillance_checklist_v48.tsv
knowledge_external/synthesis/UNRESOLVED_EXTERNAL_COVERAGE_HANDOFF_V48.md	node_field_matches.controls	PASS	expected=scripts/v48_unresolved_external_coverage_handoff_freshness_linter.py observed=scripts/v48_unresolved_external_coverage_handoff_freshness_linter.py
knowledge_external/synthesis/UNRESOLVED_EXTERNAL_COVERAGE_HANDOFF_V48.md	node_field_matches.boundary	PASS	expected=handoff/navigation only observed=handoff/navigation only
knowledge_external/synthesis/V37_EXTERNAL_COVERAGE_GAP_PRIORITY_V48.md	node_present	PASS	/Users/soeren.leibach/Projects/ms-auto-research/knowledge_external/catalogs/indexes/v48_external_synthesis_dependency_graph.tsv
knowledge_external/synthesis/V37_EXTERNAL_COVERAGE_GAP_PRIORITY_V48.md	node_field_matches.artifact	PASS	expected=V37 external coverage gap priority observed=V37 external coverage gap priority
knowledge_external/synthesis/V37_EXTERNAL_COVERAGE_GAP_PRIORITY_V48.md	node_field_matches.output	PASS	expected=knowledge_external/synthesis/V37_EXTERNAL_COVERAGE_GAP_PRIORITY_V48.md observed=knowledge_external/synthesis/V37_EXTERNAL_COVERAGE_GAP_PRIORITY_V48.md
knowledge_external/synthesis/V37_EXTERNAL_COVERAGE_GAP_PRIORITY_V48.md	node_field_matches.output_exists	PASS	expected=yes observed=yes
knowledge_external/synthesis/V37_EXTERNAL_COVERAGE_GAP_PRIORITY_V48.md	node_field_matches.n_inputs	PASS	expected=2 observed=2
knowledge_external/synthesis/V37_EXTERNAL_COVERAGE_GAP_PRIORITY_V48.md	node_field_matches.n_controls	PASS	expected=1 observed=1
knowledge_external/synthesis/V37_EXTERNAL_COVERAGE_GAP_PRIORITY_V48.md	node_field_matches.inputs	PASS	expected=knowledge_external/synthesis/v37_finding_external_coverage_v48.tsv;knowledge_external/synthesis/v37_uncovered_finding_rationale_v48.tsv observed=knowledge_external/synthesis/v37_finding_external_coverage_v48.tsv;knowledge_external/synthesis/v37_uncovered_finding_rationale_v48.tsv
knowledge_external/synthesis/V37_EXTERNAL_COVERAGE_GAP_PRIORITY_V48.md	node_field_matches.controls	PASS	expected=scripts/v48_v37_gap_priority_freshness_linter.py observed=scripts/v48_v37_gap_priority_freshness_linter.py
knowledge_external/synthesis/V37_EXTERNAL_COVERAGE_GAP_PRIORITY_V48.md	node_field_matches.boundary	PASS	expected=sourcing priority only; not corroboration observed=sourcing priority only; not corroboration
knowledge_external/synthesis/V37_FINDING_EXTERNAL_COVERAGE_V48.md	node_present	PASS	/Users/soeren.leibach/Projects/ms-auto-research/knowledge_external/catalogs/indexes/v48_external_synthesis_dependency_graph.tsv
knowledge_external/synthesis/V37_FINDING_EXTERNAL_COVERAGE_V48.md	node_field_matches.artifact	PASS	expected=V37 finding external coverage map observed=V37 finding external coverage map
knowledge_external/synthesis/V37_FINDING_EXTERNAL_COVERAGE_V48.md	node_field_matches.output	PASS	expected=knowledge_external/synthesis/V37_FINDING_EXTERNAL_COVERAGE_V48.md observed=knowledge_external/synthesis/V37_FINDING_EXTERNAL_COVERAGE_V48.md
knowledge_external/synthesis/V37_FINDING_EXTERNAL_COVERAGE_V48.md	node_field_matches.output_exists	PASS	expected=yes observed=yes
knowledge_external/synthesis/V37_FINDING_EXTERNAL_COVERAGE_V48.md	node_field_matches.n_inputs	PASS	expected=2 observed=2
knowledge_external/synthesis/V37_FINDING_EXTERNAL_COVERAGE_V48.md	node_field_matches.n_controls	PASS	expected=1 observed=1
knowledge_external/synthesis/V37_FINDING_EXTERNAL_COVERAGE_V48.md	node_field_matches.inputs	PASS	expected=docs/reports/FINDINGS_SCORES_V37.tsv;knowledge_external/synthesis/convergence_contradiction_v48.tsv observed=docs/reports/FINDINGS_SCORES_V37.tsv;knowledge_external/synthesis/convergence_contradiction_v48.tsv
knowledge_external/synthesis/V37_FINDING_EXTERNAL_COVERAGE_V48.md	node_field_matches.controls	PASS	expected=scripts/v48_v37_coverage_freshness_linter.py observed=scripts/v48_v37_coverage_freshness_linter.py
knowledge_external/synthesis/V37_FINDING_EXTERNAL_COVERAGE_V48.md	node_field_matches.boundary	PASS	expected=coverage accounting only observed=coverage accounting only
knowledge_external/synthesis/V37_UNCOVERED_FINDING_RATIONALE_V48.md	node_present	PASS	/Users/soeren.leibach/Projects/ms-auto-research/knowledge_external/catalogs/indexes/v48_external_synthesis_dependency_graph.tsv
knowledge_external/synthesis/V37_UNCOVERED_FINDING_RATIONALE_V48.md	node_field_matches.artifact	PASS	expected=V37 uncovered finding rationale observed=V37 uncovered finding rationale
knowledge_external/synthesis/V37_UNCOVERED_FINDING_RATIONALE_V48.md	node_field_matches.output	PASS	expected=knowledge_external/synthesis/V37_UNCOVERED_FINDING_RATIONALE_V48.md observed=knowledge_external/synthesis/V37_UNCOVERED_FINDING_RATIONALE_V48.md
knowledge_external/synthesis/V37_UNCOVERED_FINDING_RATIONALE_V48.md	node_field_matches.output_exists	PASS	expected=yes observed=yes
knowledge_external/synthesis/V37_UNCOVERED_FINDING_RATIONALE_V48.md	node_field_matches.n_inputs	PASS	expected=1 observed=1
knowledge_external/synthesis/V37_UNCOVERED_FINDING_RATIONALE_V48.md	node_field_matches.n_controls	PASS	expected=1 observed=1
knowledge_external/synthesis/V37_UNCOVERED_FINDING_RATIONALE_V48.md	node_field_matches.inputs	PASS	expected=knowledge_external/synthesis/v37_finding_external_coverage_v48.tsv observed=knowledge_external/synthesis/v37_finding_external_coverage_v48.tsv
knowledge_external/synthesis/V37_UNCOVERED_FINDING_RATIONALE_V48.md	node_field_matches.controls	PASS	expected=scripts/v48_v37_uncovered_rationale_freshness_linter.py observed=scripts/v48_v37_uncovered_rationale_freshness_linter.py
knowledge_external/synthesis/V37_UNCOVERED_FINDING_RATIONALE_V48.md	node_field_matches.boundary	PASS	expected=coverage-gap rationale only observed=coverage-gap rationale only
knowledge_external/templates/HIGH_PRIORITY_SOURCE_INTAKE_CHECKLIST_V48.md	node_present	PASS	/Users/soeren.leibach/Projects/ms-auto-research/knowledge_external/catalogs/indexes/v48_external_synthesis_dependency_graph.tsv
knowledge_external/templates/HIGH_PRIORITY_SOURCE_INTAKE_CHECKLIST_V48.md	node_field_matches.artifact	PASS	expected=High-priority source intake checklist observed=High-priority source intake checklist
knowledge_external/templates/HIGH_PRIORITY_SOURCE_INTAKE_CHECKLIST_V48.md	node_field_matches.output	PASS	expected=knowledge_external/templates/HIGH_PRIORITY_SOURCE_INTAKE_CHECKLIST_V48.md observed=knowledge_external/templates/HIGH_PRIORITY_SOURCE_INTAKE_CHECKLIST_V48.md
knowledge_external/templates/HIGH_PRIORITY_SOURCE_INTAKE_CHECKLIST_V48.md	node_field_matches.output_exists	PASS	expected=yes observed=yes
knowledge_external/templates/HIGH_PRIORITY_SOURCE_INTAKE_CHECKLIST_V48.md	node_field_matches.n_inputs	PASS	expected=2 observed=2
knowledge_external/templates/HIGH_PRIORITY_SOURCE_INTAKE_CHECKLIST_V48.md	node_field_matches.n_controls	PASS	expected=1 observed=1
knowledge_external/templates/HIGH_PRIORITY_SOURCE_INTAKE_CHECKLIST_V48.md	node_field_matches.inputs	PASS	expected=knowledge_external/synthesis/high_priority_external_sourcing_plan_v48.tsv;knowledge_external/synthesis/high_priority_source_search_queries_v48.tsv observed=knowledge_external/synthesis/high_priority_external_sourcing_plan_v48.tsv;knowledge_external/synthesis/high_priority_source_search_queries_v48.tsv
knowledge_external/templates/HIGH_PRIORITY_SOURCE_INTAKE_CHECKLIST_V48.md	node_field_matches.controls	PASS	expected=scripts/v48_high_priority_source_intake_checklist_freshness_linter.py observed=scripts/v48_high_priority_source_intake_checklist_freshness_linter.py
knowledge_external/templates/HIGH_PRIORITY_SOURCE_INTAKE_CHECKLIST_V48.md	node_field_matches.boundary	PASS	expected=future-search/navigation only observed=future-search/navigation only
knowledge_external/templates/SOURCE_INTAKE_OPERATOR_QUICKSTART_V48.md	node_present	PASS	/Users/soeren.leibach/Projects/ms-auto-research/knowledge_external/catalogs/indexes/v48_external_synthesis_dependency_graph.tsv
knowledge_external/templates/SOURCE_INTAKE_OPERATOR_QUICKSTART_V48.md	node_field_matches.artifact	PASS	expected=Source-intake operator quickstart observed=Source-intake operator quickstart
knowledge_external/templates/SOURCE_INTAKE_OPERATOR_QUICKSTART_V48.md	node_field_matches.output	PASS	expected=knowledge_external/templates/SOURCE_INTAKE_OPERATOR_QUICKSTART_V48.md observed=knowledge_external/templates/SOURCE_INTAKE_OPERATOR_QUICKSTART_V48.md
knowledge_external/templates/SOURCE_INTAKE_OPERATOR_QUICKSTART_V48.md	node_field_matches.output_exists	PASS	expected=yes observed=yes
knowledge_external/templates/SOURCE_INTAKE_OPERATOR_QUICKSTART_V48.md	node_field_matches.n_inputs	PASS	expected=4 observed=4
knowledge_external/templates/SOURCE_INTAKE_OPERATOR_QUICKSTART_V48.md	node_field_matches.n_controls	PASS	expected=1 observed=1
knowledge_external/templates/SOURCE_INTAKE_OPERATOR_QUICKSTART_V48.md	node_field_matches.inputs	PASS	expected=docs/knowledge/EPISTEMIC_CLASSES.md;knowledge_external/synthesis/HIGH_PRIORITY_EXTERNAL_SOURCING_PLAN_V48.md;knowledge_external/synthesis/HIGH_PRIORITY_SOURCE_SEARCH_QUERIES_V48.md;knowledge_external/templates/HIGH_PRIORITY_SOURCE_INTAKE_CHECKLIST_V48.md observed=docs/knowledge/EPISTEMIC_CLASSES.md;knowledge_external/synthesis/HIGH_PRIORITY_EXTERNAL_SOURCING_PLAN_V48.md;knowledge_external/synthesis/HIGH_PRIORITY_SOURCE_SEARCH_QUERIES_V48.md;knowledge_external/templates/HIGH_PRIORITY_SOURCE_INTAKE_CHECKLIST_V48.md
knowledge_external/templates/SOURCE_INTAKE_OPERATOR_QUICKSTART_V48.md	node_field_matches.controls	PASS	expected=scripts/v48_source_intake_operator_quickstart_freshness_linter.py observed=scripts/v48_source_intake_operator_quickstart_freshness_linter.py
knowledge_external/templates/SOURCE_INTAKE_OPERATOR_QUICKSTART_V48.md	node_field_matches.boundary	PASS	expected=future-search/navigation only observed=future-search/navigation only
analysis/v48_governance_preflight/v48_governance_preflight_plan.tsv||knowledge_external/catalogs/indexes/V48_GOVERNANCE_NAVIGATION.md||input_to_artifact	edge_present	PASS	/Users/soeren.leibach/Projects/ms-auto-research/knowledge_external/catalogs/indexes/v48_external_synthesis_dependency_edges.tsv
analysis/v48_governance_preflight/v48_governance_preflight_plan.tsv||knowledge_external/catalogs/indexes/V48_GOVERNANCE_NAVIGATION.md||input_to_artifact	edge_field_matches.source	PASS	expected=analysis/v48_governance_preflight/v48_governance_preflight_plan.tsv observed=analysis/v48_governance_preflight/v48_governance_preflight_plan.tsv
analysis/v48_governance_preflight/v48_governance_preflight_plan.tsv||knowledge_external/catalogs/indexes/V48_GOVERNANCE_NAVIGATION.md||input_to_artifact	edge_field_matches.target	PASS	expected=knowledge_external/catalogs/indexes/V48_GOVERNANCE_NAVIGATION.md observed=knowledge_external/catalogs/indexes/V48_GOVERNANCE_NAVIGATION.md
analysis/v48_governance_preflight/v48_governance_preflight_plan.tsv||knowledge_external/catalogs/indexes/V48_GOVERNANCE_NAVIGATION.md||input_to_artifact	edge_field_matches.edge_type	PASS	expected=input_to_artifact observed=input_to_artifact
analysis/v48_governance_preflight/v48_governance_preflight_plan.tsv||knowledge_external/catalogs/indexes/V48_GOVERNANCE_NAVIGATION.md||input_to_artifact	edge_field_matches.target_artifact	PASS	expected=V48 governance navigation observed=V48 governance navigation
analysis/v48_governance_preflight/v48_governance_preflight_plan.tsv||knowledge_external/catalogs/indexes/V48_GOVERNANCE_NAVIGATION.md||input_to_artifact	edge_field_matches.source_exists	PASS	expected=yes observed=yes
analysis/v48_governance_preflight/v48_governance_preflight_summary.json||knowledge_external/catalogs/indexes/V48_PREFLIGHT_SUMMARY_CARD.md||input_to_artifact	edge_present	PASS	/Users/soeren.leibach/Projects/ms-auto-research/knowledge_external/catalogs/indexes/v48_external_synthesis_dependency_edges.tsv
analysis/v48_governance_preflight/v48_governance_preflight_summary.json||knowledge_external/catalogs/indexes/V48_PREFLIGHT_SUMMARY_CARD.md||input_to_artifact	edge_field_matches.source	PASS	expected=analysis/v48_governance_preflight/v48_governance_preflight_summary.json observed=analysis/v48_governance_preflight/v48_governance_preflight_summary.json
analysis/v48_governance_preflight/v48_governance_preflight_summary.json||knowledge_external/catalogs/indexes/V48_PREFLIGHT_SUMMARY_CARD.md||input_to_artifact	edge_field_matches.target	PASS	expected=knowledge_external/catalogs/indexes/V48_PREFLIGHT_SUMMARY_CARD.md observed=knowledge_external/catalogs/indexes/V48_PREFLIGHT_SUMMARY_CARD.md
analysis/v48_governance_preflight/v48_governance_preflight_summary.json||knowledge_external/catalogs/indexes/V48_PREFLIGHT_SUMMARY_CARD.md||input_to_artifact	edge_field_matches.edge_type	PASS	expected=input_to_artifact observed=input_to_artifact
analysis/v48_governance_preflight/v48_governance_preflight_summary.json||knowledge_external/catalogs/indexes/V48_PREFLIGHT_SUMMARY_CARD.md||input_to_artifact	edge_field_matches.target_artifact	PASS	expected=V48 preflight summary card observed=V48 preflight summary card
analysis/v48_governance_preflight/v48_governance_preflight_summary.json||knowledge_external/catalogs/indexes/V48_PREFLIGHT_SUMMARY_CARD.md||input_to_artifact	edge_field_matches.source_exists	PASS	expected=yes observed=yes
analysis/v48_governance_preflight/v48_governance_preflight_summary.json||knowledge_external/synthesis/CONVERGENCE_CONTRADICTION_EXECUTIVE_CARD_V48.md||input_to_artifact	edge_present	PASS	/Users/soeren.leibach/Projects/ms-auto-research/knowledge_external/catalogs/indexes/v48_external_synthesis_dependency_edges.tsv
analysis/v48_governance_preflight/v48_governance_preflight_summary.json||knowledge_external/synthesis/CONVERGENCE_CONTRADICTION_EXECUTIVE_CARD_V48.md||input_to_artifact	edge_field_matches.source	PASS	expected=analysis/v48_governance_preflight/v48_governance_preflight_summary.json observed=analysis/v48_governance_preflight/v48_governance_preflight_summary.json
analysis/v48_governance_preflight/v48_governance_preflight_summary.json||knowledge_external/synthesis/CONVERGENCE_CONTRADICTION_EXECUTIVE_CARD_V48.md||input_to_artifact	edge_field_matches.target	PASS	expected=knowledge_external/synthesis/CONVERGENCE_CONTRADICTION_EXECUTIVE_CARD_V48.md observed=knowledge_external/synthesis/CONVERGENCE_CONTRADICTION_EXECUTIVE_CARD_V48.md
analysis/v48_governance_preflight/v48_governance_preflight_summary.json||knowledge_external/synthesis/CONVERGENCE_CONTRADICTION_EXECUTIVE_CARD_V48.md||input_to_artifact	edge_field_matches.edge_type	PASS	expected=input_to_artifact observed=input_to_artifact
analysis/v48_governance_preflight/v48_governance_preflight_summary.json||knowledge_external/synthesis/CONVERGENCE_CONTRADICTION_EXECUTIVE_CARD_V48.md||input_to_artifact	edge_field_matches.target_artifact	PASS	expected=V48 convergence/contradiction executive card observed=V48 convergence/contradiction executive card
analysis/v48_governance_preflight/v48_governance_preflight_summary.json||knowledge_external/synthesis/CONVERGENCE_CONTRADICTION_EXECUTIVE_CARD_V48.md||input_to_artifact	edge_field_matches.source_exists	PASS	expected=yes observed=yes
docs/knowledge/EPISTEMIC_CLASSES.md||knowledge_external/EXTERNAL_LAYER_READER_BRIEF_V48.md||input_to_artifact	edge_present	PASS	/Users/soeren.leibach/Projects/ms-auto-research/knowledge_external/catalogs/indexes/v48_external_synthesis_dependency_edges.tsv
docs/knowledge/EPISTEMIC_CLASSES.md||knowledge_external/EXTERNAL_LAYER_READER_BRIEF_V48.md||input_to_artifact	edge_field_matches.source	PASS	expected=docs/knowledge/EPISTEMIC_CLASSES.md observed=docs/knowledge/EPISTEMIC_CLASSES.md
docs/knowledge/EPISTEMIC_CLASSES.md||knowledge_external/EXTERNAL_LAYER_READER_BRIEF_V48.md||input_to_artifact	edge_field_matches.target	PASS	expected=knowledge_external/EXTERNAL_LAYER_READER_BRIEF_V48.md observed=knowledge_external/EXTERNAL_LAYER_READER_BRIEF_V48.md
docs/knowledge/EPISTEMIC_CLASSES.md||knowledge_external/EXTERNAL_LAYER_READER_BRIEF_V48.md||input_to_artifact	edge_field_matches.edge_type	PASS	expected=input_to_artifact observed=input_to_artifact
docs/knowledge/EPISTEMIC_CLASSES.md||knowledge_external/EXTERNAL_LAYER_READER_BRIEF_V48.md||input_to_artifact	edge_field_matches.target_artifact	PASS	expected=V48 external layer reader brief observed=V48 external layer reader brief
docs/knowledge/EPISTEMIC_CLASSES.md||knowledge_external/EXTERNAL_LAYER_READER_BRIEF_V48.md||input_to_artifact	edge_field_matches.source_exists	PASS	expected=yes observed=yes
docs/knowledge/EPISTEMIC_CLASSES.md||knowledge_external/templates/SOURCE_INTAKE_OPERATOR_QUICKSTART_V48.md||input_to_artifact	edge_present	PASS	/Users/soeren.leibach/Projects/ms-auto-research/knowledge_external/catalogs/indexes/v48_external_synthesis_dependency_edges.tsv
docs/knowledge/EPISTEMIC_CLASSES.md||knowledge_external/templates/SOURCE_INTAKE_OPERATOR_QUICKSTART_V48.md||input_to_artifact	edge_field_matches.source	PASS	expected=docs/knowledge/EPISTEMIC_CLASSES.md observed=docs/knowledge/EPISTEMIC_CLASSES.md
docs/knowledge/EPISTEMIC_CLASSES.md||knowledge_external/templates/SOURCE_INTAKE_OPERATOR_QUICKSTART_V48.md||input_to_artifact	edge_field_matches.target	PASS	expected=knowledge_external/templates/SOURCE_INTAKE_OPERATOR_QUICKSTART_V48.md observed=knowledge_external/templates/SOURCE_INTAKE_OPERATOR_QUICKSTART_V48.md
docs/knowledge/EPISTEMIC_CLASSES.md||knowledge_external/templates/SOURCE_INTAKE_OPERATOR_QUICKSTART_V48.md||input_to_artifact	edge_field_matches.edge_type	PASS	expected=input_to_artifact observed=input_to_artifact
docs/knowledge/EPISTEMIC_CLASSES.md||knowledge_external/templates/SOURCE_INTAKE_OPERATOR_QUICKSTART_V48.md||input_to_artifact	edge_field_matches.target_artifact	PASS	expected=Source-intake operator quickstart observed=Source-intake operator quickstart
docs/knowledge/EPISTEMIC_CLASSES.md||knowledge_external/templates/SOURCE_INTAKE_OPERATOR_QUICKSTART_V48.md||input_to_artifact	edge_field_matches.source_exists	PASS	expected=yes observed=yes
docs/reports/FINDINGS_REPORT_V37.md||knowledge_external/synthesis/CONVERGENCE_CONTRADICTION_V48.md||input_to_artifact	edge_present	PASS	/Users/soeren.leibach/Projects/ms-auto-research/knowledge_external/catalogs/indexes/v48_external_synthesis_dependency_edges.tsv
docs/reports/FINDINGS_REPORT_V37.md||knowledge_external/synthesis/CONVERGENCE_CONTRADICTION_V48.md||input_to_artifact	edge_field_matches.source	PASS	expected=docs/reports/FINDINGS_REPORT_V37.md observed=docs/reports/FINDINGS_REPORT_V37.md
docs/reports/FINDINGS_REPORT_V37.md||knowledge_external/synthesis/CONVERGENCE_CONTRADICTION_V48.md||input_to_artifact	edge_field_matches.target	PASS	expected=knowledge_external/synthesis/CONVERGENCE_CONTRADICTION_V48.md observed=knowledge_external/synthesis/CONVERGENCE_CONTRADICTION_V48.md
docs/reports/FINDINGS_REPORT_V37.md||knowledge_external/synthesis/CONVERGENCE_CONTRADICTION_V48.md||input_to_artifact	edge_field_matches.edge_type	PASS	expected=input_to_artifact observed=input_to_artifact
docs/reports/FINDINGS_REPORT_V37.md||knowledge_external/synthesis/CONVERGENCE_CONTRADICTION_V48.md||input_to_artifact	edge_field_matches.target_artifact	PASS	expected=V48 convergence/contradiction matrix observed=V48 convergence/contradiction matrix
docs/reports/FINDINGS_REPORT_V37.md||knowledge_external/synthesis/CONVERGENCE_CONTRADICTION_V48.md||input_to_artifact	edge_field_matches.source_exists	PASS	expected=yes observed=yes
docs/reports/FINDINGS_SCORES_V37.tsv||knowledge_external/synthesis/V37_FINDING_EXTERNAL_COVERAGE_V48.md||input_to_artifact	edge_present	PASS	/Users/soeren.leibach/Projects/ms-auto-research/knowledge_external/catalogs/indexes/v48_external_synthesis_dependency_edges.tsv
docs/reports/FINDINGS_SCORES_V37.tsv||knowledge_external/synthesis/V37_FINDING_EXTERNAL_COVERAGE_V48.md||input_to_artifact	edge_field_matches.source	PASS	expected=docs/reports/FINDINGS_SCORES_V37.tsv observed=docs/reports/FINDINGS_SCORES_V37.tsv
docs/reports/FINDINGS_SCORES_V37.tsv||knowledge_external/synthesis/V37_FINDING_EXTERNAL_COVERAGE_V48.md||input_to_artifact	edge_field_matches.target	PASS	expected=knowledge_external/synthesis/V37_FINDING_EXTERNAL_COVERAGE_V48.md observed=knowledge_external/synthesis/V37_FINDING_EXTERNAL_COVERAGE_V48.md
docs/reports/FINDINGS_SCORES_V37.tsv||knowledge_external/synthesis/V37_FINDING_EXTERNAL_COVERAGE_V48.md||input_to_artifact	edge_field_matches.edge_type	PASS	expected=input_to_artifact observed=input_to_artifact
docs/reports/FINDINGS_SCORES_V37.tsv||knowledge_external/synthesis/V37_FINDING_EXTERNAL_COVERAGE_V48.md||input_to_artifact	edge_field_matches.target_artifact	PASS	expected=V37 finding external coverage map observed=V37 finding external coverage map
docs/reports/FINDINGS_SCORES_V37.tsv||knowledge_external/synthesis/V37_FINDING_EXTERNAL_COVERAGE_V48.md||input_to_artifact	edge_field_matches.source_exists	PASS	expected=yes observed=yes
knowledge_external/INDEX.md||knowledge_external/EXTERNAL_LAYER_READER_BRIEF_V48.md||input_to_artifact	edge_present	PASS	/Users/soeren.leibach/Projects/ms-auto-research/knowledge_external/catalogs/indexes/v48_external_synthesis_dependency_edges.tsv
knowledge_external/INDEX.md||knowledge_external/EXTERNAL_LAYER_READER_BRIEF_V48.md||input_to_artifact	edge_field_matches.source	PASS	expected=knowledge_external/INDEX.md observed=knowledge_external/INDEX.md
knowledge_external/INDEX.md||knowledge_external/EXTERNAL_LAYER_READER_BRIEF_V48.md||input_to_artifact	edge_field_matches.target	PASS	expected=knowledge_external/EXTERNAL_LAYER_READER_BRIEF_V48.md observed=knowledge_external/EXTERNAL_LAYER_READER_BRIEF_V48.md
knowledge_external/INDEX.md||knowledge_external/EXTERNAL_LAYER_READER_BRIEF_V48.md||input_to_artifact	edge_field_matches.edge_type	PASS	expected=input_to_artifact observed=input_to_artifact
knowledge_external/INDEX.md||knowledge_external/EXTERNAL_LAYER_READER_BRIEF_V48.md||input_to_artifact	edge_field_matches.target_artifact	PASS	expected=V48 external layer reader brief observed=V48 external layer reader brief
knowledge_external/INDEX.md||knowledge_external/EXTERNAL_LAYER_READER_BRIEF_V48.md||input_to_artifact	edge_field_matches.source_exists	PASS	expected=yes observed=yes
knowledge_external/catalogs/indexes/convergence_contradiction_v48_summary.json||knowledge_external/synthesis/CONVERGENCE_CONTRADICTION_EXECUTIVE_CARD_V48.md||input_to_artifact	edge_present	PASS	/Users/soeren.leibach/Projects/ms-auto-research/knowledge_external/catalogs/indexes/v48_external_synthesis_dependency_edges.tsv
knowledge_external/catalogs/indexes/convergence_contradiction_v48_summary.json||knowledge_external/synthesis/CONVERGENCE_CONTRADICTION_EXECUTIVE_CARD_V48.md||input_to_artifact	edge_field_matches.source	PASS	expected=knowledge_external/catalogs/indexes/convergence_contradiction_v48_summary.json observed=knowledge_external/catalogs/indexes/convergence_contradiction_v48_summary.json
knowledge_external/catalogs/indexes/convergence_contradiction_v48_summary.json||knowledge_external/synthesis/CONVERGENCE_CONTRADICTION_EXECUTIVE_CARD_V48.md||input_to_artifact	edge_field_matches.target	PASS	expected=knowledge_external/synthesis/CONVERGENCE_CONTRADICTION_EXECUTIVE_CARD_V48.md observed=knowledge_external/synthesis/CONVERGENCE_CONTRADICTION_EXECUTIVE_CARD_V48.md
knowledge_external/catalogs/indexes/convergence_contradiction_v48_summary.json||knowledge_external/synthesis/CONVERGENCE_CONTRADICTION_EXECUTIVE_CARD_V48.md||input_to_artifact	edge_field_matches.edge_type	PASS	expected=input_to_artifact observed=input_to_artifact
knowledge_external/catalogs/indexes/convergence_contradiction_v48_summary.json||knowledge_external/synthesis/CONVERGENCE_CONTRADICTION_EXECUTIVE_CARD_V48.md||input_to_artifact	edge_field_matches.target_artifact	PASS	expected=V48 convergence/contradiction executive card observed=V48 convergence/contradiction executive card
knowledge_external/catalogs/indexes/convergence_contradiction_v48_summary.json||knowledge_external/synthesis/CONVERGENCE_CONTRADICTION_EXECUTIVE_CARD_V48.md||input_to_artifact	edge_field_matches.source_exists	PASS	expected=yes observed=yes
knowledge_external/catalogs/indexes/convergence_source_independence_v48_summary.json||knowledge_external/synthesis/CONVERGENCE_CONTRADICTION_EXECUTIVE_CARD_V48.md||input_to_artifact	edge_present	PASS	/Users/soeren.leibach/Projects/ms-auto-research/knowledge_external/catalogs/indexes/v48_external_synthesis_dependency_edges.tsv
knowledge_external/catalogs/indexes/convergence_source_independence_v48_summary.json||knowledge_external/synthesis/CONVERGENCE_CONTRADICTION_EXECUTIVE_CARD_V48.md||input_to_artifact	edge_field_matches.source	PASS	expected=knowledge_external/catalogs/indexes/convergence_source_independence_v48_summary.json observed=knowledge_external/catalogs/indexes/convergence_source_independence_v48_summary.json
knowledge_external/catalogs/indexes/convergence_source_independence_v48_summary.json||knowledge_external/synthesis/CONVERGENCE_CONTRADICTION_EXECUTIVE_CARD_V48.md||input_to_artifact	edge_field_matches.target	PASS	expected=knowledge_external/synthesis/CONVERGENCE_CONTRADICTION_EXECUTIVE_CARD_V48.md observed=knowledge_external/synthesis/CONVERGENCE_CONTRADICTION_EXECUTIVE_CARD_V48.md
knowledge_external/catalogs/indexes/convergence_source_independence_v48_summary.json||knowledge_external/synthesis/CONVERGENCE_CONTRADICTION_EXECUTIVE_CARD_V48.md||input_to_artifact	edge_field_matches.edge_type	PASS	expected=input_to_artifact observed=input_to_artifact
knowledge_external/catalogs/indexes/convergence_source_independence_v48_summary.json||knowledge_external/synthesis/CONVERGENCE_CONTRADICTION_EXECUTIVE_CARD_V48.md||input_to_artifact	edge_field_matches.target_artifact	PASS	expected=V48 convergence/contradiction executive card observed=V48 convergence/contradiction executive card
knowledge_external/catalogs/indexes/convergence_source_independence_v48_summary.json||knowledge_external/synthesis/CONVERGENCE_CONTRADICTION_EXECUTIVE_CARD_V48.md||input_to_artifact	edge_field_matches.source_exists	PASS	expected=yes observed=yes
knowledge_external/catalogs/indexes/governance_failure_mode_matrix_v48.tsv||knowledge_external/catalogs/indexes/V48_EVIDENCE_BOUNDARY_GLOSSARY.md||input_to_artifact	edge_present	PASS	/Users/soeren.leibach/Projects/ms-auto-research/knowledge_external/catalogs/indexes/v48_external_synthesis_dependency_edges.tsv
knowledge_external/catalogs/indexes/governance_failure_mode_matrix_v48.tsv||knowledge_external/catalogs/indexes/V48_EVIDENCE_BOUNDARY_GLOSSARY.md||input_to_artifact	edge_field_matches.source	PASS	expected=knowledge_external/catalogs/indexes/governance_failure_mode_matrix_v48.tsv observed=knowledge_external/catalogs/indexes/governance_failure_mode_matrix_v48.tsv
knowledge_external/catalogs/indexes/governance_failure_mode_matrix_v48.tsv||knowledge_external/catalogs/indexes/V48_EVIDENCE_BOUNDARY_GLOSSARY.md||input_to_artifact	edge_field_matches.target	PASS	expected=knowledge_external/catalogs/indexes/V48_EVIDENCE_BOUNDARY_GLOSSARY.md observed=knowledge_external/catalogs/indexes/V48_EVIDENCE_BOUNDARY_GLOSSARY.md
knowledge_external/catalogs/indexes/governance_failure_mode_matrix_v48.tsv||knowledge_external/catalogs/indexes/V48_EVIDENCE_BOUNDARY_GLOSSARY.md||input_to_artifact	edge_field_matches.edge_type	PASS	expected=input_to_artifact observed=input_to_artifact
knowledge_external/catalogs/indexes/governance_failure_mode_matrix_v48.tsv||knowledge_external/catalogs/indexes/V48_EVIDENCE_BOUNDARY_GLOSSARY.md||input_to_artifact	edge_field_matches.target_artifact	PASS	expected=V48 evidence-boundary glossary observed=V48 evidence-boundary glossary
knowledge_external/catalogs/indexes/governance_failure_mode_matrix_v48.tsv||knowledge_external/catalogs/indexes/V48_EVIDENCE_BOUNDARY_GLOSSARY.md||input_to_artifact	edge_field_matches.source_exists	PASS	expected=yes observed=yes
knowledge_external/catalogs/indexes/governance_failure_mode_matrix_v48_summary.json||knowledge_external/catalogs/indexes/V48_PREFLIGHT_SUMMARY_CARD.md||input_to_artifact	edge_present	PASS	/Users/soeren.leibach/Projects/ms-auto-research/knowledge_external/catalogs/indexes/v48_external_synthesis_dependency_edges.tsv
knowledge_external/catalogs/indexes/governance_failure_mode_matrix_v48_summary.json||knowledge_external/catalogs/indexes/V48_PREFLIGHT_SUMMARY_CARD.md||input_to_artifact	edge_field_matches.source	PASS	expected=knowledge_external/catalogs/indexes/governance_failure_mode_matrix_v48_summary.json observed=knowledge_external/catalogs/indexes/governance_failure_mode_matrix_v48_summary.json
knowledge_external/catalogs/indexes/governance_failure_mode_matrix_v48_summary.json||knowledge_external/catalogs/indexes/V48_PREFLIGHT_SUMMARY_CARD.md||input_to_artifact	edge_field_matches.target	PASS	expected=knowledge_external/catalogs/indexes/V48_PREFLIGHT_SUMMARY_CARD.md observed=knowledge_external/catalogs/indexes/V48_PREFLIGHT_SUMMARY_CARD.md
knowledge_external/catalogs/indexes/governance_failure_mode_matrix_v48_summary.json||knowledge_external/catalogs/indexes/V48_PREFLIGHT_SUMMARY_CARD.md||input_to_artifact	edge_field_matches.edge_type	PASS	expected=input_to_artifact observed=input_to_artifact
knowledge_external/catalogs/indexes/governance_failure_mode_matrix_v48_summary.json||knowledge_external/catalogs/indexes/V48_PREFLIGHT_SUMMARY_CARD.md||input_to_artifact	edge_field_matches.target_artifact	PASS	expected=V48 preflight summary card observed=V48 preflight summary card
knowledge_external/catalogs/indexes/governance_failure_mode_matrix_v48_summary.json||knowledge_external/catalogs/indexes/V48_PREFLIGHT_SUMMARY_CARD.md||input_to_artifact	edge_field_matches.source_exists	PASS	expected=yes observed=yes
knowledge_external/catalogs/indexes/source_terms_coverage_v48.tsv||knowledge_external/catalogs/indexes/HIGH_PRIORITY_SOURCE_TERMS_PACKET_V48.md||input_to_artifact	edge_present	PASS	/Users/soeren.leibach/Projects/ms-auto-research/knowledge_external/catalogs/indexes/v48_external_synthesis_dependency_edges.tsv
knowledge_external/catalogs/indexes/source_terms_coverage_v48.tsv||knowledge_external/catalogs/indexes/HIGH_PRIORITY_SOURCE_TERMS_PACKET_V48.md||input_to_artifact	edge_field_matches.source	PASS	expected=knowledge_external/catalogs/indexes/source_terms_coverage_v48.tsv observed=knowledge_external/catalogs/indexes/source_terms_coverage_v48.tsv
knowledge_external/catalogs/indexes/source_terms_coverage_v48.tsv||knowledge_external/catalogs/indexes/HIGH_PRIORITY_SOURCE_TERMS_PACKET_V48.md||input_to_artifact	edge_field_matches.target	PASS	expected=knowledge_external/catalogs/indexes/HIGH_PRIORITY_SOURCE_TERMS_PACKET_V48.md observed=knowledge_external/catalogs/indexes/HIGH_PRIORITY_SOURCE_TERMS_PACKET_V48.md
knowledge_external/catalogs/indexes/source_terms_coverage_v48.tsv||knowledge_external/catalogs/indexes/HIGH_PRIORITY_SOURCE_TERMS_PACKET_V48.md||input_to_artifact	edge_field_matches.edge_type	PASS	expected=input_to_artifact observed=input_to_artifact
knowledge_external/catalogs/indexes/source_terms_coverage_v48.tsv||knowledge_external/catalogs/indexes/HIGH_PRIORITY_SOURCE_TERMS_PACKET_V48.md||input_to_artifact	edge_field_matches.target_artifact	PASS	expected=V48 high-priority source-terms packet observed=V48 high-priority source-terms packet
knowledge_external/catalogs/indexes/source_terms_coverage_v48.tsv||knowledge_external/catalogs/indexes/HIGH_PRIORITY_SOURCE_TERMS_PACKET_V48.md||input_to_artifact	edge_field_matches.source_exists	PASS	expected=yes observed=yes
knowledge_external/catalogs/indexes/v37_external_coverage_gap_priority_v48_summary.json||knowledge_external/synthesis/CONVERGENCE_CONTRADICTION_EXECUTIVE_CARD_V48.md||input_to_artifact	edge_present	PASS	/Users/soeren.leibach/Projects/ms-auto-research/knowledge_external/catalogs/indexes/v48_external_synthesis_dependency_edges.tsv
knowledge_external/catalogs/indexes/v37_external_coverage_gap_priority_v48_summary.json||knowledge_external/synthesis/CONVERGENCE_CONTRADICTION_EXECUTIVE_CARD_V48.md||input_to_artifact	edge_field_matches.source	PASS	expected=knowledge_external/catalogs/indexes/v37_external_coverage_gap_priority_v48_summary.json observed=knowledge_external/catalogs/indexes/v37_external_coverage_gap_priority_v48_summary.json
knowledge_external/catalogs/indexes/v37_external_coverage_gap_priority_v48_summary.json||knowledge_external/synthesis/CONVERGENCE_CONTRADICTION_EXECUTIVE_CARD_V48.md||input_to_artifact	edge_field_matches.target	PASS	expected=knowledge_external/synthesis/CONVERGENCE_CONTRADICTION_EXECUTIVE_CARD_V48.md observed=knowledge_external/synthesis/CONVERGENCE_CONTRADICTION_EXECUTIVE_CARD_V48.md
knowledge_external/catalogs/indexes/v37_external_coverage_gap_priority_v48_summary.json||knowledge_external/synthesis/CONVERGENCE_CONTRADICTION_EXECUTIVE_CARD_V48.md||input_to_artifact	edge_field_matches.edge_type	PASS	expected=input_to_artifact observed=input_to_artifact
knowledge_external/catalogs/indexes/v37_external_coverage_gap_priority_v48_summary.json||knowledge_external/synthesis/CONVERGENCE_CONTRADICTION_EXECUTIVE_CARD_V48.md||input_to_artifact	edge_field_matches.target_artifact	PASS	expected=V48 convergence/contradiction executive card observed=V48 convergence/contradiction executive card
knowledge_external/catalogs/indexes/v37_external_coverage_gap_priority_v48_summary.json||knowledge_external/synthesis/CONVERGENCE_CONTRADICTION_EXECUTIVE_CARD_V48.md||input_to_artifact	edge_field_matches.source_exists	PASS	expected=yes observed=yes
knowledge_external/catalogs/indexes/v48_governance_navigation.tsv||knowledge_external/catalogs/indexes/GOVERNANCE_FAILURE_MODE_MATRIX_V48.md||input_to_artifact	edge_present	PASS	/Users/soeren.leibach/Projects/ms-auto-research/knowledge_external/catalogs/indexes/v48_external_synthesis_dependency_edges.tsv
knowledge_external/catalogs/indexes/v48_governance_navigation.tsv||knowledge_external/catalogs/indexes/GOVERNANCE_FAILURE_MODE_MATRIX_V48.md||input_to_artifact	edge_field_matches.source	PASS	expected=knowledge_external/catalogs/indexes/v48_governance_navigation.tsv observed=knowledge_external/catalogs/indexes/v48_governance_navigation.tsv
knowledge_external/catalogs/indexes/v48_governance_navigation.tsv||knowledge_external/catalogs/indexes/GOVERNANCE_FAILURE_MODE_MATRIX_V48.md||input_to_artifact	edge_field_matches.target	PASS	expected=knowledge_external/catalogs/indexes/GOVERNANCE_FAILURE_MODE_MATRIX_V48.md observed=knowledge_external/catalogs/indexes/GOVERNANCE_FAILURE_MODE_MATRIX_V48.md
knowledge_external/catalogs/indexes/v48_governance_navigation.tsv||knowledge_external/catalogs/indexes/GOVERNANCE_FAILURE_MODE_MATRIX_V48.md||input_to_artifact	edge_field_matches.edge_type	PASS	expected=input_to_artifact observed=input_to_artifact
knowledge_external/catalogs/indexes/v48_governance_navigation.tsv||knowledge_external/catalogs/indexes/GOVERNANCE_FAILURE_MODE_MATRIX_V48.md||input_to_artifact	edge_field_matches.target_artifact	PASS	expected=V48 governance failure-mode matrix observed=V48 governance failure-mode matrix
knowledge_external/catalogs/indexes/v48_governance_navigation.tsv||knowledge_external/catalogs/indexes/GOVERNANCE_FAILURE_MODE_MATRIX_V48.md||input_to_artifact	edge_field_matches.source_exists	PASS	expected=yes observed=yes
knowledge_external/catalogs/indexes/v48_governance_navigation_summary.json||knowledge_external/catalogs/indexes/V48_PREFLIGHT_SUMMARY_CARD.md||input_to_artifact	edge_present	PASS	/Users/soeren.leibach/Projects/ms-auto-research/knowledge_external/catalogs/indexes/v48_external_synthesis_dependency_edges.tsv
knowledge_external/catalogs/indexes/v48_governance_navigation_summary.json||knowledge_external/catalogs/indexes/V48_PREFLIGHT_SUMMARY_CARD.md||input_to_artifact	edge_field_matches.source	PASS	expected=knowledge_external/catalogs/indexes/v48_governance_navigation_summary.json observed=knowledge_external/catalogs/indexes/v48_governance_navigation_summary.json
knowledge_external/catalogs/indexes/v48_governance_navigation_summary.json||knowledge_external/catalogs/indexes/V48_PREFLIGHT_SUMMARY_CARD.md||input_to_artifact	edge_field_matches.target	PASS	expected=knowledge_external/catalogs/indexes/V48_PREFLIGHT_SUMMARY_CARD.md observed=knowledge_external/catalogs/indexes/V48_PREFLIGHT_SUMMARY_CARD.md
knowledge_external/catalogs/indexes/v48_governance_navigation_summary.json||knowledge_external/catalogs/indexes/V48_PREFLIGHT_SUMMARY_CARD.md||input_to_artifact	edge_field_matches.edge_type	PASS	expected=input_to_artifact observed=input_to_artifact
knowledge_external/catalogs/indexes/v48_governance_navigation_summary.json||knowledge_external/catalogs/indexes/V48_PREFLIGHT_SUMMARY_CARD.md||input_to_artifact	edge_field_matches.target_artifact	PASS	expected=V48 preflight summary card observed=V48 preflight summary card
knowledge_external/catalogs/indexes/v48_governance_navigation_summary.json||knowledge_external/catalogs/indexes/V48_PREFLIGHT_SUMMARY_CARD.md||input_to_artifact	edge_field_matches.source_exists	PASS	expected=yes observed=yes
knowledge_external/catalogs/indexes/||knowledge_external/INDEX.md||input_to_artifact	edge_present	PASS	/Users/soeren.leibach/Projects/ms-auto-research/knowledge_external/catalogs/indexes/v48_external_synthesis_dependency_edges.tsv
knowledge_external/catalogs/indexes/||knowledge_external/INDEX.md||input_to_artifact	edge_field_matches.source	PASS	expected=knowledge_external/catalogs/indexes/ observed=knowledge_external/catalogs/indexes/
knowledge_external/catalogs/indexes/||knowledge_external/INDEX.md||input_to_artifact	edge_field_matches.target	PASS	expected=knowledge_external/INDEX.md observed=knowledge_external/INDEX.md
knowledge_external/catalogs/indexes/||knowledge_external/INDEX.md||input_to_artifact	edge_field_matches.edge_type	PASS	expected=input_to_artifact observed=input_to_artifact
knowledge_external/catalogs/indexes/||knowledge_external/INDEX.md||input_to_artifact	edge_field_matches.target_artifact	PASS	expected=Public external index observed=Public external index
knowledge_external/catalogs/indexes/||knowledge_external/INDEX.md||input_to_artifact	edge_field_matches.source_exists	PASS	expected=pattern_or_directory observed=pattern_or_directory
knowledge_external/catalogs/records/resource.*.json||knowledge_external/catalogs/indexes/EXTERNAL_RESOURCE_COMPARATOR_MATRIX_V48.md||input_to_artifact	edge_present	PASS	/Users/soeren.leibach/Projects/ms-auto-research/knowledge_external/catalogs/indexes/v48_external_synthesis_dependency_edges.tsv
knowledge_external/catalogs/records/resource.*.json||knowledge_external/catalogs/indexes/EXTERNAL_RESOURCE_COMPARATOR_MATRIX_V48.md||input_to_artifact	edge_field_matches.source	PASS	expected=knowledge_external/catalogs/records/resource.*.json observed=knowledge_external/catalogs/records/resource.*.json
knowledge_external/catalogs/records/resource.*.json||knowledge_external/catalogs/indexes/EXTERNAL_RESOURCE_COMPARATOR_MATRIX_V48.md||input_to_artifact	edge_field_matches.target	PASS	expected=knowledge_external/catalogs/indexes/EXTERNAL_RESOURCE_COMPARATOR_MATRIX_V48.md observed=knowledge_external/catalogs/indexes/EXTERNAL_RESOURCE_COMPARATOR_MATRIX_V48.md
knowledge_external/catalogs/records/resource.*.json||knowledge_external/catalogs/indexes/EXTERNAL_RESOURCE_COMPARATOR_MATRIX_V48.md||input_to_artifact	edge_field_matches.edge_type	PASS	expected=input_to_artifact observed=input_to_artifact
knowledge_external/catalogs/records/resource.*.json||knowledge_external/catalogs/indexes/EXTERNAL_RESOURCE_COMPARATOR_MATRIX_V48.md||input_to_artifact	edge_field_matches.target_artifact	PASS	expected=V48 external resource comparator matrix observed=V48 external resource comparator matrix
knowledge_external/catalogs/records/resource.*.json||knowledge_external/catalogs/indexes/EXTERNAL_RESOURCE_COMPARATOR_MATRIX_V48.md||input_to_artifact	edge_field_matches.source_exists	PASS	expected=pattern_or_directory observed=pattern_or_directory
knowledge_external/catalogs/records/||knowledge_external/catalogs/indexes/SOURCE_DOMAIN_REVIEW_V48.md||input_to_artifact	edge_present	PASS	/Users/soeren.leibach/Projects/ms-auto-research/knowledge_external/catalogs/indexes/v48_external_synthesis_dependency_edges.tsv
knowledge_external/catalogs/records/||knowledge_external/catalogs/indexes/SOURCE_DOMAIN_REVIEW_V48.md||input_to_artifact	edge_field_matches.source	PASS	expected=knowledge_external/catalogs/records/ observed=knowledge_external/catalogs/records/
knowledge_external/catalogs/records/||knowledge_external/catalogs/indexes/SOURCE_DOMAIN_REVIEW_V48.md||input_to_artifact	edge_field_matches.target	PASS	expected=knowledge_external/catalogs/indexes/SOURCE_DOMAIN_REVIEW_V48.md observed=knowledge_external/catalogs/indexes/SOURCE_DOMAIN_REVIEW_V48.md
knowledge_external/catalogs/records/||knowledge_external/catalogs/indexes/SOURCE_DOMAIN_REVIEW_V48.md||input_to_artifact	edge_field_matches.edge_type	PASS	expected=input_to_artifact observed=input_to_artifact
knowledge_external/catalogs/records/||knowledge_external/catalogs/indexes/SOURCE_DOMAIN_REVIEW_V48.md||input_to_artifact	edge_field_matches.target_artifact	PASS	expected=V48 source-domain review observed=V48 source-domain review
knowledge_external/catalogs/records/||knowledge_external/catalogs/indexes/SOURCE_DOMAIN_REVIEW_V48.md||input_to_artifact	edge_field_matches.source_exists	PASS	expected=pattern_or_directory observed=pattern_or_directory
knowledge_external/catalogs/records/||knowledge_external/catalogs/indexes/SOURCE_TERMS_COVERAGE_V48.md||input_to_artifact	edge_present	PASS	/Users/soeren.leibach/Projects/ms-auto-research/knowledge_external/catalogs/indexes/v48_external_synthesis_dependency_edges.tsv
knowledge_external/catalogs/records/||knowledge_external/catalogs/indexes/SOURCE_TERMS_COVERAGE_V48.md||input_to_artifact	edge_field_matches.source	PASS	expected=knowledge_external/catalogs/records/ observed=knowledge_external/catalogs/records/
knowledge_external/catalogs/records/||knowledge_external/catalogs/indexes/SOURCE_TERMS_COVERAGE_V48.md||input_to_artifact	edge_field_matches.target	PASS	expected=knowledge_external/catalogs/indexes/SOURCE_TERMS_COVERAGE_V48.md observed=knowledge_external/catalogs/indexes/SOURCE_TERMS_COVERAGE_V48.md
knowledge_external/catalogs/records/||knowledge_external/catalogs/indexes/SOURCE_TERMS_COVERAGE_V48.md||input_to_artifact	edge_field_matches.edge_type	PASS	expected=input_to_artifact observed=input_to_artifact
knowledge_external/catalogs/records/||knowledge_external/catalogs/indexes/SOURCE_TERMS_COVERAGE_V48.md||input_to_artifact	edge_field_matches.target_artifact	PASS	expected=V48 source-terms coverage observed=V48 source-terms coverage
knowledge_external/catalogs/records/||knowledge_external/catalogs/indexes/SOURCE_TERMS_COVERAGE_V48.md||input_to_artifact	edge_field_matches.source_exists	PASS	expected=pattern_or_directory observed=pattern_or_directory
knowledge_external/catalogs/records/||knowledge_external/catalogs/indexes/SOURCE_URL_DUPLICATE_REVIEW_V48.md||input_to_artifact	edge_present	PASS	/Users/soeren.leibach/Projects/ms-auto-research/knowledge_external/catalogs/indexes/v48_external_synthesis_dependency_edges.tsv
knowledge_external/catalogs/records/||knowledge_external/catalogs/indexes/SOURCE_URL_DUPLICATE_REVIEW_V48.md||input_to_artifact	edge_field_matches.source	PASS	expected=knowledge_external/catalogs/records/ observed=knowledge_external/catalogs/records/
knowledge_external/catalogs/records/||knowledge_external/catalogs/indexes/SOURCE_URL_DUPLICATE_REVIEW_V48.md||input_to_artifact	edge_field_matches.target	PASS	expected=knowledge_external/catalogs/indexes/SOURCE_URL_DUPLICATE_REVIEW_V48.md observed=knowledge_external/catalogs/indexes/SOURCE_URL_DUPLICATE_REVIEW_V48.md
knowledge_external/catalogs/records/||knowledge_external/catalogs/indexes/SOURCE_URL_DUPLICATE_REVIEW_V48.md||input_to_artifact	edge_field_matches.edge_type	PASS	expected=input_to_artifact observed=input_to_artifact
knowledge_external/catalogs/records/||knowledge_external/catalogs/indexes/SOURCE_URL_DUPLICATE_REVIEW_V48.md||input_to_artifact	edge_field_matches.target_artifact	PASS	expected=External source URL duplicate review observed=External source URL duplicate review
knowledge_external/catalogs/records/||knowledge_external/catalogs/indexes/SOURCE_URL_DUPLICATE_REVIEW_V48.md||input_to_artifact	edge_field_matches.source_exists	PASS	expected=pattern_or_directory observed=pattern_or_directory
knowledge_external/catalogs/records/||knowledge_external/synthesis/CONVERGENCE_CONTRADICTION_V48.md||input_to_artifact	edge_present	PASS	/Users/soeren.leibach/Projects/ms-auto-research/knowledge_external/catalogs/indexes/v48_external_synthesis_dependency_edges.tsv
knowledge_external/catalogs/records/||knowledge_external/synthesis/CONVERGENCE_CONTRADICTION_V48.md||input_to_artifact	edge_field_matches.source	PASS	expected=knowledge_external/catalogs/records/ observed=knowledge_external/catalogs/records/
knowledge_external/catalogs/records/||knowledge_external/synthesis/CONVERGENCE_CONTRADICTION_V48.md||input_to_artifact	edge_field_matches.target	PASS	expected=knowledge_external/synthesis/CONVERGENCE_CONTRADICTION_V48.md observed=knowledge_external/synthesis/CONVERGENCE_CONTRADICTION_V48.md
knowledge_external/catalogs/records/||knowledge_external/synthesis/CONVERGENCE_CONTRADICTION_V48.md||input_to_artifact	edge_field_matches.edge_type	PASS	expected=input_to_artifact observed=input_to_artifact
knowledge_external/catalogs/records/||knowledge_external/synthesis/CONVERGENCE_CONTRADICTION_V48.md||input_to_artifact	edge_field_matches.target_artifact	PASS	expected=V48 convergence/contradiction matrix observed=V48 convergence/contradiction matrix
knowledge_external/catalogs/records/||knowledge_external/synthesis/CONVERGENCE_CONTRADICTION_V48.md||input_to_artifact	edge_field_matches.source_exists	PASS	expected=pattern_or_directory observed=pattern_or_directory
knowledge_external/catalogs/records/||knowledge_external/synthesis/CONVERGENCE_SOURCE_INDEPENDENCE_V48.md||input_to_artifact	edge_present	PASS	/Users/soeren.leibach/Projects/ms-auto-research/knowledge_external/catalogs/indexes/v48_external_synthesis_dependency_edges.tsv
knowledge_external/catalogs/records/||knowledge_external/synthesis/CONVERGENCE_SOURCE_INDEPENDENCE_V48.md||input_to_artifact	edge_field_matches.source	PASS	expected=knowledge_external/catalogs/records/ observed=knowledge_external/catalogs/records/
knowledge_external/catalogs/records/||knowledge_external/synthesis/CONVERGENCE_SOURCE_INDEPENDENCE_V48.md||input_to_artifact	edge_field_matches.target	PASS	expected=knowledge_external/synthesis/CONVERGENCE_SOURCE_INDEPENDENCE_V48.md observed=knowledge_external/synthesis/CONVERGENCE_SOURCE_INDEPENDENCE_V48.md
knowledge_external/catalogs/records/||knowledge_external/synthesis/CONVERGENCE_SOURCE_INDEPENDENCE_V48.md||input_to_artifact	edge_field_matches.edge_type	PASS	expected=input_to_artifact observed=input_to_artifact
knowledge_external/catalogs/records/||knowledge_external/synthesis/CONVERGENCE_SOURCE_INDEPENDENCE_V48.md||input_to_artifact	edge_field_matches.target_artifact	PASS	expected=V48 convergence source-independence matrix observed=V48 convergence source-independence matrix
knowledge_external/catalogs/records/||knowledge_external/synthesis/CONVERGENCE_SOURCE_INDEPENDENCE_V48.md||input_to_artifact	edge_field_matches.source_exists	PASS	expected=pattern_or_directory observed=pattern_or_directory
knowledge_external/synthesis/CONVERGENCE_CONTRADICTION_V48.md||knowledge_external/EXTERNAL_LAYER_READER_BRIEF_V48.md||input_to_artifact	edge_present	PASS	/Users/soeren.leibach/Projects/ms-auto-research/knowledge_external/catalogs/indexes/v48_external_synthesis_dependency_edges.tsv
knowledge_external/synthesis/CONVERGENCE_CONTRADICTION_V48.md||knowledge_external/EXTERNAL_LAYER_READER_BRIEF_V48.md||input_to_artifact	edge_field_matches.source	PASS	expected=knowledge_external/synthesis/CONVERGENCE_CONTRADICTION_V48.md observed=knowledge_external/synthesis/CONVERGENCE_CONTRADICTION_V48.md
knowledge_external/synthesis/CONVERGENCE_CONTRADICTION_V48.md||knowledge_external/EXTERNAL_LAYER_READER_BRIEF_V48.md||input_to_artifact	edge_field_matches.target	PASS	expected=knowledge_external/EXTERNAL_LAYER_READER_BRIEF_V48.md observed=knowledge_external/EXTERNAL_LAYER_READER_BRIEF_V48.md
knowledge_external/synthesis/CONVERGENCE_CONTRADICTION_V48.md||knowledge_external/EXTERNAL_LAYER_READER_BRIEF_V48.md||input_to_artifact	edge_field_matches.edge_type	PASS	expected=input_to_artifact observed=input_to_artifact
knowledge_external/synthesis/CONVERGENCE_CONTRADICTION_V48.md||knowledge_external/EXTERNAL_LAYER_READER_BRIEF_V48.md||input_to_artifact	edge_field_matches.target_artifact	PASS	expected=V48 external layer reader brief observed=V48 external layer reader brief
knowledge_external/synthesis/CONVERGENCE_CONTRADICTION_V48.md||knowledge_external/EXTERNAL_LAYER_READER_BRIEF_V48.md||input_to_artifact	edge_field_matches.source_exists	PASS	expected=yes observed=yes
knowledge_external/synthesis/HIGH_PRIORITY_EXTERNAL_SOURCING_PLAN_V48.md||knowledge_external/templates/SOURCE_INTAKE_OPERATOR_QUICKSTART_V48.md||input_to_artifact	edge_present	PASS	/Users/soeren.leibach/Projects/ms-auto-research/knowledge_external/catalogs/indexes/v48_external_synthesis_dependency_edges.tsv
knowledge_external/synthesis/HIGH_PRIORITY_EXTERNAL_SOURCING_PLAN_V48.md||knowledge_external/templates/SOURCE_INTAKE_OPERATOR_QUICKSTART_V48.md||input_to_artifact	edge_field_matches.source	PASS	expected=knowledge_external/synthesis/HIGH_PRIORITY_EXTERNAL_SOURCING_PLAN_V48.md observed=knowledge_external/synthesis/HIGH_PRIORITY_EXTERNAL_SOURCING_PLAN_V48.md
knowledge_external/synthesis/HIGH_PRIORITY_EXTERNAL_SOURCING_PLAN_V48.md||knowledge_external/templates/SOURCE_INTAKE_OPERATOR_QUICKSTART_V48.md||input_to_artifact	edge_field_matches.target	PASS	expected=knowledge_external/templates/SOURCE_INTAKE_OPERATOR_QUICKSTART_V48.md observed=knowledge_external/templates/SOURCE_INTAKE_OPERATOR_QUICKSTART_V48.md
knowledge_external/synthesis/HIGH_PRIORITY_EXTERNAL_SOURCING_PLAN_V48.md||knowledge_external/templates/SOURCE_INTAKE_OPERATOR_QUICKSTART_V48.md||input_to_artifact	edge_field_matches.edge_type	PASS	expected=input_to_artifact observed=input_to_artifact
knowledge_external/synthesis/HIGH_PRIORITY_EXTERNAL_SOURCING_PLAN_V48.md||knowledge_external/templates/SOURCE_INTAKE_OPERATOR_QUICKSTART_V48.md||input_to_artifact	edge_field_matches.target_artifact	PASS	expected=Source-intake operator quickstart observed=Source-intake operator quickstart
knowledge_external/synthesis/HIGH_PRIORITY_EXTERNAL_SOURCING_PLAN_V48.md||knowledge_external/templates/SOURCE_INTAKE_OPERATOR_QUICKSTART_V48.md||input_to_artifact	edge_field_matches.source_exists	PASS	expected=yes observed=yes
knowledge_external/synthesis/HIGH_PRIORITY_SOURCE_SEARCH_QUERIES_V48.md||knowledge_external/templates/SOURCE_INTAKE_OPERATOR_QUICKSTART_V48.md||input_to_artifact	edge_present	PASS	/Users/soeren.leibach/Projects/ms-auto-research/knowledge_external/catalogs/indexes/v48_external_synthesis_dependency_edges.tsv
knowledge_external/synthesis/HIGH_PRIORITY_SOURCE_SEARCH_QUERIES_V48.md||knowledge_external/templates/SOURCE_INTAKE_OPERATOR_QUICKSTART_V48.md||input_to_artifact	edge_field_matches.source	PASS	expected=knowledge_external/synthesis/HIGH_PRIORITY_SOURCE_SEARCH_QUERIES_V48.md observed=knowledge_external/synthesis/HIGH_PRIORITY_SOURCE_SEARCH_QUERIES_V48.md
knowledge_external/synthesis/HIGH_PRIORITY_SOURCE_SEARCH_QUERIES_V48.md||knowledge_external/templates/SOURCE_INTAKE_OPERATOR_QUICKSTART_V48.md||input_to_artifact	edge_field_matches.target	PASS	expected=knowledge_external/templates/SOURCE_INTAKE_OPERATOR_QUICKSTART_V48.md observed=knowledge_external/templates/SOURCE_INTAKE_OPERATOR_QUICKSTART_V48.md
knowledge_external/synthesis/HIGH_PRIORITY_SOURCE_SEARCH_QUERIES_V48.md||knowledge_external/templates/SOURCE_INTAKE_OPERATOR_QUICKSTART_V48.md||input_to_artifact	edge_field_matches.edge_type	PASS	expected=input_to_artifact observed=input_to_artifact
knowledge_external/synthesis/HIGH_PRIORITY_SOURCE_SEARCH_QUERIES_V48.md||knowledge_external/templates/SOURCE_INTAKE_OPERATOR_QUICKSTART_V48.md||input_to_artifact	edge_field_matches.target_artifact	PASS	expected=Source-intake operator quickstart observed=Source-intake operator quickstart
knowledge_external/synthesis/HIGH_PRIORITY_SOURCE_SEARCH_QUERIES_V48.md||knowledge_external/templates/SOURCE_INTAKE_OPERATOR_QUICKSTART_V48.md||input_to_artifact	edge_field_matches.source_exists	PASS	expected=yes observed=yes
knowledge_external/synthesis/contradiction_surveillance_checklist_v48.tsv||knowledge_external/synthesis/UNRESOLVED_EXTERNAL_COVERAGE_HANDOFF_V48.md||input_to_artifact	edge_present	PASS	/Users/soeren.leibach/Projects/ms-auto-research/knowledge_external/catalogs/indexes/v48_external_synthesis_dependency_edges.tsv
knowledge_external/synthesis/contradiction_surveillance_checklist_v48.tsv||knowledge_external/synthesis/UNRESOLVED_EXTERNAL_COVERAGE_HANDOFF_V48.md||input_to_artifact	edge_field_matches.source	PASS	expected=knowledge_external/synthesis/contradiction_surveillance_checklist_v48.tsv observed=knowledge_external/synthesis/contradiction_surveillance_checklist_v48.tsv
knowledge_external/synthesis/contradiction_surveillance_checklist_v48.tsv||knowledge_external/synthesis/UNRESOLVED_EXTERNAL_COVERAGE_HANDOFF_V48.md||input_to_artifact	edge_field_matches.target	PASS	expected=knowledge_external/synthesis/UNRESOLVED_EXTERNAL_COVERAGE_HANDOFF_V48.md observed=knowledge_external/synthesis/UNRESOLVED_EXTERNAL_COVERAGE_HANDOFF_V48.md
knowledge_external/synthesis/contradiction_surveillance_checklist_v48.tsv||knowledge_external/synthesis/UNRESOLVED_EXTERNAL_COVERAGE_HANDOFF_V48.md||input_to_artifact	edge_field_matches.edge_type	PASS	expected=input_to_artifact observed=input_to_artifact
knowledge_external/synthesis/contradiction_surveillance_checklist_v48.tsv||knowledge_external/synthesis/UNRESOLVED_EXTERNAL_COVERAGE_HANDOFF_V48.md||input_to_artifact	edge_field_matches.target_artifact	PASS	expected=Unresolved external coverage handoff observed=Unresolved external coverage handoff
knowledge_external/synthesis/contradiction_surveillance_checklist_v48.tsv||knowledge_external/synthesis/UNRESOLVED_EXTERNAL_COVERAGE_HANDOFF_V48.md||input_to_artifact	edge_field_matches.source_exists	PASS	expected=yes observed=yes
knowledge_external/synthesis/convergence_contradiction_v48.tsv||knowledge_external/catalogs/indexes/V48_RELATIONSHIP_MATRIX_DATA_DICTIONARY.md||input_to_artifact	edge_present	PASS	/Users/soeren.leibach/Projects/ms-auto-research/knowledge_external/catalogs/indexes/v48_external_synthesis_dependency_edges.tsv
knowledge_external/synthesis/convergence_contradiction_v48.tsv||knowledge_external/catalogs/indexes/V48_RELATIONSHIP_MATRIX_DATA_DICTIONARY.md||input_to_artifact	edge_field_matches.source	PASS	expected=knowledge_external/synthesis/convergence_contradiction_v48.tsv observed=knowledge_external/synthesis/convergence_contradiction_v48.tsv
knowledge_external/synthesis/convergence_contradiction_v48.tsv||knowledge_external/catalogs/indexes/V48_RELATIONSHIP_MATRIX_DATA_DICTIONARY.md||input_to_artifact	edge_field_matches.target	PASS	expected=knowledge_external/catalogs/indexes/V48_RELATIONSHIP_MATRIX_DATA_DICTIONARY.md observed=knowledge_external/catalogs/indexes/V48_RELATIONSHIP_MATRIX_DATA_DICTIONARY.md
knowledge_external/synthesis/convergence_contradiction_v48.tsv||knowledge_external/catalogs/indexes/V48_RELATIONSHIP_MATRIX_DATA_DICTIONARY.md||input_to_artifact	edge_field_matches.edge_type	PASS	expected=input_to_artifact observed=input_to_artifact
knowledge_external/synthesis/convergence_contradiction_v48.tsv||knowledge_external/catalogs/indexes/V48_RELATIONSHIP_MATRIX_DATA_DICTIONARY.md||input_to_artifact	edge_field_matches.target_artifact	PASS	expected=V48 relationship-matrix data dictionary observed=V48 relationship-matrix data dictionary
knowledge_external/synthesis/convergence_contradiction_v48.tsv||knowledge_external/catalogs/indexes/V48_RELATIONSHIP_MATRIX_DATA_DICTIONARY.md||input_to_artifact	edge_field_matches.source_exists	PASS	expected=yes observed=yes
knowledge_external/synthesis/convergence_contradiction_v48.tsv||knowledge_external/synthesis/CONTRADICTION_READINESS_PLAYBOOK_V48.md||input_to_artifact	edge_present	PASS	/Users/soeren.leibach/Projects/ms-auto-research/knowledge_external/catalogs/indexes/v48_external_synthesis_dependency_edges.tsv
knowledge_external/synthesis/convergence_contradiction_v48.tsv||knowledge_external/synthesis/CONTRADICTION_READINESS_PLAYBOOK_V48.md||input_to_artifact	edge_field_matches.source	PASS	expected=knowledge_external/synthesis/convergence_contradiction_v48.tsv observed=knowledge_external/synthesis/convergence_contradiction_v48.tsv
knowledge_external/synthesis/convergence_contradiction_v48.tsv||knowledge_external/synthesis/CONTRADICTION_READINESS_PLAYBOOK_V48.md||input_to_artifact	edge_field_matches.target	PASS	expected=knowledge_external/synthesis/CONTRADICTION_READINESS_PLAYBOOK_V48.md observed=knowledge_external/synthesis/CONTRADICTION_READINESS_PLAYBOOK_V48.md
knowledge_external/synthesis/convergence_contradiction_v48.tsv||knowledge_external/synthesis/CONTRADICTION_READINESS_PLAYBOOK_V48.md||input_to_artifact	edge_field_matches.edge_type	PASS	expected=input_to_artifact observed=input_to_artifact
knowledge_external/synthesis/convergence_contradiction_v48.tsv||knowledge_external/synthesis/CONTRADICTION_READINESS_PLAYBOOK_V48.md||input_to_artifact	edge_field_matches.target_artifact	PASS	expected=Contradiction readiness playbook observed=Contradiction readiness playbook
knowledge_external/synthesis/convergence_contradiction_v48.tsv||knowledge_external/synthesis/CONTRADICTION_READINESS_PLAYBOOK_V48.md||input_to_artifact	edge_field_matches.source_exists	PASS	expected=yes observed=yes
knowledge_external/synthesis/convergence_contradiction_v48.tsv||knowledge_external/synthesis/CONTRADICTION_SURVEILLANCE_CHECKLIST_V48.md||input_to_artifact	edge_present	PASS	/Users/soeren.leibach/Projects/ms-auto-research/knowledge_external/catalogs/indexes/v48_external_synthesis_dependency_edges.tsv
knowledge_external/synthesis/convergence_contradiction_v48.tsv||knowledge_external/synthesis/CONTRADICTION_SURVEILLANCE_CHECKLIST_V48.md||input_to_artifact	edge_field_matches.source	PASS	expected=knowledge_external/synthesis/convergence_contradiction_v48.tsv observed=knowledge_external/synthesis/convergence_contradiction_v48.tsv
knowledge_external/synthesis/convergence_contradiction_v48.tsv||knowledge_external/synthesis/CONTRADICTION_SURVEILLANCE_CHECKLIST_V48.md||input_to_artifact	edge_field_matches.target	PASS	expected=knowledge_external/synthesis/CONTRADICTION_SURVEILLANCE_CHECKLIST_V48.md observed=knowledge_external/synthesis/CONTRADICTION_SURVEILLANCE_CHECKLIST_V48.md
knowledge_external/synthesis/convergence_contradiction_v48.tsv||knowledge_external/synthesis/CONTRADICTION_SURVEILLANCE_CHECKLIST_V48.md||input_to_artifact	edge_field_matches.edge_type	PASS	expected=input_to_artifact observed=input_to_artifact
knowledge_external/synthesis/convergence_contradiction_v48.tsv||knowledge_external/synthesis/CONTRADICTION_SURVEILLANCE_CHECKLIST_V48.md||input_to_artifact	edge_field_matches.target_artifact	PASS	expected=Contradiction surveillance checklist observed=Contradiction surveillance checklist
knowledge_external/synthesis/convergence_contradiction_v48.tsv||knowledge_external/synthesis/CONTRADICTION_SURVEILLANCE_CHECKLIST_V48.md||input_to_artifact	edge_field_matches.source_exists	PASS	expected=yes observed=yes
knowledge_external/synthesis/convergence_contradiction_v48.tsv||knowledge_external/synthesis/CONVERGENCE_SOURCE_INDEPENDENCE_V48.md||input_to_artifact	edge_present	PASS	/Users/soeren.leibach/Projects/ms-auto-research/knowledge_external/catalogs/indexes/v48_external_synthesis_dependency_edges.tsv
knowledge_external/synthesis/convergence_contradiction_v48.tsv||knowledge_external/synthesis/CONVERGENCE_SOURCE_INDEPENDENCE_V48.md||input_to_artifact	edge_field_matches.source	PASS	expected=knowledge_external/synthesis/convergence_contradiction_v48.tsv observed=knowledge_external/synthesis/convergence_contradiction_v48.tsv
knowledge_external/synthesis/convergence_contradiction_v48.tsv||knowledge_external/synthesis/CONVERGENCE_SOURCE_INDEPENDENCE_V48.md||input_to_artifact	edge_field_matches.target	PASS	expected=knowledge_external/synthesis/CONVERGENCE_SOURCE_INDEPENDENCE_V48.md observed=knowledge_external/synthesis/CONVERGENCE_SOURCE_INDEPENDENCE_V48.md
knowledge_external/synthesis/convergence_contradiction_v48.tsv||knowledge_external/synthesis/CONVERGENCE_SOURCE_INDEPENDENCE_V48.md||input_to_artifact	edge_field_matches.edge_type	PASS	expected=input_to_artifact observed=input_to_artifact
knowledge_external/synthesis/convergence_contradiction_v48.tsv||knowledge_external/synthesis/CONVERGENCE_SOURCE_INDEPENDENCE_V48.md||input_to_artifact	edge_field_matches.target_artifact	PASS	expected=V48 convergence source-independence matrix observed=V48 convergence source-independence matrix
knowledge_external/synthesis/convergence_contradiction_v48.tsv||knowledge_external/synthesis/CONVERGENCE_SOURCE_INDEPENDENCE_V48.md||input_to_artifact	edge_field_matches.source_exists	PASS	expected=yes observed=yes
knowledge_external/synthesis/convergence_contradiction_v48.tsv||knowledge_external/synthesis/DECISION_RELEVANT_CONVERGENCES_V48.md||input_to_artifact	edge_present	PASS	/Users/soeren.leibach/Projects/ms-auto-research/knowledge_external/catalogs/indexes/v48_external_synthesis_dependency_edges.tsv
knowledge_external/synthesis/convergence_contradiction_v48.tsv||knowledge_external/synthesis/DECISION_RELEVANT_CONVERGENCES_V48.md||input_to_artifact	edge_field_matches.source	PASS	expected=knowledge_external/synthesis/convergence_contradiction_v48.tsv observed=knowledge_external/synthesis/convergence_contradiction_v48.tsv
knowledge_external/synthesis/convergence_contradiction_v48.tsv||knowledge_external/synthesis/DECISION_RELEVANT_CONVERGENCES_V48.md||input_to_artifact	edge_field_matches.target	PASS	expected=knowledge_external/synthesis/DECISION_RELEVANT_CONVERGENCES_V48.md observed=knowledge_external/synthesis/DECISION_RELEVANT_CONVERGENCES_V48.md
knowledge_external/synthesis/convergence_contradiction_v48.tsv||knowledge_external/synthesis/DECISION_RELEVANT_CONVERGENCES_V48.md||input_to_artifact	edge_field_matches.edge_type	PASS	expected=input_to_artifact observed=input_to_artifact
knowledge_external/synthesis/convergence_contradiction_v48.tsv||knowledge_external/synthesis/DECISION_RELEVANT_CONVERGENCES_V48.md||input_to_artifact	edge_field_matches.target_artifact	PASS	expected=V48 decision-relevant convergence shortlist observed=V48 decision-relevant convergence shortlist
knowledge_external/synthesis/convergence_contradiction_v48.tsv||knowledge_external/synthesis/DECISION_RELEVANT_CONVERGENCES_V48.md||input_to_artifact	edge_field_matches.source_exists	PASS	expected=yes observed=yes
knowledge_external/synthesis/convergence_contradiction_v48.tsv||knowledge_external/synthesis/FUTURE_GROUNDING_QUEUE_V48.md||input_to_artifact	edge_present	PASS	/Users/soeren.leibach/Projects/ms-auto-research/knowledge_external/catalogs/indexes/v48_external_synthesis_dependency_edges.tsv
knowledge_external/synthesis/convergence_contradiction_v48.tsv||knowledge_external/synthesis/FUTURE_GROUNDING_QUEUE_V48.md||input_to_artifact	edge_field_matches.source	PASS	expected=knowledge_external/synthesis/convergence_contradiction_v48.tsv observed=knowledge_external/synthesis/convergence_contradiction_v48.tsv
knowledge_external/synthesis/convergence_contradiction_v48.tsv||knowledge_external/synthesis/FUTURE_GROUNDING_QUEUE_V48.md||input_to_artifact	edge_field_matches.target	PASS	expected=knowledge_external/synthesis/FUTURE_GROUNDING_QUEUE_V48.md observed=knowledge_external/synthesis/FUTURE_GROUNDING_QUEUE_V48.md
knowledge_external/synthesis/convergence_contradiction_v48.tsv||knowledge_external/synthesis/FUTURE_GROUNDING_QUEUE_V48.md||input_to_artifact	edge_field_matches.edge_type	PASS	expected=input_to_artifact observed=input_to_artifact
knowledge_external/synthesis/convergence_contradiction_v48.tsv||knowledge_external/synthesis/FUTURE_GROUNDING_QUEUE_V48.md||input_to_artifact	edge_field_matches.target_artifact	PASS	expected=V48 future-grounding queue observed=V48 future-grounding queue
knowledge_external/synthesis/convergence_contradiction_v48.tsv||knowledge_external/synthesis/FUTURE_GROUNDING_QUEUE_V48.md||input_to_artifact	edge_field_matches.source_exists	PASS	expected=yes observed=yes
knowledge_external/synthesis/convergence_contradiction_v48.tsv||knowledge_external/synthesis/V37_FINDING_EXTERNAL_COVERAGE_V48.md||input_to_artifact	edge_present	PASS	/Users/soeren.leibach/Projects/ms-auto-research/knowledge_external/catalogs/indexes/v48_external_synthesis_dependency_edges.tsv
knowledge_external/synthesis/convergence_contradiction_v48.tsv||knowledge_external/synthesis/V37_FINDING_EXTERNAL_COVERAGE_V48.md||input_to_artifact	edge_field_matches.source	PASS	expected=knowledge_external/synthesis/convergence_contradiction_v48.tsv observed=knowledge_external/synthesis/convergence_contradiction_v48.tsv
knowledge_external/synthesis/convergence_contradiction_v48.tsv||knowledge_external/synthesis/V37_FINDING_EXTERNAL_COVERAGE_V48.md||input_to_artifact	edge_field_matches.target	PASS	expected=knowledge_external/synthesis/V37_FINDING_EXTERNAL_COVERAGE_V48.md observed=knowledge_external/synthesis/V37_FINDING_EXTERNAL_COVERAGE_V48.md
knowledge_external/synthesis/convergence_contradiction_v48.tsv||knowledge_external/synthesis/V37_FINDING_EXTERNAL_COVERAGE_V48.md||input_to_artifact	edge_field_matches.edge_type	PASS	expected=input_to_artifact observed=input_to_artifact
knowledge_external/synthesis/convergence_contradiction_v48.tsv||knowledge_external/synthesis/V37_FINDING_EXTERNAL_COVERAGE_V48.md||input_to_artifact	edge_field_matches.target_artifact	PASS	expected=V37 finding external coverage map observed=V37 finding external coverage map
knowledge_external/synthesis/convergence_contradiction_v48.tsv||knowledge_external/synthesis/V37_FINDING_EXTERNAL_COVERAGE_V48.md||input_to_artifact	edge_field_matches.source_exists	PASS	expected=yes observed=yes
knowledge_external/synthesis/convergence_source_independence_v48.tsv||knowledge_external/catalogs/indexes/SOURCE_DOMAIN_INDEPENDENCE_ROLLUP_V48.md||input_to_artifact	edge_present	PASS	/Users/soeren.leibach/Projects/ms-auto-research/knowledge_external/catalogs/indexes/v48_external_synthesis_dependency_edges.tsv
knowledge_external/synthesis/convergence_source_independence_v48.tsv||knowledge_external/catalogs/indexes/SOURCE_DOMAIN_INDEPENDENCE_ROLLUP_V48.md||input_to_artifact	edge_field_matches.source	PASS	expected=knowledge_external/synthesis/convergence_source_independence_v48.tsv observed=knowledge_external/synthesis/convergence_source_independence_v48.tsv
knowledge_external/synthesis/convergence_source_independence_v48.tsv||knowledge_external/catalogs/indexes/SOURCE_DOMAIN_INDEPENDENCE_ROLLUP_V48.md||input_to_artifact	edge_field_matches.target	PASS	expected=knowledge_external/catalogs/indexes/SOURCE_DOMAIN_INDEPENDENCE_ROLLUP_V48.md observed=knowledge_external/catalogs/indexes/SOURCE_DOMAIN_INDEPENDENCE_ROLLUP_V48.md
knowledge_external/synthesis/convergence_source_independence_v48.tsv||knowledge_external/catalogs/indexes/SOURCE_DOMAIN_INDEPENDENCE_ROLLUP_V48.md||input_to_artifact	edge_field_matches.edge_type	PASS	expected=input_to_artifact observed=input_to_artifact
knowledge_external/synthesis/convergence_source_independence_v48.tsv||knowledge_external/catalogs/indexes/SOURCE_DOMAIN_INDEPENDENCE_ROLLUP_V48.md||input_to_artifact	edge_field_matches.target_artifact	PASS	expected=V48 source-domain independence rollup observed=V48 source-domain independence rollup
knowledge_external/synthesis/convergence_source_independence_v48.tsv||knowledge_external/catalogs/indexes/SOURCE_DOMAIN_INDEPENDENCE_ROLLUP_V48.md||input_to_artifact	edge_field_matches.source_exists	PASS	expected=yes observed=yes
knowledge_external/synthesis/future_grounding_queue_v48.tsv||knowledge_external/synthesis/UNRESOLVED_EXTERNAL_COVERAGE_HANDOFF_V48.md||input_to_artifact	edge_present	PASS	/Users/soeren.leibach/Projects/ms-auto-research/knowledge_external/catalogs/indexes/v48_external_synthesis_dependency_edges.tsv
knowledge_external/synthesis/future_grounding_queue_v48.tsv||knowledge_external/synthesis/UNRESOLVED_EXTERNAL_COVERAGE_HANDOFF_V48.md||input_to_artifact	edge_field_matches.source	PASS	expected=knowledge_external/synthesis/future_grounding_queue_v48.tsv observed=knowledge_external/synthesis/future_grounding_queue_v48.tsv
knowledge_external/synthesis/future_grounding_queue_v48.tsv||knowledge_external/synthesis/UNRESOLVED_EXTERNAL_COVERAGE_HANDOFF_V48.md||input_to_artifact	edge_field_matches.target	PASS	expected=knowledge_external/synthesis/UNRESOLVED_EXTERNAL_COVERAGE_HANDOFF_V48.md observed=knowledge_external/synthesis/UNRESOLVED_EXTERNAL_COVERAGE_HANDOFF_V48.md
knowledge_external/synthesis/future_grounding_queue_v48.tsv||knowledge_external/synthesis/UNRESOLVED_EXTERNAL_COVERAGE_HANDOFF_V48.md||input_to_artifact	edge_field_matches.edge_type	PASS	expected=input_to_artifact observed=input_to_artifact
knowledge_external/synthesis/future_grounding_queue_v48.tsv||knowledge_external/synthesis/UNRESOLVED_EXTERNAL_COVERAGE_HANDOFF_V48.md||input_to_artifact	edge_field_matches.target_artifact	PASS	expected=Unresolved external coverage handoff observed=Unresolved external coverage handoff
knowledge_external/synthesis/future_grounding_queue_v48.tsv||knowledge_external/synthesis/UNRESOLVED_EXTERNAL_COVERAGE_HANDOFF_V48.md||input_to_artifact	edge_field_matches.source_exists	PASS	expected=yes observed=yes
knowledge_external/synthesis/high_priority_external_sourcing_plan_v48.tsv||knowledge_external/synthesis/CONTRADICTION_SURVEILLANCE_CHECKLIST_V48.md||input_to_artifact	edge_present	PASS	/Users/soeren.leibach/Projects/ms-auto-research/knowledge_external/catalogs/indexes/v48_external_synthesis_dependency_edges.tsv
knowledge_external/synthesis/high_priority_external_sourcing_plan_v48.tsv||knowledge_external/synthesis/CONTRADICTION_SURVEILLANCE_CHECKLIST_V48.md||input_to_artifact	edge_field_matches.source	PASS	expected=knowledge_external/synthesis/high_priority_external_sourcing_plan_v48.tsv observed=knowledge_external/synthesis/high_priority_external_sourcing_plan_v48.tsv
knowledge_external/synthesis/high_priority_external_sourcing_plan_v48.tsv||knowledge_external/synthesis/CONTRADICTION_SURVEILLANCE_CHECKLIST_V48.md||input_to_artifact	edge_field_matches.target	PASS	expected=knowledge_external/synthesis/CONTRADICTION_SURVEILLANCE_CHECKLIST_V48.md observed=knowledge_external/synthesis/CONTRADICTION_SURVEILLANCE_CHECKLIST_V48.md
knowledge_external/synthesis/high_priority_external_sourcing_plan_v48.tsv||knowledge_external/synthesis/CONTRADICTION_SURVEILLANCE_CHECKLIST_V48.md||input_to_artifact	edge_field_matches.edge_type	PASS	expected=input_to_artifact observed=input_to_artifact
knowledge_external/synthesis/high_priority_external_sourcing_plan_v48.tsv||knowledge_external/synthesis/CONTRADICTION_SURVEILLANCE_CHECKLIST_V48.md||input_to_artifact	edge_field_matches.target_artifact	PASS	expected=Contradiction surveillance checklist observed=Contradiction surveillance checklist
knowledge_external/synthesis/high_priority_external_sourcing_plan_v48.tsv||knowledge_external/synthesis/CONTRADICTION_SURVEILLANCE_CHECKLIST_V48.md||input_to_artifact	edge_field_matches.source_exists	PASS	expected=yes observed=yes
knowledge_external/synthesis/high_priority_external_sourcing_plan_v48.tsv||knowledge_external/synthesis/HIGH_PRIORITY_SOURCE_SEARCH_QUERIES_V48.md||input_to_artifact	edge_present	PASS	/Users/soeren.leibach/Projects/ms-auto-research/knowledge_external/catalogs/indexes/v48_external_synthesis_dependency_edges.tsv
knowledge_external/synthesis/high_priority_external_sourcing_plan_v48.tsv||knowledge_external/synthesis/HIGH_PRIORITY_SOURCE_SEARCH_QUERIES_V48.md||input_to_artifact	edge_field_matches.source	PASS	expected=knowledge_external/synthesis/high_priority_external_sourcing_plan_v48.tsv observed=knowledge_external/synthesis/high_priority_external_sourcing_plan_v48.tsv
knowledge_external/synthesis/high_priority_external_sourcing_plan_v48.tsv||knowledge_external/synthesis/HIGH_PRIORITY_SOURCE_SEARCH_QUERIES_V48.md||input_to_artifact	edge_field_matches.target	PASS	expected=knowledge_external/synthesis/HIGH_PRIORITY_SOURCE_SEARCH_QUERIES_V48.md observed=knowledge_external/synthesis/HIGH_PRIORITY_SOURCE_SEARCH_QUERIES_V48.md
knowledge_external/synthesis/high_priority_external_sourcing_plan_v48.tsv||knowledge_external/synthesis/HIGH_PRIORITY_SOURCE_SEARCH_QUERIES_V48.md||input_to_artifact	edge_field_matches.edge_type	PASS	expected=input_to_artifact observed=input_to_artifact
knowledge_external/synthesis/high_priority_external_sourcing_plan_v48.tsv||knowledge_external/synthesis/HIGH_PRIORITY_SOURCE_SEARCH_QUERIES_V48.md||input_to_artifact	edge_field_matches.target_artifact	PASS	expected=High-priority source-search query packet observed=High-priority source-search query packet
knowledge_external/synthesis/high_priority_external_sourcing_plan_v48.tsv||knowledge_external/synthesis/HIGH_PRIORITY_SOURCE_SEARCH_QUERIES_V48.md||input_to_artifact	edge_field_matches.source_exists	PASS	expected=yes observed=yes
knowledge_external/synthesis/high_priority_external_sourcing_plan_v48.tsv||knowledge_external/synthesis/UNRESOLVED_EXTERNAL_COVERAGE_HANDOFF_V48.md||input_to_artifact	edge_present	PASS	/Users/soeren.leibach/Projects/ms-auto-research/knowledge_external/catalogs/indexes/v48_external_synthesis_dependency_edges.tsv
knowledge_external/synthesis/high_priority_external_sourcing_plan_v48.tsv||knowledge_external/synthesis/UNRESOLVED_EXTERNAL_COVERAGE_HANDOFF_V48.md||input_to_artifact	edge_field_matches.source	PASS	expected=knowledge_external/synthesis/high_priority_external_sourcing_plan_v48.tsv observed=knowledge_external/synthesis/high_priority_external_sourcing_plan_v48.tsv
knowledge_external/synthesis/high_priority_external_sourcing_plan_v48.tsv||knowledge_external/synthesis/UNRESOLVED_EXTERNAL_COVERAGE_HANDOFF_V48.md||input_to_artifact	edge_field_matches.target	PASS	expected=knowledge_external/synthesis/UNRESOLVED_EXTERNAL_COVERAGE_HANDOFF_V48.md observed=knowledge_external/synthesis/UNRESOLVED_EXTERNAL_COVERAGE_HANDOFF_V48.md
knowledge_external/synthesis/high_priority_external_sourcing_plan_v48.tsv||knowledge_external/synthesis/UNRESOLVED_EXTERNAL_COVERAGE_HANDOFF_V48.md||input_to_artifact	edge_field_matches.edge_type	PASS	expected=input_to_artifact observed=input_to_artifact
knowledge_external/synthesis/high_priority_external_sourcing_plan_v48.tsv||knowledge_external/synthesis/UNRESOLVED_EXTERNAL_COVERAGE_HANDOFF_V48.md||input_to_artifact	edge_field_matches.target_artifact	PASS	expected=Unresolved external coverage handoff observed=Unresolved external coverage handoff
knowledge_external/synthesis/high_priority_external_sourcing_plan_v48.tsv||knowledge_external/synthesis/UNRESOLVED_EXTERNAL_COVERAGE_HANDOFF_V48.md||input_to_artifact	edge_field_matches.source_exists	PASS	expected=yes observed=yes
knowledge_external/synthesis/high_priority_external_sourcing_plan_v48.tsv||knowledge_external/templates/HIGH_PRIORITY_SOURCE_INTAKE_CHECKLIST_V48.md||input_to_artifact	edge_present	PASS	/Users/soeren.leibach/Projects/ms-auto-research/knowledge_external/catalogs/indexes/v48_external_synthesis_dependency_edges.tsv
knowledge_external/synthesis/high_priority_external_sourcing_plan_v48.tsv||knowledge_external/templates/HIGH_PRIORITY_SOURCE_INTAKE_CHECKLIST_V48.md||input_to_artifact	edge_field_matches.source	PASS	expected=knowledge_external/synthesis/high_priority_external_sourcing_plan_v48.tsv observed=knowledge_external/synthesis/high_priority_external_sourcing_plan_v48.tsv
knowledge_external/synthesis/high_priority_external_sourcing_plan_v48.tsv||knowledge_external/templates/HIGH_PRIORITY_SOURCE_INTAKE_CHECKLIST_V48.md||input_to_artifact	edge_field_matches.target	PASS	expected=knowledge_external/templates/HIGH_PRIORITY_SOURCE_INTAKE_CHECKLIST_V48.md observed=knowledge_external/templates/HIGH_PRIORITY_SOURCE_INTAKE_CHECKLIST_V48.md
knowledge_external/synthesis/high_priority_external_sourcing_plan_v48.tsv||knowledge_external/templates/HIGH_PRIORITY_SOURCE_INTAKE_CHECKLIST_V48.md||input_to_artifact	edge_field_matches.edge_type	PASS	expected=input_to_artifact observed=input_to_artifact
knowledge_external/synthesis/high_priority_external_sourcing_plan_v48.tsv||knowledge_external/templates/HIGH_PRIORITY_SOURCE_INTAKE_CHECKLIST_V48.md||input_to_artifact	edge_field_matches.target_artifact	PASS	expected=High-priority source intake checklist observed=High-priority source intake checklist
knowledge_external/synthesis/high_priority_external_sourcing_plan_v48.tsv||knowledge_external/templates/HIGH_PRIORITY_SOURCE_INTAKE_CHECKLIST_V48.md||input_to_artifact	edge_field_matches.source_exists	PASS	expected=yes observed=yes
knowledge_external/synthesis/high_priority_source_search_queries_v48.tsv||knowledge_external/synthesis/UNRESOLVED_EXTERNAL_COVERAGE_HANDOFF_V48.md||input_to_artifact	edge_present	PASS	/Users/soeren.leibach/Projects/ms-auto-research/knowledge_external/catalogs/indexes/v48_external_synthesis_dependency_edges.tsv
knowledge_external/synthesis/high_priority_source_search_queries_v48.tsv||knowledge_external/synthesis/UNRESOLVED_EXTERNAL_COVERAGE_HANDOFF_V48.md||input_to_artifact	edge_field_matches.source	PASS	expected=knowledge_external/synthesis/high_priority_source_search_queries_v48.tsv observed=knowledge_external/synthesis/high_priority_source_search_queries_v48.tsv
knowledge_external/synthesis/high_priority_source_search_queries_v48.tsv||knowledge_external/synthesis/UNRESOLVED_EXTERNAL_COVERAGE_HANDOFF_V48.md||input_to_artifact	edge_field_matches.target	PASS	expected=knowledge_external/synthesis/UNRESOLVED_EXTERNAL_COVERAGE_HANDOFF_V48.md observed=knowledge_external/synthesis/UNRESOLVED_EXTERNAL_COVERAGE_HANDOFF_V48.md
knowledge_external/synthesis/high_priority_source_search_queries_v48.tsv||knowledge_external/synthesis/UNRESOLVED_EXTERNAL_COVERAGE_HANDOFF_V48.md||input_to_artifact	edge_field_matches.edge_type	PASS	expected=input_to_artifact observed=input_to_artifact
knowledge_external/synthesis/high_priority_source_search_queries_v48.tsv||knowledge_external/synthesis/UNRESOLVED_EXTERNAL_COVERAGE_HANDOFF_V48.md||input_to_artifact	edge_field_matches.target_artifact	PASS	expected=Unresolved external coverage handoff observed=Unresolved external coverage handoff
knowledge_external/synthesis/high_priority_source_search_queries_v48.tsv||knowledge_external/synthesis/UNRESOLVED_EXTERNAL_COVERAGE_HANDOFF_V48.md||input_to_artifact	edge_field_matches.source_exists	PASS	expected=yes observed=yes
knowledge_external/synthesis/high_priority_source_search_queries_v48.tsv||knowledge_external/templates/HIGH_PRIORITY_SOURCE_INTAKE_CHECKLIST_V48.md||input_to_artifact	edge_present	PASS	/Users/soeren.leibach/Projects/ms-auto-research/knowledge_external/catalogs/indexes/v48_external_synthesis_dependency_edges.tsv
knowledge_external/synthesis/high_priority_source_search_queries_v48.tsv||knowledge_external/templates/HIGH_PRIORITY_SOURCE_INTAKE_CHECKLIST_V48.md||input_to_artifact	edge_field_matches.source	PASS	expected=knowledge_external/synthesis/high_priority_source_search_queries_v48.tsv observed=knowledge_external/synthesis/high_priority_source_search_queries_v48.tsv
knowledge_external/synthesis/high_priority_source_search_queries_v48.tsv||knowledge_external/templates/HIGH_PRIORITY_SOURCE_INTAKE_CHECKLIST_V48.md||input_to_artifact	edge_field_matches.target	PASS	expected=knowledge_external/templates/HIGH_PRIORITY_SOURCE_INTAKE_CHECKLIST_V48.md observed=knowledge_external/templates/HIGH_PRIORITY_SOURCE_INTAKE_CHECKLIST_V48.md
knowledge_external/synthesis/high_priority_source_search_queries_v48.tsv||knowledge_external/templates/HIGH_PRIORITY_SOURCE_INTAKE_CHECKLIST_V48.md||input_to_artifact	edge_field_matches.edge_type	PASS	expected=input_to_artifact observed=input_to_artifact
knowledge_external/synthesis/high_priority_source_search_queries_v48.tsv||knowledge_external/templates/HIGH_PRIORITY_SOURCE_INTAKE_CHECKLIST_V48.md||input_to_artifact	edge_field_matches.target_artifact	PASS	expected=High-priority source intake checklist observed=High-priority source intake checklist
knowledge_external/synthesis/high_priority_source_search_queries_v48.tsv||knowledge_external/templates/HIGH_PRIORITY_SOURCE_INTAKE_CHECKLIST_V48.md||input_to_artifact	edge_field_matches.source_exists	PASS	expected=yes observed=yes
knowledge_external/synthesis/v37_external_coverage_gap_priority_v48.tsv||knowledge_external/synthesis/HIGH_PRIORITY_EXTERNAL_SOURCING_PLAN_V48.md||input_to_artifact	edge_present	PASS	/Users/soeren.leibach/Projects/ms-auto-research/knowledge_external/catalogs/indexes/v48_external_synthesis_dependency_edges.tsv
knowledge_external/synthesis/v37_external_coverage_gap_priority_v48.tsv||knowledge_external/synthesis/HIGH_PRIORITY_EXTERNAL_SOURCING_PLAN_V48.md||input_to_artifact	edge_field_matches.source	PASS	expected=knowledge_external/synthesis/v37_external_coverage_gap_priority_v48.tsv observed=knowledge_external/synthesis/v37_external_coverage_gap_priority_v48.tsv
knowledge_external/synthesis/v37_external_coverage_gap_priority_v48.tsv||knowledge_external/synthesis/HIGH_PRIORITY_EXTERNAL_SOURCING_PLAN_V48.md||input_to_artifact	edge_field_matches.target	PASS	expected=knowledge_external/synthesis/HIGH_PRIORITY_EXTERNAL_SOURCING_PLAN_V48.md observed=knowledge_external/synthesis/HIGH_PRIORITY_EXTERNAL_SOURCING_PLAN_V48.md
knowledge_external/synthesis/v37_external_coverage_gap_priority_v48.tsv||knowledge_external/synthesis/HIGH_PRIORITY_EXTERNAL_SOURCING_PLAN_V48.md||input_to_artifact	edge_field_matches.edge_type	PASS	expected=input_to_artifact observed=input_to_artifact
knowledge_external/synthesis/v37_external_coverage_gap_priority_v48.tsv||knowledge_external/synthesis/HIGH_PRIORITY_EXTERNAL_SOURCING_PLAN_V48.md||input_to_artifact	edge_field_matches.target_artifact	PASS	expected=High-priority external sourcing plan observed=High-priority external sourcing plan
knowledge_external/synthesis/v37_external_coverage_gap_priority_v48.tsv||knowledge_external/synthesis/HIGH_PRIORITY_EXTERNAL_SOURCING_PLAN_V48.md||input_to_artifact	edge_field_matches.source_exists	PASS	expected=yes observed=yes
knowledge_external/synthesis/v37_external_coverage_gap_priority_v48.tsv||knowledge_external/synthesis/UNRESOLVED_EXTERNAL_COVERAGE_HANDOFF_V48.md||input_to_artifact	edge_present	PASS	/Users/soeren.leibach/Projects/ms-auto-research/knowledge_external/catalogs/indexes/v48_external_synthesis_dependency_edges.tsv
knowledge_external/synthesis/v37_external_coverage_gap_priority_v48.tsv||knowledge_external/synthesis/UNRESOLVED_EXTERNAL_COVERAGE_HANDOFF_V48.md||input_to_artifact	edge_field_matches.source	PASS	expected=knowledge_external/synthesis/v37_external_coverage_gap_priority_v48.tsv observed=knowledge_external/synthesis/v37_external_coverage_gap_priority_v48.tsv
knowledge_external/synthesis/v37_external_coverage_gap_priority_v48.tsv||knowledge_external/synthesis/UNRESOLVED_EXTERNAL_COVERAGE_HANDOFF_V48.md||input_to_artifact	edge_field_matches.target	PASS	expected=knowledge_external/synthesis/UNRESOLVED_EXTERNAL_COVERAGE_HANDOFF_V48.md observed=knowledge_external/synthesis/UNRESOLVED_EXTERNAL_COVERAGE_HANDOFF_V48.md
knowledge_external/synthesis/v37_external_coverage_gap_priority_v48.tsv||knowledge_external/synthesis/UNRESOLVED_EXTERNAL_COVERAGE_HANDOFF_V48.md||input_to_artifact	edge_field_matches.edge_type	PASS	expected=input_to_artifact observed=input_to_artifact
knowledge_external/synthesis/v37_external_coverage_gap_priority_v48.tsv||knowledge_external/synthesis/UNRESOLVED_EXTERNAL_COVERAGE_HANDOFF_V48.md||input_to_artifact	edge_field_matches.target_artifact	PASS	expected=Unresolved external coverage handoff observed=Unresolved external coverage handoff
knowledge_external/synthesis/v37_external_coverage_gap_priority_v48.tsv||knowledge_external/synthesis/UNRESOLVED_EXTERNAL_COVERAGE_HANDOFF_V48.md||input_to_artifact	edge_field_matches.source_exists	PASS	expected=yes observed=yes
knowledge_external/synthesis/v37_finding_external_coverage_v48.tsv||knowledge_external/synthesis/V37_EXTERNAL_COVERAGE_GAP_PRIORITY_V48.md||input_to_artifact	edge_present	PASS	/Users/soeren.leibach/Projects/ms-auto-research/knowledge_external/catalogs/indexes/v48_external_synthesis_dependency_edges.tsv
knowledge_external/synthesis/v37_finding_external_coverage_v48.tsv||knowledge_external/synthesis/V37_EXTERNAL_COVERAGE_GAP_PRIORITY_V48.md||input_to_artifact	edge_field_matches.source	PASS	expected=knowledge_external/synthesis/v37_finding_external_coverage_v48.tsv observed=knowledge_external/synthesis/v37_finding_external_coverage_v48.tsv
knowledge_external/synthesis/v37_finding_external_coverage_v48.tsv||knowledge_external/synthesis/V37_EXTERNAL_COVERAGE_GAP_PRIORITY_V48.md||input_to_artifact	edge_field_matches.target	PASS	expected=knowledge_external/synthesis/V37_EXTERNAL_COVERAGE_GAP_PRIORITY_V48.md observed=knowledge_external/synthesis/V37_EXTERNAL_COVERAGE_GAP_PRIORITY_V48.md
knowledge_external/synthesis/v37_finding_external_coverage_v48.tsv||knowledge_external/synthesis/V37_EXTERNAL_COVERAGE_GAP_PRIORITY_V48.md||input_to_artifact	edge_field_matches.edge_type	PASS	expected=input_to_artifact observed=input_to_artifact
knowledge_external/synthesis/v37_finding_external_coverage_v48.tsv||knowledge_external/synthesis/V37_EXTERNAL_COVERAGE_GAP_PRIORITY_V48.md||input_to_artifact	edge_field_matches.target_artifact	PASS	expected=V37 external coverage gap priority observed=V37 external coverage gap priority
knowledge_external/synthesis/v37_finding_external_coverage_v48.tsv||knowledge_external/synthesis/V37_EXTERNAL_COVERAGE_GAP_PRIORITY_V48.md||input_to_artifact	edge_field_matches.source_exists	PASS	expected=yes observed=yes
knowledge_external/synthesis/v37_finding_external_coverage_v48.tsv||knowledge_external/synthesis/V37_UNCOVERED_FINDING_RATIONALE_V48.md||input_to_artifact	edge_present	PASS	/Users/soeren.leibach/Projects/ms-auto-research/knowledge_external/catalogs/indexes/v48_external_synthesis_dependency_edges.tsv
knowledge_external/synthesis/v37_finding_external_coverage_v48.tsv||knowledge_external/synthesis/V37_UNCOVERED_FINDING_RATIONALE_V48.md||input_to_artifact	edge_field_matches.source	PASS	expected=knowledge_external/synthesis/v37_finding_external_coverage_v48.tsv observed=knowledge_external/synthesis/v37_finding_external_coverage_v48.tsv
knowledge_external/synthesis/v37_finding_external_coverage_v48.tsv||knowledge_external/synthesis/V37_UNCOVERED_FINDING_RATIONALE_V48.md||input_to_artifact	edge_field_matches.target	PASS	expected=knowledge_external/synthesis/V37_UNCOVERED_FINDING_RATIONALE_V48.md observed=knowledge_external/synthesis/V37_UNCOVERED_FINDING_RATIONALE_V48.md
knowledge_external/synthesis/v37_finding_external_coverage_v48.tsv||knowledge_external/synthesis/V37_UNCOVERED_FINDING_RATIONALE_V48.md||input_to_artifact	edge_field_matches.edge_type	PASS	expected=input_to_artifact observed=input_to_artifact
knowledge_external/synthesis/v37_finding_external_coverage_v48.tsv||knowledge_external/synthesis/V37_UNCOVERED_FINDING_RATIONALE_V48.md||input_to_artifact	edge_field_matches.target_artifact	PASS	expected=V37 uncovered finding rationale observed=V37 uncovered finding rationale
knowledge_external/synthesis/v37_finding_external_coverage_v48.tsv||knowledge_external/synthesis/V37_UNCOVERED_FINDING_RATIONALE_V48.md||input_to_artifact	edge_field_matches.source_exists	PASS	expected=yes observed=yes
knowledge_external/synthesis/v37_uncovered_finding_rationale_v48.tsv||knowledge_external/synthesis/V37_EXTERNAL_COVERAGE_GAP_PRIORITY_V48.md||input_to_artifact	edge_present	PASS	/Users/soeren.leibach/Projects/ms-auto-research/knowledge_external/catalogs/indexes/v48_external_synthesis_dependency_edges.tsv
knowledge_external/synthesis/v37_uncovered_finding_rationale_v48.tsv||knowledge_external/synthesis/V37_EXTERNAL_COVERAGE_GAP_PRIORITY_V48.md||input_to_artifact	edge_field_matches.source	PASS	expected=knowledge_external/synthesis/v37_uncovered_finding_rationale_v48.tsv observed=knowledge_external/synthesis/v37_uncovered_finding_rationale_v48.tsv
knowledge_external/synthesis/v37_uncovered_finding_rationale_v48.tsv||knowledge_external/synthesis/V37_EXTERNAL_COVERAGE_GAP_PRIORITY_V48.md||input_to_artifact	edge_field_matches.target	PASS	expected=knowledge_external/synthesis/V37_EXTERNAL_COVERAGE_GAP_PRIORITY_V48.md observed=knowledge_external/synthesis/V37_EXTERNAL_COVERAGE_GAP_PRIORITY_V48.md
knowledge_external/synthesis/v37_uncovered_finding_rationale_v48.tsv||knowledge_external/synthesis/V37_EXTERNAL_COVERAGE_GAP_PRIORITY_V48.md||input_to_artifact	edge_field_matches.edge_type	PASS	expected=input_to_artifact observed=input_to_artifact
knowledge_external/synthesis/v37_uncovered_finding_rationale_v48.tsv||knowledge_external/synthesis/V37_EXTERNAL_COVERAGE_GAP_PRIORITY_V48.md||input_to_artifact	edge_field_matches.target_artifact	PASS	expected=V37 external coverage gap priority observed=V37 external coverage gap priority
knowledge_external/synthesis/v37_uncovered_finding_rationale_v48.tsv||knowledge_external/synthesis/V37_EXTERNAL_COVERAGE_GAP_PRIORITY_V48.md||input_to_artifact	edge_field_matches.source_exists	PASS	expected=yes observed=yes
knowledge_external/synthesis/||knowledge_external/INDEX.md||input_to_artifact	edge_present	PASS	/Users/soeren.leibach/Projects/ms-auto-research/knowledge_external/catalogs/indexes/v48_external_synthesis_dependency_edges.tsv
knowledge_external/synthesis/||knowledge_external/INDEX.md||input_to_artifact	edge_field_matches.source	PASS	expected=knowledge_external/synthesis/ observed=knowledge_external/synthesis/
knowledge_external/synthesis/||knowledge_external/INDEX.md||input_to_artifact	edge_field_matches.target	PASS	expected=knowledge_external/INDEX.md observed=knowledge_external/INDEX.md
knowledge_external/synthesis/||knowledge_external/INDEX.md||input_to_artifact	edge_field_matches.edge_type	PASS	expected=input_to_artifact observed=input_to_artifact
knowledge_external/synthesis/||knowledge_external/INDEX.md||input_to_artifact	edge_field_matches.target_artifact	PASS	expected=Public external index observed=Public external index
knowledge_external/synthesis/||knowledge_external/INDEX.md||input_to_artifact	edge_field_matches.source_exists	PASS	expected=pattern_or_directory observed=pattern_or_directory
knowledge_external/templates/HIGH_PRIORITY_SOURCE_INTAKE_CHECKLIST_V48.md||knowledge_external/EXTERNAL_LAYER_READER_BRIEF_V48.md||input_to_artifact	edge_present	PASS	/Users/soeren.leibach/Projects/ms-auto-research/knowledge_external/catalogs/indexes/v48_external_synthesis_dependency_edges.tsv
knowledge_external/templates/HIGH_PRIORITY_SOURCE_INTAKE_CHECKLIST_V48.md||knowledge_external/EXTERNAL_LAYER_READER_BRIEF_V48.md||input_to_artifact	edge_field_matches.source	PASS	expected=knowledge_external/templates/HIGH_PRIORITY_SOURCE_INTAKE_CHECKLIST_V48.md observed=knowledge_external/templates/HIGH_PRIORITY_SOURCE_INTAKE_CHECKLIST_V48.md
knowledge_external/templates/HIGH_PRIORITY_SOURCE_INTAKE_CHECKLIST_V48.md||knowledge_external/EXTERNAL_LAYER_READER_BRIEF_V48.md||input_to_artifact	edge_field_matches.target	PASS	expected=knowledge_external/EXTERNAL_LAYER_READER_BRIEF_V48.md observed=knowledge_external/EXTERNAL_LAYER_READER_BRIEF_V48.md
knowledge_external/templates/HIGH_PRIORITY_SOURCE_INTAKE_CHECKLIST_V48.md||knowledge_external/EXTERNAL_LAYER_READER_BRIEF_V48.md||input_to_artifact	edge_field_matches.edge_type	PASS	expected=input_to_artifact observed=input_to_artifact
knowledge_external/templates/HIGH_PRIORITY_SOURCE_INTAKE_CHECKLIST_V48.md||knowledge_external/EXTERNAL_LAYER_READER_BRIEF_V48.md||input_to_artifact	edge_field_matches.target_artifact	PASS	expected=V48 external layer reader brief observed=V48 external layer reader brief
knowledge_external/templates/HIGH_PRIORITY_SOURCE_INTAKE_CHECKLIST_V48.md||knowledge_external/EXTERNAL_LAYER_READER_BRIEF_V48.md||input_to_artifact	edge_field_matches.source_exists	PASS	expected=yes observed=yes
knowledge_external/templates/HIGH_PRIORITY_SOURCE_INTAKE_CHECKLIST_V48.md||knowledge_external/templates/SOURCE_INTAKE_OPERATOR_QUICKSTART_V48.md||input_to_artifact	edge_present	PASS	/Users/soeren.leibach/Projects/ms-auto-research/knowledge_external/catalogs/indexes/v48_external_synthesis_dependency_edges.tsv
knowledge_external/templates/HIGH_PRIORITY_SOURCE_INTAKE_CHECKLIST_V48.md||knowledge_external/templates/SOURCE_INTAKE_OPERATOR_QUICKSTART_V48.md||input_to_artifact	edge_field_matches.source	PASS	expected=knowledge_external/templates/HIGH_PRIORITY_SOURCE_INTAKE_CHECKLIST_V48.md observed=knowledge_external/templates/HIGH_PRIORITY_SOURCE_INTAKE_CHECKLIST_V48.md
knowledge_external/templates/HIGH_PRIORITY_SOURCE_INTAKE_CHECKLIST_V48.md||knowledge_external/templates/SOURCE_INTAKE_OPERATOR_QUICKSTART_V48.md||input_to_artifact	edge_field_matches.target	PASS	expected=knowledge_external/templates/SOURCE_INTAKE_OPERATOR_QUICKSTART_V48.md observed=knowledge_external/templates/SOURCE_INTAKE_OPERATOR_QUICKSTART_V48.md
knowledge_external/templates/HIGH_PRIORITY_SOURCE_INTAKE_CHECKLIST_V48.md||knowledge_external/templates/SOURCE_INTAKE_OPERATOR_QUICKSTART_V48.md||input_to_artifact	edge_field_matches.edge_type	PASS	expected=input_to_artifact observed=input_to_artifact
knowledge_external/templates/HIGH_PRIORITY_SOURCE_INTAKE_CHECKLIST_V48.md||knowledge_external/templates/SOURCE_INTAKE_OPERATOR_QUICKSTART_V48.md||input_to_artifact	edge_field_matches.target_artifact	PASS	expected=Source-intake operator quickstart observed=Source-intake operator quickstart
knowledge_external/templates/HIGH_PRIORITY_SOURCE_INTAKE_CHECKLIST_V48.md||knowledge_external/templates/SOURCE_INTAKE_OPERATOR_QUICKSTART_V48.md||input_to_artifact	edge_field_matches.source_exists	PASS	expected=yes observed=yes
scripts/v47_external_markdown_index_linter.py||knowledge_external/INDEX.md||freshness_control_for_artifact	edge_present	PASS	/Users/soeren.leibach/Projects/ms-auto-research/knowledge_external/catalogs/indexes/v48_external_synthesis_dependency_edges.tsv
scripts/v47_external_markdown_index_linter.py||knowledge_external/INDEX.md||freshness_control_for_artifact	edge_field_matches.source	PASS	expected=scripts/v47_external_markdown_index_linter.py observed=scripts/v47_external_markdown_index_linter.py
scripts/v47_external_markdown_index_linter.py||knowledge_external/INDEX.md||freshness_control_for_artifact	edge_field_matches.target	PASS	expected=knowledge_external/INDEX.md observed=knowledge_external/INDEX.md
scripts/v47_external_markdown_index_linter.py||knowledge_external/INDEX.md||freshness_control_for_artifact	edge_field_matches.edge_type	PASS	expected=freshness_control_for_artifact observed=freshness_control_for_artifact
scripts/v47_external_markdown_index_linter.py||knowledge_external/INDEX.md||freshness_control_for_artifact	edge_field_matches.target_artifact	PASS	expected=Public external index observed=Public external index
scripts/v47_external_markdown_index_linter.py||knowledge_external/INDEX.md||freshness_control_for_artifact	edge_field_matches.source_exists	PASS	expected=yes observed=yes
scripts/v47_external_verifiable_intake_linter.py||knowledge_external/synthesis/FUTURE_GROUNDING_QUEUE_V48.md||freshness_control_for_artifact	edge_present	PASS	/Users/soeren.leibach/Projects/ms-auto-research/knowledge_external/catalogs/indexes/v48_external_synthesis_dependency_edges.tsv
scripts/v47_external_verifiable_intake_linter.py||knowledge_external/synthesis/FUTURE_GROUNDING_QUEUE_V48.md||freshness_control_for_artifact	edge_field_matches.source	PASS	expected=scripts/v47_external_verifiable_intake_linter.py observed=scripts/v47_external_verifiable_intake_linter.py
scripts/v47_external_verifiable_intake_linter.py||knowledge_external/synthesis/FUTURE_GROUNDING_QUEUE_V48.md||freshness_control_for_artifact	edge_field_matches.target	PASS	expected=knowledge_external/synthesis/FUTURE_GROUNDING_QUEUE_V48.md observed=knowledge_external/synthesis/FUTURE_GROUNDING_QUEUE_V48.md
scripts/v47_external_verifiable_intake_linter.py||knowledge_external/synthesis/FUTURE_GROUNDING_QUEUE_V48.md||freshness_control_for_artifact	edge_field_matches.edge_type	PASS	expected=freshness_control_for_artifact observed=freshness_control_for_artifact
scripts/v47_external_verifiable_intake_linter.py||knowledge_external/synthesis/FUTURE_GROUNDING_QUEUE_V48.md||freshness_control_for_artifact	edge_field_matches.target_artifact	PASS	expected=V48 future-grounding queue observed=V48 future-grounding queue
scripts/v47_external_verifiable_intake_linter.py||knowledge_external/synthesis/FUTURE_GROUNDING_QUEUE_V48.md||freshness_control_for_artifact	edge_field_matches.source_exists	PASS	expected=yes observed=yes
scripts/v48_contradiction_readiness_freshness_linter.py||knowledge_external/synthesis/CONTRADICTION_READINESS_PLAYBOOK_V48.md||freshness_control_for_artifact	edge_present	PASS	/Users/soeren.leibach/Projects/ms-auto-research/knowledge_external/catalogs/indexes/v48_external_synthesis_dependency_edges.tsv
scripts/v48_contradiction_readiness_freshness_linter.py||knowledge_external/synthesis/CONTRADICTION_READINESS_PLAYBOOK_V48.md||freshness_control_for_artifact	edge_field_matches.source	PASS	expected=scripts/v48_contradiction_readiness_freshness_linter.py observed=scripts/v48_contradiction_readiness_freshness_linter.py
scripts/v48_contradiction_readiness_freshness_linter.py||knowledge_external/synthesis/CONTRADICTION_READINESS_PLAYBOOK_V48.md||freshness_control_for_artifact	edge_field_matches.target	PASS	expected=knowledge_external/synthesis/CONTRADICTION_READINESS_PLAYBOOK_V48.md observed=knowledge_external/synthesis/CONTRADICTION_READINESS_PLAYBOOK_V48.md
scripts/v48_contradiction_readiness_freshness_linter.py||knowledge_external/synthesis/CONTRADICTION_READINESS_PLAYBOOK_V48.md||freshness_control_for_artifact	edge_field_matches.edge_type	PASS	expected=freshness_control_for_artifact observed=freshness_control_for_artifact
scripts/v48_contradiction_readiness_freshness_linter.py||knowledge_external/synthesis/CONTRADICTION_READINESS_PLAYBOOK_V48.md||freshness_control_for_artifact	edge_field_matches.target_artifact	PASS	expected=Contradiction readiness playbook observed=Contradiction readiness playbook
scripts/v48_contradiction_readiness_freshness_linter.py||knowledge_external/synthesis/CONTRADICTION_READINESS_PLAYBOOK_V48.md||freshness_control_for_artifact	edge_field_matches.source_exists	PASS	expected=yes observed=yes
scripts/v48_contradiction_surveillance_freshness_linter.py||knowledge_external/synthesis/CONTRADICTION_SURVEILLANCE_CHECKLIST_V48.md||freshness_control_for_artifact	edge_present	PASS	/Users/soeren.leibach/Projects/ms-auto-research/knowledge_external/catalogs/indexes/v48_external_synthesis_dependency_edges.tsv
scripts/v48_contradiction_surveillance_freshness_linter.py||knowledge_external/synthesis/CONTRADICTION_SURVEILLANCE_CHECKLIST_V48.md||freshness_control_for_artifact	edge_field_matches.source	PASS	expected=scripts/v48_contradiction_surveillance_freshness_linter.py observed=scripts/v48_contradiction_surveillance_freshness_linter.py
scripts/v48_contradiction_surveillance_freshness_linter.py||knowledge_external/synthesis/CONTRADICTION_SURVEILLANCE_CHECKLIST_V48.md||freshness_control_for_artifact	edge_field_matches.target	PASS	expected=knowledge_external/synthesis/CONTRADICTION_SURVEILLANCE_CHECKLIST_V48.md observed=knowledge_external/synthesis/CONTRADICTION_SURVEILLANCE_CHECKLIST_V48.md
scripts/v48_contradiction_surveillance_freshness_linter.py||knowledge_external/synthesis/CONTRADICTION_SURVEILLANCE_CHECKLIST_V48.md||freshness_control_for_artifact	edge_field_matches.edge_type	PASS	expected=freshness_control_for_artifact observed=freshness_control_for_artifact
scripts/v48_contradiction_surveillance_freshness_linter.py||knowledge_external/synthesis/CONTRADICTION_SURVEILLANCE_CHECKLIST_V48.md||freshness_control_for_artifact	edge_field_matches.target_artifact	PASS	expected=Contradiction surveillance checklist observed=Contradiction surveillance checklist
scripts/v48_contradiction_surveillance_freshness_linter.py||knowledge_external/synthesis/CONTRADICTION_SURVEILLANCE_CHECKLIST_V48.md||freshness_control_for_artifact	edge_field_matches.source_exists	PASS	expected=yes observed=yes
scripts/v48_convergence_executive_card_freshness_linter.py||knowledge_external/synthesis/CONVERGENCE_CONTRADICTION_EXECUTIVE_CARD_V48.md||freshness_control_for_artifact	edge_present	PASS	/Users/soeren.leibach/Projects/ms-auto-research/knowledge_external/catalogs/indexes/v48_external_synthesis_dependency_edges.tsv
scripts/v48_convergence_executive_card_freshness_linter.py||knowledge_external/synthesis/CONVERGENCE_CONTRADICTION_EXECUTIVE_CARD_V48.md||freshness_control_for_artifact	edge_field_matches.source	PASS	expected=scripts/v48_convergence_executive_card_freshness_linter.py observed=scripts/v48_convergence_executive_card_freshness_linter.py
scripts/v48_convergence_executive_card_freshness_linter.py||knowledge_external/synthesis/CONVERGENCE_CONTRADICTION_EXECUTIVE_CARD_V48.md||freshness_control_for_artifact	edge_field_matches.target	PASS	expected=knowledge_external/synthesis/CONVERGENCE_CONTRADICTION_EXECUTIVE_CARD_V48.md observed=knowledge_external/synthesis/CONVERGENCE_CONTRADICTION_EXECUTIVE_CARD_V48.md
scripts/v48_convergence_executive_card_freshness_linter.py||knowledge_external/synthesis/CONVERGENCE_CONTRADICTION_EXECUTIVE_CARD_V48.md||freshness_control_for_artifact	edge_field_matches.edge_type	PASS	expected=freshness_control_for_artifact observed=freshness_control_for_artifact
scripts/v48_convergence_executive_card_freshness_linter.py||knowledge_external/synthesis/CONVERGENCE_CONTRADICTION_EXECUTIVE_CARD_V48.md||freshness_control_for_artifact	edge_field_matches.target_artifact	PASS	expected=V48 convergence/contradiction executive card observed=V48 convergence/contradiction executive card
scripts/v48_convergence_executive_card_freshness_linter.py||knowledge_external/synthesis/CONVERGENCE_CONTRADICTION_EXECUTIVE_CARD_V48.md||freshness_control_for_artifact	edge_field_matches.source_exists	PASS	expected=yes observed=yes
scripts/v48_convergence_matrix_coverage_linter.py||knowledge_external/synthesis/CONVERGENCE_CONTRADICTION_V48.md||freshness_control_for_artifact	edge_present	PASS	/Users/soeren.leibach/Projects/ms-auto-research/knowledge_external/catalogs/indexes/v48_external_synthesis_dependency_edges.tsv
scripts/v48_convergence_matrix_coverage_linter.py||knowledge_external/synthesis/CONVERGENCE_CONTRADICTION_V48.md||freshness_control_for_artifact	edge_field_matches.source	PASS	expected=scripts/v48_convergence_matrix_coverage_linter.py observed=scripts/v48_convergence_matrix_coverage_linter.py
scripts/v48_convergence_matrix_coverage_linter.py||knowledge_external/synthesis/CONVERGENCE_CONTRADICTION_V48.md||freshness_control_for_artifact	edge_field_matches.target	PASS	expected=knowledge_external/synthesis/CONVERGENCE_CONTRADICTION_V48.md observed=knowledge_external/synthesis/CONVERGENCE_CONTRADICTION_V48.md
scripts/v48_convergence_matrix_coverage_linter.py||knowledge_external/synthesis/CONVERGENCE_CONTRADICTION_V48.md||freshness_control_for_artifact	edge_field_matches.edge_type	PASS	expected=freshness_control_for_artifact observed=freshness_control_for_artifact
scripts/v48_convergence_matrix_coverage_linter.py||knowledge_external/synthesis/CONVERGENCE_CONTRADICTION_V48.md||freshness_control_for_artifact	edge_field_matches.target_artifact	PASS	expected=V48 convergence/contradiction matrix observed=V48 convergence/contradiction matrix
scripts/v48_convergence_matrix_coverage_linter.py||knowledge_external/synthesis/CONVERGENCE_CONTRADICTION_V48.md||freshness_control_for_artifact	edge_field_matches.source_exists	PASS	expected=yes observed=yes
scripts/v48_convergence_source_independence_freshness_linter.py||knowledge_external/synthesis/CONVERGENCE_SOURCE_INDEPENDENCE_V48.md||freshness_control_for_artifact	edge_present	PASS	/Users/soeren.leibach/Projects/ms-auto-research/knowledge_external/catalogs/indexes/v48_external_synthesis_dependency_edges.tsv
scripts/v48_convergence_source_independence_freshness_linter.py||knowledge_external/synthesis/CONVERGENCE_SOURCE_INDEPENDENCE_V48.md||freshness_control_for_artifact	edge_field_matches.source	PASS	expected=scripts/v48_convergence_source_independence_freshness_linter.py observed=scripts/v48_convergence_source_independence_freshness_linter.py
scripts/v48_convergence_source_independence_freshness_linter.py||knowledge_external/synthesis/CONVERGENCE_SOURCE_INDEPENDENCE_V48.md||freshness_control_for_artifact	edge_field_matches.target	PASS	expected=knowledge_external/synthesis/CONVERGENCE_SOURCE_INDEPENDENCE_V48.md observed=knowledge_external/synthesis/CONVERGENCE_SOURCE_INDEPENDENCE_V48.md
scripts/v48_convergence_source_independence_freshness_linter.py||knowledge_external/synthesis/CONVERGENCE_SOURCE_INDEPENDENCE_V48.md||freshness_control_for_artifact	edge_field_matches.edge_type	PASS	expected=freshness_control_for_artifact observed=freshness_control_for_artifact
scripts/v48_convergence_source_independence_freshness_linter.py||knowledge_external/synthesis/CONVERGENCE_SOURCE_INDEPENDENCE_V48.md||freshness_control_for_artifact	edge_field_matches.target_artifact	PASS	expected=V48 convergence source-independence matrix observed=V48 convergence source-independence matrix
scripts/v48_convergence_source_independence_freshness_linter.py||knowledge_external/synthesis/CONVERGENCE_SOURCE_INDEPENDENCE_V48.md||freshness_control_for_artifact	edge_field_matches.source_exists	PASS	expected=yes observed=yes
scripts/v48_convergence_status_vocabulary_linter.py||knowledge_external/catalogs/indexes/V48_RELATIONSHIP_MATRIX_DATA_DICTIONARY.md||input_to_artifact	edge_present	PASS	/Users/soeren.leibach/Projects/ms-auto-research/knowledge_external/catalogs/indexes/v48_external_synthesis_dependency_edges.tsv
scripts/v48_convergence_status_vocabulary_linter.py||knowledge_external/catalogs/indexes/V48_RELATIONSHIP_MATRIX_DATA_DICTIONARY.md||input_to_artifact	edge_field_matches.source	PASS	expected=scripts/v48_convergence_status_vocabulary_linter.py observed=scripts/v48_convergence_status_vocabulary_linter.py
scripts/v48_convergence_status_vocabulary_linter.py||knowledge_external/catalogs/indexes/V48_RELATIONSHIP_MATRIX_DATA_DICTIONARY.md||input_to_artifact	edge_field_matches.target	PASS	expected=knowledge_external/catalogs/indexes/V48_RELATIONSHIP_MATRIX_DATA_DICTIONARY.md observed=knowledge_external/catalogs/indexes/V48_RELATIONSHIP_MATRIX_DATA_DICTIONARY.md
scripts/v48_convergence_status_vocabulary_linter.py||knowledge_external/catalogs/indexes/V48_RELATIONSHIP_MATRIX_DATA_DICTIONARY.md||input_to_artifact	edge_field_matches.edge_type	PASS	expected=input_to_artifact observed=input_to_artifact
scripts/v48_convergence_status_vocabulary_linter.py||knowledge_external/catalogs/indexes/V48_RELATIONSHIP_MATRIX_DATA_DICTIONARY.md||input_to_artifact	edge_field_matches.target_artifact	PASS	expected=V48 relationship-matrix data dictionary observed=V48 relationship-matrix data dictionary
scripts/v48_convergence_status_vocabulary_linter.py||knowledge_external/catalogs/indexes/V48_RELATIONSHIP_MATRIX_DATA_DICTIONARY.md||input_to_artifact	edge_field_matches.source_exists	PASS	expected=yes observed=yes
scripts/v48_convergence_status_vocabulary_linter.py||knowledge_external/synthesis/CONVERGENCE_CONTRADICTION_V48.md||freshness_control_for_artifact	edge_present	PASS	/Users/soeren.leibach/Projects/ms-auto-research/knowledge_external/catalogs/indexes/v48_external_synthesis_dependency_edges.tsv
scripts/v48_convergence_status_vocabulary_linter.py||knowledge_external/synthesis/CONVERGENCE_CONTRADICTION_V48.md||freshness_control_for_artifact	edge_field_matches.source	PASS	expected=scripts/v48_convergence_status_vocabulary_linter.py observed=scripts/v48_convergence_status_vocabulary_linter.py
scripts/v48_convergence_status_vocabulary_linter.py||knowledge_external/synthesis/CONVERGENCE_CONTRADICTION_V48.md||freshness_control_for_artifact	edge_field_matches.target	PASS	expected=knowledge_external/synthesis/CONVERGENCE_CONTRADICTION_V48.md observed=knowledge_external/synthesis/CONVERGENCE_CONTRADICTION_V48.md
scripts/v48_convergence_status_vocabulary_linter.py||knowledge_external/synthesis/CONVERGENCE_CONTRADICTION_V48.md||freshness_control_for_artifact	edge_field_matches.edge_type	PASS	expected=freshness_control_for_artifact observed=freshness_control_for_artifact
scripts/v48_convergence_status_vocabulary_linter.py||knowledge_external/synthesis/CONVERGENCE_CONTRADICTION_V48.md||freshness_control_for_artifact	edge_field_matches.target_artifact	PASS	expected=V48 convergence/contradiction matrix observed=V48 convergence/contradiction matrix
scripts/v48_convergence_status_vocabulary_linter.py||knowledge_external/synthesis/CONVERGENCE_CONTRADICTION_V48.md||freshness_control_for_artifact	edge_field_matches.source_exists	PASS	expected=yes observed=yes
scripts/v48_decision_relevant_convergence_freshness_linter.py||knowledge_external/synthesis/DECISION_RELEVANT_CONVERGENCES_V48.md||freshness_control_for_artifact	edge_present	PASS	/Users/soeren.leibach/Projects/ms-auto-research/knowledge_external/catalogs/indexes/v48_external_synthesis_dependency_edges.tsv
scripts/v48_decision_relevant_convergence_freshness_linter.py||knowledge_external/synthesis/DECISION_RELEVANT_CONVERGENCES_V48.md||freshness_control_for_artifact	edge_field_matches.source	PASS	expected=scripts/v48_decision_relevant_convergence_freshness_linter.py observed=scripts/v48_decision_relevant_convergence_freshness_linter.py
scripts/v48_decision_relevant_convergence_freshness_linter.py||knowledge_external/synthesis/DECISION_RELEVANT_CONVERGENCES_V48.md||freshness_control_for_artifact	edge_field_matches.target	PASS	expected=knowledge_external/synthesis/DECISION_RELEVANT_CONVERGENCES_V48.md observed=knowledge_external/synthesis/DECISION_RELEVANT_CONVERGENCES_V48.md
scripts/v48_decision_relevant_convergence_freshness_linter.py||knowledge_external/synthesis/DECISION_RELEVANT_CONVERGENCES_V48.md||freshness_control_for_artifact	edge_field_matches.edge_type	PASS	expected=freshness_control_for_artifact observed=freshness_control_for_artifact
scripts/v48_decision_relevant_convergence_freshness_linter.py||knowledge_external/synthesis/DECISION_RELEVANT_CONVERGENCES_V48.md||freshness_control_for_artifact	edge_field_matches.target_artifact	PASS	expected=V48 decision-relevant convergence shortlist observed=V48 decision-relevant convergence shortlist
scripts/v48_decision_relevant_convergence_freshness_linter.py||knowledge_external/synthesis/DECISION_RELEVANT_CONVERGENCES_V48.md||freshness_control_for_artifact	edge_field_matches.source_exists	PASS	expected=yes observed=yes
scripts/v48_evidence_boundary_glossary_freshness_linter.py||knowledge_external/catalogs/indexes/V48_EVIDENCE_BOUNDARY_GLOSSARY.md||freshness_control_for_artifact	edge_present	PASS	/Users/soeren.leibach/Projects/ms-auto-research/knowledge_external/catalogs/indexes/v48_external_synthesis_dependency_edges.tsv
scripts/v48_evidence_boundary_glossary_freshness_linter.py||knowledge_external/catalogs/indexes/V48_EVIDENCE_BOUNDARY_GLOSSARY.md||freshness_control_for_artifact	edge_field_matches.source	PASS	expected=scripts/v48_evidence_boundary_glossary_freshness_linter.py observed=scripts/v48_evidence_boundary_glossary_freshness_linter.py
scripts/v48_evidence_boundary_glossary_freshness_linter.py||knowledge_external/catalogs/indexes/V48_EVIDENCE_BOUNDARY_GLOSSARY.md||freshness_control_for_artifact	edge_field_matches.target	PASS	expected=knowledge_external/catalogs/indexes/V48_EVIDENCE_BOUNDARY_GLOSSARY.md observed=knowledge_external/catalogs/indexes/V48_EVIDENCE_BOUNDARY_GLOSSARY.md
scripts/v48_evidence_boundary_glossary_freshness_linter.py||knowledge_external/catalogs/indexes/V48_EVIDENCE_BOUNDARY_GLOSSARY.md||freshness_control_for_artifact	edge_field_matches.edge_type	PASS	expected=freshness_control_for_artifact observed=freshness_control_for_artifact
scripts/v48_evidence_boundary_glossary_freshness_linter.py||knowledge_external/catalogs/indexes/V48_EVIDENCE_BOUNDARY_GLOSSARY.md||freshness_control_for_artifact	edge_field_matches.target_artifact	PASS	expected=V48 evidence-boundary glossary observed=V48 evidence-boundary glossary
scripts/v48_evidence_boundary_glossary_freshness_linter.py||knowledge_external/catalogs/indexes/V48_EVIDENCE_BOUNDARY_GLOSSARY.md||freshness_control_for_artifact	edge_field_matches.source_exists	PASS	expected=yes observed=yes
scripts/v48_external_layer_reader_brief_freshness_linter.py||knowledge_external/EXTERNAL_LAYER_READER_BRIEF_V48.md||freshness_control_for_artifact	edge_present	PASS	/Users/soeren.leibach/Projects/ms-auto-research/knowledge_external/catalogs/indexes/v48_external_synthesis_dependency_edges.tsv
scripts/v48_external_layer_reader_brief_freshness_linter.py||knowledge_external/EXTERNAL_LAYER_READER_BRIEF_V48.md||freshness_control_for_artifact	edge_field_matches.source	PASS	expected=scripts/v48_external_layer_reader_brief_freshness_linter.py observed=scripts/v48_external_layer_reader_brief_freshness_linter.py
scripts/v48_external_layer_reader_brief_freshness_linter.py||knowledge_external/EXTERNAL_LAYER_READER_BRIEF_V48.md||freshness_control_for_artifact	edge_field_matches.target	PASS	expected=knowledge_external/EXTERNAL_LAYER_READER_BRIEF_V48.md observed=knowledge_external/EXTERNAL_LAYER_READER_BRIEF_V48.md
scripts/v48_external_layer_reader_brief_freshness_linter.py||knowledge_external/EXTERNAL_LAYER_READER_BRIEF_V48.md||freshness_control_for_artifact	edge_field_matches.edge_type	PASS	expected=freshness_control_for_artifact observed=freshness_control_for_artifact
scripts/v48_external_layer_reader_brief_freshness_linter.py||knowledge_external/EXTERNAL_LAYER_READER_BRIEF_V48.md||freshness_control_for_artifact	edge_field_matches.target_artifact	PASS	expected=V48 external layer reader brief observed=V48 external layer reader brief
scripts/v48_external_layer_reader_brief_freshness_linter.py||knowledge_external/EXTERNAL_LAYER_READER_BRIEF_V48.md||freshness_control_for_artifact	edge_field_matches.source_exists	PASS	expected=yes observed=yes
scripts/v48_external_synthesis_dependency_freshness_linter.py||knowledge_external/catalogs/indexes/V48_EXTERNAL_SYNTHESIS_DEPENDENCY_GRAPH.md||freshness_control_for_artifact	edge_present	PASS	/Users/soeren.leibach/Projects/ms-auto-research/knowledge_external/catalogs/indexes/v48_external_synthesis_dependency_edges.tsv
scripts/v48_external_synthesis_dependency_freshness_linter.py||knowledge_external/catalogs/indexes/V48_EXTERNAL_SYNTHESIS_DEPENDENCY_GRAPH.md||freshness_control_for_artifact	edge_field_matches.source	PASS	expected=scripts/v48_external_synthesis_dependency_freshness_linter.py observed=scripts/v48_external_synthesis_dependency_freshness_linter.py
scripts/v48_external_synthesis_dependency_freshness_linter.py||knowledge_external/catalogs/indexes/V48_EXTERNAL_SYNTHESIS_DEPENDENCY_GRAPH.md||freshness_control_for_artifact	edge_field_matches.target	PASS	expected=knowledge_external/catalogs/indexes/V48_EXTERNAL_SYNTHESIS_DEPENDENCY_GRAPH.md observed=knowledge_external/catalogs/indexes/V48_EXTERNAL_SYNTHESIS_DEPENDENCY_GRAPH.md
scripts/v48_external_synthesis_dependency_freshness_linter.py||knowledge_external/catalogs/indexes/V48_EXTERNAL_SYNTHESIS_DEPENDENCY_GRAPH.md||freshness_control_for_artifact	edge_field_matches.edge_type	PASS	expected=freshness_control_for_artifact observed=freshness_control_for_artifact
scripts/v48_external_synthesis_dependency_freshness_linter.py||knowledge_external/catalogs/indexes/V48_EXTERNAL_SYNTHESIS_DEPENDENCY_GRAPH.md||freshness_control_for_artifact	edge_field_matches.target_artifact	PASS	expected=V48 external synthesis dependency graph observed=V48 external synthesis dependency graph
scripts/v48_external_synthesis_dependency_freshness_linter.py||knowledge_external/catalogs/indexes/V48_EXTERNAL_SYNTHESIS_DEPENDENCY_GRAPH.md||freshness_control_for_artifact	edge_field_matches.source_exists	PASS	expected=yes observed=yes
scripts/v48_external_synthesis_dependency_graph.py||knowledge_external/catalogs/indexes/V48_EXTERNAL_SYNTHESIS_DEPENDENCY_GRAPH.md||input_to_artifact	edge_present	PASS	/Users/soeren.leibach/Projects/ms-auto-research/knowledge_external/catalogs/indexes/v48_external_synthesis_dependency_edges.tsv
scripts/v48_external_synthesis_dependency_graph.py||knowledge_external/catalogs/indexes/V48_EXTERNAL_SYNTHESIS_DEPENDENCY_GRAPH.md||input_to_artifact	edge_field_matches.source	PASS	expected=scripts/v48_external_synthesis_dependency_graph.py observed=scripts/v48_external_synthesis_dependency_graph.py
scripts/v48_external_synthesis_dependency_graph.py||knowledge_external/catalogs/indexes/V48_EXTERNAL_SYNTHESIS_DEPENDENCY_GRAPH.md||input_to_artifact	edge_field_matches.target	PASS	expected=knowledge_external/catalogs/indexes/V48_EXTERNAL_SYNTHESIS_DEPENDENCY_GRAPH.md observed=knowledge_external/catalogs/indexes/V48_EXTERNAL_SYNTHESIS_DEPENDENCY_GRAPH.md
scripts/v48_external_synthesis_dependency_graph.py||knowledge_external/catalogs/indexes/V48_EXTERNAL_SYNTHESIS_DEPENDENCY_GRAPH.md||input_to_artifact	edge_field_matches.edge_type	PASS	expected=input_to_artifact observed=input_to_artifact
scripts/v48_external_synthesis_dependency_graph.py||knowledge_external/catalogs/indexes/V48_EXTERNAL_SYNTHESIS_DEPENDENCY_GRAPH.md||input_to_artifact	edge_field_matches.target_artifact	PASS	expected=V48 external synthesis dependency graph observed=V48 external synthesis dependency graph
scripts/v48_external_synthesis_dependency_graph.py||knowledge_external/catalogs/indexes/V48_EXTERNAL_SYNTHESIS_DEPENDENCY_GRAPH.md||input_to_artifact	edge_field_matches.source_exists	PASS	expected=yes observed=yes
scripts/v48_future_grounding_queue_freshness_linter.py||knowledge_external/synthesis/FUTURE_GROUNDING_QUEUE_V48.md||freshness_control_for_artifact	edge_present	PASS	/Users/soeren.leibach/Projects/ms-auto-research/knowledge_external/catalogs/indexes/v48_external_synthesis_dependency_edges.tsv
scripts/v48_future_grounding_queue_freshness_linter.py||knowledge_external/synthesis/FUTURE_GROUNDING_QUEUE_V48.md||freshness_control_for_artifact	edge_field_matches.source	PASS	expected=scripts/v48_future_grounding_queue_freshness_linter.py observed=scripts/v48_future_grounding_queue_freshness_linter.py
scripts/v48_future_grounding_queue_freshness_linter.py||knowledge_external/synthesis/FUTURE_GROUNDING_QUEUE_V48.md||freshness_control_for_artifact	edge_field_matches.target	PASS	expected=knowledge_external/synthesis/FUTURE_GROUNDING_QUEUE_V48.md observed=knowledge_external/synthesis/FUTURE_GROUNDING_QUEUE_V48.md
scripts/v48_future_grounding_queue_freshness_linter.py||knowledge_external/synthesis/FUTURE_GROUNDING_QUEUE_V48.md||freshness_control_for_artifact	edge_field_matches.edge_type	PASS	expected=freshness_control_for_artifact observed=freshness_control_for_artifact
scripts/v48_future_grounding_queue_freshness_linter.py||knowledge_external/synthesis/FUTURE_GROUNDING_QUEUE_V48.md||freshness_control_for_artifact	edge_field_matches.target_artifact	PASS	expected=V48 future-grounding queue observed=V48 future-grounding queue
scripts/v48_future_grounding_queue_freshness_linter.py||knowledge_external/synthesis/FUTURE_GROUNDING_QUEUE_V48.md||freshness_control_for_artifact	edge_field_matches.source_exists	PASS	expected=yes observed=yes
scripts/v48_governance_failure_mode_freshness_linter.py||knowledge_external/catalogs/indexes/GOVERNANCE_FAILURE_MODE_MATRIX_V48.md||freshness_control_for_artifact	edge_present	PASS	/Users/soeren.leibach/Projects/ms-auto-research/knowledge_external/catalogs/indexes/v48_external_synthesis_dependency_edges.tsv
scripts/v48_governance_failure_mode_freshness_linter.py||knowledge_external/catalogs/indexes/GOVERNANCE_FAILURE_MODE_MATRIX_V48.md||freshness_control_for_artifact	edge_field_matches.source	PASS	expected=scripts/v48_governance_failure_mode_freshness_linter.py observed=scripts/v48_governance_failure_mode_freshness_linter.py
scripts/v48_governance_failure_mode_freshness_linter.py||knowledge_external/catalogs/indexes/GOVERNANCE_FAILURE_MODE_MATRIX_V48.md||freshness_control_for_artifact	edge_field_matches.target	PASS	expected=knowledge_external/catalogs/indexes/GOVERNANCE_FAILURE_MODE_MATRIX_V48.md observed=knowledge_external/catalogs/indexes/GOVERNANCE_FAILURE_MODE_MATRIX_V48.md
scripts/v48_governance_failure_mode_freshness_linter.py||knowledge_external/catalogs/indexes/GOVERNANCE_FAILURE_MODE_MATRIX_V48.md||freshness_control_for_artifact	edge_field_matches.edge_type	PASS	expected=freshness_control_for_artifact observed=freshness_control_for_artifact
scripts/v48_governance_failure_mode_freshness_linter.py||knowledge_external/catalogs/indexes/GOVERNANCE_FAILURE_MODE_MATRIX_V48.md||freshness_control_for_artifact	edge_field_matches.target_artifact	PASS	expected=V48 governance failure-mode matrix observed=V48 governance failure-mode matrix
scripts/v48_governance_failure_mode_freshness_linter.py||knowledge_external/catalogs/indexes/GOVERNANCE_FAILURE_MODE_MATRIX_V48.md||freshness_control_for_artifact	edge_field_matches.source_exists	PASS	expected=yes observed=yes
scripts/v48_governance_navigation.py||knowledge_external/catalogs/indexes/V48_GOVERNANCE_NAVIGATION.md||input_to_artifact	edge_present	PASS	/Users/soeren.leibach/Projects/ms-auto-research/knowledge_external/catalogs/indexes/v48_external_synthesis_dependency_edges.tsv
scripts/v48_governance_navigation.py||knowledge_external/catalogs/indexes/V48_GOVERNANCE_NAVIGATION.md||input_to_artifact	edge_field_matches.source	PASS	expected=scripts/v48_governance_navigation.py observed=scripts/v48_governance_navigation.py
scripts/v48_governance_navigation.py||knowledge_external/catalogs/indexes/V48_GOVERNANCE_NAVIGATION.md||input_to_artifact	edge_field_matches.target	PASS	expected=knowledge_external/catalogs/indexes/V48_GOVERNANCE_NAVIGATION.md observed=knowledge_external/catalogs/indexes/V48_GOVERNANCE_NAVIGATION.md
scripts/v48_governance_navigation.py||knowledge_external/catalogs/indexes/V48_GOVERNANCE_NAVIGATION.md||input_to_artifact	edge_field_matches.edge_type	PASS	expected=input_to_artifact observed=input_to_artifact
scripts/v48_governance_navigation.py||knowledge_external/catalogs/indexes/V48_GOVERNANCE_NAVIGATION.md||input_to_artifact	edge_field_matches.target_artifact	PASS	expected=V48 governance navigation observed=V48 governance navigation
scripts/v48_governance_navigation.py||knowledge_external/catalogs/indexes/V48_GOVERNANCE_NAVIGATION.md||input_to_artifact	edge_field_matches.source_exists	PASS	expected=yes observed=yes
scripts/v48_governance_navigation_freshness_linter.py||knowledge_external/catalogs/indexes/V48_GOVERNANCE_NAVIGATION.md||freshness_control_for_artifact	edge_present	PASS	/Users/soeren.leibach/Projects/ms-auto-research/knowledge_external/catalogs/indexes/v48_external_synthesis_dependency_edges.tsv
scripts/v48_governance_navigation_freshness_linter.py||knowledge_external/catalogs/indexes/V48_GOVERNANCE_NAVIGATION.md||freshness_control_for_artifact	edge_field_matches.source	PASS	expected=scripts/v48_governance_navigation_freshness_linter.py observed=scripts/v48_governance_navigation_freshness_linter.py
scripts/v48_governance_navigation_freshness_linter.py||knowledge_external/catalogs/indexes/V48_GOVERNANCE_NAVIGATION.md||freshness_control_for_artifact	edge_field_matches.target	PASS	expected=knowledge_external/catalogs/indexes/V48_GOVERNANCE_NAVIGATION.md observed=knowledge_external/catalogs/indexes/V48_GOVERNANCE_NAVIGATION.md
scripts/v48_governance_navigation_freshness_linter.py||knowledge_external/catalogs/indexes/V48_GOVERNANCE_NAVIGATION.md||freshness_control_for_artifact	edge_field_matches.edge_type	PASS	expected=freshness_control_for_artifact observed=freshness_control_for_artifact
scripts/v48_governance_navigation_freshness_linter.py||knowledge_external/catalogs/indexes/V48_GOVERNANCE_NAVIGATION.md||freshness_control_for_artifact	edge_field_matches.target_artifact	PASS	expected=V48 governance navigation observed=V48 governance navigation
scripts/v48_governance_navigation_freshness_linter.py||knowledge_external/catalogs/indexes/V48_GOVERNANCE_NAVIGATION.md||freshness_control_for_artifact	edge_field_matches.source_exists	PASS	expected=yes observed=yes
scripts/v48_high_priority_external_sourcing_plan_freshness_linter.py||knowledge_external/synthesis/HIGH_PRIORITY_EXTERNAL_SOURCING_PLAN_V48.md||freshness_control_for_artifact	edge_present	PASS	/Users/soeren.leibach/Projects/ms-auto-research/knowledge_external/catalogs/indexes/v48_external_synthesis_dependency_edges.tsv
scripts/v48_high_priority_external_sourcing_plan_freshness_linter.py||knowledge_external/synthesis/HIGH_PRIORITY_EXTERNAL_SOURCING_PLAN_V48.md||freshness_control_for_artifact	edge_field_matches.source	PASS	expected=scripts/v48_high_priority_external_sourcing_plan_freshness_linter.py observed=scripts/v48_high_priority_external_sourcing_plan_freshness_linter.py
scripts/v48_high_priority_external_sourcing_plan_freshness_linter.py||knowledge_external/synthesis/HIGH_PRIORITY_EXTERNAL_SOURCING_PLAN_V48.md||freshness_control_for_artifact	edge_field_matches.target	PASS	expected=knowledge_external/synthesis/HIGH_PRIORITY_EXTERNAL_SOURCING_PLAN_V48.md observed=knowledge_external/synthesis/HIGH_PRIORITY_EXTERNAL_SOURCING_PLAN_V48.md
scripts/v48_high_priority_external_sourcing_plan_freshness_linter.py||knowledge_external/synthesis/HIGH_PRIORITY_EXTERNAL_SOURCING_PLAN_V48.md||freshness_control_for_artifact	edge_field_matches.edge_type	PASS	expected=freshness_control_for_artifact observed=freshness_control_for_artifact
scripts/v48_high_priority_external_sourcing_plan_freshness_linter.py||knowledge_external/synthesis/HIGH_PRIORITY_EXTERNAL_SOURCING_PLAN_V48.md||freshness_control_for_artifact	edge_field_matches.target_artifact	PASS	expected=High-priority external sourcing plan observed=High-priority external sourcing plan
scripts/v48_high_priority_external_sourcing_plan_freshness_linter.py||knowledge_external/synthesis/HIGH_PRIORITY_EXTERNAL_SOURCING_PLAN_V48.md||freshness_control_for_artifact	edge_field_matches.source_exists	PASS	expected=yes observed=yes
scripts/v48_high_priority_source_intake_checklist_freshness_linter.py||knowledge_external/templates/HIGH_PRIORITY_SOURCE_INTAKE_CHECKLIST_V48.md||freshness_control_for_artifact	edge_present	PASS	/Users/soeren.leibach/Projects/ms-auto-research/knowledge_external/catalogs/indexes/v48_external_synthesis_dependency_edges.tsv
scripts/v48_high_priority_source_intake_checklist_freshness_linter.py||knowledge_external/templates/HIGH_PRIORITY_SOURCE_INTAKE_CHECKLIST_V48.md||freshness_control_for_artifact	edge_field_matches.source	PASS	expected=scripts/v48_high_priority_source_intake_checklist_freshness_linter.py observed=scripts/v48_high_priority_source_intake_checklist_freshness_linter.py
scripts/v48_high_priority_source_intake_checklist_freshness_linter.py||knowledge_external/templates/HIGH_PRIORITY_SOURCE_INTAKE_CHECKLIST_V48.md||freshness_control_for_artifact	edge_field_matches.target	PASS	expected=knowledge_external/templates/HIGH_PRIORITY_SOURCE_INTAKE_CHECKLIST_V48.md observed=knowledge_external/templates/HIGH_PRIORITY_SOURCE_INTAKE_CHECKLIST_V48.md
scripts/v48_high_priority_source_intake_checklist_freshness_linter.py||knowledge_external/templates/HIGH_PRIORITY_SOURCE_INTAKE_CHECKLIST_V48.md||freshness_control_for_artifact	edge_field_matches.edge_type	PASS	expected=freshness_control_for_artifact observed=freshness_control_for_artifact
scripts/v48_high_priority_source_intake_checklist_freshness_linter.py||knowledge_external/templates/HIGH_PRIORITY_SOURCE_INTAKE_CHECKLIST_V48.md||freshness_control_for_artifact	edge_field_matches.target_artifact	PASS	expected=High-priority source intake checklist observed=High-priority source intake checklist
scripts/v48_high_priority_source_intake_checklist_freshness_linter.py||knowledge_external/templates/HIGH_PRIORITY_SOURCE_INTAKE_CHECKLIST_V48.md||freshness_control_for_artifact	edge_field_matches.source_exists	PASS	expected=yes observed=yes
scripts/v48_high_priority_source_search_query_freshness_linter.py||knowledge_external/synthesis/HIGH_PRIORITY_SOURCE_SEARCH_QUERIES_V48.md||freshness_control_for_artifact	edge_present	PASS	/Users/soeren.leibach/Projects/ms-auto-research/knowledge_external/catalogs/indexes/v48_external_synthesis_dependency_edges.tsv
scripts/v48_high_priority_source_search_query_freshness_linter.py||knowledge_external/synthesis/HIGH_PRIORITY_SOURCE_SEARCH_QUERIES_V48.md||freshness_control_for_artifact	edge_field_matches.source	PASS	expected=scripts/v48_high_priority_source_search_query_freshness_linter.py observed=scripts/v48_high_priority_source_search_query_freshness_linter.py
scripts/v48_high_priority_source_search_query_freshness_linter.py||knowledge_external/synthesis/HIGH_PRIORITY_SOURCE_SEARCH_QUERIES_V48.md||freshness_control_for_artifact	edge_field_matches.target	PASS	expected=knowledge_external/synthesis/HIGH_PRIORITY_SOURCE_SEARCH_QUERIES_V48.md observed=knowledge_external/synthesis/HIGH_PRIORITY_SOURCE_SEARCH_QUERIES_V48.md
scripts/v48_high_priority_source_search_query_freshness_linter.py||knowledge_external/synthesis/HIGH_PRIORITY_SOURCE_SEARCH_QUERIES_V48.md||freshness_control_for_artifact	edge_field_matches.edge_type	PASS	expected=freshness_control_for_artifact observed=freshness_control_for_artifact
scripts/v48_high_priority_source_search_query_freshness_linter.py||knowledge_external/synthesis/HIGH_PRIORITY_SOURCE_SEARCH_QUERIES_V48.md||freshness_control_for_artifact	edge_field_matches.target_artifact	PASS	expected=High-priority source-search query packet observed=High-priority source-search query packet
scripts/v48_high_priority_source_search_query_freshness_linter.py||knowledge_external/synthesis/HIGH_PRIORITY_SOURCE_SEARCH_QUERIES_V48.md||freshness_control_for_artifact	edge_field_matches.source_exists	PASS	expected=yes observed=yes
scripts/v48_high_priority_source_terms_packet_freshness_linter.py||knowledge_external/catalogs/indexes/HIGH_PRIORITY_SOURCE_TERMS_PACKET_V48.md||freshness_control_for_artifact	edge_present	PASS	/Users/soeren.leibach/Projects/ms-auto-research/knowledge_external/catalogs/indexes/v48_external_synthesis_dependency_edges.tsv
scripts/v48_high_priority_source_terms_packet_freshness_linter.py||knowledge_external/catalogs/indexes/HIGH_PRIORITY_SOURCE_TERMS_PACKET_V48.md||freshness_control_for_artifact	edge_field_matches.source	PASS	expected=scripts/v48_high_priority_source_terms_packet_freshness_linter.py observed=scripts/v48_high_priority_source_terms_packet_freshness_linter.py
scripts/v48_high_priority_source_terms_packet_freshness_linter.py||knowledge_external/catalogs/indexes/HIGH_PRIORITY_SOURCE_TERMS_PACKET_V48.md||freshness_control_for_artifact	edge_field_matches.target	PASS	expected=knowledge_external/catalogs/indexes/HIGH_PRIORITY_SOURCE_TERMS_PACKET_V48.md observed=knowledge_external/catalogs/indexes/HIGH_PRIORITY_SOURCE_TERMS_PACKET_V48.md
scripts/v48_high_priority_source_terms_packet_freshness_linter.py||knowledge_external/catalogs/indexes/HIGH_PRIORITY_SOURCE_TERMS_PACKET_V48.md||freshness_control_for_artifact	edge_field_matches.edge_type	PASS	expected=freshness_control_for_artifact observed=freshness_control_for_artifact
scripts/v48_high_priority_source_terms_packet_freshness_linter.py||knowledge_external/catalogs/indexes/HIGH_PRIORITY_SOURCE_TERMS_PACKET_V48.md||freshness_control_for_artifact	edge_field_matches.target_artifact	PASS	expected=V48 high-priority source-terms packet observed=V48 high-priority source-terms packet
scripts/v48_high_priority_source_terms_packet_freshness_linter.py||knowledge_external/catalogs/indexes/HIGH_PRIORITY_SOURCE_TERMS_PACKET_V48.md||freshness_control_for_artifact	edge_field_matches.source_exists	PASS	expected=yes observed=yes
scripts/v48_preflight_summary_card_freshness_linter.py||knowledge_external/catalogs/indexes/V48_PREFLIGHT_SUMMARY_CARD.md||freshness_control_for_artifact	edge_present	PASS	/Users/soeren.leibach/Projects/ms-auto-research/knowledge_external/catalogs/indexes/v48_external_synthesis_dependency_edges.tsv
scripts/v48_preflight_summary_card_freshness_linter.py||knowledge_external/catalogs/indexes/V48_PREFLIGHT_SUMMARY_CARD.md||freshness_control_for_artifact	edge_field_matches.source	PASS	expected=scripts/v48_preflight_summary_card_freshness_linter.py observed=scripts/v48_preflight_summary_card_freshness_linter.py
scripts/v48_preflight_summary_card_freshness_linter.py||knowledge_external/catalogs/indexes/V48_PREFLIGHT_SUMMARY_CARD.md||freshness_control_for_artifact	edge_field_matches.target	PASS	expected=knowledge_external/catalogs/indexes/V48_PREFLIGHT_SUMMARY_CARD.md observed=knowledge_external/catalogs/indexes/V48_PREFLIGHT_SUMMARY_CARD.md
scripts/v48_preflight_summary_card_freshness_linter.py||knowledge_external/catalogs/indexes/V48_PREFLIGHT_SUMMARY_CARD.md||freshness_control_for_artifact	edge_field_matches.edge_type	PASS	expected=freshness_control_for_artifact observed=freshness_control_for_artifact
scripts/v48_preflight_summary_card_freshness_linter.py||knowledge_external/catalogs/indexes/V48_PREFLIGHT_SUMMARY_CARD.md||freshness_control_for_artifact	edge_field_matches.target_artifact	PASS	expected=V48 preflight summary card observed=V48 preflight summary card
scripts/v48_preflight_summary_card_freshness_linter.py||knowledge_external/catalogs/indexes/V48_PREFLIGHT_SUMMARY_CARD.md||freshness_control_for_artifact	edge_field_matches.source_exists	PASS	expected=yes observed=yes
scripts/v48_project_finding_reference_linter.py||knowledge_external/synthesis/CONVERGENCE_CONTRADICTION_V48.md||freshness_control_for_artifact	edge_present	PASS	/Users/soeren.leibach/Projects/ms-auto-research/knowledge_external/catalogs/indexes/v48_external_synthesis_dependency_edges.tsv
scripts/v48_project_finding_reference_linter.py||knowledge_external/synthesis/CONVERGENCE_CONTRADICTION_V48.md||freshness_control_for_artifact	edge_field_matches.source	PASS	expected=scripts/v48_project_finding_reference_linter.py observed=scripts/v48_project_finding_reference_linter.py
scripts/v48_project_finding_reference_linter.py||knowledge_external/synthesis/CONVERGENCE_CONTRADICTION_V48.md||freshness_control_for_artifact	edge_field_matches.target	PASS	expected=knowledge_external/synthesis/CONVERGENCE_CONTRADICTION_V48.md observed=knowledge_external/synthesis/CONVERGENCE_CONTRADICTION_V48.md
scripts/v48_project_finding_reference_linter.py||knowledge_external/synthesis/CONVERGENCE_CONTRADICTION_V48.md||freshness_control_for_artifact	edge_field_matches.edge_type	PASS	expected=freshness_control_for_artifact observed=freshness_control_for_artifact
scripts/v48_project_finding_reference_linter.py||knowledge_external/synthesis/CONVERGENCE_CONTRADICTION_V48.md||freshness_control_for_artifact	edge_field_matches.target_artifact	PASS	expected=V48 convergence/contradiction matrix observed=V48 convergence/contradiction matrix
scripts/v48_project_finding_reference_linter.py||knowledge_external/synthesis/CONVERGENCE_CONTRADICTION_V48.md||freshness_control_for_artifact	edge_field_matches.source_exists	PASS	expected=yes observed=yes
scripts/v48_public_index_crosslink_linter.py||knowledge_external/INDEX.md||freshness_control_for_artifact	edge_present	PASS	/Users/soeren.leibach/Projects/ms-auto-research/knowledge_external/catalogs/indexes/v48_external_synthesis_dependency_edges.tsv
scripts/v48_public_index_crosslink_linter.py||knowledge_external/INDEX.md||freshness_control_for_artifact	edge_field_matches.source	PASS	expected=scripts/v48_public_index_crosslink_linter.py observed=scripts/v48_public_index_crosslink_linter.py
scripts/v48_public_index_crosslink_linter.py||knowledge_external/INDEX.md||freshness_control_for_artifact	edge_field_matches.target	PASS	expected=knowledge_external/INDEX.md observed=knowledge_external/INDEX.md
scripts/v48_public_index_crosslink_linter.py||knowledge_external/INDEX.md||freshness_control_for_artifact	edge_field_matches.edge_type	PASS	expected=freshness_control_for_artifact observed=freshness_control_for_artifact
scripts/v48_public_index_crosslink_linter.py||knowledge_external/INDEX.md||freshness_control_for_artifact	edge_field_matches.target_artifact	PASS	expected=Public external index observed=Public external index
scripts/v48_public_index_crosslink_linter.py||knowledge_external/INDEX.md||freshness_control_for_artifact	edge_field_matches.source_exists	PASS	expected=yes observed=yes
scripts/v48_public_index_freshness_linter.py||knowledge_external/INDEX.md||freshness_control_for_artifact	edge_present	PASS	/Users/soeren.leibach/Projects/ms-auto-research/knowledge_external/catalogs/indexes/v48_external_synthesis_dependency_edges.tsv
scripts/v48_public_index_freshness_linter.py||knowledge_external/INDEX.md||freshness_control_for_artifact	edge_field_matches.source	PASS	expected=scripts/v48_public_index_freshness_linter.py observed=scripts/v48_public_index_freshness_linter.py
scripts/v48_public_index_freshness_linter.py||knowledge_external/INDEX.md||freshness_control_for_artifact	edge_field_matches.target	PASS	expected=knowledge_external/INDEX.md observed=knowledge_external/INDEX.md
scripts/v48_public_index_freshness_linter.py||knowledge_external/INDEX.md||freshness_control_for_artifact	edge_field_matches.edge_type	PASS	expected=freshness_control_for_artifact observed=freshness_control_for_artifact
scripts/v48_public_index_freshness_linter.py||knowledge_external/INDEX.md||freshness_control_for_artifact	edge_field_matches.target_artifact	PASS	expected=Public external index observed=Public external index
scripts/v48_public_index_freshness_linter.py||knowledge_external/INDEX.md||freshness_control_for_artifact	edge_field_matches.source_exists	PASS	expected=yes observed=yes
scripts/v48_relationship_matrix_data_dictionary_freshness_linter.py||knowledge_external/catalogs/indexes/V48_RELATIONSHIP_MATRIX_DATA_DICTIONARY.md||freshness_control_for_artifact	edge_present	PASS	/Users/soeren.leibach/Projects/ms-auto-research/knowledge_external/catalogs/indexes/v48_external_synthesis_dependency_edges.tsv
scripts/v48_relationship_matrix_data_dictionary_freshness_linter.py||knowledge_external/catalogs/indexes/V48_RELATIONSHIP_MATRIX_DATA_DICTIONARY.md||freshness_control_for_artifact	edge_field_matches.source	PASS	expected=scripts/v48_relationship_matrix_data_dictionary_freshness_linter.py observed=scripts/v48_relationship_matrix_data_dictionary_freshness_linter.py
scripts/v48_relationship_matrix_data_dictionary_freshness_linter.py||knowledge_external/catalogs/indexes/V48_RELATIONSHIP_MATRIX_DATA_DICTIONARY.md||freshness_control_for_artifact	edge_field_matches.target	PASS	expected=knowledge_external/catalogs/indexes/V48_RELATIONSHIP_MATRIX_DATA_DICTIONARY.md observed=knowledge_external/catalogs/indexes/V48_RELATIONSHIP_MATRIX_DATA_DICTIONARY.md
scripts/v48_relationship_matrix_data_dictionary_freshness_linter.py||knowledge_external/catalogs/indexes/V48_RELATIONSHIP_MATRIX_DATA_DICTIONARY.md||freshness_control_for_artifact	edge_field_matches.edge_type	PASS	expected=freshness_control_for_artifact observed=freshness_control_for_artifact
scripts/v48_relationship_matrix_data_dictionary_freshness_linter.py||knowledge_external/catalogs/indexes/V48_RELATIONSHIP_MATRIX_DATA_DICTIONARY.md||freshness_control_for_artifact	edge_field_matches.target_artifact	PASS	expected=V48 relationship-matrix data dictionary observed=V48 relationship-matrix data dictionary
scripts/v48_relationship_matrix_data_dictionary_freshness_linter.py||knowledge_external/catalogs/indexes/V48_RELATIONSHIP_MATRIX_DATA_DICTIONARY.md||freshness_control_for_artifact	edge_field_matches.source_exists	PASS	expected=yes observed=yes
scripts/v48_resource_comparator_freshness_linter.py||knowledge_external/catalogs/indexes/EXTERNAL_RESOURCE_COMPARATOR_MATRIX_V48.md||freshness_control_for_artifact	edge_present	PASS	/Users/soeren.leibach/Projects/ms-auto-research/knowledge_external/catalogs/indexes/v48_external_synthesis_dependency_edges.tsv
scripts/v48_resource_comparator_freshness_linter.py||knowledge_external/catalogs/indexes/EXTERNAL_RESOURCE_COMPARATOR_MATRIX_V48.md||freshness_control_for_artifact	edge_field_matches.source	PASS	expected=scripts/v48_resource_comparator_freshness_linter.py observed=scripts/v48_resource_comparator_freshness_linter.py
scripts/v48_resource_comparator_freshness_linter.py||knowledge_external/catalogs/indexes/EXTERNAL_RESOURCE_COMPARATOR_MATRIX_V48.md||freshness_control_for_artifact	edge_field_matches.target	PASS	expected=knowledge_external/catalogs/indexes/EXTERNAL_RESOURCE_COMPARATOR_MATRIX_V48.md observed=knowledge_external/catalogs/indexes/EXTERNAL_RESOURCE_COMPARATOR_MATRIX_V48.md
scripts/v48_resource_comparator_freshness_linter.py||knowledge_external/catalogs/indexes/EXTERNAL_RESOURCE_COMPARATOR_MATRIX_V48.md||freshness_control_for_artifact	edge_field_matches.edge_type	PASS	expected=freshness_control_for_artifact observed=freshness_control_for_artifact
scripts/v48_resource_comparator_freshness_linter.py||knowledge_external/catalogs/indexes/EXTERNAL_RESOURCE_COMPARATOR_MATRIX_V48.md||freshness_control_for_artifact	edge_field_matches.target_artifact	PASS	expected=V48 external resource comparator matrix observed=V48 external resource comparator matrix
scripts/v48_resource_comparator_freshness_linter.py||knowledge_external/catalogs/indexes/EXTERNAL_RESOURCE_COMPARATOR_MATRIX_V48.md||freshness_control_for_artifact	edge_field_matches.source_exists	PASS	expected=yes observed=yes
scripts/v48_source_domain_independence_freshness_linter.py||knowledge_external/catalogs/indexes/SOURCE_DOMAIN_INDEPENDENCE_ROLLUP_V48.md||freshness_control_for_artifact	edge_present	PASS	/Users/soeren.leibach/Projects/ms-auto-research/knowledge_external/catalogs/indexes/v48_external_synthesis_dependency_edges.tsv
scripts/v48_source_domain_independence_freshness_linter.py||knowledge_external/catalogs/indexes/SOURCE_DOMAIN_INDEPENDENCE_ROLLUP_V48.md||freshness_control_for_artifact	edge_field_matches.source	PASS	expected=scripts/v48_source_domain_independence_freshness_linter.py observed=scripts/v48_source_domain_independence_freshness_linter.py
scripts/v48_source_domain_independence_freshness_linter.py||knowledge_external/catalogs/indexes/SOURCE_DOMAIN_INDEPENDENCE_ROLLUP_V48.md||freshness_control_for_artifact	edge_field_matches.target	PASS	expected=knowledge_external/catalogs/indexes/SOURCE_DOMAIN_INDEPENDENCE_ROLLUP_V48.md observed=knowledge_external/catalogs/indexes/SOURCE_DOMAIN_INDEPENDENCE_ROLLUP_V48.md
scripts/v48_source_domain_independence_freshness_linter.py||knowledge_external/catalogs/indexes/SOURCE_DOMAIN_INDEPENDENCE_ROLLUP_V48.md||freshness_control_for_artifact	edge_field_matches.edge_type	PASS	expected=freshness_control_for_artifact observed=freshness_control_for_artifact
scripts/v48_source_domain_independence_freshness_linter.py||knowledge_external/catalogs/indexes/SOURCE_DOMAIN_INDEPENDENCE_ROLLUP_V48.md||freshness_control_for_artifact	edge_field_matches.target_artifact	PASS	expected=V48 source-domain independence rollup observed=V48 source-domain independence rollup
scripts/v48_source_domain_independence_freshness_linter.py||knowledge_external/catalogs/indexes/SOURCE_DOMAIN_INDEPENDENCE_ROLLUP_V48.md||freshness_control_for_artifact	edge_field_matches.source_exists	PASS	expected=yes observed=yes
scripts/v48_source_domain_review_freshness_linter.py||knowledge_external/catalogs/indexes/SOURCE_DOMAIN_REVIEW_V48.md||freshness_control_for_artifact	edge_present	PASS	/Users/soeren.leibach/Projects/ms-auto-research/knowledge_external/catalogs/indexes/v48_external_synthesis_dependency_edges.tsv
scripts/v48_source_domain_review_freshness_linter.py||knowledge_external/catalogs/indexes/SOURCE_DOMAIN_REVIEW_V48.md||freshness_control_for_artifact	edge_field_matches.source	PASS	expected=scripts/v48_source_domain_review_freshness_linter.py observed=scripts/v48_source_domain_review_freshness_linter.py
scripts/v48_source_domain_review_freshness_linter.py||knowledge_external/catalogs/indexes/SOURCE_DOMAIN_REVIEW_V48.md||freshness_control_for_artifact	edge_field_matches.target	PASS	expected=knowledge_external/catalogs/indexes/SOURCE_DOMAIN_REVIEW_V48.md observed=knowledge_external/catalogs/indexes/SOURCE_DOMAIN_REVIEW_V48.md
scripts/v48_source_domain_review_freshness_linter.py||knowledge_external/catalogs/indexes/SOURCE_DOMAIN_REVIEW_V48.md||freshness_control_for_artifact	edge_field_matches.edge_type	PASS	expected=freshness_control_for_artifact observed=freshness_control_for_artifact
scripts/v48_source_domain_review_freshness_linter.py||knowledge_external/catalogs/indexes/SOURCE_DOMAIN_REVIEW_V48.md||freshness_control_for_artifact	edge_field_matches.target_artifact	PASS	expected=V48 source-domain review observed=V48 source-domain review
scripts/v48_source_domain_review_freshness_linter.py||knowledge_external/catalogs/indexes/SOURCE_DOMAIN_REVIEW_V48.md||freshness_control_for_artifact	edge_field_matches.source_exists	PASS	expected=yes observed=yes
scripts/v48_source_intake_operator_quickstart_freshness_linter.py||knowledge_external/templates/SOURCE_INTAKE_OPERATOR_QUICKSTART_V48.md||freshness_control_for_artifact	edge_present	PASS	/Users/soeren.leibach/Projects/ms-auto-research/knowledge_external/catalogs/indexes/v48_external_synthesis_dependency_edges.tsv
scripts/v48_source_intake_operator_quickstart_freshness_linter.py||knowledge_external/templates/SOURCE_INTAKE_OPERATOR_QUICKSTART_V48.md||freshness_control_for_artifact	edge_field_matches.source	PASS	expected=scripts/v48_source_intake_operator_quickstart_freshness_linter.py observed=scripts/v48_source_intake_operator_quickstart_freshness_linter.py
scripts/v48_source_intake_operator_quickstart_freshness_linter.py||knowledge_external/templates/SOURCE_INTAKE_OPERATOR_QUICKSTART_V48.md||freshness_control_for_artifact	edge_field_matches.target	PASS	expected=knowledge_external/templates/SOURCE_INTAKE_OPERATOR_QUICKSTART_V48.md observed=knowledge_external/templates/SOURCE_INTAKE_OPERATOR_QUICKSTART_V48.md
scripts/v48_source_intake_operator_quickstart_freshness_linter.py||knowledge_external/templates/SOURCE_INTAKE_OPERATOR_QUICKSTART_V48.md||freshness_control_for_artifact	edge_field_matches.edge_type	PASS	expected=freshness_control_for_artifact observed=freshness_control_for_artifact
scripts/v48_source_intake_operator_quickstart_freshness_linter.py||knowledge_external/templates/SOURCE_INTAKE_OPERATOR_QUICKSTART_V48.md||freshness_control_for_artifact	edge_field_matches.target_artifact	PASS	expected=Source-intake operator quickstart observed=Source-intake operator quickstart
scripts/v48_source_intake_operator_quickstart_freshness_linter.py||knowledge_external/templates/SOURCE_INTAKE_OPERATOR_QUICKSTART_V48.md||freshness_control_for_artifact	edge_field_matches.source_exists	PASS	expected=yes observed=yes
scripts/v48_source_terms_coverage_freshness_linter.py||knowledge_external/catalogs/indexes/SOURCE_TERMS_COVERAGE_V48.md||freshness_control_for_artifact	edge_present	PASS	/Users/soeren.leibach/Projects/ms-auto-research/knowledge_external/catalogs/indexes/v48_external_synthesis_dependency_edges.tsv
scripts/v48_source_terms_coverage_freshness_linter.py||knowledge_external/catalogs/indexes/SOURCE_TERMS_COVERAGE_V48.md||freshness_control_for_artifact	edge_field_matches.source	PASS	expected=scripts/v48_source_terms_coverage_freshness_linter.py observed=scripts/v48_source_terms_coverage_freshness_linter.py
scripts/v48_source_terms_coverage_freshness_linter.py||knowledge_external/catalogs/indexes/SOURCE_TERMS_COVERAGE_V48.md||freshness_control_for_artifact	edge_field_matches.target	PASS	expected=knowledge_external/catalogs/indexes/SOURCE_TERMS_COVERAGE_V48.md observed=knowledge_external/catalogs/indexes/SOURCE_TERMS_COVERAGE_V48.md
scripts/v48_source_terms_coverage_freshness_linter.py||knowledge_external/catalogs/indexes/SOURCE_TERMS_COVERAGE_V48.md||freshness_control_for_artifact	edge_field_matches.edge_type	PASS	expected=freshness_control_for_artifact observed=freshness_control_for_artifact
scripts/v48_source_terms_coverage_freshness_linter.py||knowledge_external/catalogs/indexes/SOURCE_TERMS_COVERAGE_V48.md||freshness_control_for_artifact	edge_field_matches.target_artifact	PASS	expected=V48 source-terms coverage observed=V48 source-terms coverage
scripts/v48_source_terms_coverage_freshness_linter.py||knowledge_external/catalogs/indexes/SOURCE_TERMS_COVERAGE_V48.md||freshness_control_for_artifact	edge_field_matches.source_exists	PASS	expected=yes observed=yes
scripts/v48_source_terms_freshness_linter.py||knowledge_external/catalogs/indexes/SOURCE_TERMS_COVERAGE_V48.md||freshness_control_for_artifact	edge_present	PASS	/Users/soeren.leibach/Projects/ms-auto-research/knowledge_external/catalogs/indexes/v48_external_synthesis_dependency_edges.tsv
scripts/v48_source_terms_freshness_linter.py||knowledge_external/catalogs/indexes/SOURCE_TERMS_COVERAGE_V48.md||freshness_control_for_artifact	edge_field_matches.source	PASS	expected=scripts/v48_source_terms_freshness_linter.py observed=scripts/v48_source_terms_freshness_linter.py
scripts/v48_source_terms_freshness_linter.py||knowledge_external/catalogs/indexes/SOURCE_TERMS_COVERAGE_V48.md||freshness_control_for_artifact	edge_field_matches.target	PASS	expected=knowledge_external/catalogs/indexes/SOURCE_TERMS_COVERAGE_V48.md observed=knowledge_external/catalogs/indexes/SOURCE_TERMS_COVERAGE_V48.md
scripts/v48_source_terms_freshness_linter.py||knowledge_external/catalogs/indexes/SOURCE_TERMS_COVERAGE_V48.md||freshness_control_for_artifact	edge_field_matches.edge_type	PASS	expected=freshness_control_for_artifact observed=freshness_control_for_artifact
scripts/v48_source_terms_freshness_linter.py||knowledge_external/catalogs/indexes/SOURCE_TERMS_COVERAGE_V48.md||freshness_control_for_artifact	edge_field_matches.target_artifact	PASS	expected=V48 source-terms coverage observed=V48 source-terms coverage
scripts/v48_source_terms_freshness_linter.py||knowledge_external/catalogs/indexes/SOURCE_TERMS_COVERAGE_V48.md||freshness_control_for_artifact	edge_field_matches.source_exists	PASS	expected=yes observed=yes
scripts/v48_source_terms_metadata_linter.py||knowledge_external/catalogs/indexes/SOURCE_TERMS_COVERAGE_V48.md||freshness_control_for_artifact	edge_present	PASS	/Users/soeren.leibach/Projects/ms-auto-research/knowledge_external/catalogs/indexes/v48_external_synthesis_dependency_edges.tsv
scripts/v48_source_terms_metadata_linter.py||knowledge_external/catalogs/indexes/SOURCE_TERMS_COVERAGE_V48.md||freshness_control_for_artifact	edge_field_matches.source	PASS	expected=scripts/v48_source_terms_metadata_linter.py observed=scripts/v48_source_terms_metadata_linter.py
scripts/v48_source_terms_metadata_linter.py||knowledge_external/catalogs/indexes/SOURCE_TERMS_COVERAGE_V48.md||freshness_control_for_artifact	edge_field_matches.target	PASS	expected=knowledge_external/catalogs/indexes/SOURCE_TERMS_COVERAGE_V48.md observed=knowledge_external/catalogs/indexes/SOURCE_TERMS_COVERAGE_V48.md
scripts/v48_source_terms_metadata_linter.py||knowledge_external/catalogs/indexes/SOURCE_TERMS_COVERAGE_V48.md||freshness_control_for_artifact	edge_field_matches.edge_type	PASS	expected=freshness_control_for_artifact observed=freshness_control_for_artifact
scripts/v48_source_terms_metadata_linter.py||knowledge_external/catalogs/indexes/SOURCE_TERMS_COVERAGE_V48.md||freshness_control_for_artifact	edge_field_matches.target_artifact	PASS	expected=V48 source-terms coverage observed=V48 source-terms coverage
scripts/v48_source_terms_metadata_linter.py||knowledge_external/catalogs/indexes/SOURCE_TERMS_COVERAGE_V48.md||freshness_control_for_artifact	edge_field_matches.source_exists	PASS	expected=yes observed=yes
scripts/v48_source_url_duplicate_freshness_linter.py||knowledge_external/catalogs/indexes/SOURCE_URL_DUPLICATE_REVIEW_V48.md||freshness_control_for_artifact	edge_present	PASS	/Users/soeren.leibach/Projects/ms-auto-research/knowledge_external/catalogs/indexes/v48_external_synthesis_dependency_edges.tsv
scripts/v48_source_url_duplicate_freshness_linter.py||knowledge_external/catalogs/indexes/SOURCE_URL_DUPLICATE_REVIEW_V48.md||freshness_control_for_artifact	edge_field_matches.source	PASS	expected=scripts/v48_source_url_duplicate_freshness_linter.py observed=scripts/v48_source_url_duplicate_freshness_linter.py
scripts/v48_source_url_duplicate_freshness_linter.py||knowledge_external/catalogs/indexes/SOURCE_URL_DUPLICATE_REVIEW_V48.md||freshness_control_for_artifact	edge_field_matches.target	PASS	expected=knowledge_external/catalogs/indexes/SOURCE_URL_DUPLICATE_REVIEW_V48.md observed=knowledge_external/catalogs/indexes/SOURCE_URL_DUPLICATE_REVIEW_V48.md
scripts/v48_source_url_duplicate_freshness_linter.py||knowledge_external/catalogs/indexes/SOURCE_URL_DUPLICATE_REVIEW_V48.md||freshness_control_for_artifact	edge_field_matches.edge_type	PASS	expected=freshness_control_for_artifact observed=freshness_control_for_artifact
scripts/v48_source_url_duplicate_freshness_linter.py||knowledge_external/catalogs/indexes/SOURCE_URL_DUPLICATE_REVIEW_V48.md||freshness_control_for_artifact	edge_field_matches.target_artifact	PASS	expected=External source URL duplicate review observed=External source URL duplicate review
scripts/v48_source_url_duplicate_freshness_linter.py||knowledge_external/catalogs/indexes/SOURCE_URL_DUPLICATE_REVIEW_V48.md||freshness_control_for_artifact	edge_field_matches.source_exists	PASS	expected=yes observed=yes
scripts/v48_support_contradiction_coverage_linter.py||knowledge_external/synthesis/CONVERGENCE_CONTRADICTION_V48.md||freshness_control_for_artifact	edge_present	PASS	/Users/soeren.leibach/Projects/ms-auto-research/knowledge_external/catalogs/indexes/v48_external_synthesis_dependency_edges.tsv
scripts/v48_support_contradiction_coverage_linter.py||knowledge_external/synthesis/CONVERGENCE_CONTRADICTION_V48.md||freshness_control_for_artifact	edge_field_matches.source	PASS	expected=scripts/v48_support_contradiction_coverage_linter.py observed=scripts/v48_support_contradiction_coverage_linter.py
scripts/v48_support_contradiction_coverage_linter.py||knowledge_external/synthesis/CONVERGENCE_CONTRADICTION_V48.md||freshness_control_for_artifact	edge_field_matches.target	PASS	expected=knowledge_external/synthesis/CONVERGENCE_CONTRADICTION_V48.md observed=knowledge_external/synthesis/CONVERGENCE_CONTRADICTION_V48.md
scripts/v48_support_contradiction_coverage_linter.py||knowledge_external/synthesis/CONVERGENCE_CONTRADICTION_V48.md||freshness_control_for_artifact	edge_field_matches.edge_type	PASS	expected=freshness_control_for_artifact observed=freshness_control_for_artifact
scripts/v48_support_contradiction_coverage_linter.py||knowledge_external/synthesis/CONVERGENCE_CONTRADICTION_V48.md||freshness_control_for_artifact	edge_field_matches.target_artifact	PASS	expected=V48 convergence/contradiction matrix observed=V48 convergence/contradiction matrix
scripts/v48_support_contradiction_coverage_linter.py||knowledge_external/synthesis/CONVERGENCE_CONTRADICTION_V48.md||freshness_control_for_artifact	edge_field_matches.source_exists	PASS	expected=yes observed=yes
scripts/v48_unresolved_external_coverage_handoff_freshness_linter.py||knowledge_external/synthesis/UNRESOLVED_EXTERNAL_COVERAGE_HANDOFF_V48.md||freshness_control_for_artifact	edge_present	PASS	/Users/soeren.leibach/Projects/ms-auto-research/knowledge_external/catalogs/indexes/v48_external_synthesis_dependency_edges.tsv
scripts/v48_unresolved_external_coverage_handoff_freshness_linter.py||knowledge_external/synthesis/UNRESOLVED_EXTERNAL_COVERAGE_HANDOFF_V48.md||freshness_control_for_artifact	edge_field_matches.source	PASS	expected=scripts/v48_unresolved_external_coverage_handoff_freshness_linter.py observed=scripts/v48_unresolved_external_coverage_handoff_freshness_linter.py
scripts/v48_unresolved_external_coverage_handoff_freshness_linter.py||knowledge_external/synthesis/UNRESOLVED_EXTERNAL_COVERAGE_HANDOFF_V48.md||freshness_control_for_artifact	edge_field_matches.target	PASS	expected=knowledge_external/synthesis/UNRESOLVED_EXTERNAL_COVERAGE_HANDOFF_V48.md observed=knowledge_external/synthesis/UNRESOLVED_EXTERNAL_COVERAGE_HANDOFF_V48.md
scripts/v48_unresolved_external_coverage_handoff_freshness_linter.py||knowledge_external/synthesis/UNRESOLVED_EXTERNAL_COVERAGE_HANDOFF_V48.md||freshness_control_for_artifact	edge_field_matches.edge_type	PASS	expected=freshness_control_for_artifact observed=freshness_control_for_artifact
scripts/v48_unresolved_external_coverage_handoff_freshness_linter.py||knowledge_external/synthesis/UNRESOLVED_EXTERNAL_COVERAGE_HANDOFF_V48.md||freshness_control_for_artifact	edge_field_matches.target_artifact	PASS	expected=Unresolved external coverage handoff observed=Unresolved external coverage handoff
scripts/v48_unresolved_external_coverage_handoff_freshness_linter.py||knowledge_external/synthesis/UNRESOLVED_EXTERNAL_COVERAGE_HANDOFF_V48.md||freshness_control_for_artifact	edge_field_matches.source_exists	PASS	expected=yes observed=yes
scripts/v48_v37_coverage_freshness_linter.py||knowledge_external/synthesis/V37_FINDING_EXTERNAL_COVERAGE_V48.md||freshness_control_for_artifact	edge_present	PASS	/Users/soeren.leibach/Projects/ms-auto-research/knowledge_external/catalogs/indexes/v48_external_synthesis_dependency_edges.tsv
scripts/v48_v37_coverage_freshness_linter.py||knowledge_external/synthesis/V37_FINDING_EXTERNAL_COVERAGE_V48.md||freshness_control_for_artifact	edge_field_matches.source	PASS	expected=scripts/v48_v37_coverage_freshness_linter.py observed=scripts/v48_v37_coverage_freshness_linter.py
scripts/v48_v37_coverage_freshness_linter.py||knowledge_external/synthesis/V37_FINDING_EXTERNAL_COVERAGE_V48.md||freshness_control_for_artifact	edge_field_matches.target	PASS	expected=knowledge_external/synthesis/V37_FINDING_EXTERNAL_COVERAGE_V48.md observed=knowledge_external/synthesis/V37_FINDING_EXTERNAL_COVERAGE_V48.md
scripts/v48_v37_coverage_freshness_linter.py||knowledge_external/synthesis/V37_FINDING_EXTERNAL_COVERAGE_V48.md||freshness_control_for_artifact	edge_field_matches.edge_type	PASS	expected=freshness_control_for_artifact observed=freshness_control_for_artifact
scripts/v48_v37_coverage_freshness_linter.py||knowledge_external/synthesis/V37_FINDING_EXTERNAL_COVERAGE_V48.md||freshness_control_for_artifact	edge_field_matches.target_artifact	PASS	expected=V37 finding external coverage map observed=V37 finding external coverage map
scripts/v48_v37_coverage_freshness_linter.py||knowledge_external/synthesis/V37_FINDING_EXTERNAL_COVERAGE_V48.md||freshness_control_for_artifact	edge_field_matches.source_exists	PASS	expected=yes observed=yes
scripts/v48_v37_gap_priority_freshness_linter.py||knowledge_external/synthesis/V37_EXTERNAL_COVERAGE_GAP_PRIORITY_V48.md||freshness_control_for_artifact	edge_present	PASS	/Users/soeren.leibach/Projects/ms-auto-research/knowledge_external/catalogs/indexes/v48_external_synthesis_dependency_edges.tsv
scripts/v48_v37_gap_priority_freshness_linter.py||knowledge_external/synthesis/V37_EXTERNAL_COVERAGE_GAP_PRIORITY_V48.md||freshness_control_for_artifact	edge_field_matches.source	PASS	expected=scripts/v48_v37_gap_priority_freshness_linter.py observed=scripts/v48_v37_gap_priority_freshness_linter.py
scripts/v48_v37_gap_priority_freshness_linter.py||knowledge_external/synthesis/V37_EXTERNAL_COVERAGE_GAP_PRIORITY_V48.md||freshness_control_for_artifact	edge_field_matches.target	PASS	expected=knowledge_external/synthesis/V37_EXTERNAL_COVERAGE_GAP_PRIORITY_V48.md observed=knowledge_external/synthesis/V37_EXTERNAL_COVERAGE_GAP_PRIORITY_V48.md
scripts/v48_v37_gap_priority_freshness_linter.py||knowledge_external/synthesis/V37_EXTERNAL_COVERAGE_GAP_PRIORITY_V48.md||freshness_control_for_artifact	edge_field_matches.edge_type	PASS	expected=freshness_control_for_artifact observed=freshness_control_for_artifact
scripts/v48_v37_gap_priority_freshness_linter.py||knowledge_external/synthesis/V37_EXTERNAL_COVERAGE_GAP_PRIORITY_V48.md||freshness_control_for_artifact	edge_field_matches.target_artifact	PASS	expected=V37 external coverage gap priority observed=V37 external coverage gap priority
scripts/v48_v37_gap_priority_freshness_linter.py||knowledge_external/synthesis/V37_EXTERNAL_COVERAGE_GAP_PRIORITY_V48.md||freshness_control_for_artifact	edge_field_matches.source_exists	PASS	expected=yes observed=yes
scripts/v48_v37_uncovered_rationale_freshness_linter.py||knowledge_external/synthesis/V37_UNCOVERED_FINDING_RATIONALE_V48.md||freshness_control_for_artifact	edge_present	PASS	/Users/soeren.leibach/Projects/ms-auto-research/knowledge_external/catalogs/indexes/v48_external_synthesis_dependency_edges.tsv
scripts/v48_v37_uncovered_rationale_freshness_linter.py||knowledge_external/synthesis/V37_UNCOVERED_FINDING_RATIONALE_V48.md||freshness_control_for_artifact	edge_field_matches.source	PASS	expected=scripts/v48_v37_uncovered_rationale_freshness_linter.py observed=scripts/v48_v37_uncovered_rationale_freshness_linter.py
scripts/v48_v37_uncovered_rationale_freshness_linter.py||knowledge_external/synthesis/V37_UNCOVERED_FINDING_RATIONALE_V48.md||freshness_control_for_artifact	edge_field_matches.target	PASS	expected=knowledge_external/synthesis/V37_UNCOVERED_FINDING_RATIONALE_V48.md observed=knowledge_external/synthesis/V37_UNCOVERED_FINDING_RATIONALE_V48.md
scripts/v48_v37_uncovered_rationale_freshness_linter.py||knowledge_external/synthesis/V37_UNCOVERED_FINDING_RATIONALE_V48.md||freshness_control_for_artifact	edge_field_matches.edge_type	PASS	expected=freshness_control_for_artifact observed=freshness_control_for_artifact
scripts/v48_v37_uncovered_rationale_freshness_linter.py||knowledge_external/synthesis/V37_UNCOVERED_FINDING_RATIONALE_V48.md||freshness_control_for_artifact	edge_field_matches.target_artifact	PASS	expected=V37 uncovered finding rationale observed=V37 uncovered finding rationale
scripts/v48_v37_uncovered_rationale_freshness_linter.py||knowledge_external/synthesis/V37_UNCOVERED_FINDING_RATIONALE_V48.md||freshness_control_for_artifact	edge_field_matches.source_exists	PASS	expected=yes observed=yes
summary	summary_matches.n_nodes	PASS	expected=29 observed=29
summary	summary_matches.n_edges	PASS	expected=90 observed=90
summary	summary_matches.n_missing_outputs	PASS	expected=0 observed=0
summary	summary_matches.n_missing_control_sources	PASS	expected=0 observed=0
summary	summary_matches.n_unguarded_nodes	PASS	expected=0 observed=0
