evidence_tier	candidate	gene	source	dataset	system	perturbation_type	target_suppression	generic_ifn_suppression	target_vs_ifn_margin	selectivity_score	stress_induction	manual_blocker	gate_count	direct_priority_score	wave61_call	gate_real_perturbation	gate_selective_over_ifn	gate_not_generic_collapse	gate_stress_guardrail	gate_primary_or_relevant_system	gate_repair_or_efferocytosis_guardrail	gate_cross_disease_recurrence	gate_ms_nominal_anchor	gate_residual_support	gate_genetic_support	gate_druggable_or_modality	gate_no_manual_blocker	positive_disease_count	negative_disease_count	positive_diseases	ms_wm_delta_log2	ms_wm_p	ms_wm_fdr	opentargets_max_genetic_association	opentargets_disease_count	residual_retained_disease_count	strict_core_covariate_surviving_disease_count	top_retained_tests	wave34_call	gwas_catalog_trait_count	chembl_target_id	chembl_best_nM	druggable_activity_count	efferocytosis_screen_call	efferocytosis_median_efficient_minus_noneater_lfc	efferocytosis_contrast_fdr	geneformer_model_support_pass	wave57_call	l1000_wave24_call	l1000_promotion_gate	l1000_opposite_queries	l1000_best_rank	l1000_min_qval	l1000_contradicted_by_similar_hit	gate_lipid_apc_reduced	gate_ifn_not_collapsed	gate_stress_not_increased	gate_resolution_gain	gate_profibrosis_not_increased	gate_replicated_or_statistical
l1000_mechanism_summary_support_only	NVP-AUY922;PU-H71;geldanamycin;tanespimycin	HSP90AA1	L1000FWD	LINCS/L1000FWD	mechanism-level recurrent reversal					3.0		NO_GO	0		NO_GO_L1000_MECHANISM_ONLY																																		NO_GO	NO_GO		4.0	3.08543314439944e-07							
l1000_mechanism_summary_support_only	thapsigargin	ATP2A1	L1000FWD	LINCS/L1000FWD	mechanism-level recurrent reversal					2.0		NO_GO	0		NO_GO_L1000_MECHANISM_ONLY																																		NO_GO	NO_GO		2.0	3.33468284702094e-07							
l1000_mechanism_summary_support_only	radicicol	NAN	L1000FWD	LINCS/L1000FWD	mechanism-level recurrent reversal					2.0		NO_GO	0		NO_GO_L1000_MECHANISM_ONLY																																		NO_GO	NO_GO		5.0	3.08543314439944e-07							
l1000_mechanism_summary_support_only	SB-225002	CXCR2	L1000FWD	LINCS/L1000FWD	mechanism-level recurrent reversal					2.0		NO_GO_PRIOR	0		NO_GO_L1000_MECHANISM_ONLY																																		NO_GO_PRIOR	NO_GO		7.0	4.7161861024928e-06							
l1000_mechanism_summary_support_only	BI-2536	PLK1	L1000FWD	LINCS/L1000FWD	mechanism-level recurrent reversal					2.0		NO_GO	0		NO_GO_L1000_MECHANISM_ONLY																																		NO_GO	NO_GO		8.0	4.88465195996193e-06							
l1000_mechanism_summary_support_only	vincristine	TUBB	L1000FWD	LINCS/L1000FWD	mechanism-level recurrent reversal					2.0		NO_GO	0		NO_GO_L1000_MECHANISM_ONLY																																		NO_GO	NO_GO		11.0	4.70712929556801e-06							
l1000_mechanism_summary_support_only	flavokavain-b	IKBKB	L1000FWD	LINCS/L1000FWD	mechanism-level recurrent reversal					2.0		NO_GO	0		NO_GO_L1000_MECHANISM_ONLY																																		NO_GO	NO_GO		12.0	4.71443193564889e-06							
l1000_mechanism_summary_support_only	7b-cis	XPO1	L1000FWD	LINCS/L1000FWD	mechanism-level recurrent reversal					2.0		NO_GO	0		NO_GO_L1000_MECHANISM_ONLY																																		NO_GO	NO_GO		15.0	8.83733908701768e-06							
l1000_mechanism_summary_support_only	PNU-74654	CTNNB1	L1000FWD	LINCS/L1000FWD	mechanism-level recurrent reversal					2.0		NO_GO	0		NO_GO_L1000_MECHANISM_ONLY																																		NO_GO	NO_GO		16.0	8.83733908701768e-06							
l1000_mechanism_summary_support_only	BRD-K30351863	APEX1	L1000FWD	LINCS/L1000FWD	mechanism-level recurrent reversal					2.0		NO_GO	0		NO_GO_L1000_MECHANISM_ONLY																																		NO_GO	NO_GO		22.0	9.03442048884882e-06							
l1000_mechanism_summary_support_only	GW-6471	PPARA	L1000FWD	LINCS/L1000FWD	mechanism-level recurrent reversal					2.0		NO_GO_PRIOR	0		NO_GO_L1000_MECHANISM_ONLY																																		NO_GO_PRIOR	NO_GO		26.0	8.83733908701768e-06							
l1000_mechanism_summary_support_only	prednisolone-acetate	NR3C1	L1000FWD	LINCS/L1000FWD	mechanism-level recurrent reversal					2.0		NO_GO	0		NO_GO_L1000_MECHANISM_ONLY																																		NO_GO	NO_GO		34.0	8.83733908701768e-06							
l1000_mechanism_summary_support_only	CA-074-Me	CTSB	L1000FWD	LINCS/L1000FWD	mechanism-level recurrent reversal					2.0		NO_GO_PRIOR	0		NO_GO_L1000_MECHANISM_ONLY																																		NO_GO_PRIOR	NO_GO		41.0	8.83733908701768e-06							
l1000_mechanism_summary_support_only	AG-592;BAY-11-7082;BG-FA-0953;BRD-A09719808;BRD-A18411371;BRD-A20131130;BRD-A26595446;BRD-A36275421;BRD-A37735495;BRD-A68065211;BRD-A95513702;BRD-K00429057;BRD-K03736784;BRD-K05153001;BRD-K05197617;BRD-K05396879;BRD-K05562558;BRD-K05979026;BRD-K06765193;BRD-K07005393;BRD-K10057859;BRD-K10846167;BRD-K28040935;BRD-K30468800;BRD-K30697463;BRD-K32636001;BRD-K33583600;BRD-K35024477;BRD-K37340241;BRD-K39345836;BRD-K50204028;BRD-K51556300;BRD-K56196992;BRD-K60870698;BRD-K69516039;BRD-K72381041;BRD-K726	NAN	L1000FWD	LINCS/L1000FWD	mechanism-level recurrent reversal					2.0		PARK_UNKNOWN	0		NO_GO_L1000_MECHANISM_ONLY																																		PARK_UNKNOWN	PARK_UNKNOWN_ONLY		1.0	2.85209566712362e-08							
l1000_mechanism_summary_support_only	withaferin-a	NAMPT	L1000FWD	LINCS/L1000FWD	mechanism-level recurrent reversal					1.0		NO_GO	0		NO_GO_L1000_MECHANISM_ONLY																																		NO_GO	NO_GO		2.0	0.596745389998244							
l1000_mechanism_summary_support_only	memantine	GRIN1	L1000FWD	LINCS/L1000FWD	mechanism-level recurrent reversal					1.0		PARK_REVIEW	0		NO_GO_L1000_MECHANISM_ONLY																																		PARK_REVIEW	NO_GO		3.0	0.566910809286373							
l1000_mechanism_summary_support_only	WAY-170523	MMP13	L1000FWD	LINCS/L1000FWD	mechanism-level recurrent reversal					1.0		PARK_REVIEW	0		NO_GO_L1000_MECHANISM_ONLY																																		PARK_REVIEW	NO_GO		3.0	3.27392831556839e-07							
l1000_mechanism_summary_support_only	arvanil	CNR1	L1000FWD	LINCS/L1000FWD	mechanism-level recurrent reversal					1.0		PARK_REVIEW	0		NO_GO_L1000_MECHANISM_ONLY																																		PARK_REVIEW	NO_GO		4.0	4.70712929556801e-06							
l1000_mechanism_summary_support_only	triprolidine	HRH1	L1000FWD	LINCS/L1000FWD	mechanism-level recurrent reversal					1.0		PARK_REVIEW	0		NO_GO_L1000_MECHANISM_ONLY																																		PARK_REVIEW	NO_GO		4.0	0.805603902146875							
l1000_mechanism_summary_support_only	BRD-K89329876	KIF11	L1000FWD	LINCS/L1000FWD	mechanism-level recurrent reversal					1.0		NO_GO	0		NO_GO_L1000_MECHANISM_ONLY																																		NO_GO	NO_GO		5.0	0.74950198399974							
l1000_mechanism_summary_support_only	ryuvidine	CDK4	L1000FWD	LINCS/L1000FWD	mechanism-level recurrent reversal					1.0		NO_GO	0		NO_GO_L1000_MECHANISM_ONLY																																		NO_GO	NO_GO		6.0	0.768581834015827							
l1000_mechanism_summary_support_only	KO-143	ABCG2	L1000FWD	LINCS/L1000FWD	mechanism-level recurrent reversal					1.0		PARK_REVIEW	0		NO_GO_L1000_MECHANISM_ONLY																																		PARK_REVIEW	NO_GO		9.0	4.70712929556801e-06							
l1000_mechanism_summary_support_only	BRD-K20168484	ALOX5AP	L1000FWD	LINCS/L1000FWD	mechanism-level recurrent reversal					1.0		NO_GO_PRIOR	0		NO_GO_L1000_MECHANISM_ONLY																																		NO_GO_PRIOR	NO_GO		9.0	8.83733908701768e-06							
l1000_mechanism_summary_support_only	SB-218078	CHEK1	L1000FWD	LINCS/L1000FWD	mechanism-level recurrent reversal					1.0		NO_GO	0		NO_GO_L1000_MECHANISM_ONLY																																		NO_GO	NO_GO		9.0	0.869167133307089							
l1000_mechanism_summary_support_only	miglitol	GAA	L1000FWD	LINCS/L1000FWD	mechanism-level recurrent reversal					1.0		PARK_REVIEW	0		NO_GO_L1000_MECHANISM_ONLY																																		PARK_REVIEW	NO_GO		10.0	0.885415802724685							
l1000_mechanism_summary_support_only	dexamethasone;flumetasone;fluticasone	NR3C1	L1000FWD	LINCS/L1000FWD	mechanism-level recurrent reversal					1.0		NO_GO_PRIOR	0		NO_GO_L1000_MECHANISM_ONLY																																		NO_GO_PRIOR	NO_GO		11.0	0.805603902146875							
l1000_mechanism_summary_support_only	calyculin	PPP1CA	L1000FWD	LINCS/L1000FWD	mechanism-level recurrent reversal					1.0		NO_GO	0		NO_GO_L1000_MECHANISM_ONLY																																		NO_GO	NO_GO		12.0	0.800757396434433							
l1000_mechanism_summary_support_only	CGP-57380	MKNK1	L1000FWD	LINCS/L1000FWD	mechanism-level recurrent reversal					1.0		PARK_REVIEW	0		NO_GO_L1000_MECHANISM_ONLY																																		PARK_REVIEW	NO_GO		13.0	5.87567820342275e-05							
l1000_mechanism_summary_support_only	MG-132	PSMB1	L1000FWD	LINCS/L1000FWD	mechanism-level recurrent reversal					1.0		PARK_REVIEW	0		NO_GO_L1000_MECHANISM_ONLY																																		PARK_REVIEW	NO_GO		16.0	0.843182058232008							
l1000_mechanism_summary_support_only	WAY-213613	SLC1A2	L1000FWD	LINCS/L1000FWD	mechanism-level recurrent reversal					1.0		PARK_REVIEW	0		NO_GO_L1000_MECHANISM_ONLY																																		PARK_REVIEW	NO_GO		16.0	6.03624873173514e-05							
l1000_mechanism_summary_support_only	GW-843682X	PLK3	L1000FWD	LINCS/L1000FWD	mechanism-level recurrent reversal					1.0		PARK_REVIEW	0		NO_GO_L1000_MECHANISM_ONLY																																		PARK_REVIEW	NO_GO		17.0	5.87567820342275e-05							
l1000_mechanism_summary_support_only	BMY-45778	PTGIR	L1000FWD	LINCS/L1000FWD	mechanism-level recurrent reversal					1.0		PARK_REVIEW	0		NO_GO_L1000_MECHANISM_ONLY																																		PARK_REVIEW	NO_GO		20.0	6.03624873173514e-05							
l1000_mechanism_summary_support_only	PK-11195	TSPO	L1000FWD	LINCS/L1000FWD	mechanism-level recurrent reversal					1.0		PARK_REVIEW	0		NO_GO_L1000_MECHANISM_ONLY																																		PARK_REVIEW	NO_GO		20.0	1.0							
l1000_mechanism_summary_support_only	angiogenesis-inhibitor	EGFR	L1000FWD	LINCS/L1000FWD	mechanism-level recurrent reversal					1.0		PARK_REVIEW	0		NO_GO_L1000_MECHANISM_ONLY																																		PARK_REVIEW	NO_GO		21.0	6.03624873173514e-05							
l1000_mechanism_summary_support_only	alprazolam	GABRA1	L1000FWD	LINCS/L1000FWD	mechanism-level recurrent reversal					1.0		PARK_REVIEW	0		NO_GO_L1000_MECHANISM_ONLY																																		PARK_REVIEW	NO_GO		21.0	1.0							
l1000_mechanism_summary_support_only	manumycin-a	FNTA	L1000FWD	LINCS/L1000FWD	mechanism-level recurrent reversal					1.0		PARK_REVIEW	0		NO_GO_L1000_MECHANISM_ONLY																																		PARK_REVIEW	NO_GO		25.0	0.909831846556634							
l1000_mechanism_summary_support_only	estradiol	ESR1	L1000FWD	LINCS/L1000FWD	mechanism-level recurrent reversal					1.0		PARK_REVIEW	0		NO_GO_L1000_MECHANISM_ONLY																																		PARK_REVIEW	NO_GO		28.0	1.0							
l1000_mechanism_summary_support_only	SB-216641	HTR1B	L1000FWD	LINCS/L1000FWD	mechanism-level recurrent reversal					1.0		PARK_REVIEW	0		NO_GO_L1000_MECHANISM_ONLY																																		PARK_REVIEW	NO_GO		29.0	5.87567820342275e-05							
l1000_mechanism_summary_support_only	XMD-1150	LRRK2	L1000FWD	LINCS/L1000FWD	mechanism-level recurrent reversal					1.0		PARK_REVIEW	0		NO_GO_L1000_MECHANISM_ONLY																																		PARK_REVIEW	NO_GO		30.0	9.36227738231777e-06							
l1000_mechanism_summary_support_only	zileuton	ALOX5	L1000FWD	LINCS/L1000FWD	mechanism-level recurrent reversal					1.0		NO_GO_PRIOR	0		NO_GO_L1000_MECHANISM_ONLY																																		NO_GO_PRIOR	NO_GO		32.0	1.0							
l1000_mechanism_summary_support_only	LY-294002	MTOR	L1000FWD	LINCS/L1000FWD	mechanism-level recurrent reversal					1.0		PARK_REVIEW	0		NO_GO_L1000_MECHANISM_ONLY																																		PARK_REVIEW	NO_GO		32.0	8.83733908701768e-06							
l1000_mechanism_summary_support_only	dexamethasone-acetate	NR3C1	L1000FWD	LINCS/L1000FWD	mechanism-level recurrent reversal					1.0		NO_GO_PRIOR	0		NO_GO_L1000_MECHANISM_ONLY																																		NO_GO_PRIOR	NO_GO		33.0	1.0							
l1000_mechanism_summary_support_only	AS-605240	PIK3CG	L1000FWD	LINCS/L1000FWD	mechanism-level recurrent reversal					1.0		PARK_REVIEW	0		NO_GO_L1000_MECHANISM_ONLY																																		PARK_REVIEW	NO_GO		33.0	6.09760480042738e-05							
l1000_mechanism_summary_support_only	tubocurarine	CHRNA2	L1000FWD	LINCS/L1000FWD	mechanism-level recurrent reversal					1.0		PARK_REVIEW	0		NO_GO_L1000_MECHANISM_ONLY																																		PARK_REVIEW	NO_GO		34.0	1.0							
l1000_mechanism_summary_support_only	tozasertib	FLT3	L1000FWD	LINCS/L1000FWD	mechanism-level recurrent reversal					1.0		PARK_REVIEW	0		NO_GO_L1000_MECHANISM_ONLY																																		PARK_REVIEW	NO_GO		35.0	6.09760480042738e-05							
l1000_mechanism_summary_support_only	cediranib	FLT1	L1000FWD	LINCS/L1000FWD	mechanism-level recurrent reversal					1.0		PARK_REVIEW	0		NO_GO_L1000_MECHANISM_ONLY																																		PARK_REVIEW	NO_GO		38.0	8.83733908701768e-06							
l1000_mechanism_summary_support_only	oligomycin-a	ATP5F1A	L1000FWD	LINCS/L1000FWD	mechanism-level recurrent reversal					1.0		PARK_REVIEW	0		NO_GO_L1000_MECHANISM_ONLY																																		PARK_REVIEW	NO_GO		39.0	8.92001488176717e-06							
l1000_mechanism_summary_support_only	berbamine	CALM1	L1000FWD	LINCS/L1000FWD	mechanism-level recurrent reversal					1.0		PARK_REVIEW	0		NO_GO_L1000_MECHANISM_ONLY																																		PARK_REVIEW	NO_GO		39.0	0.0005871982494016							
l1000_mechanism_summary_support_only	epothilone	TUBB	L1000FWD	LINCS/L1000FWD	mechanism-level recurrent reversal					1.0		NO_GO	0		NO_GO_L1000_MECHANISM_ONLY																																		NO_GO	NO_GO		39.0	1.0							
l1000_mechanism_summary_support_only	SKF-81297	DRD1	L1000FWD	LINCS/L1000FWD	mechanism-level recurrent reversal					1.0		PARK_REVIEW	0		NO_GO_L1000_MECHANISM_ONLY																																		PARK_REVIEW	NO_GO		40.0	1.0							
l1000_mechanism_summary_support_only	clobenpropit	HRH3	L1000FWD	LINCS/L1000FWD	mechanism-level recurrent reversal					1.0		PARK_REVIEW	0		NO_GO_L1000_MECHANISM_ONLY																																		PARK_REVIEW	NO_GO		42.0	0.0005871982494016							
l1000_mechanism_summary_support_only	dovitinib	EGFR	L1000FWD	LINCS/L1000FWD	mechanism-level recurrent reversal					1.0		PARK_REVIEW	0		NO_GO_L1000_MECHANISM_ONLY																																		PARK_REVIEW	NO_GO		43.0	1.0							
l1000_mechanism_summary_support_only	rotenone	ND1	L1000FWD	LINCS/L1000FWD	mechanism-level recurrent reversal					1.0		PARK_REVIEW	0		NO_GO_L1000_MECHANISM_ONLY																																		PARK_REVIEW	NO_GO		44.0	0.0002426697405796							
l1000_mechanism_summary_support_only	LY-2183240	FAAH	L1000FWD	LINCS/L1000FWD	mechanism-level recurrent reversal					1.0		PARK_REVIEW	0		NO_GO_L1000_MECHANISM_ONLY																																		PARK_REVIEW	NO_GO		45.0	0.0002426697405796							
l1000_mechanism_summary_support_only	PD-0325901	MAP2K1	L1000FWD	LINCS/L1000FWD	mechanism-level recurrent reversal					1.0		PARK_REVIEW	0		NO_GO_L1000_MECHANISM_ONLY																																		PARK_REVIEW	NO_GO		45.0	1.0							
l1000_mechanism_summary_support_only	ICI-199441	OPRK1	L1000FWD	LINCS/L1000FWD	mechanism-level recurrent reversal					1.0		PARK_REVIEW	0		NO_GO_L1000_MECHANISM_ONLY																																		PARK_REVIEW	NO_GO		46.0	0.0002426697405796							
l1000_mechanism_summary_support_only	MK-1775	WEE1	L1000FWD	LINCS/L1000FWD	mechanism-level recurrent reversal					1.0		PARK_REVIEW	0		NO_GO_L1000_MECHANISM_ONLY																																		PARK_REVIEW	NO_GO		50.0	1.0							
l1000_reversal_support_only	NVP-AUY922	HSP90AA1	L1000FWD	LINCS/L1000FWD	cell-line transcriptomic reversal				14.607758850456218	7.878573645422091		oncology/cell-cycle/stress target HSP90AA1	0		NO_GO_L1000_ONLY																																		NO_GO	NO_GO	gse111972_ms_wm_full_top150;ifn_lysosomal_apc_state;mif_cd74_receptor_state	20.0	8.83733908701768e-06	False						
l1000_reversal_support_only	thapsigargin	ATP2A1	L1000FWD	LINCS/L1000FWD	cell-line transcriptomic reversal				12.782452707189144	6.21253948390488		high-risk cytotoxic/steroid/stress compound	0		NO_GO_L1000_ONLY																																		NO_GO	NO_GO	ifn_lysosomal_apc_state;mif_cd74_receptor_state	2.0	3.33468284702094e-07	False						
l1000_reversal_support_only	radicicol	NAN	L1000FWD	LINCS/L1000FWD	cell-line transcriptomic reversal				25.436513674297142	6.162537775359829		high-risk cytotoxic/steroid/stress compound	0		NO_GO_L1000_ONLY																																		NO_GO	NO_GO	ifn_lysosomal_apc_state;mif_cd74_receptor_state	5.0	3.08543314439944e-07	True						
l1000_reversal_support_only	SB-225002	CXCR2	L1000FWD	LINCS/L1000FWD	cell-line transcriptomic reversal				12.830082394918492	6.07969555152332		generic/prior-art inflammatory target CXCR2	0		NO_GO_L1000_ONLY																																		NO_GO_PRIOR	NO_GO	ifn_lysosomal_apc_state;mif_cd74_receptor_state	7.0	4.7161861024928e-06	False						
l1000_reversal_support_only	vincristine	TUBB	L1000FWD	LINCS/L1000FWD	cell-line transcriptomic reversal				19.51984664751406	6.047982254032058		high-risk cytotoxic/steroid/stress compound	0		NO_GO_L1000_ONLY																																		NO_GO	NO_GO	ifn_lysosomal_apc_state;mif_cd74_receptor_state	11.0	4.70712929556801e-06	False						
l1000_reversal_support_only	flavokavain-b	IKBKB	L1000FWD	LINCS/L1000FWD	cell-line transcriptomic reversal				-14.079995561909795	6.046290013956983		oncology/cell-cycle/stress target IKBKB	0		NO_GO_L1000_ONLY																																		NO_GO	NO_GO	ifn_lysosomal_apc_state;mif_cd74_receptor_state	12.0	4.71443193564889e-06	False						
l1000_reversal_support_only	BI-2536	PLK1	L1000FWD	LINCS/L1000FWD	cell-line transcriptomic reversal				20.839945176805728	6.026094179349034		oncology/cell-cycle/stress target PLK1	0		NO_GO_L1000_ONLY																																		NO_GO	NO_GO	ifn_lysosomal_apc_state;mif_cd74_receptor_state	8.0	4.88465195996193e-06	True						
l1000_reversal_support_only	7b-cis	XPO1	L1000FWD	LINCS/L1000FWD	cell-line transcriptomic reversal				0.0	5.9878655160599195		oncology/cell-cycle/stress target XPO1	0		NO_GO_L1000_ONLY																																		NO_GO	NO_GO	ifn_lysosomal_apc_state;mif_cd74_receptor_state	15.0	8.83733908701768e-06	False						
l1000_reversal_support_only	PNU-74654	CTNNB1	L1000FWD	LINCS/L1000FWD	cell-line transcriptomic reversal				19.32263013487157	5.959333489001663		oncology/cell-cycle/stress target CTNNB1	0		NO_GO_L1000_ONLY																																		NO_GO	NO_GO	ifn_lysosomal_apc_state;mif_cd74_receptor_state	16.0	8.83733908701768e-06	False						
l1000_reversal_support_only	BRD-K30351863	APEX1	L1000FWD	LINCS/L1000FWD	cell-line transcriptomic reversal				0.0	5.885089546664504		oncology/cell-cycle/stress target APEX1	0		NO_GO_L1000_ONLY																																		NO_GO	NO_GO	ifn_lysosomal_apc_state;mif_cd74_receptor_state	22.0	9.03442048884882e-06	False						
l1000_reversal_support_only	GW-6471	PPARA	L1000FWD	LINCS/L1000FWD	cell-line transcriptomic reversal				0.0	5.813485220392177		generic/prior-art inflammatory target PPARA	0		NO_GO_L1000_ONLY																																		NO_GO_PRIOR	NO_GO	ifn_lysosomal_apc_state;mif_cd74_receptor_state	26.0	8.83733908701768e-06	False						
l1000_reversal_support_only	prednisolone-acetate	NR3C1	L1000FWD	LINCS/L1000FWD	cell-line transcriptomic reversal				13.01085262890902	5.7834487958524425		high-risk cytotoxic/steroid/stress compound	0		NO_GO_L1000_ONLY																																		NO_GO	NO_GO	ifn_lysosomal_apc_state;mif_cd74_receptor_state	34.0	8.83733908701768e-06	False						
l1000_reversal_support_only	CA-074-Me	CTSB	L1000FWD	LINCS/L1000FWD	cell-line transcriptomic reversal				16.993630126263277	5.734401462886022		generic/prior-art inflammatory target CTSB	0		NO_GO_L1000_ONLY																																		NO_GO_PRIOR	NO_GO	ifn_lysosomal_apc_state;mif_cd74_receptor_state	41.0	8.83733908701768e-06	False						
l1000_reversal_support_only	PU-H71	HSP90AA1	L1000FWD	LINCS/L1000FWD	cell-line transcriptomic reversal				0.0	5.494739392826881		oncology/cell-cycle/stress target HSP90AA1	0		NO_GO_L1000_ONLY																																		NO_GO	NO_GO	gse111972_ms_wm_full_top150;mif_cd74_receptor_state	47.0	0.0002426697405796	False						
l1000_reversal_support_only	tanespimycin	HSP90AA1	L1000FWD	LINCS/L1000FWD	cell-line transcriptomic reversal				19.454917654309323	4.19655047929212		high-risk cytotoxic/steroid/stress compound	0		NO_GO_L1000_ONLY																																		NO_GO	NO_GO	mif_cd74_receptor_state	4.0	3.08543314439944e-07	False						
l1000_reversal_support_only	BRD-K20168484	ALOX5AP	L1000FWD	LINCS/L1000FWD	cell-line transcriptomic reversal				0.0	4.027074049642177		generic/prior-art inflammatory target ALOX5AP	0		NO_GO_L1000_ONLY																																		NO_GO_PRIOR	NO_GO	mif_cd74_receptor_state	9.0	8.83733908701768e-06	False						
l1000_reversal_support_only	withaferin-a	NAMPT	L1000FWD	LINCS/L1000FWD	cell-line transcriptomic reversal				0.0	3.773590843259027		high-risk cytotoxic/steroid/stress compound	0		NO_GO_L1000_ONLY																																		NO_GO	NO_GO	gse111972_ms_wm_full_top150	2.0	0.596745389998244	False						
l1000_reversal_support_only	BRD-K89329876	KIF11	L1000FWD	LINCS/L1000FWD	cell-line transcriptomic reversal				0.0	3.7079547706823206		oncology/cell-cycle/stress target KIF11	0		NO_GO_L1000_ONLY																																		NO_GO	NO_GO	gse111972_ms_wm_full_top150	5.0	0.74950198399974	False						
l1000_reversal_support_only	geldanamycin	HSP90AA1	L1000FWD	LINCS/L1000FWD	cell-line transcriptomic reversal				12.04076155157386	3.6876645097637177		oncology/cell-cycle/stress target HSP90AA1	0		NO_GO_L1000_ONLY																																		NO_GO	NO_GO	mif_cd74_receptor_state	40.0	8.83733908701768e-06	False						
l1000_reversal_support_only	ryuvidine	CDK4	L1000FWD	LINCS/L1000FWD	cell-line transcriptomic reversal				0.0	3.6603491877872543		oncology/cell-cycle/stress target CDK4	0		NO_GO_L1000_ONLY																																		NO_GO	NO_GO	gse111972_ms_wm_full_top150	6.0	0.768581834015827	False						
l1000_reversal_support_only	calyculin	PPP1CA	L1000FWD	LINCS/L1000FWD	cell-line transcriptomic reversal				0.0	3.648231833009372		oncology/cell-cycle/stress target PPP1CA	0		NO_GO_L1000_ONLY																																		NO_GO	NO_GO	gse111972_ms_wm_full_top150	12.0	0.800757396434433	False						
l1000_reversal_support_only	flumetasone	NR3C1	L1000FWD	LINCS/L1000FWD	cell-line transcriptomic reversal				0.0	3.645134120718432		generic/prior-art inflammatory target NR3C1	0		NO_GO_L1000_ONLY																																		NO_GO_PRIOR	NO_GO	gse111972_ms_wm_full_top150	11.0	0.805603902146875	False						
l1000_reversal_support_only	SB-218078	CHEK1	L1000FWD	LINCS/L1000FWD	cell-line transcriptomic reversal				0.0	3.5993093078822955		oncology/cell-cycle/stress target CHEK1	0		NO_GO_L1000_ONLY																																		NO_GO	NO_GO	gse111972_ms_wm_full_top150	9.0	0.869167133307089	False						
l1000_reversal_support_only	dexamethasone	NR3C1	L1000FWD	LINCS/L1000FWD	cell-line transcriptomic reversal				0.0	3.515459421802964		generic/prior-art inflammatory target NR3C1	0		NO_GO_L1000_ONLY																																		NO_GO_PRIOR	NO_GO	gse111972_ms_wm_full_top150	15.0	0.879621510318152	False						
l1000_reversal_support_only	fluticasone	NR3C1	L1000FWD	LINCS/L1000FWD	cell-line transcriptomic reversal				0.0	3.493018337742864		generic/prior-art inflammatory target NR3C1	0		NO_GO_L1000_ONLY																																		NO_GO_PRIOR	NO_GO	gse111972_ms_wm_full_top150	14.0	0.988109102987716	False						
l1000_reversal_support_only	dexamethasone	NR3C1	L1000FWD	LINCS/L1000FWD	cell-line transcriptomic reversal				0.0	3.296277312873718		generic/prior-art inflammatory target NR3C1	0		NO_GO_L1000_ONLY																																		NO_GO_PRIOR	NO_GO	gse111972_ms_wm_full_top150	26.0	1.0	False						
l1000_reversal_support_only	zileuton	ALOX5	L1000FWD	LINCS/L1000FWD	cell-line transcriptomic reversal				0.0	3.2716588318909565		generic/prior-art inflammatory target ALOX5	0		NO_GO_L1000_ONLY																																		NO_GO_PRIOR	NO_GO	gse111972_ms_wm_full_top150	32.0	1.0	False						
l1000_reversal_support_only	dexamethasone-acetate	NR3C1	L1000FWD	LINCS/L1000FWD	cell-line transcriptomic reversal				0.0	3.247635960113996		generic/prior-art inflammatory target NR3C1	0		NO_GO_L1000_ONLY																																		NO_GO_PRIOR	NO_GO	gse111972_ms_wm_full_top150	33.0	1.0	False						
l1000_reversal_support_only	epothilone	TUBB	L1000FWD	LINCS/L1000FWD	cell-line transcriptomic reversal				0.0	3.116629982585241		oncology/cell-cycle/stress target TUBB	0		NO_GO_L1000_ONLY																																		NO_GO	NO_GO	gse111972_ms_wm_full_top150	39.0	1.0	False						
resolution_perturbation_guardrail	Aged_BEX_vs_Aged_vehicle	RXR_LXR_PPAR	wave35_resolution_perturbation	GSE287142_RXR_bexarotene_CNS_myeloid	RXR agonist bexarotene CNS myeloid		-0.0244313531119451	0.0939006593517016	-0.11833201246364669	0.75	-0.341876104704202		5		NO_GO_RESOLUTION_GUARDRAIL																																								False	True	True	True	True	True
resolution_perturbation_guardrail	Trem2KO_Basal_vs_WT_Basal	TREM2	wave35_resolution_perturbation	GSE302857_Trem2KO_cuprizone_microglia	Trem2/cuprizone sorted microglia		0.3449240313415117	0.1540639749838135	0.19086005635769823	0.75	0.0442961016933998		5		NO_GO_RESOLUTION_GUARDRAIL													0.0	0.0		0.1899583473475061	0.612719290366184	0.9476308467322015	0.0	0.0	0.0	0.0			0.0			0.0	UNRESOLVED	-1.34863317402097	0.920009505703422	False								True	True	True	False	True	True
resolution_perturbation_guardrail	Trem2KO_CPZ_cd229pos_cd11cneg_vs_WT_CPZ_cd229pos_cd11cneg	TREM2	wave35_resolution_perturbation	GSE302857_Trem2KO_cuprizone_microglia	Trem2/cuprizone sorted microglia		1.0366243528382362	-0.1463067664951772	1.0366243528382362	0.75	-0.3180041286097027		5		NO_GO_RESOLUTION_GUARDRAIL													0.0	0.0		0.1899583473475061	0.612719290366184	0.9476308467322015	0.0	0.0	0.0	0.0			0.0			0.0	UNRESOLVED	-1.34863317402097	0.920009505703422	False								True	True	True	False	True	True
resolution_perturbation_guardrail	Trem2KO_CPZ_neg_neg_vs_WT_CPZ_neg_neg	TREM2	wave35_resolution_perturbation	GSE302857_Trem2KO_cuprizone_microglia	Trem2/cuprizone sorted microglia		0.9783066452511036	0.5635657617170304	0.4147408835340731	0.75	-0.3906253166759812		5		NO_GO_RESOLUTION_GUARDRAIL													0.0	0.0		0.1899583473475061	0.612719290366184	0.9476308467322015	0.0	0.0	0.0	0.0			0.0			0.0	UNRESOLVED	-1.34863317402097	0.920009505703422	False								True	True	True	False	True	True
resolution_perturbation_guardrail	WT_CPZ_cd229pos_cd11cneg_vs_WT_Basal	UNRESOLVED	wave35_resolution_perturbation	GSE302857_Trem2KO_cuprizone_microglia	Trem2/cuprizone sorted microglia		-2.004999176770743	-1.8965707167369017	-2.004999176770743	0.75	-1.0603425043394683		5		NO_GO_RESOLUTION_GUARDRAIL													0.0	0.0		0.0	1.0	1.0	0.0	0.0	0.0	0.0			0.0			0.0				False								False	True	True	True	True	True
resolution_perturbation_guardrail	WT_CPZ_cd229pos_cd11cpos_vs_WT_Basal	UNRESOLVED	wave35_resolution_perturbation	GSE302857_Trem2KO_cuprizone_microglia	Trem2/cuprizone sorted microglia		-2.172439263181619	-2.0360505310561656	-2.172439263181619	0.75	-1.0800720598383655		5		NO_GO_RESOLUTION_GUARDRAIL													0.0	0.0		0.0	1.0	1.0	0.0	0.0	0.0	0.0			0.0			0.0				False								False	True	True	True	True	True
resolution_perturbation_guardrail	WT_CPZ_neg_neg_vs_WT_Basal	UNRESOLVED	wave35_resolution_perturbation	GSE302857_Trem2KO_cuprizone_microglia	Trem2/cuprizone sorted microglia		-1.126992110050847	-1.582609957935655	-1.126992110050847	0.75	-0.2849373430118085		5		NO_GO_RESOLUTION_GUARDRAIL													0.0	0.0		0.0	1.0	1.0	0.0	0.0	0.0	0.0			0.0			0.0				False								False	True	True	True	True	True
resolution_perturbation_guardrail	IFNg_Treg_phago_vs_IFNg_nonphago	UNRESOLVED	wave35_resolution_perturbation	GSE325329_ifng_il10_phagocytic_macrophages	IFNg-polarized phagocytic vs non-phagocytic macrophages		0.2803322555048047	0.3627421655031922	-0.08240990999838754	0.75	0.0229036144472118		5		NO_GO_RESOLUTION_GUARDRAIL													0.0	0.0		0.0	1.0	1.0	0.0	0.0	0.0	0.0			0.0			0.0				False								True	True	True	False	True	True
resolution_perturbation_guardrail	IL10_Treg_phago_vs_IL10_nonphago	IL10	wave35_resolution_perturbation	GSE325329_ifng_il10_phagocytic_macrophages	IL10-polarized phagocytic vs non-phagocytic macrophages		-0.1193883454989693	-0.1687333872570633	-0.1193883454989693	0.75	-0.2476676191100673		5		NO_GO_RESOLUTION_GUARDRAIL													0.0	0.0		0.5386340709389863	0.0920894843746553	0.8989378106274888	0.0	0.0	0.0	0.0		PARK_GENETIC_CELL_STATE_NOT_CURRENTLY_DRUGGABLE	14.0	CHEMBL3712920		0.0	UNRESOLVED	-0.5103208039261532	0.9971256078463696	False								False	True	True	True	True	True
resolution_perturbation_guardrail	WT_2h_AC_vs_WT_Ctrl	UNRESOLVED	wave35_resolution_perturbation	GSE156234_Mertk_scRNA_pseudobulk	WT efferocytosis 2h; one pseudobulk sample per condition		0.3262689815418557	-0.5834826374536392	0.3262689815418557	0.75	-0.077483895506278	descriptive_no_replication	4		NO_GO_RESOLUTION_GUARDRAIL													0.0	0.0		0.0	1.0	1.0	0.0	0.0	0.0	0.0			0.0			0.0				False								True	True	True	False	True	False
resolution_perturbation_guardrail	MF_AC_vs_MF	UNRESOLVED	wave35_resolution_perturbation	GSE169160_human_MF_efferocytosis	human macrophage apoptotic-cell exposure		-0.0130683312214816	0.0809140623055947	-0.0939823935270763	0.5	0.2021288665951133		4		NO_GO_RESOLUTION_GUARDRAIL													0.0	0.0		0.0	1.0	1.0	0.0	0.0	0.0	0.0			0.0			0.0				False								False	True	True	False	True	True
resolution_perturbation_guardrail	LipaOE_vs_Control_PM	UNRESOLVED	wave35_resolution_perturbation	GSE243117_mouse_LipaOE_peritoneal_macrophages	mouse peritoneal macrophage Lipa overexpression		-0.477750460932677	-1.3633957507809225	-0.477750460932677	0.5	-0.6190896791394225		4		NO_GO_RESOLUTION_GUARDRAIL													0.0	0.0		0.0	1.0	1.0	0.0	0.0	0.0	0.0			0.0			0.0				False								False	True	True	False	True	True
resolution_perturbation_guardrail	AC_180min_vs_Alone	UNRESOLVED	wave35_resolution_perturbation	GSE253577_mouse_efferocytosis_timecourse	mouse efferocytosis time course		-0.5428144617036591	2.006017173572605	-2.5488316352762643	0.5	0.2102421654334575		4		NO_GO_RESOLUTION_GUARDRAIL													0.0	0.0		0.0	1.0	1.0	0.0	0.0	0.0	0.0			0.0			0.0				False								False	False	True	True	True	True
resolution_perturbation_guardrail	AC_45min_vs_Alone	UNRESOLVED	wave35_resolution_perturbation	GSE253577_mouse_efferocytosis_timecourse	mouse efferocytosis time course		-0.1113590926031068	-0.0152122424091116	-0.1113590926031068	0.5	0.1184996118926898		4		NO_GO_RESOLUTION_GUARDRAIL													0.0	0.0		0.0	1.0	1.0	0.0	0.0	0.0	0.0			0.0			0.0				False								False	True	True	False	True	True
resolution_perturbation_guardrail	AC_90min_vs_Alone	UNRESOLVED	wave35_resolution_perturbation	GSE253577_mouse_efferocytosis_timecourse	mouse efferocytosis time course		0.1838297713919372	0.1362905849647335	0.0475391864272037	0.5	-0.1387475748684829		4		NO_GO_RESOLUTION_GUARDRAIL													0.0	0.0		0.0	1.0	1.0	0.0	0.0	0.0	0.0			0.0			0.0				False								False	True	True	False	True	True
resolution_perturbation_guardrail	GpnmbR150X_BMDM_vs_WT_BMDM	GPNMB	wave35_resolution_perturbation	GSE274954_GpnmbR150X_BMDM_OxLDL	GpnmbR150X baseline		-1.270806243832392	-0.0488948059270379	-1.270806243832392	0.5	0.5954067617318846		4		NO_GO_RESOLUTION_GUARDRAIL													1.0	2.0	type 1 diabetes mellitus	1.4339584334150557	0.0049097425501504	0.8344760564031432	0.0	0.0	0.0	0.0			0.0			0.0	UNRESOLVED	-0.5151658166982862	0.920009505703422	False								False	True	False	True	True	True
resolution_perturbation_guardrail	GpnmbR150X_OxLDL_vs_WT_OxLDL	GPNMB	wave35_resolution_perturbation	GSE274954_GpnmbR150X_BMDM_OxLDL	GpnmbR150X under OxLDL lipid loading		-0.5109905229076225	-0.1366754684018561	-0.5109905229076225	0.5	1.040895514810648		4		NO_GO_RESOLUTION_GUARDRAIL													1.0	2.0	type 1 diabetes mellitus	1.4339584334150557	0.0049097425501504	0.8344760564031432	0.0	0.0	0.0	0.0			0.0			0.0	UNRESOLVED	-0.5151658166982862	0.920009505703422	False								False	True	False	True	True	True
resolution_perturbation_guardrail	StrokeAged_BEX_vs_StrokeAged_vehicle	RXR_LXR_PPAR	wave35_resolution_perturbation	GSE287142_RXR_bexarotene_CNS_myeloid	RXR agonist bexarotene CNS myeloid		0.102593132477537	0.3844350594900011	-0.28184192701246413	0.5	-0.4437511313949071		4		NO_GO_RESOLUTION_GUARDRAIL																																								False	True	True	False	True	True
resolution_perturbation_guardrail	Young_BEX_vs_Young_vehicle	RXR_LXR_PPAR	wave35_resolution_perturbation	GSE287142_RXR_bexarotene_CNS_myeloid	RXR agonist bexarotene CNS myeloid		0.1896512836827202	0.0168264854192772	0.172824798263443	0.5	-0.8593501105839116		4		NO_GO_RESOLUTION_GUARDRAIL																																								False	True	True	False	True	True
resolution_perturbation_guardrail	IFNg_Tconv_phago_vs_IFNg_nonphago	UNRESOLVED	wave35_resolution_perturbation	GSE325329_ifng_il10_phagocytic_macrophages	IFNg-polarized phagocytic vs non-phagocytic macrophages		0.0408341700424698	-0.016225703988979	0.0408341700424698	0.5	0.3182675232794413		4		NO_GO_RESOLUTION_GUARDRAIL													0.0	0.0		0.0	1.0	1.0	0.0	0.0	0.0	0.0			0.0			0.0				False								False	True	True	False	True	True
resolution_perturbation_guardrail	IL10_Tconv_phago_vs_IL10_nonphago	IL10	wave35_resolution_perturbation	GSE325329_ifng_il10_phagocytic_macrophages	IL10-polarized phagocytic vs non-phagocytic macrophages		-0.1669170841905922	0.0224697180976046	-0.1893868022881968	0.5	-0.327058679931495		4		NO_GO_RESOLUTION_GUARDRAIL													0.0	0.0		0.5386340709389863	0.0920894843746553	0.8989378106274888	0.0	0.0	0.0	0.0		PARK_GENETIC_CELL_STATE_NOT_CURRENTLY_DRUGGABLE	14.0	CHEMBL3712920		0.0	UNRESOLVED	-0.5103208039261532	0.9971256078463696	False								False	True	True	False	True	True
resolution_perturbation_guardrail	Mertk_dependency_6h_interaction	MERTK	wave35_resolution_perturbation	GSE156234_Mertk_scRNA_pseudobulk	MERTK-dependent component of 6h efferocytosis response; descriptive		0.9098198410936518	0.7293722471384959	0.18044759395515586	0.75	-1.58590030113973	descriptive_no_replication	3		NO_GO_RESOLUTION_GUARDRAIL													0.0	2.0		0.2471109034794576	0.4292940108131474	0.9195199515584406	0.0	0.0	0.0	0.0		NO_GO_WAVE34_GENETICS_EXPRESSION_DRUGGABILITY	3.0			0.0	UNRESOLVED	-0.6588710945316293	0.920009505703422	False								True	True	True	False	False	False
resolution_perturbation_guardrail	GpnmbR150X_OxLDL_interaction	GPNMB	wave35_resolution_perturbation	GSE274954_GpnmbR150X_BMDM_OxLDL	GPNMB mutation effect under OxLDL beyond baseline genotype effect		0.7598157209247695	-0.0877806624748182	0.7598157209247695	0.75	0.4454887530787634	descriptive_no_replication	3		NO_GO_RESOLUTION_GUARDRAIL													1.0	2.0	type 1 diabetes mellitus	1.4339584334150557	0.0049097425501504	0.8344760564031432	0.0	0.0	0.0	0.0			0.0			0.0	UNRESOLVED	-0.5151658166982862	0.920009505703422	False								True	True	True	False	False	False
resolution_perturbation_guardrail	LIPA_KO_vs_WT	LIPA	wave35_resolution_perturbation	GSE100260_human_LIPA_KO_iPSC_macrophages	human iPSC macrophage LIPA loss		0.5739519763629953	0.2548708925993236	0.3190810837636717	0.5	0.5648025947896795		3		NO_GO_RESOLUTION_GUARDRAIL													3.0	1.0	Crohn disease;psoriasis;type 1 diabetes mellitus	0.4580110941773352	0.2725305004844303	0.9049965616313804	0.0	0.0	2.0	0.0	t1d_ductal_cell|lipid_loader_repair:0.275,p=0.00031;t1d_ductal_cell|c1q_phagocytic_myeloid:0.316,p=0.0015;t1d_ductal_cell|hif_nampt_metabolic:0.233,p=0.0016;t1d_ductal_cell|complement_phagocytosis:0.312,p=0.0019;psoriasis_keratinocyte|inflammatory_nfkb:0.271,p=0.023		0.0			0.0	UNRESOLVED	-0.2765501534620043	1.0	False	NO_GO_MODEL_SCREEN							True	True	False	False	False	True
resolution_perturbation_guardrail	MertkKO_2h_AC_vs_MertkKO_Ctrl	MERTK	wave35_resolution_perturbation	GSE156234_Mertk_scRNA_pseudobulk	MertkKO efferocytosis 2h; one pseudobulk sample per condition		0.3561799472283261	1.4165342200682045	-1.0603542728398785	0.5	-0.479720710373813	descriptive_no_replication	3		NO_GO_RESOLUTION_GUARDRAIL													0.0	2.0		0.2471109034794576	0.4292940108131474	0.9195199515584406	0.0	0.0	0.0	0.0		NO_GO_WAVE34_GENETICS_EXPRESSION_DRUGGABILITY	3.0			0.0	UNRESOLVED	-0.6588710945316293	0.920009505703422	False								True	False	True	False	True	False
resolution_perturbation_guardrail	WT_6h_AC_vs_WT_Ctrl	UNRESOLVED	wave35_resolution_perturbation	GSE156234_Mertk_scRNA_pseudobulk	WT efferocytosis 6h; one pseudobulk sample per condition		0.2363136854115386	0.6817353665670004	-0.44542168115546177	0.5	-0.5055071104405635	descriptive_no_replication	3		NO_GO_RESOLUTION_GUARDRAIL													0.0	0.0		0.0	1.0	1.0	0.0	0.0	0.0	0.0			0.0			0.0				False								False	True	True	False	True	False
resolution_perturbation_guardrail	LipaOE_vs_Control_plaque	UNRESOLVED	wave35_resolution_perturbation	GSE285961_mouse_LipaOE_plaque_macrophages	mouse plaque macrophage Lipa overexpression		0.24384556727275	0.502704012906867	-0.258858445634117	0.5	-0.6048251331555702		3		NO_GO_RESOLUTION_GUARDRAIL													0.0	0.0		0.0	1.0	1.0	0.0	0.0	0.0	0.0			0.0			0.0				False								False	True	True	False	False	True
resolution_perturbation_guardrail	Mertk_dependency_2h_interaction	MERTK	wave35_resolution_perturbation	GSE156234_Mertk_scRNA_pseudobulk	MERTK-dependent component of 2h efferocytosis response; descriptive		-0.0299109656864703	-2.000016857521844	-0.0299109656864703	0.5	0.402236814867535	descriptive_no_replication	2		NO_GO_RESOLUTION_GUARDRAIL													0.0	2.0		0.2471109034794576	0.4292940108131474	0.9195199515584406	0.0	0.0	0.0	0.0		NO_GO_WAVE34_GENETICS_EXPRESSION_DRUGGABILITY	3.0			0.0	UNRESOLVED	-0.6588710945316293	0.920009505703422	False								False	True	True	False	False	False
resolution_perturbation_guardrail	MertkKO_6h_AC_vs_MertkKO_Ctrl	MERTK	wave35_resolution_perturbation	GSE156234_Mertk_scRNA_pseudobulk	MertkKO efferocytosis 6h; one pseudobulk sample per condition		-0.6735061556821131	-0.0476368805714955	-0.6735061556821131	0.25	1.0803931906991666	descriptive_no_replication	2		NO_GO_RESOLUTION_GUARDRAIL													0.0	2.0		0.2471109034794576	0.4292940108131474	0.9195199515584406	0.0	0.0	0.0	0.0		NO_GO_WAVE34_GENETICS_EXPRESSION_DRUGGABILITY	3.0			0.0	UNRESOLVED	-0.6588710945316293	0.920009505703422	False								False	True	False	False	True	False
real_direct_perturbation	TNFRSF1A	TNFRSF1A	Mixscale_CRISPRi	GSE281048_Zenodo14035992	stimulated human cancer-cell pathway Perturb-seq	CRISPRi_gene	0.9683862679530189	0.305972733625738	0.6624135343272808	0.6211601610564657	0.0916741628240335	MS_directionally_unsafe_TNF_axis	6	6.7789663484812515	NO_GO_WAVE61_GUARDRAIL	True	True	True	True	False	False	False	False	False	True	True	False	0.0	0.0		-0.1651855861386195	0.3190864538699107	0.9120391943246274	0.0	0.0	0.0	0.0		NO_GO_WAVE34_GENETICS_EXPRESSION_DRUGGABILITY	7.0			0.0	UNRESOLVED	-0.2614917985424763	0.9971256078463696	False													
real_direct_perturbation	PLEK	PLEK	Mixscale_CRISPRi	GSE281048_Zenodo14035992	stimulated human cancer-cell pathway Perturb-seq	CRISPRi_gene	0.0637272869158896	0.0	0.0637272869158896	0.0612576752638293	0.0		6	2.5943561245478044	NO_GO_WAVE61_GUARDRAIL	False	False	True	True	False	False	True	False	False	True	True	True	3.0	0.0	Crohn disease;Sjogren syndrome;ulcerative colitis	0.0008511431179645	0.997174971498952	0.999536131442628	0.0	0.0	0.0	0.0		PARK_GENETIC_CELL_STATE_NOT_CURRENTLY_DRUGGABLE	4.0			0.0	UNRESOLVED	0.484743985307714	0.920009505703422	False													
real_direct_perturbation	CASP10	CASP10	Mixscale_CRISPRi	GSE281048_Zenodo14035992	stimulated human cancer-cell pathway Perturb-seq	CRISPRi_gene	0.0	0.0	0.0	-0.000239789090651	0.0		6	2.5	NO_GO_WAVE61_GUARDRAIL	False	False	True	True	False	False	True	False	True	False	True	True	4.0	0.0	Crohn disease;psoriasis;type 1 diabetes mellitus;ulcerative colitis	0.249366701816033	0.2063174319242694	0.8993702893651148	0.0	0.0	2.0	0.0	ibd_uc_epithelial|lysosomal_apc:0.366,p=0.024;ibd_uc_epithelial|complement_phagocytosis:0.367,p=0.024;ibd_uc_epithelial|lipid_loader_repair:0.393,p=0.027;psoriasis_keratinocyte|inflammatory_nfkb:0.387,p=0.032;ibd_uc_epithelial|core_lysosomal_lipid:0.331,p=0.041	NO_GO_WAVE34_GENETICS_EXPRESSION_DRUGGABILITY	1.0			0.0				False													
real_direct_perturbation	PTPN11	PTPN11	Mixscale_CRISPRi	GSE281048_Zenodo14035992	stimulated human cancer-cell pathway Perturb-seq	CRISPRi_gene	0.0	0.0	0.0	-0.0005204511468217	0.0		6	2.5	NO_GO_WAVE61_GUARDRAIL	False	False	True	True	False	False	True	False	False	True	True	True	3.0	1.0	Crohn disease;psoriasis;ulcerative colitis	0.1914483871986583	0.1882167336704368	0.8993702893651148	0.0	0.0	0.0	0.0		PARK_GENETIC_CELL_STATE_NOT_CURRENTLY_DRUGGABLE	4.0			0.0	UNRESOLVED	-0.7433928569705706	0.9965506589785832	False													
real_direct_perturbation	PRDM1	PRDM1	Mixscale_CRISPRi	GSE281048_Zenodo14035992	stimulated human cancer-cell pathway Perturb-seq	CRISPRi_gene	0.0	0.0	0.0	-0.0029204183808801	0.006489818624178		6	2.5	NO_GO_WAVE61_GUARDRAIL	False	False	True	True	False	False	True	False	False	True	True	True	3.0	0.0	Crohn disease;type 1 diabetes mellitus;ulcerative colitis	-0.0411396810451609	0.9031141115364548	0.9853557740270772	0.0	0.0	0.0	0.0		PARK_GENETIC_CELL_STATE_NOT_CURRENTLY_DRUGGABLE	8.0	CHEMBL5214860		0.0	UNRESOLVED	-0.1612087595947517	1.0	False													
real_direct_perturbation	FMNL2	FMNL2	Mixscale_CRISPRi	GSE281048_Zenodo14035992	stimulated human cancer-cell pathway Perturb-seq	CRISPRi_gene	0.0	0.0	0.0	-0.0034002539524828	0.0		6	2.5	NO_GO_WAVE61_GUARDRAIL	False	False	True	True	False	False	True	True	True	False	False	True	4.0	0.0	Crohn disease;psoriasis;type 1 diabetes mellitus;ulcerative colitis	0.4116873433440275	0.0323812070948891	0.8506970233122761	0.0	0.0	2.0	0.0	ibd_uc_epithelial|lysosomal_apc:0.229,p=0.0011;ibd_uc_epithelial|complement_phagocytosis:0.225,p=0.002;psoriasis_keratinocyte|inflammatory_nfkb:0.663,p=0.049		0.0			0.0				False													
real_direct_perturbation	ETV7	ETV7	Mixscale_CRISPRi	GSE281048_Zenodo14035992	stimulated human cancer-cell pathway Perturb-seq	CRISPRi_gene	0.0	0.0	0.0	-0.0071109583131254	0.0		6	2.5	NO_GO_WAVE61_GUARDRAIL	False	False	True	True	False	False	True	False	False	True	True	True	3.0	0.0	Crohn disease;Sjogren syndrome;type 1 diabetes mellitus	1.2818765454897223	0.1865737416259766	0.8993702893651148	0.0	0.0	0.0	0.0		PARK_GENETIC_CELL_STATE_NOT_CURRENTLY_DRUGGABLE	4.0			0.0				False													
real_direct_perturbation	IFI16	IFI16	Mixscale_CRISPRi	GSE281048_Zenodo14035992	stimulated human cancer-cell pathway Perturb-seq	CRISPRi_gene	0.0	0.0	0.0	-0.0110577895715066	0.0245728657144593		6	2.5	NO_GO_WAVE61_GUARDRAIL	False	False	True	True	False	False	True	False	True	False	True	True	4.0	0.0	Crohn disease;psoriasis;type 1 diabetes mellitus;ulcerative colitis	-0.1455706960923652	0.4127338050377425	0.9182855687364296	0.0	0.0	2.0	0.0	ibd_crohn_myeloid|core_lysosomal_lipid:0.211,p=0.0039;ibd_crohn_myeloid|hla_ii_apc:0.296,p=0.0056;ibd_crohn_myeloid|lipid_loader_repair:0.202,p=0.0069;ibd_crohn_myeloid|c1q_phagocytic_myeloid:0.28,p=0.0097;ibd_crohn_myeloid|complement_phagocytosis:0.257,p=0.016;ibd_crohn_myeloid|complement_effector:0.27,p=0.019;ibd_crohn_myeloid|mif_cd74_receptor_state:0.258,p=0.025;ibd_uc_epithelial|lipid_loader_repair:0.518,p=0.045	NO_GO_WAVE34_GENETICS_EXPRESSION_DRUGGABILITY	1.0			0.0				False													
real_direct_perturbation	IFI16	IFI16	Mixscale_CRISPRi	GSE281048_Zenodo14035992	stimulated human cancer-cell pathway Perturb-seq	CRISPRi_gene	0.0	0.0110569272579272	-0.0110569272579272	-0.0162450592122686	0.0		6	2.5	NO_GO_WAVE61_GUARDRAIL	False	False	True	True	False	False	True	False	True	False	True	True	4.0	0.0	Crohn disease;psoriasis;type 1 diabetes mellitus;ulcerative colitis	-0.1455706960923652	0.4127338050377425	0.9182855687364296	0.0	0.0	2.0	0.0	ibd_crohn_myeloid|core_lysosomal_lipid:0.211,p=0.0039;ibd_crohn_myeloid|hla_ii_apc:0.296,p=0.0056;ibd_crohn_myeloid|lipid_loader_repair:0.202,p=0.0069;ibd_crohn_myeloid|c1q_phagocytic_myeloid:0.28,p=0.0097;ibd_crohn_myeloid|complement_phagocytosis:0.257,p=0.016;ibd_crohn_myeloid|complement_effector:0.27,p=0.019;ibd_crohn_myeloid|mif_cd74_receptor_state:0.258,p=0.025;ibd_uc_epithelial|lipid_loader_repair:0.518,p=0.045	NO_GO_WAVE34_GENETICS_EXPRESSION_DRUGGABILITY	1.0			0.0				False													
real_direct_perturbation	MTF1	MTF1	Mixscale_CRISPRi	GSE281048_Zenodo14035992	stimulated human cancer-cell pathway Perturb-seq	CRISPRi_gene	0.0128036845623382	0.0201039039537286	-0.0073002193913904	-0.0216962458031154	0.0319911698038334		6	2.5128036845623383	NO_GO_WAVE61_GUARDRAIL	False	False	True	True	False	False	True	False	True	False	True	True	4.0	0.0	Crohn disease;psoriasis;type 1 diabetes mellitus;ulcerative colitis	0.2966006148315276	0.1717854355945038	0.8993702893651148	0.0	0.0	2.0	0.0	ibd_crohn_myeloid|c1q_phagocytic_myeloid:0.513,p=0.0085;ibd_crohn_myeloid|hla_ii_apc:0.621,p=0.0097;ibd_crohn_myeloid|lipid_loader_repair:0.512,p=0.017;ibd_crohn_myeloid|complement_effector:0.54,p=0.018;ibd_crohn_myeloid|complement_phagocytosis:0.458,p=0.019;ibd_crohn_myeloid|mif_cd74_receptor_state:0.522,p=0.026;ibd_crohn_myeloid|core_lysosomal_lipid:0.436,p=0.033;ibd_crohn_myeloid|lysosomal_apc:0.438,p=0.036	NO_GO_WAVE34_GENETICS_EXPRESSION_DRUGGABILITY	3.0			0.0	UNRESOLVED	-0.3026014910952622	0.920009505703422	False													
real_direct_perturbation	SP110	SP110	Mixscale_CRISPRi	GSE281048_Zenodo14035992	stimulated human cancer-cell pathway Perturb-seq	CRISPRi_gene	0.0	0.0	0.0	-0.0255415864604528	0.0567590810232285		6	2.5	NO_GO_WAVE61_GUARDRAIL	False	False	True	True	False	False	True	False	False	True	True	True	3.0	0.0	psoriasis;type 1 diabetes mellitus;ulcerative colitis	-0.2596999767507064	0.3344619735938268	0.9141270983319502	0.0	0.0	0.0	0.0		PARK_GENETIC_CELL_STATE_NOT_CURRENTLY_DRUGGABLE	4.0			0.0	UNRESOLVED	-0.2058689558197524	1.0	False													
real_direct_perturbation	SP110	SP110	Mixscale_CRISPRi	GSE281048_Zenodo14035992	stimulated human cancer-cell pathway Perturb-seq	CRISPRi_gene	0.0	0.0	0.0	-0.0399127760133119	0.0886950578073599		6	2.5	NO_GO_WAVE61_GUARDRAIL	False	False	True	True	False	False	True	False	False	True	True	True	3.0	0.0	psoriasis;type 1 diabetes mellitus;ulcerative colitis	-0.2596999767507064	0.3344619735938268	0.9141270983319502	0.0	0.0	0.0	0.0		PARK_GENETIC_CELL_STATE_NOT_CURRENTLY_DRUGGABLE	4.0			0.0	UNRESOLVED	-0.2058689558197524	1.0	False													
real_direct_perturbation	STAT1	STAT1	Mixscale_CRISPRi	GSE281048_Zenodo14035992	stimulated human cancer-cell pathway Perturb-seq	CRISPRi_gene	1.0117337805990914	1.4081139020072244	-0.396380121408133	-0.4012258865119662	0.0	generic_IFN_transcription_axis	6	3.0117337805990916	NO_GO_WAVE61_GUARDRAIL	True	False	False	True	False	False	True	False	True	True	True	False	3.0	0.0	Crohn disease;psoriasis;ulcerative colitis	0.5378996098681981	0.1363451431707629	0.8989378106274888	0.1650265748367996	3.0	2.0	0.0	ibd_crohn_myeloid|hla_ii_apc:0.74,p=0.00061;ibd_crohn_stromal|complement_effector:0.524,p=0.001;ibd_crohn_myeloid|c1q_phagocytic_myeloid:0.942,p=0.0025;psoriasis_skin_stromal|hif_nampt_metabolic:0.578,p=0.0041;ibd_crohn_myeloid|complement_phagocytosis:0.916,p=0.0042;ibd_crohn_stromal|inflammatory_nfkb:0.707,p=0.0043;psoriasis_skin_stromal|inflammatory_nfkb:0.553,p=0.0063;ibd_crohn_myeloid|lipid_loader_repair:0.878,p=0.0069	PARK_GENETIC_CELL_STATE_NOT_CURRENTLY_DRUGGABLE	5.0			0.0	UNRESOLVED	0.3194300436646786	1.0	False													
real_direct_perturbation	Med16_KO	MED16	mouse_macrophage_RNAseq	GSE162464	primary mouse macrophage RNA-seq, triplicates	gene_knockout	3.139501453617054	0.797854931783739	2.3416465218333142	2.3051173986620066	0.0	broad_transcriptional_Mediator_risk	5	10.792060152948057	NO_GO_WAVE61_GUARDRAIL	True	True	True	True	True	False	False	False	False	False	False	False	2.0	0.0	Crohn disease;type 1 diabetes mellitus	-0.0601508185563499	0.8241295054203107	0.9761732664217524	0.0	0.0	0.0	0.0			0.0			0.0	UNRESOLVED	-0.3024523320159538	0.920009505703422	False													
real_direct_perturbation	Gsk3b_KO	GSK3B	mouse_macrophage_RNAseq	GSE162464	primary mouse macrophage RNA-seq, triplicates	gene_knockout	1.6223580114004137	0.7952007387801626	0.8271572726202511	0.7779563820432978	0.0	pleiotropic_neuroimmune_metabolic	5	8.511336202422061	NO_GO_WAVE61_GUARDRAIL	True	True	True	True	True	False	False	False	False	False	False	False	1.0	0.0	Crohn disease	-0.1319846584560178	0.4753109636188744	0.925497453503607	0.0	0.0	0.0	0.0			0.0			0.0	UNRESOLVED	-0.2857529702888866	0.920009505703422	False													
real_direct_perturbation	SOX9	SOX9	Mixscale_CRISPRi	GSE281048_Zenodo14035992	stimulated human cancer-cell pathway Perturb-seq	CRISPRi_gene	0.3035349790216474	0.129217785133305	0.1743171938883423	0.1551609201775471	0.0425694971351003		5	2.881115439110421	NO_GO_WAVE61_GUARDRAIL	False	False	True	True	False	False	True	False	False	False	True	True	3.0	0.0	Crohn disease;type 1 diabetes mellitus;ulcerative colitis	-0.5961302839286642	0.2997522078010685	0.9075477698307116	0.0	0.0	0.0	0.0		NO_GO_WAVE34_GENETICS_EXPRESSION_DRUGGABILITY	1.0			0.0	UNRESOLVED	-0.1867543016951117	1.0	False													
real_direct_perturbation	PDCD5	PDCD5	Mixscale_CRISPRi	GSE281048_Zenodo14035992	stimulated human cancer-cell pathway Perturb-seq	CRISPRi_gene	0.0792422201543072	0.0	0.0792422201543072	0.0237874054661671	0.1232329215292001		5	2.5911359228873905	NO_GO_WAVE61_GUARDRAIL	False	False	True	True	False	False	True	False	False	False	True	True	3.0	0.0	Crohn disease;psoriasis;ulcerative colitis	-0.2754837917490116	0.4896212069481396	0.9271619615463814	0.0	0.0	0.0	0.0		NO_GO_WAVE34_GENETICS_EXPRESSION_DRUGGABILITY	1.0			0.0	UNRESOLVED	0.4111839998383905	0.920009505703422	False													
real_direct_perturbation	CASP8	CASP8	Mixscale_CRISPRi	GSE281048_Zenodo14035992	stimulated human cancer-cell pathway Perturb-seq	CRISPRi_gene	0.101107440684024	0.0557319208350214	0.0453755198490025	0.0034833489727077	0.0930937130584328		5	2.602849115170378	NO_GO_WAVE61_GUARDRAIL	False	False	True	True	False	False	True	False	False	False	True	True	4.0	0.0	Crohn disease;psoriasis;type 1 diabetes mellitus;ulcerative colitis	-0.3627815685608038	0.0737162362572369	0.8989378106274888	0.0	0.0	1.0	0.0	ibd_uc_epithelial|complement_phagocytosis:0.302,p=0.00021;ibd_uc_epithelial|lysosomal_apc:0.306,p=0.0004;ibd_uc_epithelial|lipid_loader_repair:0.282,p=0.0025;ibd_uc_epithelial|core_lysosomal_lipid:0.249,p=0.0053	NO_GO_WAVE34_GENETICS_EXPRESSION_DRUGGABILITY	3.0			0.0	UNRESOLVED	-0.2539592438363941	1.0	False													
real_direct_perturbation	RUNX1	RUNX1	Mixscale_CRISPRi	GSE281048_Zenodo14035992	stimulated human cancer-cell pathway Perturb-seq	CRISPRi_gene	0.0	0.0	0.0	-0.0001246849374553	0.0002770776387896		5	2.5	NO_GO_WAVE61_GUARDRAIL	False	False	True	True	False	False	False	False	False	True	True	True	2.0	0.0	Crohn disease;ulcerative colitis	-0.4044088648372987	0.0108331283041592	0.8349413280632139	0.0	0.0	0.0	0.0		NO_GO_WAVE34_GENETICS_EXPRESSION_DRUGGABILITY	5.0			0.0	UNRESOLVED	0.5256576038423345	0.920009505703422	False													
real_direct_perturbation	NFKBIA	NFKBIA	Mixscale_CRISPRi	GSE281048_Zenodo14035992	stimulated human cancer-cell pathway Perturb-seq	CRISPRi_gene	0.0	0.0	0.0	-0.000407829735903	0.0		5	2.5	NO_GO_WAVE61_GUARDRAIL	False	False	True	True	False	False	False	False	False	True	True	True	0.0	1.0		0.2903271300158536	0.3094393661733699	0.9088031205133466	0.0	0.0	0.0	0.0		NO_GO_WAVE34_GENETICS_EXPRESSION_DRUGGABILITY	7.0			0.0	UNRESOLVED	-1.1853633836430455	0.920009505703422	False													
real_direct_perturbation	ATF3	ATF3	Mixscale_CRISPRi	GSE281048_Zenodo14035992	stimulated human cancer-cell pathway Perturb-seq	CRISPRi_gene	0.0	0.0	0.0	-0.0008369248717864	0.0		5	2.5	NO_GO_WAVE61_GUARDRAIL	False	False	True	True	False	False	True	False	False	False	True	True	3.0	1.0	Crohn disease;Sjogren syndrome;type 1 diabetes mellitus	0.3182548771815856	0.3695433226980207	0.9141270983319502	0.0	0.0	0.0	0.0		NO_GO_WAVE34_GENETICS_EXPRESSION_DRUGGABILITY	1.0			0.0	UNRESOLVED	0.3357368346306388	0.9971256078463696	False													
real_direct_perturbation	TRAF3	TRAF3	Mixscale_CRISPRi	GSE281048_Zenodo14035992	stimulated human cancer-cell pathway Perturb-seq	CRISPRi_gene	0.0	0.0	0.0	-0.00141097830447	0.0		5	2.5	NO_GO_WAVE61_GUARDRAIL	False	False	True	True	False	False	False	False	False	True	True	True	0.0	0.0		0.0134360980412804	0.9462497901456196	0.9944057947422876	0.0	0.0	0.0	0.0		NO_GO_WAVE34_GENETICS_EXPRESSION_DRUGGABILITY	5.0			0.0	UNRESOLVED	-1.3982296971228692	0.920009505703422	False													
real_direct_perturbation	ARID5B	ARID5B	Mixscale_CRISPRi	GSE281048_Zenodo14035992	stimulated human cancer-cell pathway Perturb-seq	CRISPRi_gene	0.0	0.0012376993934346	-0.0012376993934346	-0.0035534934622838	0.0		5	2.5	NO_GO_WAVE61_GUARDRAIL	False	False	True	True	False	False	False	False	False	True	True	True	1.0	0.0	psoriasis	0.6326873195137814	0.075697519230288	0.8989378106274888	0.0	0.0	0.0	0.0		PARK_GENETIC_CELL_STATE_NOT_CURRENTLY_DRUGGABLE	13.0			0.0	UNRESOLVED	-0.5590327861440646	0.9965506589785832	False													
real_direct_perturbation	IRF5	IRF5	Mixscale_CRISPRi	GSE281048_Zenodo14035992	stimulated human cancer-cell pathway Perturb-seq	CRISPRi_gene	0.0	0.0	0.0	-0.0036262518537249	0.0		5	2.5	NO_GO_WAVE61_GUARDRAIL	False	False	True	True	False	False	False	False	False	True	True	True	0.0	0.0		-0.160335979633075	0.5711412387155418	0.9431647247323408	0.0	0.0	0.0	0.0		NO_GO_WAVE34_GENETICS_EXPRESSION_DRUGGABILITY	21.0			0.0	UNRESOLVED	0.1436995868634513	0.920009505703422	False													
real_direct_perturbation	FBXO6	FBXO6	Mixscale_CRISPRi	GSE281048_Zenodo14035992	stimulated human cancer-cell pathway Perturb-seq	CRISPRi_gene	0.0	0.0	0.0	-0.0055549147284474	0.0123442549521055		5	2.5	NO_GO_WAVE61_GUARDRAIL	False	False	True	True	False	False	True	False	True	False	False	True	3.0	0.0	Crohn disease;type 1 diabetes mellitus;ulcerative colitis	-0.3268818328465048	0.467803580504313	0.9239963547089984	0.0	0.0	2.0	0.0	ibd_crohn_myeloid|hla_ii_apc:0.356,p=0.0079;ibd_uc_myeloid|hla_ii_apc:0.263,p=0.0095;ibd_uc_myeloid|lipid_loader_repair:0.272,p=0.013;ibd_uc_myeloid|c1q_phagocytic_myeloid:0.277,p=0.014;ibd_crohn_myeloid|complement_effector:0.321,p=0.02;ibd_crohn_myeloid|c1q_phagocytic_myeloid:0.417,p=0.021;ibd_crohn_myeloid|lipid_loader_repair:0.403,p=0.023;ibd_crohn_myeloid|complement_phagocytosis:0.398,p=0.028		0.0			0.0	UNRESOLVED	-0.1869282413480155	0.920009505703422	False													
real_direct_perturbation	STAT3	STAT3	Mixscale_CRISPRi	GSE281048_Zenodo14035992	stimulated human cancer-cell pathway Perturb-seq	CRISPRi_gene	0.0	0.0	0.0	-0.006237879831838	0.0		5	2.5	NO_GO_WAVE61_GUARDRAIL	False	False	True	True	False	False	False	False	False	True	True	True	2.0	0.0	Crohn disease;ulcerative colitis	-0.0052452399033047	0.9827297093959808	0.9982687727683835	0.0	0.0	0.0	0.0		NO_GO_WAVE34_GENETICS_EXPRESSION_DRUGGABILITY	13.0	CHEMBL4296101		0.0	UNRESOLVED	-0.486572487053398	0.920009505703422	False													
real_direct_perturbation	PTGES3	PTGES3	Mixscale_CRISPRi	GSE281048_Zenodo14035992	stimulated human cancer-cell pathway Perturb-seq	CRISPRi_gene	0.0	0.0	0.0	-0.0068671860593831	0.0		5	2.5	NO_GO_WAVE61_GUARDRAIL	False	False	True	True	False	True	False	False	False	False	True	True	0.0	0.0		0.4320648854278541	0.1500753529637361	0.8989378106274888	0.0	0.0	0.0	0.0		NO_GO_WAVE34_GENETICS_EXPRESSION_DRUGGABILITY	1.0			0.0	KO_ENHANCES_EFFEROCYTOSIS_NEGATIVE_REGULATOR	0.2756019370495204	0.9965506589785832	False													
real_direct_perturbation	TRAF1	TRAF1	Mixscale_CRISPRi	GSE281048_Zenodo14035992	stimulated human cancer-cell pathway Perturb-seq	CRISPRi_gene	0.0157673800295721	0.0	0.0157673800295721	-0.0092245344593101	0.0555375877530717		5	2.515767380029572	NO_GO_WAVE61_GUARDRAIL	False	False	True	True	False	False	False	False	False	True	True	True	0.0	0.0		-0.1130879043054875	0.7367002437914002	0.9693303715651268	0.0	0.0	0.0	0.0		NO_GO_WAVE34_GENETICS_EXPRESSION_DRUGGABILITY	5.0			0.0	UNRESOLVED	-0.6374638876297964	0.920009505703422	False													
real_direct_perturbation	MAP3K14	MAP3K14	Mixscale_CRISPRi	GSE281048_Zenodo14035992	stimulated human cancer-cell pathway Perturb-seq	CRISPRi_gene	0.0994831222909603	0.1071902006980239	-0.0077070784070636	-0.0142015201876741	0.0144320928458011		5	2.5994831222909602	NO_GO_WAVE61_GUARDRAIL	False	False	True	True	False	False	False	False	False	True	True	True	0.0	0.0		-0.1913507073950526	0.3346744955431435	0.9141270983319502	0.0	0.0	0.0	0.0		NO_GO_WAVE34_GENETICS_EXPRESSION_DRUGGABILITY	6.0			0.0	UNRESOLVED	0.2062610907916475		False													
real_direct_perturbation	NFKB1	NFKB1	Mixscale_CRISPRi	GSE281048_Zenodo14035992	stimulated human cancer-cell pathway Perturb-seq	CRISPRi_gene	0.0185665131714457	0.0	0.0185665131714457	-0.0207445484518429	0.0873579147184194		5	2.5185665131714456	NO_GO_WAVE61_GUARDRAIL	False	False	True	True	False	False	False	False	False	True	True	True	0.0	0.0		-0.1807165347874555	0.6530965209801629	0.9541025386945516	0.0	0.0	0.0	0.0		NO_GO_WAVE34_GENETICS_EXPRESSION_DRUGGABILITY	11.0			0.0	UNRESOLVED	-0.1254413543536999	0.9971256078463696	False													
real_direct_perturbation	TBX21	TBX21	Mixscale_CRISPRi	GSE281048_Zenodo14035992	stimulated human cancer-cell pathway Perturb-seq	CRISPRi_gene	0.0099135523684361	0.0333000128612611	-0.0233864604928249	-0.0267628204941599	0.0		5	2.509913552368436	NO_GO_WAVE61_GUARDRAIL	False	False	True	True	False	False	False	False	False	True	True	True	0.0	1.0		-0.3498728575468508	0.7287737220810949	0.9683074309967752	0.0	0.0	0.0	0.0		NO_GO_WAVE34_GENETICS_EXPRESSION_DRUGGABILITY	4.0			0.0	UNRESOLVED	-0.0482331210322815	1.0	False													
real_direct_perturbation	CSF2	CSF2	Mixscale_CRISPRi	GSE281048_Zenodo14035992	stimulated human cancer-cell pathway Perturb-seq	CRISPRi_gene	0.0	0.015563546942201	-0.015563546942201	-0.0300935051009289	0.0322887959082841		5	2.5	NO_GO_WAVE61_GUARDRAIL	False	False	True	True	False	False	False	False	False	True	True	True	0.0	0.0		0.0	1.0	1.0	0.0	0.0	0.0	0.0		NO_GO_WAVE34_GENETICS_EXPRESSION_DRUGGABILITY	8.0			0.0	UNRESOLVED	-0.1124089936673524	0.9971256078463696	False													
real_direct_perturbation	ETS1	ETS1	Mixscale_CRISPRi	GSE281048_Zenodo14035992	stimulated human cancer-cell pathway Perturb-seq	CRISPRi_gene	0.0	0.0	0.0	-0.0322420704707813	0.0716490454906253		5	2.5	NO_GO_WAVE61_GUARDRAIL	False	False	True	True	False	False	False	False	False	True	True	True	2.0	1.0	Crohn disease;ulcerative colitis	0.0153749961763871	0.9662802005584104	0.9967096674502096	0.0	0.0	0.0	0.0		NO_GO_WAVE34_GENETICS_EXPRESSION_DRUGGABILITY	17.0	CHEMBL2169736		0.0	UNRESOLVED	-0.4695309152609193	0.920009505703422	False													
real_direct_perturbation	MAP3K14	MAP3K14	Mixscale_CRISPRi	GSE281048_Zenodo14035992	stimulated human cancer-cell pathway Perturb-seq	CRISPRi_gene	0.0	0.0	0.0	-0.0336217827059362	0.0747150726798582		5	2.5	NO_GO_WAVE61_GUARDRAIL	False	False	True	True	False	False	False	False	False	True	True	True	0.0	0.0		-0.1913507073950526	0.3346744955431435	0.9141270983319502	0.0	0.0	0.0	0.0		NO_GO_WAVE34_GENETICS_EXPRESSION_DRUGGABILITY	6.0			0.0	UNRESOLVED	0.2062610907916475		False													
real_direct_perturbation	USP18	USP18	Mixscale_CRISPRi	GSE281048_Zenodo14035992	stimulated human cancer-cell pathway Perturb-seq	CRISPRi_gene	0.0	0.0	0.0	-0.0342322557441129	0.0760716794313621		5	2.5	NO_GO_WAVE61_GUARDRAIL	False	False	True	True	False	False	True	False	False	False	True	True	3.0	0.0	Crohn disease;psoriasis;type 1 diabetes mellitus	0.0285672239772472	0.977573107765436	0.9979621421870412	0.0	0.0	0.0	0.0		NO_GO_WAVE34_GENETICS_EXPRESSION_DRUGGABILITY	1.0			0.0	UNRESOLVED	-0.335856830158487	0.920009505703422	False													
real_direct_perturbation	ZFP36L1	ZFP36L1	Mixscale_CRISPRi	GSE281048_Zenodo14035992	stimulated human cancer-cell pathway Perturb-seq	CRISPRi_gene	0.0	0.0	0.0	-0.0347031256553365	0.077118057011859		5	2.5	NO_GO_WAVE61_GUARDRAIL	False	False	True	True	False	False	False	False	False	True	True	True	0.0	2.0		-0.0670408425299662	0.8367440032626986	0.9761732664217524	0.0	0.0	0.0	0.0		NO_GO_WAVE34_GENETICS_EXPRESSION_DRUGGABILITY	8.0			0.0	UNRESOLVED	-0.2667659263369951		False													
real_direct_perturbation	STAT3	STAT3	Mixscale_CRISPRi	GSE281048_Zenodo14035992	stimulated human cancer-cell pathway Perturb-seq	CRISPRi_gene	0.0	0.0	0.0	-0.042388907849859	0.0941975729996868		5	2.5	NO_GO_WAVE61_GUARDRAIL	False	False	True	True	False	False	False	False	False	True	True	True	2.0	0.0	Crohn disease;ulcerative colitis	-0.0052452399033047	0.9827297093959808	0.9982687727683835	0.0	0.0	0.0	0.0		NO_GO_WAVE34_GENETICS_EXPRESSION_DRUGGABILITY	13.0	CHEMBL4296101		0.0	UNRESOLVED	-0.486572487053398	0.920009505703422	False													
real_direct_perturbation	STAT5A	STAT5A	Mixscale_CRISPRi	GSE281048_Zenodo14035992	stimulated human cancer-cell pathway Perturb-seq	CRISPRi_gene	0.0	0.0	0.0	-0.0441366865703297	0.0980815257118439		5	2.5	NO_GO_WAVE61_GUARDRAIL	False	False	True	True	False	False	False	False	False	True	True	True	1.0	0.0	Crohn disease	0.0433370143865445	0.688333952928131	0.9632853705790064	0.0	0.0	0.0	0.0		NO_GO_WAVE34_GENETICS_EXPRESSION_DRUGGABILITY	5.0			0.0	UNRESOLVED	-0.1906947195207481	0.9971256078463696	False													
real_direct_perturbation	BATF	BATF	Mixscale_CRISPRi	GSE281048_Zenodo14035992	stimulated human cancer-cell pathway Perturb-seq	CRISPRi_gene	0.0	0.0432642873331035	-0.0432642873331035	-0.0448220357310207	0.0		5	2.5	NO_GO_WAVE61_GUARDRAIL	False	False	True	True	False	False	False	False	False	True	True	True	1.0	1.0	psoriasis	0.8304611445930812	0.2431926658736085	0.9004758652001262	0.0	0.0	0.0	0.0		NO_GO_WAVE34_GENETICS_EXPRESSION_DRUGGABILITY	6.0			0.0	UNRESOLVED	0.2339745660670392	0.9965506589785832	False													
real_direct_perturbation	PTGS2	PTGS2	Mixscale_CRISPRi	GSE281048_Zenodo14035992	stimulated human cancer-cell pathway Perturb-seq	CRISPRi_gene	0.0	0.0	0.0	-0.0456549629145633	0.101455473143474		5	2.5	NO_GO_WAVE61_GUARDRAIL	False	False	True	True	False	False	False	False	False	True	True	True	2.0	0.0	Crohn disease;Sjogren syndrome	-0.3302668666926305	0.2953446140272054	0.9075477698307116	0.0	0.0	1.0	0.0	ibd_crohn_myeloid|hla_ii_apc:0.337,p=0.012;ibd_crohn_myeloid|mif_cd74_receptor_state:0.313,p=0.038	NO_GO_WAVE34_GENETICS_EXPRESSION_DRUGGABILITY	4.0			0.0	UNRESOLVED	0.1975779614558408	1.0	False													
real_direct_perturbation	STAT2	STAT2	Mixscale_CRISPRi	GSE281048_Zenodo14035992	stimulated human cancer-cell pathway Perturb-seq	CRISPRi_gene	0.0028490798127559	0.0468791632316255	-0.0440300834188696	-0.0480422353438398	0.0		5	2.502849079812756	NO_GO_WAVE61_GUARDRAIL	False	False	True	True	False	False	False	False	False	True	True	True	2.0	0.0	psoriasis;type 1 diabetes mellitus	-0.2552245703450637	0.0197850926034403	0.8372898579012464	0.0	0.0	0.0	0.0		NO_GO_WAVE34_GENETICS_EXPRESSION_DRUGGABILITY	5.0			0.0				False													
real_direct_perturbation	STAT4	STAT4	Mixscale_CRISPRi	GSE281048_Zenodo14035992	stimulated human cancer-cell pathway Perturb-seq	CRISPRi_gene	0.0	0.0	0.0	-0.0502650068931169	0.1117000153180375		5	2.5	NO_GO_WAVE61_GUARDRAIL	False	False	True	True	False	False	False	False	False	True	True	True	2.0	0.0	Crohn disease;ulcerative colitis	0.8684079555977076	0.4607005214454064	0.9239963547089984	0.0	0.0	0.0	0.0		NO_GO_WAVE34_GENETICS_EXPRESSION_DRUGGABILITY	31.0	CHEMBL4523296		0.0	UNRESOLVED	-0.0419731364238392	1.0	False	NO_GO_MODEL_SCREEN												
real_direct_perturbation	TRAFD1	TRAFD1	Mixscale_CRISPRi	GSE281048_Zenodo14035992	stimulated human cancer-cell pathway Perturb-seq	CRISPRi_gene	0.0	0.0	0.0	-0.0557751862704644	0.1239448583788099		5	2.5	NO_GO_WAVE61_GUARDRAIL	False	False	True	True	False	False	False	False	False	True	True	True	1.0	0.0	psoriasis	0.3114017677765446	0.2433679254244176	0.9004758652001262	0.0	0.0	0.0	0.0		NO_GO_WAVE34_GENETICS_EXPRESSION_DRUGGABILITY	4.0			0.0	UNRESOLVED	-0.0775555865165287	1.0	False													
real_direct_perturbation	RNF114	RNF114	Mixscale_CRISPRi	GSE281048_Zenodo14035992	stimulated human cancer-cell pathway Perturb-seq	CRISPRi_gene	0.0	0.0	0.0	-0.0561619748984837	0.1248043886632971		5	2.5	NO_GO_WAVE61_GUARDRAIL	False	False	True	True	False	False	False	False	False	True	True	True	2.0	1.0	Crohn disease;ulcerative colitis	0.0255523480037602	0.9159266322384516	0.9882111716135832	0.0	0.0	0.0	0.0		NO_GO_WAVE34_GENETICS_EXPRESSION_DRUGGABILITY	4.0			0.0	UNRESOLVED	0.2152636574429139	1.0	False													
real_direct_perturbation	NFKB1	NFKB1	Mixscale_CRISPRi	GSE281048_Zenodo14035992	stimulated human cancer-cell pathway Perturb-seq	CRISPRi_gene	0.0	0.0	0.0	-0.0575319521525182	0.1278487825611517		5	2.5	NO_GO_WAVE61_GUARDRAIL	False	False	True	True	False	False	False	False	False	True	True	True	0.0	0.0		-0.1807165347874555	0.6530965209801629	0.9541025386945516	0.0	0.0	0.0	0.0		NO_GO_WAVE34_GENETICS_EXPRESSION_DRUGGABILITY	11.0			0.0	UNRESOLVED	-0.1254413543536999	0.9971256078463696	False													
real_direct_perturbation	NFKB1	NFKB1	Mixscale_CRISPRi	GSE281048_Zenodo14035992	stimulated human cancer-cell pathway Perturb-seq	CRISPRi_gene	0.0	0.0	0.0	-0.0593355131224822	0.1318566958277383		5	2.5	NO_GO_WAVE61_GUARDRAIL	False	False	True	True	False	False	False	False	False	True	True	True	0.0	0.0		-0.1807165347874555	0.6530965209801629	0.9541025386945516	0.0	0.0	0.0	0.0		NO_GO_WAVE34_GENETICS_EXPRESSION_DRUGGABILITY	11.0			0.0	UNRESOLVED	-0.1254413543536999	0.9971256078463696	False													
real_direct_perturbation	TRAFD1	TRAFD1	Mixscale_CRISPRi	GSE281048_Zenodo14035992	stimulated human cancer-cell pathway Perturb-seq	CRISPRi_gene	0.0	0.0	0.0	-0.0608815885567037	0.1352924190148971		5	2.5	NO_GO_WAVE61_GUARDRAIL	False	False	True	True	False	False	False	False	False	True	True	True	1.0	0.0	psoriasis	0.3114017677765446	0.2433679254244176	0.9004758652001262	0.0	0.0	0.0	0.0		NO_GO_WAVE34_GENETICS_EXPRESSION_DRUGGABILITY	4.0			0.0	UNRESOLVED	-0.0775555865165287	1.0	False													
real_direct_perturbation	SOCS1	SOCS1	Mixscale_CRISPRi	GSE281048_Zenodo14035992	stimulated human cancer-cell pathway Perturb-seq	CRISPRi_gene	0.0	0.0	0.0	-0.0660591651929318	0.1467981448731819		5	2.5	NO_GO_WAVE61_GUARDRAIL	False	False	True	True	False	False	False	False	False	True	True	True	2.0	0.0	psoriasis;type 1 diabetes mellitus	-0.2314987582193453	0.6621199257200553	0.9565159769539632	0.0	0.0	0.0	0.0		NO_GO_WAVE34_GENETICS_EXPRESSION_DRUGGABILITY	13.0			0.0	UNRESOLVED	0.0720347469065618	1.0	False													
real_direct_perturbation	STAT6	STAT6	Mixscale_CRISPRi	GSE281048_Zenodo14035992	stimulated human cancer-cell pathway Perturb-seq	CRISPRi_gene	0.0	0.0	0.0	-0.0710254691302791	0.1578343758450647		5	2.5	NO_GO_WAVE61_GUARDRAIL	False	False	True	True	False	False	True	False	False	False	True	True	3.0	1.0	psoriasis;type 1 diabetes mellitus;ulcerative colitis	-0.1708806836331611	0.3072955713562637	0.9075477698307116	0.0	0.0	0.0	0.0		NO_GO_WAVE34_GENETICS_EXPRESSION_DRUGGABILITY	1.0			0.0	UNRESOLVED	-0.3321128820739696	0.9971256078463696	False													
real_direct_perturbation	PPARG	PPARG	Mixscale_CRISPRi	GSE281048_Zenodo14035992	stimulated human cancer-cell pathway Perturb-seq	CRISPRi_gene	0.0	0.0538090722099651	-0.0538090722099651	-0.0718142396098501	0.0		5	2.5	NO_GO_WAVE61_GUARDRAIL	False	False	True	True	False	False	False	True	False	False	True	True	1.0	2.0	ulcerative colitis	1.33861418076643	0.0023372069061631	0.8344760564031432	0.0	0.0	0.0	0.0		NO_GO_WAVE34_GENETICS_EXPRESSION_DRUGGABILITY	3.0			0.0	UNRESOLVED	-0.9775030223770492	0.920009505703422	False													
real_direct_perturbation	IFNAR2	IFNAR2	Mixscale_CRISPRi	GSE281048_Zenodo14035992	stimulated human cancer-cell pathway Perturb-seq	CRISPRi_gene	0.6611289298703412	1.1205011385471957	-0.4593722086768544	-0.5097787971595411	0.1120146410726369		5	4.661128929870341	NO_GO_WAVE61_GUARDRAIL	True	False	False	True	False	False	False	False	False	True	True	True	2.0	0.0	psoriasis;type 1 diabetes mellitus	0.1894182060730376	0.4923277084112737	0.9271619615463814	0.0	0.0	0.0	0.0		NO_GO_WAVE34_GENETICS_EXPRESSION_DRUGGABILITY	4.0			0.0	UNRESOLVED	-0.3717311517760717	0.920009505703422	False													
real_direct_perturbation	STAT2	STAT2	Mixscale_CRISPRi	GSE281048_Zenodo14035992	stimulated human cancer-cell pathway Perturb-seq	CRISPRi_gene	0.7054128313832698	1.314542040638374	-0.609129209255104	-0.6135408238992132	0.0		5	4.70541283138327	NO_GO_WAVE61_GUARDRAIL	True	False	False	True	False	False	False	False	False	True	True	True	2.0	0.0	psoriasis;type 1 diabetes mellitus	-0.2552245703450637	0.0197850926034403	0.8372898579012464	0.0	0.0	0.0	0.0		NO_GO_WAVE34_GENETICS_EXPRESSION_DRUGGABILITY	5.0			0.0				False													
real_direct_perturbation	STAT1	STAT1	Mixscale_CRISPRi	GSE281048_Zenodo14035992	stimulated human cancer-cell pathway Perturb-seq	CRISPRi_gene	0.0203842553210002	0.6961633422412986	-0.6757790869202983	-0.7164923004190509	0.0904738077750058	generic_IFN_transcription_axis	5	-0.9796157446789997	NO_GO_WAVE61_GUARDRAIL	False	False	False	True	False	False	True	False	True	True	True	False	3.0	0.0	Crohn disease;psoriasis;ulcerative colitis	0.5378996098681981	0.1363451431707629	0.8989378106274888	0.1650265748367996	3.0	2.0	0.0	ibd_crohn_myeloid|hla_ii_apc:0.74,p=0.00061;ibd_crohn_stromal|complement_effector:0.524,p=0.001;ibd_crohn_myeloid|c1q_phagocytic_myeloid:0.942,p=0.0025;psoriasis_skin_stromal|hif_nampt_metabolic:0.578,p=0.0041;ibd_crohn_myeloid|complement_phagocytosis:0.916,p=0.0042;ibd_crohn_stromal|inflammatory_nfkb:0.707,p=0.0043;psoriasis_skin_stromal|inflammatory_nfkb:0.553,p=0.0063;ibd_crohn_myeloid|lipid_loader_repair:0.878,p=0.0069	PARK_GENETIC_CELL_STATE_NOT_CURRENTLY_DRUGGABLE	5.0			0.0	UNRESOLVED	0.3194300436646786	1.0	False													
real_direct_perturbation	RFX5	RFX5	Mixscale_CRISPRi	GSE281048_Zenodo14035992	stimulated human cancer-cell pathway Perturb-seq	CRISPRi_gene	0.5517938735080701	0.0	0.5517938735080701	0.5231987939104686	0.0635446213280031	nonselective_MHCII_host_defense	4	6.313393270463303	NO_GO_WAVE61_GUARDRAIL	True	True	True	True	False	False	False	False	False	False	False	False	1.0	1.0	type 1 diabetes mellitus	0.0043302351443461	0.9786885809467264	0.9982687727683835	0.0	0.0	0.0	0.0			0.0			0.0	UNRESOLVED	0.207967572525812	0.920009505703422	False													
real_direct_perturbation	CHUK	CHUK	Mixscale_CRISPRi	GSE281048_Zenodo14035992	stimulated human cancer-cell pathway Perturb-seq	CRISPRi_gene	0.672021576511123	0.269125495016825	0.402896081494298	0.3353338408117842	0.1501383126278085	broad_NFKB_host_defense	4	4.339688496917016	NO_GO_WAVE61_GUARDRAIL	True	False	True	True	False	False	False	False	False	False	True	False	2.0	0.0	Crohn disease;psoriasis	0.2237878248965508	0.3211760938016935	0.9120391943246274	0.0	0.0	0.0	0.0		NO_GO_WAVE34_GENETICS_EXPRESSION_DRUGGABILITY	2.0			0.0	UNRESOLVED	0.3121510024535778	0.920009505703422	False													
real_direct_perturbation	JAK1	JAK1	Mixscale_CRISPRi	GSE281048_Zenodo14035992	stimulated human cancer-cell pathway Perturb-seq	CRISPRi_gene	1.0321591183170895	0.8728855107246258	0.1592736075924636	0.1522168759847912	0.0	generic_JAK_collapse	4	3.1082675563094853	NO_GO_WAVE61_GUARDRAIL	True	False	False	True	False	False	False	False	True	False	True	False	2.0	2.0	Crohn disease;ulcerative colitis	0.2576120813511604	0.060997046211002	0.8989378106274888	0.0	0.0	2.0	0.0	ibd_uc_myeloid|c1q_phagocytic_myeloid:0.491,p=0.0032;ibd_uc_myeloid|hla_ii_apc:0.435,p=0.0036;ibd_uc_myeloid|lipid_loader_repair:0.391,p=0.0083;ibd_uc_epithelial|lipid_loader_repair:0.352,p=0.0086;ibd_uc_epithelial|complement_phagocytosis:0.319,p=0.016;ibd_uc_epithelial|lysosomal_apc:0.315,p=0.017;ibd_uc_myeloid|complement_phagocytosis:0.4,p=0.017;ibd_uc_epithelial|core_lysosomal_lipid:0.31,p=0.019	NO_GO_WAVE34_GENETICS_EXPRESSION_DRUGGABILITY	2.0			0.0	UNRESOLVED	0.0294760225567655	1.0	False													
real_direct_perturbation	CEBPB	CEBPB	Mixscale_CRISPRi	GSE281048_Zenodo14035992	stimulated human cancer-cell pathway Perturb-seq	CRISPRi_gene	0.211461795291348	0.1081984513282029	0.1032633439631451	0.095687931997956	0.0		4	2.7593057612903262	NO_GO_WAVE61_GUARDRAIL	False	False	True	True	False	False	False	False	False	False	True	True	0.0	0.0		-0.0039576040128572	0.989829783430383	0.9992380443970746	0.0	0.0	0.0	0.0		NO_GO_WAVE34_GENETICS_EXPRESSION_DRUGGABILITY	1.0			0.0	KO_IMPAIRS_EFFEROCYTOSIS_POSITIVE_REGULATOR	-1.3624283542748117	0.920009505703422	False													
real_direct_perturbation	IRF2	IRF2	Mixscale_CRISPRi	GSE281048_Zenodo14035992	stimulated human cancer-cell pathway Perturb-seq	CRISPRi_gene	0.1606164539157387	0.0601355339769117	0.1004809199388269	0.0705716855827597	0.066464965235705		4	2.6959022967071187	NO_GO_WAVE61_GUARDRAIL	False	False	True	True	False	False	False	False	False	False	True	True	1.0	0.0	type 1 diabetes mellitus	0.07568179378862	0.4841691588321387	0.926038761164836	0.0	0.0	0.0	0.0		NO_GO_WAVE34_GENETICS_EXPRESSION_DRUGGABILITY	1.0			0.0	UNRESOLVED	0.0555816663513061	1.0	False													
real_direct_perturbation	MMP9	MMP9	Mixscale_CRISPRi	GSE281048_Zenodo14035992	stimulated human cancer-cell pathway Perturb-seq	CRISPRi_gene	0.0711909058990569	0.0	0.0711909058990569	0.0624567452637861	0.0194092458561573		4	2.6024192785309497	NO_GO_WAVE61_GUARDRAIL	False	False	True	True	False	False	False	False	False	False	True	True	2.0	1.0	type 1 diabetes mellitus;ulcerative colitis	-0.0073013922988645	0.988990838871722	0.9992380443970746	0.0	0.0	0.0	0.0		NO_GO_WAVE34_GENETICS_EXPRESSION_DRUGGABILITY	1.0			0.0	UNRESOLVED	-0.20377966074271	0.9971256078463696	False													
real_direct_perturbation	MYC	MYC	Mixscale_CRISPRi	GSE281048_Zenodo14035992	stimulated human cancer-cell pathway Perturb-seq	CRISPRi_gene	0.0734323538208265	0.0	0.0734323538208265	0.0528308602834423	0.0457810967497426		4	2.5998477839625473	NO_GO_WAVE61_GUARDRAIL	False	False	True	True	False	False	False	False	False	False	True	True	2.0	2.0	Crohn disease;type 1 diabetes mellitus	0.1796494504019694	0.5466328849061214	0.9390010612097776	0.0	0.0	0.0	0.0		NO_GO_WAVE34_GENETICS_EXPRESSION_DRUGGABILITY	1.0			0.0	UNRESOLVED	-0.3484427643430246	0.9965506589785832	False													
real_direct_perturbation	ATF5	ATF5	Mixscale_CRISPRi	GSE281048_Zenodo14035992	stimulated human cancer-cell pathway Perturb-seq	CRISPRi_gene	0.0382742918023563	0.0	0.0382742918023563	0.0176213200591352	0.0458954927627135		4	2.547084951831924	NO_GO_WAVE61_GUARDRAIL	False	False	True	True	False	False	False	True	False	False	False	True	2.0	1.0	Crohn disease;ulcerative colitis	0.5161155260346195	0.0307494520500533	0.8506970233122761	0.0	0.0	0.0	0.0			0.0			0.0	UNRESOLVED	-0.3848082523414436	0.920009505703422	False													
real_direct_perturbation	FOS	FOS	Mixscale_CRISPRi	GSE281048_Zenodo14035992	stimulated human cancer-cell pathway Perturb-seq	CRISPRi_gene	0.0	0.0	0.0	-0.0015802912537948	0.0		4	2.5	NO_GO_WAVE61_GUARDRAIL	False	False	True	True	False	False	False	False	False	False	True	True	0.0	3.0		-0.1403858882257296	0.7006579212252295	0.9646161727383372	0.0	0.0	0.0	0.0		NO_GO_WAVE34_GENETICS_EXPRESSION_DRUGGABILITY	3.0			0.0	UNRESOLVED	0.1003958082974394	1.0	False													
real_direct_perturbation	PARP12	PARP12	Mixscale_CRISPRi	GSE281048_Zenodo14035992	stimulated human cancer-cell pathway Perturb-seq	CRISPRi_gene	0.0	0.0	0.0	-0.0025643066609787	0.0		4	2.5	NO_GO_WAVE61_GUARDRAIL	False	False	True	True	False	False	False	False	False	False	True	True	2.0	0.0	psoriasis;type 1 diabetes mellitus	-0.1738259847184995	0.5197943180640867	0.9352591033176444	0.0	0.0	0.0	0.0		NO_GO_WAVE34_GENETICS_EXPRESSION_DRUGGABILITY	1.0			0.0	UNRESOLVED	0.0540387552675558	0.9971256078463696	False													
real_direct_perturbation	MAFB	MAFB	Mixscale_CRISPRi	GSE281048_Zenodo14035992	stimulated human cancer-cell pathway Perturb-seq	CRISPRi_gene	0.0	0.0	0.0	-0.0026762210753615	0.0		4	2.5	NO_GO_WAVE61_GUARDRAIL	False	False	True	True	False	False	False	False	False	False	True	True	0.0	2.0		0.6176798736915998	0.1189294357530188	0.8989378106274888	0.0	0.0	0.0	0.0		NO_GO_WAVE34_GENETICS_EXPRESSION_DRUGGABILITY	2.0			0.0	UNRESOLVED	-0.2545607147674635	0.9971256078463696	False													
real_direct_perturbation	FOS	FOS	Mixscale_CRISPRi	GSE281048_Zenodo14035992	stimulated human cancer-cell pathway Perturb-seq	CRISPRi_gene	0.0	0.0	0.0	-0.0049676602893432	0.0		4	2.5	NO_GO_WAVE61_GUARDRAIL	False	False	True	True	False	False	False	False	False	False	True	True	0.0	3.0		-0.1403858882257296	0.7006579212252295	0.9646161727383372	0.0	0.0	0.0	0.0		NO_GO_WAVE34_GENETICS_EXPRESSION_DRUGGABILITY	3.0			0.0	UNRESOLVED	0.1003958082974394	1.0	False													
real_direct_perturbation	MAP3K7	MAP3K7	Mixscale_CRISPRi	GSE281048_Zenodo14035992	stimulated human cancer-cell pathway Perturb-seq	CRISPRi_gene	0.2001608278741221	0.2030841047152688	-0.0029232768411466	-0.0056941980235292	0.0	broad_NFKB_MAPK_host_defense	4	0.700160827874122	NO_GO_WAVE61_GUARDRAIL	False	False	True	True	False	False	False	False	False	True	True	False	1.0	0.0	type 1 diabetes mellitus	0.0860286578201066	0.6114001490483829	0.9476308467322015	0.0	0.0	0.0	0.0		NO_GO_WAVE34_GENETICS_EXPRESSION_DRUGGABILITY	5.0			0.0	UNRESOLVED	-0.0752895638259569	1.0	False													
real_direct_perturbation	IRF7	IRF7	Mixscale_CRISPRi	GSE281048_Zenodo14035992	stimulated human cancer-cell pathway Perturb-seq	CRISPRi_gene	0.0236417539263354	0.0237882218252238	-0.0001464678988883	-0.0057997430859567	0.0		4	2.5236417539263356	NO_GO_WAVE61_GUARDRAIL	False	False	True	True	False	False	False	False	False	False	True	True	2.0	1.0	Crohn disease;type 1 diabetes mellitus	-0.4757977783497438	0.0302975458870109	0.8506970233122761	0.0	0.0	0.0	0.0		NO_GO_WAVE34_GENETICS_EXPRESSION_DRUGGABILITY	2.0			0.0	UNRESOLVED	0.0593802930542981	0.920009505703422	False													
real_direct_perturbation	IKBKE	IKBKE	Mixscale_CRISPRi	GSE281048_Zenodo14035992	stimulated human cancer-cell pathway Perturb-seq	CRISPRi_gene	0.0	0.0075652445667897	-0.0075652445667897	-0.009157281735846	0.0035378603756806		4	2.5	NO_GO_WAVE61_GUARDRAIL	False	False	True	True	False	False	False	False	False	False	True	True	1.0	0.0	psoriasis	-1.214474904672203	0.2063434541677045	0.8993702893651148	0.0	0.0	0.0	0.0		NO_GO_WAVE34_GENETICS_EXPRESSION_DRUGGABILITY	2.0			0.0	UNRESOLVED	-0.1918742529382572	1.0	False													
real_direct_perturbation	SP100	SP100	Mixscale_CRISPRi	GSE281048_Zenodo14035992	stimulated human cancer-cell pathway Perturb-seq	CRISPRi_gene	0.0	0.0	0.0	-0.0108910007860069	0.0242022239689044		4	2.5	NO_GO_WAVE61_GUARDRAIL	False	False	True	True	False	False	False	False	False	False	True	True	1.0	0.0	psoriasis	-0.2399941379112178	0.0329241176299774	0.8506970233122761	0.0	0.0	0.0	0.0		NO_GO_WAVE34_GENETICS_EXPRESSION_DRUGGABILITY	1.0			0.0	UNRESOLVED	-0.0961651497047267	1.0	False													
real_direct_perturbation	NFKBIE	NFKBIE	Mixscale_CRISPRi	GSE281048_Zenodo14035992	stimulated human cancer-cell pathway Perturb-seq	CRISPRi_gene	0.0	0.0	0.0	-0.0125363290965485	0.0278585091034412		4	2.5	NO_GO_WAVE61_GUARDRAIL	False	False	True	True	False	False	False	False	False	False	True	True	2.0	0.0	Sjogren syndrome;type 1 diabetes mellitus	0.1190368197553954	0.6235730195875038	0.9490245393797272	0.0	0.0	0.0	0.0		NO_GO_WAVE34_GENETICS_EXPRESSION_DRUGGABILITY	2.0			0.0				False													
real_direct_perturbation	SRC	SRC	Mixscale_CRISPRi	GSE281048_Zenodo14035992	stimulated human cancer-cell pathway Perturb-seq	CRISPRi_gene	0.0	0.0	0.0	-0.0190552421200393	0.0423449824889762		4	2.5	NO_GO_WAVE61_GUARDRAIL	False	False	True	True	False	False	False	False	False	False	True	True	1.0	0.0	Crohn disease	0.2090289331356878	0.4292206800209179	0.9195199515584406	0.0	0.0	0.0	0.0		NO_GO_WAVE34_GENETICS_EXPRESSION_DRUGGABILITY	2.0			0.0	UNRESOLVED	-0.0320921288834976	1.0	False													
real_direct_perturbation	KLF4	KLF4	Mixscale_CRISPRi	GSE281048_Zenodo14035992	stimulated human cancer-cell pathway Perturb-seq	CRISPRi_gene	0.0	0.0	0.0	-0.0238003516853358	0.0528896704118574		4	2.5	NO_GO_WAVE61_GUARDRAIL	False	False	True	True	False	False	False	False	False	False	True	True	0.0	2.0		0.0064919282525277	0.9845161376406896	0.998541739884114	0.0	0.0	0.0	0.0		NO_GO_WAVE34_GENETICS_EXPRESSION_DRUGGABILITY	2.0			0.0	UNRESOLVED	-0.4661640478782949	0.920009505703422	False													
real_direct_perturbation	BATF2	BATF2	Mixscale_CRISPRi	GSE281048_Zenodo14035992	stimulated human cancer-cell pathway Perturb-seq	CRISPRi_gene	0.0	0.0	0.0	-0.0265913761840295	0.0590919470756212		4	2.5	NO_GO_WAVE61_GUARDRAIL	False	False	True	True	False	False	True	False	False	False	False	True	4.0	1.0	Crohn disease;psoriasis;type 1 diabetes mellitus;ulcerative colitis	-1.4663532045609768	0.0465999150990571	0.8744776374054363	0.0	0.0	1.0	0.0	psoriasis_skin_stromal|inflammatory_nfkb:0.269,p=0.0014;psoriasis_skin_stromal|hif_nampt_metabolic:0.261,p=0.0026;psoriasis_skin_stromal|c1q_phagocytic_myeloid:0.244,p=0.013;psoriasis_skin_stromal|lipid_loader_repair:0.259,p=0.022		0.0			0.0	UNRESOLVED	-0.1275444565150156	0.9971256078463696	False													
real_direct_perturbation	FOXN3	FOXN3	Mixscale_CRISPRi	GSE281048_Zenodo14035992	stimulated human cancer-cell pathway Perturb-seq	CRISPRi_gene	0.0	0.0	0.0	-0.0290688812953411	0.0645975139896469		4	2.5	NO_GO_WAVE61_GUARDRAIL	False	False	True	True	False	False	False	False	False	False	True	True	0.0	2.0		0.1976575634868602	0.1563323099282382	0.8989378106274888	0.0	0.0	0.0	0.0		NO_GO_WAVE34_GENETICS_EXPRESSION_DRUGGABILITY	1.0			0.0	UNRESOLVED	-0.0235080624869885	1.0	False													
real_direct_perturbation	CASP7	CASP7	Mixscale_CRISPRi	GSE281048_Zenodo14035992	stimulated human cancer-cell pathway Perturb-seq	CRISPRi_gene	0.0	0.0124732062933116	-0.0124732062933116	-0.0292945079781478	0.0373806704107471		4	2.5	NO_GO_WAVE61_GUARDRAIL	False	False	True	True	False	False	False	False	False	False	True	True	2.0	0.0	Crohn disease;psoriasis	0.2517310584340659	0.4828328535282834	0.926038761164836	0.0	0.0	0.0	0.0		NO_GO_WAVE34_GENETICS_EXPRESSION_DRUGGABILITY	1.0			0.0	UNRESOLVED	0.1609482102081521	1.0	False													
real_direct_perturbation	EHF	EHF	Mixscale_CRISPRi	GSE281048_Zenodo14035992	stimulated human cancer-cell pathway Perturb-seq	CRISPRi_gene	0.0	0.0	0.0	-0.0295418918640439	0.0656486485867643		4	2.5	NO_GO_WAVE61_GUARDRAIL	False	False	True	True	False	False	False	False	False	False	True	True	1.0	1.0	ulcerative colitis	-0.0634038831453152	0.9639811724889108	0.9960658822944214	0.0	0.0	0.0	0.0		NO_GO_WAVE34_GENETICS_EXPRESSION_DRUGGABILITY	2.0			0.0	UNRESOLVED	0.4916982134204058	0.9965506589785832	False													
real_direct_perturbation	ZBP1	ZBP1	Mixscale_CRISPRi	GSE281048_Zenodo14035992	stimulated human cancer-cell pathway Perturb-seq	CRISPRi_gene	0.0	0.0	0.0	-0.0307357226705824	0.0683016059346277		4	2.5	NO_GO_WAVE61_GUARDRAIL	False	False	True	True	False	False	False	False	False	False	True	True	2.0	0.0	Crohn disease;ulcerative colitis	0.5953817021609851	0.62886778425775	0.950018606810264	0.0	0.0	0.0	0.0		NO_GO_WAVE34_GENETICS_EXPRESSION_DRUGGABILITY	2.0			0.0	UNRESOLVED	0.0737940228732978	1.0	False													
real_direct_perturbation	IRF3	IRF3	Mixscale_CRISPRi	GSE281048_Zenodo14035992	stimulated human cancer-cell pathway Perturb-seq	CRISPRi_gene	0.0	0.0	0.0	-0.0324823044281631	0.0721828987292513		4	2.5	NO_GO_WAVE61_GUARDRAIL	False	False	True	True	False	False	False	False	False	False	True	True	1.0	1.0	psoriasis	-0.1799899224413259	0.3091358435064631	0.9087633411366308	0.0	0.0	0.0	0.0		NO_GO_WAVE34_GENETICS_EXPRESSION_DRUGGABILITY	3.0			0.0	UNRESOLVED	-0.0760964053433927	0.9971256078463696	False													
real_direct_perturbation	ITCH	ITCH	Mixscale_CRISPRi	GSE281048_Zenodo14035992	stimulated human cancer-cell pathway Perturb-seq	CRISPRi_gene	0.0	0.0290806791405934	-0.0290806791405934	-0.0338443834878404	0.0		4	2.5	NO_GO_WAVE61_GUARDRAIL	False	False	True	True	False	False	False	False	False	False	True	True	1.0	1.0	psoriasis	0.1786526939610997	0.2084134345717873	0.8993702893651148	0.0	0.0	0.0	0.0		NO_GO_WAVE34_GENETICS_EXPRESSION_DRUGGABILITY	1.0			0.0	UNRESOLVED	0.026859529257555	1.0	False													
real_direct_perturbation	NFAT5	NFAT5	Mixscale_CRISPRi	GSE281048_Zenodo14035992	stimulated human cancer-cell pathway Perturb-seq	CRISPRi_gene	0.0	0.0262910259900399	-0.0262910259900399	-0.0354100056751497	0.020264399300244		4	2.5	NO_GO_WAVE61_GUARDRAIL	False	False	True	True	False	False	False	False	False	False	True	True	0.0	1.0		0.1768764404136344	0.5803188468011657	0.9459142300413704	0.0	0.0	0.0	0.0		NO_GO_WAVE34_GENETICS_EXPRESSION_DRUGGABILITY	1.0			0.0	UNRESOLVED	-0.4951390449736022	0.9965506589785832	False													
real_direct_perturbation	MAPK14	MAPK14	Mixscale_CRISPRi	GSE281048_Zenodo14035992	stimulated human cancer-cell pathway Perturb-seq	CRISPRi_gene	0.0	0.0	0.0	-0.0355935028077412	0.0790966729060916		4	2.5	NO_GO_WAVE61_GUARDRAIL	False	False	True	True	False	False	False	False	False	False	True	True	2.0	0.0	psoriasis;ulcerative colitis	0.024228322440198	0.831669682060653	0.9761732664217524	0.0	0.0	0.0	0.0		NO_GO_WAVE34_GENETICS_EXPRESSION_DRUGGABILITY	1.0			0.0	UNRESOLVED	-0.2271063170261813	0.9971256078463696	False													
real_direct_perturbation	SMARCA5	SMARCA5	Mixscale_CRISPRi	GSE281048_Zenodo14035992	stimulated human cancer-cell pathway Perturb-seq	CRISPRi_gene	0.0	0.0	0.0	-0.0360917533818703	0.0802038964041563		4	2.5	NO_GO_WAVE61_GUARDRAIL	False	False	True	True	False	False	True	False	False	False	False	True	3.0	0.0	Crohn disease;psoriasis;ulcerative colitis	0.1749981782044916	0.1676372840680429	0.8989378106274888	0.0	0.0	0.0	0.0			0.0			0.0	UNRESOLVED	-0.5830697214202434	0.9965506589785832	False													
real_direct_perturbation	PARP12	PARP12	Mixscale_CRISPRi	GSE281048_Zenodo14035992	stimulated human cancer-cell pathway Perturb-seq	CRISPRi_gene	0.0	0.0	0.0	-0.0380963603362483	0.0846585785249963		4	2.5	NO_GO_WAVE61_GUARDRAIL	False	False	True	True	False	False	False	False	False	False	True	True	2.0	0.0	psoriasis;type 1 diabetes mellitus	-0.1738259847184995	0.5197943180640867	0.9352591033176444	0.0	0.0	0.0	0.0		NO_GO_WAVE34_GENETICS_EXPRESSION_DRUGGABILITY	1.0			0.0	UNRESOLVED	0.0540387552675558	0.9971256078463696	False													
real_direct_perturbation	CEBPB	CEBPB	Mixscale_CRISPRi	GSE281048_Zenodo14035992	stimulated human cancer-cell pathway Perturb-seq	CRISPRi_gene	0.0	0.032586388022842	-0.032586388022842	-0.040718252864995	0.0		4	2.5	NO_GO_WAVE61_GUARDRAIL	False	False	True	True	False	False	False	False	False	False	True	True	0.0	0.0		-0.0039576040128572	0.989829783430383	0.9992380443970746	0.0	0.0	0.0	0.0		NO_GO_WAVE34_GENETICS_EXPRESSION_DRUGGABILITY	1.0			0.0	KO_IMPAIRS_EFFEROCYTOSIS_POSITIVE_REGULATOR	-1.3624283542748117	0.920009505703422	False													
real_direct_perturbation	MYC	MYC	Mixscale_CRISPRi	GSE281048_Zenodo14035992	stimulated human cancer-cell pathway Perturb-seq	CRISPRi_gene	0.0	0.0	0.0	-0.0427349176472712	0.0949664836606028		4	2.5	NO_GO_WAVE61_GUARDRAIL	False	False	True	True	False	False	False	False	False	False	True	True	2.0	2.0	Crohn disease;type 1 diabetes mellitus	0.1796494504019694	0.5466328849061214	0.9390010612097776	0.0	0.0	0.0	0.0		NO_GO_WAVE34_GENETICS_EXPRESSION_DRUGGABILITY	1.0			0.0	UNRESOLVED	-0.3484427643430246	0.9965506589785832	False													
real_direct_perturbation	BATF2	BATF2	Mixscale_CRISPRi	GSE281048_Zenodo14035992	stimulated human cancer-cell pathway Perturb-seq	CRISPRi_gene	0.0	0.0	0.0	-0.0431428893368742	0.0958730874152761		4	2.5	NO_GO_WAVE61_GUARDRAIL	False	False	True	True	False	False	True	False	False	False	False	True	4.0	1.0	Crohn disease;psoriasis;type 1 diabetes mellitus;ulcerative colitis	-1.4663532045609768	0.0465999150990571	0.8744776374054363	0.0	0.0	1.0	0.0	psoriasis_skin_stromal|inflammatory_nfkb:0.269,p=0.0014;psoriasis_skin_stromal|hif_nampt_metabolic:0.261,p=0.0026;psoriasis_skin_stromal|c1q_phagocytic_myeloid:0.244,p=0.013;psoriasis_skin_stromal|lipid_loader_repair:0.259,p=0.022		0.0			0.0	UNRESOLVED	-0.1275444565150156	0.9971256078463696	False													
real_direct_perturbation	MAPK14	MAPK14	Mixscale_CRISPRi	GSE281048_Zenodo14035992	stimulated human cancer-cell pathway Perturb-seq	CRISPRi_gene	0.0	0.0405376324682345	-0.0405376324682345	-0.0433284380984267	0.0		4	2.5	NO_GO_WAVE61_GUARDRAIL	False	False	True	True	False	False	False	False	False	False	True	True	2.0	0.0	psoriasis;ulcerative colitis	0.024228322440198	0.831669682060653	0.9761732664217524	0.0	0.0	0.0	0.0		NO_GO_WAVE34_GENETICS_EXPRESSION_DRUGGABILITY	1.0			0.0	UNRESOLVED	-0.2271063170261813	0.9971256078463696	False													
real_direct_perturbation	IRF7	IRF7	Mixscale_CRISPRi	GSE281048_Zenodo14035992	stimulated human cancer-cell pathway Perturb-seq	CRISPRi_gene	0.0	0.0	0.0	-0.0441109989328427	0.0980244420729839		4	2.5	NO_GO_WAVE61_GUARDRAIL	False	False	True	True	False	False	False	False	False	False	True	True	2.0	1.0	Crohn disease;type 1 diabetes mellitus	-0.4757977783497438	0.0302975458870109	0.8506970233122761	0.0	0.0	0.0	0.0		NO_GO_WAVE34_GENETICS_EXPRESSION_DRUGGABILITY	2.0			0.0	UNRESOLVED	0.0593802930542981	0.920009505703422	False													
real_direct_perturbation	CEBPG	CEBPG	Mixscale_CRISPRi	GSE281048_Zenodo14035992	stimulated human cancer-cell pathway Perturb-seq	CRISPRi_gene	0.0	0.0	0.0	-0.0444880605722926	0.0988623568273168		4	2.5	NO_GO_WAVE61_GUARDRAIL	False	False	True	True	False	False	False	False	False	False	True	True	0.0	0.0		0.1842016137411679	0.3254382424780541	0.9123553860771748	0.0	0.0	0.0	0.0		NO_GO_WAVE34_GENETICS_EXPRESSION_DRUGGABILITY	2.0			0.0	UNRESOLVED	-0.6643263193420781	0.920009505703422	False													
real_direct_perturbation	JAK2	JAK2	Mixscale_CRISPRi	GSE281048_Zenodo14035992	stimulated human cancer-cell pathway Perturb-seq	CRISPRi_gene	1.079602966179328	1.1299977569177326	-0.0503947907384045	-0.0523161574949977	0.0	generic_JAK_collapse	4	3.079602966179328	NO_GO_WAVE61_GUARDRAIL	True	False	False	True	False	False	False	False	False	True	True	False	1.0	0.0	Crohn disease	0.1310389086976435	0.5843508835841206	0.9464449594593544	0.0	0.0	1.0	0.0	ibd_crohn_myeloid|hla_ii_apc:0.483,p=0.028;ibd_crohn_myeloid|lipid_loader_repair:0.535,p=0.038;ibd_crohn_myeloid|complement_effector:0.422,p=0.04;ibd_crohn_myeloid|c1q_phagocytic_myeloid:0.518,p=0.043	PARK_GENETIC_DRUGGABLE_NEEDS_CELL_STATE	13.0	CHEMBL2971	0.2	24473.0	UNRESOLVED	-0.3296702475797999	0.920009505703422	False													
real_direct_perturbation	MYC	MYC	Mixscale_CRISPRi	GSE281048_Zenodo14035992	stimulated human cancer-cell pathway Perturb-seq	CRISPRi_gene	0.0	0.0337910688657185	-0.0337910688657185	-0.0524705252156846	0.0415099029999246		4	2.5	NO_GO_WAVE61_GUARDRAIL	False	False	True	True	False	False	False	False	False	False	True	True	2.0	2.0	Crohn disease;type 1 diabetes mellitus	0.1796494504019694	0.5466328849061214	0.9390010612097776	0.0	0.0	0.0	0.0		NO_GO_WAVE34_GENETICS_EXPRESSION_DRUGGABILITY	1.0			0.0	UNRESOLVED	-0.3484427643430246	0.9965506589785832	False													
real_direct_perturbation	SP100	SP100	Mixscale_CRISPRi	GSE281048_Zenodo14035992	stimulated human cancer-cell pathway Perturb-seq	CRISPRi_gene	0.0	0.0	0.0	-0.0571294853073218	0.1269544117940484		4	2.5	NO_GO_WAVE61_GUARDRAIL	False	False	True	True	False	False	False	False	False	False	True	True	1.0	0.0	psoriasis	-0.2399941379112178	0.0329241176299774	0.8506970233122761	0.0	0.0	0.0	0.0		NO_GO_WAVE34_GENETICS_EXPRESSION_DRUGGABILITY	1.0			0.0	UNRESOLVED	-0.0961651497047267	1.0	False													
real_direct_perturbation	UBE2L6	UBE2L6	Mixscale_CRISPRi	GSE281048_Zenodo14035992	stimulated human cancer-cell pathway Perturb-seq	CRISPRi_gene	0.0	0.0	0.0	-0.0572028883712258	0.1271175297138352		4	2.5	NO_GO_WAVE61_GUARDRAIL	False	False	True	True	False	False	True	False	False	False	False	True	3.0	0.0	Sjogren syndrome;type 1 diabetes mellitus;ulcerative colitis	0.1624605975989101	0.3408726481033565	0.9141270983319502	0.0	0.0	0.0	0.0			0.0			0.0	UNRESOLVED	0.1079975687833193	0.9971256078463696	False													
real_direct_perturbation	KLF6	KLF6	Mixscale_CRISPRi	GSE281048_Zenodo14035992	stimulated human cancer-cell pathway Perturb-seq	CRISPRi_gene	0.0	0.0386786267593802	-0.0386786267593802	-0.0577695044400971	0.0		4	2.5	NO_GO_WAVE61_GUARDRAIL	False	False	True	True	False	False	False	False	False	False	True	True	2.0	0.0	Crohn disease;ulcerative colitis	-0.0050212243937561	0.9855942800041836	0.9986975177820756	0.0	0.0	0.0	0.0		NO_GO_WAVE34_GENETICS_EXPRESSION_DRUGGABILITY	2.0			0.0	UNRESOLVED	-0.0609235421986645	0.9965506589785832	False													
real_direct_perturbation	UBA7	UBA7	Mixscale_CRISPRi	GSE281048_Zenodo14035992	stimulated human cancer-cell pathway Perturb-seq	CRISPRi_gene	0.0	0.0	0.0	-0.0641718731281527	0.142604162507006		4	2.5	NO_GO_WAVE61_GUARDRAIL	False	False	True	True	False	False	False	False	False	False	True	True	1.0	1.0	type 1 diabetes mellitus	-0.4979730084789668	0.2007142515955354	0.8993702893651148	0.0	0.0	0.0	0.0		NO_GO_WAVE34_GENETICS_EXPRESSION_DRUGGABILITY	2.0			0.0	UNRESOLVED	-0.289085315072216	0.920009505703422	False													
real_direct_perturbation	HLX	HLX	Mixscale_CRISPRi	GSE281048_Zenodo14035992	stimulated human cancer-cell pathway Perturb-seq	CRISPRi_gene	0.0	0.0	0.0	-0.0670338069658336	0.1489640154796303		4	2.5	NO_GO_WAVE61_GUARDRAIL	False	False	True	True	False	False	False	False	False	False	True	True	0.0	1.0		0.0795751606627312	0.6943908387541936	0.9646161727383372	0.0	0.0	0.0	0.0		NO_GO_WAVE34_GENETICS_EXPRESSION_DRUGGABILITY	1.0			0.0	UNRESOLVED	0.1342283678369731	1.0	False													
real_direct_perturbation	DRAP1	DRAP1	Mixscale_CRISPRi	GSE281048_Zenodo14035992	stimulated human cancer-cell pathway Perturb-seq	CRISPRi_gene	0.0	0.0	0.0	-0.0759712756249784	0.1688250569443965		4	2.5	NO_GO_WAVE61_GUARDRAIL	False	False	True	True	False	False	False	False	False	False	True	True	0.0	2.0		-0.0416199923790152	0.8781226527483211	0.9824139730000536	0.0	0.0	0.0	0.0		NO_GO_WAVE34_GENETICS_EXPRESSION_DRUGGABILITY	1.0			0.0	UNRESOLVED	0.3305502782254012	0.9965506589785832	False													
real_direct_perturbation	CEBPB	CEBPB	Mixscale_CRISPRi	GSE281048_Zenodo14035992	stimulated human cancer-cell pathway Perturb-seq	CRISPRi_gene	0.0	0.0701576609399292	-0.0701576609399292	-0.0796322812704594	0.0210547118456226		4	2.5	NO_GO_WAVE61_GUARDRAIL	False	False	True	True	False	False	False	False	False	False	True	True	0.0	0.0		-0.0039576040128572	0.989829783430383	0.9992380443970746	0.0	0.0	0.0	0.0		NO_GO_WAVE34_GENETICS_EXPRESSION_DRUGGABILITY	1.0			0.0	KO_IMPAIRS_EFFEROCYTOSIS_POSITIVE_REGULATOR	-1.3624283542748117	0.920009505703422	False													
real_direct_perturbation	IRF1	IRF1	Mixscale_CRISPRi	GSE281048_Zenodo14035992	stimulated human cancer-cell pathway Perturb-seq	CRISPRi_gene	0.0207263660195191	0.0752733214744276	-0.0545469554549085	-0.0993979008136388	0.0996687674638451	generic_IFN_transcription_axis	4	0.5207263660195189	NO_GO_WAVE61_GUARDRAIL	False	False	True	True	False	False	False	False	False	True	True	False	1.0	0.0	Crohn disease	-0.0303981739668568	0.9222930745319916	0.9899194730321256	0.7600090616664058	6.0	1.0	0.0	ibd_crohn_myeloid|lipid_loader_repair:0.662,p=0.0018;ibd_crohn_myeloid|hla_ii_apc:0.623,p=0.0047;ibd_crohn_myeloid|core_lysosomal_lipid:0.581,p=0.0073;ibd_crohn_myeloid|complement_effector:0.599,p=0.0076;ibd_crohn_myeloid|lysosomal_apc:0.578,p=0.011;ibd_crohn_myeloid|c1q_phagocytic_myeloid:0.498,p=0.011;ibd_crohn_epithelial|lysosomal_apc:0.33,p=0.013;ibd_crohn_myeloid|mif_cd74_receptor_state:0.552,p=0.015	NO_GO_WAVE34_GENETICS_EXPRESSION_DRUGGABILITY	16.0			0.0	UNRESOLVED	-0.1569538749450338	0.9971256078463696	False													
real_direct_perturbation	IFNGR2	IFNGR2	Mixscale_CRISPRi	GSE281048_Zenodo14035992	stimulated human cancer-cell pathway Perturb-seq	CRISPRi_gene	1.330709485184696	1.429418136274393	-0.0987086510896968	-0.1009923741845148	0.0	generic_IFN_blockade_host_defense	4	3.3307094851846957	NO_GO_WAVE61_GUARDRAIL	True	False	False	True	False	False	False	False	False	True	True	False	1.0	0.0	type 1 diabetes mellitus	0.1589069164410972	0.3887701856855546	0.9157809859344704	0.0	0.0	0.0	0.0		NO_GO_WAVE34_GENETICS_EXPRESSION_DRUGGABILITY	9.0	CHEMBL2364171		0.0	UNRESOLVED	-0.3913940594869177	0.9965506589785832	False													
real_direct_perturbation	BIRC3	BIRC3	Mixscale_CRISPRi	GSE281048_Zenodo14035992	stimulated human cancer-cell pathway Perturb-seq	CRISPRi_gene	0.0	0.0999312268202109	-0.0999312268202109	-0.1039163547543835	0.0088558398537167		4	2.5	NO_GO_WAVE61_GUARDRAIL	False	False	True	True	False	False	False	True	False	False	False	True	2.0	0.0	type 1 diabetes mellitus;ulcerative colitis	0.7690495898515248	0.0182090480476607	0.8372898579012464	0.0	0.0	0.0	0.0			0.0			0.0	UNRESOLVED	-0.6514025168103901	0.920009505703422	False													
real_direct_perturbation	CUL1	CUL1	Mixscale_CRISPRi	GSE281048_Zenodo14035992	stimulated human cancer-cell pathway Perturb-seq	CRISPRi_gene	0.0	0.0	0.0	-0.1116719932867584	0.2481599850816855		4	2.5	NO_GO_WAVE61_GUARDRAIL	False	False	True	True	False	False	False	False	False	False	True	True	2.0	1.0	Crohn disease;ulcerative colitis	-0.1121931869555457	0.5735607085779054	0.9431647247323408	0.0	0.0	0.0	0.0		NO_GO_WAVE34_GENETICS_EXPRESSION_DRUGGABILITY	3.0			0.0	UNRESOLVED	-0.5352852628480502	0.9971256078463696	False													
real_direct_perturbation	IFNGR1	IFNGR1	Mixscale_CRISPRi	GSE281048_Zenodo14035992	stimulated human cancer-cell pathway Perturb-seq	CRISPRi_gene	1.4021573988750948	1.5104890888094789	-0.108331689934384	-0.1123163899158959	0.0	generic_IFN_blockade_host_defense	4	3.4021573988750946	NO_GO_WAVE61_GUARDRAIL	True	False	False	True	False	False	True	False	False	False	True	False	3.0	0.0	Crohn disease;psoriasis;ulcerative colitis	-0.0730197085267221	0.6518207324321686	0.953491203860913	0.0	0.0	0.0	0.0		NO_GO_WAVE34_GENETICS_EXPRESSION_DRUGGABILITY	1.0			0.0	UNRESOLVED	-0.017604257844289	1.0	False													
real_direct_perturbation	IRF1	IRF1	Mixscale_CRISPRi	GSE281048_Zenodo14035992	stimulated human cancer-cell pathway Perturb-seq	CRISPRi_gene	0.1460806309088673	0.2659897984561384	-0.119909167547271	-0.1370056516523468	0.0379921869001683	generic_IFN_transcription_axis	4	0.6460806309088674	NO_GO_WAVE61_GUARDRAIL	False	False	True	True	False	False	False	False	False	True	True	False	1.0	0.0	Crohn disease	-0.0303981739668568	0.9222930745319916	0.9899194730321256	0.7600090616664058	6.0	1.0	0.0	ibd_crohn_myeloid|lipid_loader_repair:0.662,p=0.0018;ibd_crohn_myeloid|hla_ii_apc:0.623,p=0.0047;ibd_crohn_myeloid|core_lysosomal_lipid:0.581,p=0.0073;ibd_crohn_myeloid|complement_effector:0.599,p=0.0076;ibd_crohn_myeloid|lysosomal_apc:0.578,p=0.011;ibd_crohn_myeloid|c1q_phagocytic_myeloid:0.498,p=0.011;ibd_crohn_epithelial|lysosomal_apc:0.33,p=0.013;ibd_crohn_myeloid|mif_cd74_receptor_state:0.552,p=0.015	NO_GO_WAVE34_GENETICS_EXPRESSION_DRUGGABILITY	16.0			0.0	UNRESOLVED	-0.1569538749450338	0.9971256078463696	False													
real_direct_perturbation	IRF1	IRF1	Mixscale_CRISPRi	GSE281048_Zenodo14035992	stimulated human cancer-cell pathway Perturb-seq	CRISPRi_gene	0.0883973603435974	0.269850325887553	-0.1814529655439555	-0.1817641487206242	0.0006915181703749	generic_IFN_transcription_axis	4	0.5883973603435972	NO_GO_WAVE61_GUARDRAIL	False	False	True	True	False	False	False	False	False	True	True	False	1.0	0.0	Crohn disease	-0.0303981739668568	0.9222930745319916	0.9899194730321256	0.7600090616664058	6.0	1.0	0.0	ibd_crohn_myeloid|lipid_loader_repair:0.662,p=0.0018;ibd_crohn_myeloid|hla_ii_apc:0.623,p=0.0047;ibd_crohn_myeloid|core_lysosomal_lipid:0.581,p=0.0073;ibd_crohn_myeloid|complement_effector:0.599,p=0.0076;ibd_crohn_myeloid|lysosomal_apc:0.578,p=0.011;ibd_crohn_myeloid|c1q_phagocytic_myeloid:0.498,p=0.011;ibd_crohn_epithelial|lysosomal_apc:0.33,p=0.013;ibd_crohn_myeloid|mif_cd74_receptor_state:0.552,p=0.015	NO_GO_WAVE34_GENETICS_EXPRESSION_DRUGGABILITY	16.0			0.0	UNRESOLVED	-0.1569538749450338	0.9971256078463696	False													
real_direct_perturbation	Med16_KO_unstimulated	MED16_KO_UNSTIMULATED	mouse_macrophage_RNAseq	GSE162464	primary mouse macrophage RNA-seq, triplicates	gene_knockout	0.0	0.1745347524555068	-0.1745347524555068	-0.1977047993470312	0.0514889930922764		4	3.5	NO_GO_WAVE61_GUARDRAIL	False	False	True	True	True	False	False	False	False	False	False	True	0.0	0.0		0.0	1.0	1.0	0.0	0.0	0.0	0.0			0.0			0.0				False													
real_direct_perturbation	Gsk3b_KO_unstimulated	GSK3B_KO_UNSTIMULATED	mouse_macrophage_RNAseq	GSE162464	primary mouse macrophage RNA-seq, triplicates	gene_knockout	0.2667613312426131	0.4713951094410252	-0.2046337781984121	-0.2072887748916699	0.005899992651684		4	3.766761331242613	NO_GO_WAVE61_GUARDRAIL	False	False	True	True	True	False	False	False	False	False	False	True	0.0	0.0		0.0	1.0	1.0	0.0	0.0	0.0	0.0			0.0			0.0				False													
real_direct_perturbation	TYK2	TYK2	Mixscale_CRISPRi	GSE281048_Zenodo14035992	stimulated human cancer-cell pathway Perturb-seq	CRISPRi_gene	0.6408352558212436	1.0209059495107071	-0.3800706936894638	-0.4053316992344634	0.0561355678777768	generic_JAK_STAT_axis	4	2.6408352558212433	NO_GO_WAVE61_GUARDRAIL	True	False	False	True	False	False	False	False	False	True	True	False	2.0	0.0	psoriasis;type 1 diabetes mellitus	-0.0976695299908261	0.5321339034622258	0.9357323188472788	0.0	0.0	1.0	0.0	psoriasis_skin_apc|complement_phagocytosis:0.576,p=0.0038;psoriasis_skin_apc|c1q_phagocytic_myeloid:0.572,p=0.007;psoriasis_skin_apc|lipid_loader_repair:0.474,p=0.009;psoriasis_skin_apc|mif_cd74_receptor_state:0.488,p=0.029;psoriasis_skin_apc|lysosomal_apc:0.581,p=0.046	PARK_GENETIC_DRUGGABLE_NEEDS_CELL_STATE	36.0	CHEMBL3553	1.0	17132.0	UNRESOLVED	-0.2736605542448057	1.0	False													
real_direct_perturbation	JAK1	JAK1	Mixscale_CRISPRi	GSE281048_Zenodo14035992	stimulated human cancer-cell pathway Perturb-seq	CRISPRi_gene	0.0	0.4545325872513008	-0.4545325872513008	-0.4802450736621226	0.0571388586907152	generic_JAK_collapse	4	0.5	NO_GO_WAVE61_GUARDRAIL	False	False	True	True	False	False	False	False	True	False	True	False	2.0	2.0	Crohn disease;ulcerative colitis	0.2576120813511604	0.060997046211002	0.8989378106274888	0.0	0.0	2.0	0.0	ibd_uc_myeloid|c1q_phagocytic_myeloid:0.491,p=0.0032;ibd_uc_myeloid|hla_ii_apc:0.435,p=0.0036;ibd_uc_myeloid|lipid_loader_repair:0.391,p=0.0083;ibd_uc_epithelial|lipid_loader_repair:0.352,p=0.0086;ibd_uc_epithelial|complement_phagocytosis:0.319,p=0.016;ibd_uc_epithelial|lysosomal_apc:0.315,p=0.017;ibd_uc_myeloid|complement_phagocytosis:0.4,p=0.017;ibd_uc_epithelial|core_lysosomal_lipid:0.31,p=0.019	NO_GO_WAVE34_GENETICS_EXPRESSION_DRUGGABILITY	2.0			0.0	UNRESOLVED	0.0294760225567655	1.0	False													
real_direct_perturbation	IFNG_8H	IFNG_8H	human_macrophage_RNAseq_descriptive	GSE294918	human macrophage IFN-gamma memory/ruxolitinib CPM table	cytokine_stimulation	0.1195928860505675	0.0	0.1195928860505675	0.1033312970150971	0.0		3	2.671258534558116	NO_GO_WAVE61_GUARDRAIL	False	False	True	True	False	False	False	False	False	False	False	True	0.0	0.0		0.0	1.0	1.0	0.0	0.0	0.0	0.0			0.0			0.0				False													
real_direct_perturbation	ZNF267	ZNF267	Mixscale_CRISPRi	GSE281048_Zenodo14035992	stimulated human cancer-cell pathway Perturb-seq	CRISPRi_gene	0.1358552511315687	0.0455018789329695	0.0903533721985992	0.0899514955146346	0.0		3	2.680830998888886	NO_GO_WAVE61_GUARDRAIL	False	False	True	True	False	False	False	False	False	False	False	True	1.0	1.0	Crohn disease	-0.3293744245070495	0.2364296562491086	0.9004758652001262	0.0	0.0	0.0	0.0			0.0			0.0				False													
real_direct_perturbation	JUN	JUN	Mixscale_CRISPRi	GSE281048_Zenodo14035992	stimulated human cancer-cell pathway Perturb-seq	CRISPRi_gene	0.0880350296448546	0.0	0.0880350296448546	0.0686171525190816	0.0		3	2.6223436059043954	NO_GO_WAVE61_GUARDRAIL	False	False	True	True	False	False	False	False	False	False	False	True	0.0	2.0		0.1265207912999919	0.779961469590927	0.9745041645639924	0.0	0.0	0.0	0.0			0.0			0.0	UNRESOLVED	-0.7022407406555038	1.0	False													
real_direct_perturbation	FADD	FADD	Mixscale_CRISPRi	GSE281048_Zenodo14035992	stimulated human cancer-cell pathway Perturb-seq	CRISPRi_gene	0.1737860249532461	0.1157411446565803	0.0580448802966657	0.0572866762740464	0.0		3	2.702429363090269	NO_GO_WAVE61_GUARDRAIL	False	False	True	True	False	False	False	False	False	False	False	True	1.0	0.0	psoriasis	0.8375998606073969	0.2724952119969842	0.9049965616313804	0.0	0.0	0.0	0.0			0.0			0.0	UNRESOLVED	0.0194573439678912	1.0	False													
real_direct_perturbation	POU2F1	POU2F1	Mixscale_CRISPRi	GSE281048_Zenodo14035992	stimulated human cancer-cell pathway Perturb-seq	CRISPRi_gene	0.1099964989990966	0.0555437510435193	0.0544527479555773	0.0540813502322408	0.0008253282740809		3	2.6370371741152168	NO_GO_WAVE61_GUARDRAIL	False	False	True	True	False	False	False	False	False	False	False	True	0.0	0.0		-0.2326238003108063	0.3044607532320671	0.9075477698307116	0.0	0.0	0.0	0.0			0.0			0.0	UNRESOLVED	0.0272373262708706	1.0	False													
real_direct_perturbation	ZFP36	ZFP36	Mixscale_CRISPRi	GSE281048_Zenodo14035992	stimulated human cancer-cell pathway Perturb-seq	CRISPRi_gene	0.0488979444668603	0.0	0.0488979444668603	0.0462024882789616	0.0		3	2.571999188606341	NO_GO_WAVE61_GUARDRAIL	False	False	True	True	False	False	False	False	False	False	False	True	1.0	2.0	type 1 diabetes mellitus	-0.0829820599449746	0.7811125274181416	0.9745041645639924	0.0	0.0	0.0	0.0			0.0			0.0	UNRESOLVED	0.2995797856800198	0.9971256078463696	False													
real_direct_perturbation	MCRS1	MCRS1	Mixscale_CRISPRi	GSE281048_Zenodo14035992	stimulated human cancer-cell pathway Perturb-seq	CRISPRi_gene	0.2746834809315896	0.213647804005595	0.0610356769259946	0.0397920265784559	0.0		3	2.7945794942208178	NO_GO_WAVE61_GUARDRAIL	False	False	True	True	False	False	False	False	False	False	False	True	1.0	0.0	type 1 diabetes mellitus	-0.1693999240484078	0.5839101074520555	0.9462591791065748	0.0	0.0	0.0	0.0			0.0			0.0	UNRESOLVED	-0.4594896685883319	1.0	False													
real_direct_perturbation	ADAR	ADAR	Mixscale_CRISPRi	GSE281048_Zenodo14035992	stimulated human cancer-cell pathway Perturb-seq	CRISPRi_gene	0.1086808389924466	0.0	0.1086808389924466	0.014209700037279	0.2099358643448167		3	2.615785689011086	NO_GO_WAVE61_GUARDRAIL	False	False	True	True	False	False	False	False	False	False	False	True	2.0	1.0	Crohn disease;psoriasis	0.1540047451560671	0.2758121944135931	0.9049965616313804	0.0	0.0	0.0	0.0			0.0			0.0	UNRESOLVED	0.6481674467312218	0.920009505703422	False													
real_direct_perturbation	CSF1	CSF1	Mixscale_CRISPRi	GSE281048_Zenodo14035992	stimulated human cancer-cell pathway Perturb-seq	CRISPRi_gene	0.0414031680913976	0.0187420171724233	0.0226611509189743	0.0118251092693067	0.0240800925548168		3	2.547315722726051	NO_GO_WAVE61_GUARDRAIL	False	False	True	True	False	False	False	False	False	False	False	True	0.0	1.0		0.545936595391634	0.1035219143831556	0.8989378106274888	0.0	0.0	0.0	0.0			0.0			0.0	UNRESOLVED	0.0682033620680345	1.0	False													
real_direct_perturbation	BIRC2	BIRC2	Mixscale_CRISPRi	GSE281048_Zenodo14035992	stimulated human cancer-cell pathway Perturb-seq	CRISPRi_gene	0.0425663048504042	0.0221898929740089	0.0203764118763952	0.0033498647591914	0.037836771371564		3	2.54424123723	NO_GO_WAVE61_GUARDRAIL	False	False	True	True	False	False	False	False	False	False	False	True	1.0	0.0	psoriasis	0.1266429038148384	0.3748722274276086	0.9141270983319502	0.0	0.0	0.0	0.0			0.0			0.0	UNRESOLVED	0.2160090242917458	0.9965506589785832	False													
real_direct_perturbation	ZNF267	ZNF267	Mixscale_CRISPRi	GSE281048_Zenodo14035992	stimulated human cancer-cell pathway Perturb-seq	CRISPRi_gene	0.0	0.0	0.0	-8.046422829119151e-05	0.0		3	2.5	NO_GO_WAVE61_GUARDRAIL	False	False	True	True	False	False	False	False	False	False	False	True	1.0	1.0	Crohn disease	-0.3293744245070495	0.2364296562491086	0.9004758652001262	0.0	0.0	0.0	0.0			0.0			0.0				False													
real_direct_perturbation	CEBPE	CEBPE	Mixscale_CRISPRi	GSE281048_Zenodo14035992	stimulated human cancer-cell pathway Perturb-seq	CRISPRi_gene	0.0	0.0	0.0	-0.0008583203898353	0.0		3	2.5	NO_GO_WAVE61_GUARDRAIL	False	False	True	True	False	False	False	False	False	False	False	True	0.0	0.0		-0.5818176677429463	0.5080890077684032	0.932018690087124	0.0	0.0	0.0	0.0			0.0			0.0	UNRESOLVED	-0.0643657817264545	0.9971256078463696	False													
real_direct_perturbation	TAPBPL	TAPBPL	Mixscale_CRISPRi	GSE281048_Zenodo14035992	stimulated human cancer-cell pathway Perturb-seq	CRISPRi_gene	0.0	0.0	0.0	-0.0011621622178167	0.0		3	2.5	NO_GO_WAVE61_GUARDRAIL	False	False	True	True	False	False	False	False	False	False	False	True	1.0	1.0	psoriasis	-0.6998710886379609	0.2029568122177995	0.8993702893651148	0.0	0.0	0.0	0.0			0.0			0.0	UNRESOLVED	0.055200484756485	1.0	False													
real_direct_perturbation	MAPK9	MAPK9	Mixscale_CRISPRi	GSE281048_Zenodo14035992	stimulated human cancer-cell pathway Perturb-seq	CRISPRi_gene	0.0	0.0	0.0	-0.0028954911090973	0.0		3	2.5	NO_GO_WAVE61_GUARDRAIL	False	False	True	True	False	False	False	False	False	False	False	True	0.0	1.0		0.0488018878275529	0.8029149219016007	0.9754873976997136	0.0	0.0	0.0	0.0			0.0			0.0	UNRESOLVED	0.2256556376053937	1.0	False													
real_direct_perturbation	PIK3CA	PIK3CA	Mixscale_CRISPRi	GSE281048_Zenodo14035992	stimulated human cancer-cell pathway Perturb-seq	CRISPRi_gene	0.0	0.0	0.0	-0.0030035123575395	0.0066744719056434		3	2.5	NO_GO_WAVE61_GUARDRAIL	False	False	True	True	False	False	False	False	False	False	False	True	0.0	0.0		0.2095050412142054	0.3410658394677561	0.9141270983319502	0.0	0.0	0.0	0.0			0.0			0.0	UNRESOLVED	-0.1790647935683836	1.0	False													
real_direct_perturbation	RARRES3	RARRES3	Mixscale_CRISPRi	GSE281048_Zenodo14035992	stimulated human cancer-cell pathway Perturb-seq	CRISPRi_gene	0.0	0.0	0.0	-0.0041273244511597	0.0		3	2.5	NO_GO_WAVE61_GUARDRAIL	False	False	True	True	False	False	False	False	False	False	False	True	0.0	2.0		-0.1617644455231666	0.6047244082005276	0.9468238779494486	0.0	0.0	0.0	0.0			0.0			0.0				False													
real_direct_perturbation	TSC22D1	TSC22D1	Mixscale_CRISPRi	GSE281048_Zenodo14035992	stimulated human cancer-cell pathway Perturb-seq	CRISPRi_gene	0.0	0.0	0.0	-0.0048101180633716	0.0		3	2.5	NO_GO_WAVE61_GUARDRAIL	False	False	True	True	False	False	False	False	False	False	False	True	0.0	1.0		0.5011187293717914	0.1786542100198899	0.8993702893651148	0.0	0.0	0.0	0.0			0.0			0.0	UNRESOLVED	0.0150441963789547	1.0	False													
real_direct_perturbation	ELK1	ELK1	Mixscale_CRISPRi	GSE281048_Zenodo14035992	stimulated human cancer-cell pathway Perturb-seq	CRISPRi_gene	0.0	0.0	0.0	-0.0048202998164576	0.0107117773699058		3	2.5	NO_GO_WAVE61_GUARDRAIL	False	False	True	True	False	False	False	False	False	False	False	True	1.0	0.0	Crohn disease	0.0902445114153565	0.7576237269390892	0.9709375242067292	0.0	0.0	0.0	0.0			0.0			0.0	UNRESOLVED	-0.4010059383021949	0.9965506589785832	False													
real_direct_perturbation	ID3	ID3	Mixscale_CRISPRi	GSE281048_Zenodo14035992	stimulated human cancer-cell pathway Perturb-seq	CRISPRi_gene	0.0	0.0	0.0	-0.0052911286074983	0.0117580635722185		3	2.5	NO_GO_WAVE61_GUARDRAIL	False	False	True	True	False	False	False	False	False	False	False	True	1.0	0.0	Sjogren syndrome	-0.0502952005850794	0.892384278537022	0.9842134382901514	0.0	0.0	0.0	0.0			0.0			0.0	UNRESOLVED	0.1602346463331077	0.9971256078463696	False													
real_direct_perturbation	MAPK8	MAPK8	Mixscale_CRISPRi	GSE281048_Zenodo14035992	stimulated human cancer-cell pathway Perturb-seq	CRISPRi_gene	0.0	0.0	0.0	-0.0076388067293417	0.016975126065204		3	2.5	NO_GO_WAVE61_GUARDRAIL	False	False	True	True	False	False	False	False	False	False	False	True	2.0	0.0	Crohn disease;ulcerative colitis	-0.0373930633409838	0.8477438062005698	0.9764789562278756	0.0	0.0	0.0	0.0			0.0			0.0	UNRESOLVED	0.3040193755370265	0.920009505703422	False													
real_direct_perturbation	ZNFX1	ZNFX1	Mixscale_CRISPRi	GSE281048_Zenodo14035992	stimulated human cancer-cell pathway Perturb-seq	CRISPRi_gene	0.0	0.0	0.0	-0.0077812935632473	0.0172917634738831		3	2.5	NO_GO_WAVE61_GUARDRAIL	False	False	True	True	False	False	False	False	False	False	False	True	1.0	0.0	Crohn disease	-0.0351199376286945	0.8865422410809203	0.9842134382901514	0.0	0.0	0.0	0.0			0.0			0.0	UNRESOLVED	-0.3245984315505537	0.9965506589785832	False													
real_direct_perturbation	CASP3	CASP3	Mixscale_CRISPRi	GSE281048_Zenodo14035992	stimulated human cancer-cell pathway Perturb-seq	CRISPRi_gene	0.0	0.0	0.0	-0.0079887412386805	0.0		3	2.5	NO_GO_WAVE61_GUARDRAIL	False	False	True	True	False	False	False	False	False	False	False	True	0.0	1.0		-0.0002103109430624	0.9993585933597678	0.999590665021506	0.0	0.0	0.0	0.0			0.0			0.0	UNRESOLVED	-0.5467185605210406	0.920009505703422	False													
real_direct_perturbation	JUN	JUN	Mixscale_CRISPRi	GSE281048_Zenodo14035992	stimulated human cancer-cell pathway Perturb-seq	CRISPRi_gene	0.0	0.0	0.0	-0.0082376975668491	0.0		3	2.5	NO_GO_WAVE61_GUARDRAIL	False	False	True	True	False	False	False	False	False	False	False	True	0.0	2.0		0.1265207912999919	0.779961469590927	0.9745041645639924	0.0	0.0	0.0	0.0			0.0			0.0	UNRESOLVED	-0.7022407406555038	1.0	False													
real_direct_perturbation	CRKL	CRKL	Mixscale_CRISPRi	GSE281048_Zenodo14035992	stimulated human cancer-cell pathway Perturb-seq	CRISPRi_gene	0.0	0.0	0.0	-0.0084402449256228	0.0187560998347175		3	2.5	NO_GO_WAVE61_GUARDRAIL	False	False	True	True	False	False	False	False	False	False	False	True	1.0	1.0	Crohn disease	0.1898473632705588	0.371211179224841	0.9141270983319502	0.0	0.0	0.0	0.0			0.0			0.0	UNRESOLVED	-0.6628878608575085	0.9965506589785832	False													
real_direct_perturbation	MAP2K3	MAP2K3	Mixscale_CRISPRi	GSE281048_Zenodo14035992	stimulated human cancer-cell pathway Perturb-seq	CRISPRi_gene	0.0	0.0030103046262191	-0.0030103046262191	-0.0102807929058019	0.0		3	2.5	NO_GO_WAVE61_GUARDRAIL	False	False	True	True	False	False	False	False	False	False	False	True	1.0	0.0	ulcerative colitis	-0.1297219918740353	0.7811846489757214	0.9745041645639924	0.0	0.0	0.0	0.0			0.0			0.0	UNRESOLVED	-0.1799145918975532	0.9971256078463696	False													
real_direct_perturbation	MTOR	MTOR	Mixscale_CRISPRi	GSE281048_Zenodo14035992	stimulated human cancer-cell pathway Perturb-seq	CRISPRi_gene	0.0	0.0	0.0	-0.011165392481969	0.0		3	2.5	NO_GO_WAVE61_GUARDRAIL	False	False	True	True	False	False	False	False	False	False	False	True	1.0	0.0	Crohn disease	-0.209161511669091	0.3383389768553605	0.9141270983319502	0.0	0.0	0.0	0.0			0.0			0.0	UNRESOLVED	-0.6142166064465732	0.920009505703422	False													
real_direct_perturbation	TRIM22	TRIM22	Mixscale_CRISPRi	GSE281048_Zenodo14035992	stimulated human cancer-cell pathway Perturb-seq	CRISPRi_gene	0.0	0.0	0.0	-0.011492191273493	0.0255382028299845		3	2.5	NO_GO_WAVE61_GUARDRAIL	False	False	True	True	False	False	False	False	False	False	False	True	2.0	1.0	Crohn disease;ulcerative colitis	-0.3234664427861329	0.0650580012010343	0.8989378106274888	0.0	0.0	0.0	0.0			0.0			0.0				False													
real_direct_perturbation	RNF14	RNF14	Mixscale_CRISPRi	GSE281048_Zenodo14035992	stimulated human cancer-cell pathway Perturb-seq	CRISPRi_gene	0.0	0.0	0.0	-0.0123813657826839	0.027514146183742		3	2.5	NO_GO_WAVE61_GUARDRAIL	False	False	True	True	False	False	False	False	False	False	False	True	1.0	0.0	type 1 diabetes mellitus	-0.5227691977603879	0.2272307661272473	0.8993702893651148	0.0	0.0	0.0	0.0			0.0			0.0	UNRESOLVED	-0.0714125178408917	0.9971256078463696	False													
real_direct_perturbation	TRAF2	TRAF2	Mixscale_CRISPRi	GSE281048_Zenodo14035992	stimulated human cancer-cell pathway Perturb-seq	CRISPRi_gene	0.0	0.0048493625380565	-0.0048493625380565	-0.0130149418103353	0.018145731716175		3	2.5	NO_GO_WAVE61_GUARDRAIL	False	False	True	True	False	False	False	False	False	False	False	True	0.0	0.0		-0.0564099476445365	0.859096591005766	0.9797533479060436	0.0	0.0	0.0	0.0			0.0			0.0	UNRESOLVED	0.4611441240892201		False													
real_direct_perturbation	ETS2	ETS2	Mixscale_CRISPRi	GSE281048_Zenodo14035992	stimulated human cancer-cell pathway Perturb-seq	CRISPRi_gene	0.0	0.0	0.0	-0.0144257685862167	0.0320572635249261		3	2.5	NO_GO_WAVE61_GUARDRAIL	False	False	True	True	False	False	False	False	False	False	False	True	2.0	0.0	Crohn disease;ulcerative colitis	-0.0607605098234369	0.8649092339386921	0.9801638168834976	0.0	0.0	0.0	0.0			0.0			0.0	UNRESOLVED	0.143239649194892	0.9971256078463696	False													
real_direct_perturbation	TNFRSF1B	TNFRSF1B	Mixscale_CRISPRi	GSE281048_Zenodo14035992	stimulated human cancer-cell pathway Perturb-seq	CRISPRi_gene	0.0	0.0	0.0	-0.0158918919161392	0.0353153153691983		3	2.5	NO_GO_WAVE61_GUARDRAIL	False	False	True	True	False	False	False	False	False	False	False	True	0.0	0.0		0.0270147878477153	0.9446639557846565	0.9944057947422876	0.0	0.0	0.0	0.0			0.0			0.0	UNRESOLVED	-0.1722989187384183	0.9971256078463696	False													
real_direct_perturbation	HLA-DQB1	HLADQB1	Mixscale_CRISPRi	GSE281048_Zenodo14035992	stimulated human cancer-cell pathway Perturb-seq	CRISPRi_gene	0.0	0.0	0.0	-0.0165988515579756	0.0368863367955013		3	2.5	NO_GO_WAVE61_GUARDRAIL	False	False	True	True	False	False	False	False	False	False	False	True	0.0	0.0		0.0	1.0	1.0	0.0	0.0	0.0	0.0			0.0			0.0				False													
real_direct_perturbation	DNM1L	DNM1L	Mixscale_CRISPRi	GSE281048_Zenodo14035992	stimulated human cancer-cell pathway Perturb-seq	CRISPRi_gene	0.0	0.0	0.0	-0.01810613991651	0.0402358664811335		3	2.5	NO_GO_WAVE61_GUARDRAIL	False	False	True	True	False	False	False	False	False	False	False	True	0.0	0.0		-0.1084471133018052	0.4251374779291153	0.9195199515584406	0.0	0.0	0.0	0.0			0.0			0.0	UNRESOLVED	-0.0501845919607857	0.9971256078463696	False													
real_direct_perturbation	HERC6	HERC6	Mixscale_CRISPRi	GSE281048_Zenodo14035992	stimulated human cancer-cell pathway Perturb-seq	CRISPRi_gene	0.0	0.0	0.0	-0.0185235899074101	0.0411635331275781		3	2.5	NO_GO_WAVE61_GUARDRAIL	False	False	True	True	False	False	False	False	False	False	False	True	0.0	0.0		-0.4004931500292095	0.6242740080214643	0.9490245393797272	0.0	0.0	0.0	0.0			0.0			0.0	UNRESOLVED	0.0641004437858125	1.0	False													
real_direct_perturbation	CREB1	CREB1	Mixscale_CRISPRi	GSE281048_Zenodo14035992	stimulated human cancer-cell pathway Perturb-seq	CRISPRi_gene	0.0	0.0130107765708693	-0.0130107765708693	-0.0187626274609945	0.0127818908669448		3	2.5	NO_GO_WAVE61_GUARDRAIL	False	False	True	True	False	False	False	False	False	False	False	True	0.0	1.0		0.0465617064066954	0.8143559520374598	0.9761732664217524	0.0	0.0	0.0	0.0			0.0			0.0	UNRESOLVED	0.242058133690615	0.9965506589785832	False													
real_direct_perturbation	BRD9	BRD9	Mixscale_CRISPRi	GSE281048_Zenodo14035992	stimulated human cancer-cell pathway Perturb-seq	CRISPRi_gene	0.0	0.0	0.0	-0.0193631658143753	0.0430292573652784		3	2.5	NO_GO_WAVE61_GUARDRAIL	False	False	True	True	False	False	False	False	False	False	False	True	1.0	0.0	psoriasis	-0.0210265996556291	0.9233472171389157	0.990032027436974	0.0	0.0	0.0	0.0			0.0			0.0	UNRESOLVED	-0.2959030148208191	0.920009505703422	False													
real_direct_perturbation	IRF9	IRF9	Mixscale_CRISPRi	GSE281048_Zenodo14035992	stimulated human cancer-cell pathway Perturb-seq	CRISPRi_gene	0.0	0.0064350356779008	-0.0064350356779008	-0.0213314510985316	0.0331031453791795		3	2.5	NO_GO_WAVE61_GUARDRAIL	False	False	True	True	False	False	False	False	False	False	False	True	0.0	1.0		-0.3776597906362031	0.0733152949220025	0.8989378106274888	0.0	0.0	0.0	0.0			0.0			0.0	UNRESOLVED	-0.1548997685988722	0.9971256078463696	False													
real_direct_perturbation	RELB	RELB	Mixscale_CRISPRi	GSE281048_Zenodo14035992	stimulated human cancer-cell pathway Perturb-seq	CRISPRi_gene	0.0317980180385042	0.035490870274076	-0.0036928522355718	-0.0220752203992436	0.0408497070303817		3	2.5317980180385042	NO_GO_WAVE61_GUARDRAIL	False	False	True	True	False	False	False	False	False	False	False	True	0.0	0.0		-0.1489688775836448	0.6709513631336148	0.958740636050232	0.0	0.0	0.0	0.0			0.0			0.0	UNRESOLVED	0.3953160386774433	0.920009505703422	False													
real_direct_perturbation	GUK1	GUK1	Mixscale_CRISPRi	GSE281048_Zenodo14035992	stimulated human cancer-cell pathway Perturb-seq	CRISPRi_gene	0.0	0.0	0.0	-0.025108537999573	0.0557967511101624		3	2.5	NO_GO_WAVE61_GUARDRAIL	False	False	True	True	False	False	False	False	False	False	False	True	1.0	0.0	Crohn disease	0.0751803588209671	0.8280222465902959	0.9761732664217524	0.0	0.0	0.0	0.0			0.0			0.0	UNRESOLVED	-0.4537016951357934	0.9971256078463696	False													
real_direct_perturbation	PIK3CA	PIK3CA	Mixscale_CRISPRi	GSE281048_Zenodo14035992	stimulated human cancer-cell pathway Perturb-seq	CRISPRi_gene	0.0	0.0	0.0	-0.0284997670990032	0.0633328157755627		3	2.5	NO_GO_WAVE61_GUARDRAIL	False	False	True	True	False	False	False	False	False	False	False	True	0.0	0.0		0.2095050412142054	0.3410658394677561	0.9141270983319502	0.0	0.0	0.0	0.0			0.0			0.0	UNRESOLVED	-0.1790647935683836	1.0	False													
real_direct_perturbation	ZC3H3	ZC3H3	Mixscale_CRISPRi	GSE281048_Zenodo14035992	stimulated human cancer-cell pathway Perturb-seq	CRISPRi_gene	0.0	0.0	0.0	-0.0299868317849265	0.0666374039665033		3	2.5	NO_GO_WAVE61_GUARDRAIL	False	False	True	True	False	False	False	False	False	False	False	True	0.0	1.0		-0.2994467503114535	0.3232569316686181	0.9123553860771748	0.0	0.0	0.0	0.0			0.0			0.0	UNRESOLVED	-0.889139716587416	0.920009505703422	False													
real_direct_perturbation	ZNF22	ZNF22	Mixscale_CRISPRi	GSE281048_Zenodo14035992	stimulated human cancer-cell pathway Perturb-seq	CRISPRi_gene	0.0	0.0	0.0	-0.033140161806823	0.0736448040151622		3	2.5	NO_GO_WAVE61_GUARDRAIL	False	False	True	True	False	False	False	False	False	False	False	True	1.0	1.0	ulcerative colitis	0.1093834014562986	0.5453278750433151	0.9390010612097776	0.0	0.0	0.0	0.0			0.0			0.0				False													
real_direct_perturbation	HERC5	HERC5	Mixscale_CRISPRi	GSE281048_Zenodo14035992	stimulated human cancer-cell pathway Perturb-seq	CRISPRi_gene	0.0	0.0	0.0	-0.0336998404732885	0.0748885343850856		3	2.5	NO_GO_WAVE61_GUARDRAIL	False	False	True	True	False	False	False	False	False	False	False	True	0.0	1.0		0.0169398519808989	0.9496578798074654	0.9947112982412312	0.0	0.0	0.0	0.0			0.0			0.0				False													
real_direct_perturbation	NKX3-1	NKX31	Mixscale_CRISPRi	GSE281048_Zenodo14035992	stimulated human cancer-cell pathway Perturb-seq	CRISPRi_gene	0.0	0.0	0.0	-0.0340858051342352	0.0757462336316339		3	2.5	NO_GO_WAVE61_GUARDRAIL	False	False	True	True	False	False	False	False	False	False	False	True	0.0	0.0		0.0	1.0	1.0	0.0	0.0	0.0	0.0			0.0			0.0				False													
real_direct_perturbation	RAP1GAP	RAP1GAP	Mixscale_CRISPRi	GSE281048_Zenodo14035992	stimulated human cancer-cell pathway Perturb-seq	CRISPRi_gene	0.0	0.0	0.0	-0.0364574155696352	0.0810164790436339		3	2.5	NO_GO_WAVE61_GUARDRAIL	False	False	True	True	False	False	False	False	False	False	False	True	1.0	2.0	type 1 diabetes mellitus	1.5508246128614245	0.120484603159065	0.8989378106274888	0.0	0.0	0.0	0.0			0.0			0.0	UNRESOLVED	-0.4387262179348394	1.0	False													
real_direct_perturbation	AKT1	AKT1	Mixscale_CRISPRi	GSE281048_Zenodo14035992	stimulated human cancer-cell pathway Perturb-seq	CRISPRi_gene	0.0	0.0	0.0	-0.0379781565615717	0.0843959034701593		3	2.5	NO_GO_WAVE61_GUARDRAIL	False	False	True	True	False	False	False	False	False	False	False	True	0.0	2.0		0.0072392895006583	0.9560583403032692	0.995447887770418	0.0	0.0	0.0	0.0			0.0			0.0	UNRESOLVED	-0.3268894417717318	0.9971256078463696	False													
real_direct_perturbation	ID2	ID2	Mixscale_CRISPRi	GSE281048_Zenodo14035992	stimulated human cancer-cell pathway Perturb-seq	CRISPRi_gene	0.0174573086764553	0.0429686812431404	-0.025511372566685	-0.0398468555477795	0.0318566288468765		3	2.5174573086764553	NO_GO_WAVE61_GUARDRAIL	False	False	True	True	False	False	False	False	False	False	False	True	0.0	2.0		0.395449986857793	0.2501059708880159	0.9004758652001262	0.0	0.0	0.0	0.0			0.0			0.0	UNRESOLVED	0.607260121664916	0.920009505703422	False													
real_direct_perturbation	DTX3L	DTX3L	Mixscale_CRISPRi	GSE281048_Zenodo14035992	stimulated human cancer-cell pathway Perturb-seq	CRISPRi_gene	0.0	0.0	0.0	-0.0414492255086158	0.0921093900191464		3	2.5	NO_GO_WAVE61_GUARDRAIL	False	False	True	True	False	False	False	False	False	False	False	True	2.0	0.0	Crohn disease;ulcerative colitis	-0.3962702113372458	0.0964600783800921	0.8989378106274888	0.0	0.0	0.0	0.0			0.0			0.0	UNRESOLVED	-0.0592974018889751	1.0	False													
real_direct_perturbation	H1F0	H1F0	Mixscale_CRISPRi	GSE281048_Zenodo14035992	stimulated human cancer-cell pathway Perturb-seq	CRISPRi_gene	0.0	0.0	0.0	-0.0415782224993143	0.0923960499984764		3	2.5	NO_GO_WAVE61_GUARDRAIL	False	False	True	True	False	False	False	False	False	False	False	True	0.0	1.0		0.4063600602177128	0.1350657885386354	0.8989378106274888	0.0	0.0	0.0	0.0			0.0			0.0	UNRESOLVED	0.0161743652734379	1.0	False													
real_direct_perturbation	JUNB	JUNB	Mixscale_CRISPRi	GSE281048_Zenodo14035992	stimulated human cancer-cell pathway Perturb-seq	CRISPRi_gene	0.0	0.0	0.0	-0.0417090304841513	0.0926867344092251		3	2.5	NO_GO_WAVE61_GUARDRAIL	False	False	True	True	False	False	False	False	False	False	False	True	0.0	2.0		-0.1029568413074333	0.753744284294401	0.970567668619057	0.0	0.0	0.0	0.0			0.0			0.0	UNRESOLVED	0.1941326671073322	1.0	False													
real_direct_perturbation	MAPK8	MAPK8	Mixscale_CRISPRi	GSE281048_Zenodo14035992	stimulated human cancer-cell pathway Perturb-seq	CRISPRi_gene	0.0	0.0	0.0	-0.046315138162148	0.1029225292492177		3	2.5	NO_GO_WAVE61_GUARDRAIL	False	False	True	True	False	False	False	False	False	False	False	True	2.0	0.0	Crohn disease;ulcerative colitis	-0.0373930633409838	0.8477438062005698	0.9764789562278756	0.0	0.0	0.0	0.0			0.0			0.0	UNRESOLVED	0.3040193755370265	0.920009505703422	False													
real_direct_perturbation	RAPGEF1	RAPGEF1	Mixscale_CRISPRi	GSE281048_Zenodo14035992	stimulated human cancer-cell pathway Perturb-seq	CRISPRi_gene	0.0	0.0	0.0	-0.0465468305420483	0.1034374012045519		3	2.5	NO_GO_WAVE61_GUARDRAIL	False	False	True	True	False	False	False	False	False	False	False	True	0.0	2.0		0.2020602008985328	0.4478000122886101	0.9220434300923256	0.0	0.0	0.0	0.0			0.0			0.0	UNRESOLVED	-0.4756794012135988	0.9971256078463696	False													
real_direct_perturbation	MAFF	MAFF	Mixscale_CRISPRi	GSE281048_Zenodo14035992	stimulated human cancer-cell pathway Perturb-seq	CRISPRi_gene	0.0	0.0127475598776013	-0.0127475598776013	-0.0474851789379336	0.0771947090229607		3	2.5	NO_GO_WAVE61_GUARDRAIL	False	False	True	True	False	False	False	False	False	False	False	True	1.0	0.0	Sjogren syndrome	-0.1560438466704568	0.6149373459830343	0.9478221089588208	0.0	0.0	0.0	0.0			0.0			0.0				False													
real_direct_perturbation	MEF2A	MEF2A	Mixscale_CRISPRi	GSE281048_Zenodo14035992	stimulated human cancer-cell pathway Perturb-seq	CRISPRi_gene	0.0	0.0	0.0	-0.0479205763263496	0.1064901696141103		3	2.5	NO_GO_WAVE61_GUARDRAIL	False	False	True	True	False	False	False	False	False	False	False	True	1.0	0.0	Crohn disease	-0.0778209822146429	0.6329579645276804	0.951174723850922	0.0	0.0	0.0	0.0			0.0			0.0	UNRESOLVED	-0.069722525326264	1.0	False													
real_direct_perturbation	JUN	JUN	Mixscale_CRISPRi	GSE281048_Zenodo14035992	stimulated human cancer-cell pathway Perturb-seq	CRISPRi_gene	0.0	0.017162086895154	-0.017162086895154	-0.0489844265883557	0.0		3	2.5	NO_GO_WAVE61_GUARDRAIL	False	False	True	True	False	False	False	False	False	False	False	True	0.0	2.0		0.1265207912999919	0.779961469590927	0.9745041645639924	0.0	0.0	0.0	0.0			0.0			0.0	UNRESOLVED	-0.7022407406555038	1.0	False													
real_direct_perturbation	HES4	HES4	Mixscale_CRISPRi	GSE281048_Zenodo14035992	stimulated human cancer-cell pathway Perturb-seq	CRISPRi_gene	0.0	0.0	0.0	-0.0543510413543221	0.1207800918984936		3	2.5	NO_GO_WAVE61_GUARDRAIL	False	False	True	True	False	False	False	False	False	False	False	True	0.0	0.0		-1.97024081900872	0.076323633291881	0.8989378106274888	0.0	0.0	0.0	0.0			0.0			0.0				False													
real_direct_perturbation	VAV1	VAV1	Mixscale_CRISPRi	GSE281048_Zenodo14035992	stimulated human cancer-cell pathway Perturb-seq	CRISPRi_gene	0.0	0.0	0.0	-0.0547802292573229	0.121733842794051		3	2.5	NO_GO_WAVE61_GUARDRAIL	False	False	True	True	False	False	False	False	False	False	False	True	0.0	0.0		-0.2394384495198434	0.1946745241393786	0.8993702893651148	0.0	0.0	0.0	0.0			0.0			0.0	UNRESOLVED	0.2016859038826065	0.920009505703422	False													
real_direct_perturbation	NFE2L3	NFE2L3	Mixscale_CRISPRi	GSE281048_Zenodo14035992	stimulated human cancer-cell pathway Perturb-seq	CRISPRi_gene	0.0	0.0	0.0	-0.0591392298773281	0.1314205108385069		3	2.5	NO_GO_WAVE61_GUARDRAIL	False	False	True	True	False	False	False	False	False	False	False	True	2.0	0.0	Crohn disease;type 1 diabetes mellitus	-0.0278671423345713	0.936860718208761	0.99290759090381	0.0	0.0	0.0	0.0			0.0			0.0	UNRESOLVED	0.2512051224034715	0.920009505703422	False													
real_direct_perturbation	CLK1	CLK1	Mixscale_CRISPRi	GSE281048_Zenodo14035992	stimulated human cancer-cell pathway Perturb-seq	CRISPRi_gene	0.0023129917132058	0.0	0.0023129917132058	-0.059329752251426	0.1369838754769598		3	2.5023129917132056	NO_GO_WAVE61_GUARDRAIL	False	False	True	True	False	False	False	False	False	False	False	True	1.0	0.0	type 1 diabetes mellitus	0.2693237528869794	0.2880144348022587	0.9055783835864206	0.0	0.0	0.0	0.0			0.0			0.0	UNRESOLVED	-0.7328661550269187	0.920009505703422	False													
real_direct_perturbation	ID2	ID2	Mixscale_CRISPRi	GSE281048_Zenodo14035992	stimulated human cancer-cell pathway Perturb-seq	CRISPRi_gene	0.0	0.0	0.0	-0.0643636002526876	0.1430302227837504		3	2.5	NO_GO_WAVE61_GUARDRAIL	False	False	True	True	False	False	False	False	False	False	False	True	0.0	2.0		0.395449986857793	0.2501059708880159	0.9004758652001262	0.0	0.0	0.0	0.0			0.0			0.0	UNRESOLVED	0.607260121664916	0.920009505703422	False													
real_direct_perturbation	TRIM21	TRIM21	Mixscale_CRISPRi	GSE281048_Zenodo14035992	stimulated human cancer-cell pathway Perturb-seq	CRISPRi_gene	0.0	0.0581965949357964	-0.0581965949357964	-0.0684447168374849	0.0		3	2.5	NO_GO_WAVE61_GUARDRAIL	False	False	True	True	False	False	False	False	False	False	False	True	1.0	0.0	type 1 diabetes mellitus	-0.1873908074301598	0.4963422533357349	0.9275874758277628	0.0	0.0	0.0	0.0			0.0			0.0	UNRESOLVED	0.2955998778740747	0.920009505703422	False													
real_direct_perturbation	ZNFX1	ZNFX1	Mixscale_CRISPRi	GSE281048_Zenodo14035992	stimulated human cancer-cell pathway Perturb-seq	CRISPRi_gene	0.0	0.0	0.0	-0.0707745621030467	0.1572768046734373		3	2.5	NO_GO_WAVE61_GUARDRAIL	False	False	True	True	False	False	False	False	False	False	False	True	1.0	0.0	Crohn disease	-0.0351199376286945	0.8865422410809203	0.9842134382901514	0.0	0.0	0.0	0.0			0.0			0.0	UNRESOLVED	-0.3245984315505537	0.9965506589785832	False													
real_direct_perturbation	SOX4	SOX4	Mixscale_CRISPRi	GSE281048_Zenodo14035992	stimulated human cancer-cell pathway Perturb-seq	CRISPRi_gene	0.0	0.0723768352270231	-0.0723768352270231	-0.0731591007575336	0.0		3	2.5	NO_GO_WAVE61_GUARDRAIL	False	False	True	True	False	False	False	False	False	False	False	True	0.0	0.0		0.5311751608170248	0.2211898641027095	0.8993702893651148	0.0	0.0	0.0	0.0			0.0			0.0	UNRESOLVED	0.4137975508120692	0.9965506589785832	False													
real_direct_perturbation	ID1	ID1	Mixscale_CRISPRi	GSE281048_Zenodo14035992	stimulated human cancer-cell pathway Perturb-seq	CRISPRi_gene	0.0	0.081332195159608	-0.081332195159608	-0.0831882575327873	0.0		3	2.5	NO_GO_WAVE61_GUARDRAIL	False	False	True	True	False	False	False	False	False	False	False	True	1.0	0.0	Sjogren syndrome	-0.3022614693919614	0.5542094885844353	0.9394407560829112	0.0	0.0	0.0	0.0			0.0			0.0	UNRESOLVED	-0.1261852759487618	0.9971256078463696	False													
real_direct_perturbation	REPIN1	REPIN1	Mixscale_CRISPRi	GSE281048_Zenodo14035992	stimulated human cancer-cell pathway Perturb-seq	CRISPRi_gene	0.0	0.0599619806812494	-0.0599619806812494	-0.0887783920302191	0.0640364696643769		3	2.5	NO_GO_WAVE61_GUARDRAIL	False	False	True	True	False	False	False	False	False	False	False	True	1.0	0.0	psoriasis	-0.0895199254912526	0.4669043980906172	0.9239963547089984	0.0	0.0	0.0	0.0			0.0			0.0	UNRESOLVED	0.4466542884550597	1.0	False													
real_direct_perturbation	IFNG_memory	IFNG_MEMORY	human_macrophage_RNAseq_descriptive	GSE294918	human macrophage IFN-gamma memory/ruxolitinib CPM table	cytokine_memory	0.0	0.0	0.0	-0.0933719296480615	0.2074931769956923		3	2.5	NO_GO_WAVE61_GUARDRAIL	False	False	True	True	False	False	False	False	False	False	False	True	0.0	0.0		0.0	1.0	1.0	0.0	0.0	0.0	0.0			0.0			0.0				False													
real_direct_perturbation	SOX2	SOX2	Mixscale_CRISPRi	GSE281048_Zenodo14035992	stimulated human cancer-cell pathway Perturb-seq	CRISPRi_gene	0.0	0.0	0.0	-0.1097974073604739	0.2439942385788309		3	2.5	NO_GO_WAVE61_GUARDRAIL	False	False	True	True	False	False	False	False	False	False	False	True	1.0	1.0	Crohn disease	-0.1879901948708697	0.7658907498413144	0.9731037064293462	0.0	0.0	0.0	0.0			0.0			0.0	UNRESOLVED	-0.0516994724043594	0.9971256078463696	False													
real_direct_perturbation	IFNG_positive_control	IFNG_POSITIVE_CONTROL	mouse_macrophage_RNAseq	GSE162464	primary mouse macrophage RNA-seq, triplicates	cytokine_stimulation	0.0	0.0	0.0	-0.2096578136440336	0.4659062525422969		3	2.5	NO_GO_WAVE61_GUARDRAIL	False	False	True	False	True	False	False	False	False	False	False	True	0.0	0.0		0.0	1.0	1.0	0.0	0.0	0.0	0.0			0.0			0.0				False													
real_direct_perturbation	IKBKB	IKBKB	Mixscale_CRISPRi	GSE281048_Zenodo14035992	stimulated human cancer-cell pathway Perturb-seq	CRISPRi_gene	0.170374459432409	0.3381196584159998	-0.1677451989835907	-0.2243907664006502	0.1258790387045767	broad_NFKB_host_defense	3	0.6703744594324088	NO_GO_WAVE61_GUARDRAIL	False	False	True	True	False	False	False	False	False	False	True	False	1.0	0.0	type 1 diabetes mellitus	-0.1370685430982305	0.3069349723658185	0.9075477698307116	0.0	0.0	0.0	0.0		NO_GO_WAVE34_GENETICS_EXPRESSION_DRUGGABILITY	1.0			0.0	UNRESOLVED	0.1730418918207208	0.9971256078463696	False													
real_direct_perturbation	IRF9	IRF9	Mixscale_CRISPRi	GSE281048_Zenodo14035992	stimulated human cancer-cell pathway Perturb-seq	CRISPRi_gene	0.0067186329070646	0.2516902754454422	-0.2449716425383776	-0.2482141636723261	0.0072056025198856		3	2.5067186329070648	NO_GO_WAVE61_GUARDRAIL	False	False	True	True	False	False	False	False	False	False	False	True	0.0	1.0		-0.3776597906362031	0.0733152949220025	0.8989378106274888	0.0	0.0	0.0	0.0			0.0			0.0	UNRESOLVED	-0.1548997685988722	0.9971256078463696	False													
real_direct_perturbation	IFNAR1	IFNAR1	Mixscale_CRISPRi	GSE281048_Zenodo14035992	stimulated human cancer-cell pathway Perturb-seq	CRISPRi_gene	0.3507928719514278	1.0094412999529745	-0.6586484280015467	-0.6589025927502802	0.0	generic_IFN_blockade_host_defense	3	-0.6492071280485723	NO_GO_WAVE61_GUARDRAIL	False	False	False	True	False	False	False	False	False	True	True	False	0.0	0.0		0.1620721610760434	0.4082807869531087	0.9175735237914778	0.0	0.0	0.0	0.0		NO_GO_WAVE34_GENETICS_EXPRESSION_DRUGGABILITY	4.0			0.0	UNRESOLVED	-0.0003772458494761	1.0	False													
real_direct_perturbation	ruxolitinib	RUXOLITINIB	human_macrophage_RNAseq_descriptive	GSE294918	human macrophage IFN-gamma memory/ruxolitinib CPM table	JAK_inhibitor	1.0198365329867134	3.245924547797378	-2.2260880148106645	-2.261522305659348	0.0		3	5.019836532986713	NO_GO_WAVE61_GUARDRAIL	True	False	False	True	False	False	False	False	False	False	False	True	0.0	0.0		0.0	1.0	1.0	0.0	0.0	0.0	0.0			0.0			0.0				False													
real_direct_perturbation	ruxolitinib	RUXOLITINIB	human_macrophage_RNAseq_descriptive	GSE294918	human macrophage IFN-gamma memory/ruxolitinib CPM table	JAK_inhibitor	0.7613338105220838	3.349528138153343	-2.588194327631259	-2.632783417380891	0.0		3	4.761333810522084	NO_GO_WAVE61_GUARDRAIL	True	False	False	True	False	False	False	False	False	False	False	True	0.0	0.0		0.0	1.0	1.0	0.0	0.0	0.0	0.0			0.0			0.0				False													
real_direct_perturbation	ruxolitinib	RUXOLITINIB	human_macrophage_RNAseq_descriptive	GSE294918	human macrophage IFN-gamma memory/ruxolitinib CPM table	JAK_inhibitor	0.9913150391191098	3.735873527849472	-2.744558488730362	-2.7580832665045834	0.0		3	4.99131503911911	NO_GO_WAVE61_GUARDRAIL	True	False	False	True	False	False	False	False	False	False	False	True	0.0	0.0		0.0	1.0	1.0	0.0	0.0	0.0	0.0			0.0			0.0				False													
real_direct_perturbation	ruxolitinib	RUXOLITINIB	human_macrophage_RNAseq_descriptive	GSE294918	human macrophage IFN-gamma memory/ruxolitinib CPM table	JAK_inhibitor	0.9468639501073736	4.099711571915987	-3.152847621808613	-3.16990119272749	0.0		3	4.946863950107374	NO_GO_WAVE61_GUARDRAIL	True	False	False	True	False	False	False	False	False	False	False	True	0.0	0.0		0.0	1.0	1.0	0.0	0.0	0.0	0.0			0.0			0.0				False													
real_direct_perturbation	IKBKG	IKBKG	Mixscale_CRISPRi	GSE281048_Zenodo14035992	stimulated human cancer-cell pathway Perturb-seq	CRISPRi_gene	0.1828389573779459	0.1167521319102101	0.0660868254677357	0.0354575807819541	0.0680649881906258	broad_NFKB_host_defense	2	0.7005677477689232	NO_GO_WAVE61_GUARDRAIL	False	False	True	True	False	False	False	False	False	False	False	False	0.0	0.0		-0.0218800817989031	0.9312169256758616	0.991945427665568	0.0	0.0	0.0	0.0			0.0			0.0	UNRESOLVED	0.1939762283348947	1.0	False													
real_direct_perturbation	KIN	KIN	Mixscale_CRISPRi	GSE281048_Zenodo14035992	stimulated human cancer-cell pathway Perturb-seq	CRISPRi_gene	0.0	0.0	0.0	-0.1728664566193899	0.384147681376422		2	1.5	NO_GO_WAVE61_GUARDRAIL	False	False	True	False	False	False	False	False	False	False	False	True	0.0	0.0		-0.8338929281065024	0.3575363775233505	0.9141270983319502	0.0	0.0	0.0	0.0			0.0			0.0	UNRESOLVED	-0.7527045446911151	0.920009505703422	False													
l1000_reversal_support_only	BRD-K05197617	NAN	L1000FWD	LINCS/L1000FWD	cell-line transcriptomic reversal				0.0	6.279186430125714		unresolved target/MOA; cannot nominate without deconvolution	0		PARK_L1000_ONLY_NEEDS_REAL_PERTURBATION																																		PARK_UNKNOWN	PARK_UNKNOWN_ONLY	ifn_lysosomal_apc_state;mif_cd74_receptor_state	1.0	2.85209566712362e-08	False						
l1000_reversal_support_only	BRD-A20131130	NAN	L1000FWD	LINCS/L1000FWD	cell-line transcriptomic reversal				15.869414075873902	6.199748544195767		unresolved target/MOA; cannot nominate without deconvolution	0		PARK_L1000_ONLY_NEEDS_REAL_PERTURBATION																																		PARK_UNKNOWN	PARK_UNKNOWN_ONLY	ifn_lysosomal_apc_state;mif_cd74_receptor_state	3.0	3.08543314439944e-07	False						
l1000_reversal_support_only	KIN-001-220	NAN	L1000FWD	LINCS/L1000FWD	cell-line transcriptomic reversal				12.05804225221134	5.978864268300309		unresolved target/MOA; cannot nominate without deconvolution	0		PARK_L1000_ONLY_NEEDS_REAL_PERTURBATION																																		PARK_UNKNOWN	PARK_UNKNOWN_ONLY	ifn_lysosomal_apc_state;mif_cd74_receptor_state	11.0	8.83733908701768e-06	False						
l1000_reversal_support_only	BRD-K92301463	NAN	L1000FWD	LINCS/L1000FWD	cell-line transcriptomic reversal				19.253125522260586	5.9775800950305635		unresolved target/MOA; cannot nominate without deconvolution	0		PARK_L1000_ONLY_NEEDS_REAL_PERTURBATION																																		PARK_UNKNOWN	PARK_UNKNOWN_ONLY	ifn_lysosomal_apc_state;mif_cd74_receptor_state	14.0	8.92001488176717e-06	False						
l1000_reversal_support_only	BRD-K35024477	NAN	L1000FWD	LINCS/L1000FWD	cell-line transcriptomic reversal				15.6781536503504	5.928045753519664		unresolved target/MOA; cannot nominate without deconvolution	0		PARK_L1000_ONLY_NEEDS_REAL_PERTURBATION																																		PARK_UNKNOWN	PARK_UNKNOWN_ONLY	ifn_lysosomal_apc_state;mif_cd74_receptor_state	18.0	8.83733908701768e-06	False						
l1000_reversal_support_only	BRD-K33583600	NAN	L1000FWD	LINCS/L1000FWD	cell-line transcriptomic reversal				23.215496126639767	5.895368181230982		unresolved target/MOA; cannot nominate without deconvolution	0		PARK_L1000_ONLY_NEEDS_REAL_PERTURBATION																																		PARK_UNKNOWN	PARK_UNKNOWN_ONLY	ifn_lysosomal_apc_state;mif_cd74_receptor_state	23.0	8.83733908701768e-06	False						
l1000_reversal_support_only	QL-X-138	NAN	L1000FWD	LINCS/L1000FWD	cell-line transcriptomic reversal				0.0	4.216493184104822		unresolved target/MOA; cannot nominate without deconvolution	0		PARK_L1000_ONLY_NEEDS_REAL_PERTURBATION																																		PARK_UNKNOWN	PARK_UNKNOWN_ONLY	mif_cd74_receptor_state	1.0	3.08543314439944e-07	False						
l1000_reversal_support_only	WAY-170523	MMP13	L1000FWD	LINCS/L1000FWD	cell-line transcriptomic reversal				-0.1851266117016177	4.198178821115594		non-obvious target requires prior-art and safety review	0		PARK_L1000_ONLY_NEEDS_REAL_PERTURBATION																																		PARK_REVIEW	NO_GO	mif_cd74_receptor_state	3.0	3.27392831556839e-07	False						
l1000_reversal_support_only	BRD-K05153001	NAN	L1000FWD	LINCS/L1000FWD	cell-line transcriptomic reversal				0.0	4.170980023100146		unresolved target/MOA; cannot nominate without deconvolution	0		PARK_L1000_ONLY_NEEDS_REAL_PERTURBATION																																		PARK_UNKNOWN	PARK_UNKNOWN_ONLY	mif_cd74_receptor_state	6.0	3.22959318770476e-07	False						
l1000_reversal_support_only	arvanil	CNR1	L1000FWD	LINCS/L1000FWD	cell-line transcriptomic reversal				-16.286749608568396	4.146859741791891		non-obvious target requires prior-art and safety review	0		PARK_L1000_ONLY_NEEDS_REAL_PERTURBATION																																		PARK_REVIEW	NO_GO	ifn_lysosomal_apc_state	4.0	4.70712929556801e-06	False						
l1000_reversal_support_only	KO-143	ABCG2	L1000FWD	LINCS/L1000FWD	cell-line transcriptomic reversal				0.0	4.080928585016225		non-obvious target requires prior-art and safety review	0		PARK_L1000_ONLY_NEEDS_REAL_PERTURBATION																																		PARK_REVIEW	NO_GO	ifn_lysosomal_apc_state	9.0	4.70712929556801e-06	False						
l1000_reversal_support_only	BRD-A26595446	NAN	L1000FWD	LINCS/L1000FWD	cell-line transcriptomic reversal				-13.6486276170124	4.080482113315163		unresolved target/MOA; cannot nominate without deconvolution	0		PARK_L1000_ONLY_NEEDS_REAL_PERTURBATION																																		PARK_UNKNOWN	PARK_UNKNOWN_ONLY	ifn_lysosomal_apc_state	6.0	4.71443193564889e-06	False						
l1000_reversal_support_only	BRD-K39345836	NAN	L1000FWD	LINCS/L1000FWD	cell-line transcriptomic reversal				0.0	4.058072520225374		unresolved target/MOA; cannot nominate without deconvolution	0		PARK_L1000_ONLY_NEEDS_REAL_PERTURBATION																																		PARK_UNKNOWN	PARK_UNKNOWN_ONLY	ifn_lysosomal_apc_state	10.0	4.71443193564889e-06	False						
l1000_reversal_support_only	BRD-A36275421	NAN	L1000FWD	LINCS/L1000FWD	cell-line transcriptomic reversal				0.0	4.041564269639667		unresolved target/MOA; cannot nominate without deconvolution	0		PARK_L1000_ONLY_NEEDS_REAL_PERTURBATION																																		PARK_UNKNOWN	PARK_UNKNOWN_ONLY	mif_cd74_receptor_state	8.0	8.83733908701768e-06	False						
l1000_reversal_support_only	BRD-K07005393	NAN	L1000FWD	LINCS/L1000FWD	cell-line transcriptomic reversal				0.0	4.015724521056721		unresolved target/MOA; cannot nominate without deconvolution	0		PARK_L1000_ONLY_NEEDS_REAL_PERTURBATION																																		PARK_UNKNOWN	PARK_UNKNOWN_ONLY	mif_cd74_receptor_state	10.0	8.83733908701768e-06	False						
l1000_reversal_support_only	BRD-A18411371	NAN	L1000FWD	LINCS/L1000FWD	cell-line transcriptomic reversal				0.0	4.000316821711708		unresolved target/MOA; cannot nominate without deconvolution	0		PARK_L1000_ONLY_NEEDS_REAL_PERTURBATION																																		PARK_UNKNOWN	PARK_UNKNOWN_ONLY	mif_cd74_receptor_state	13.0	8.83733908701768e-06	False						
l1000_reversal_support_only	BRD-A37735495	NAN	L1000FWD	LINCS/L1000FWD	cell-line transcriptomic reversal				12.615870959453028	3.930106543723934		unresolved target/MOA; cannot nominate without deconvolution	0		PARK_L1000_ONLY_NEEDS_REAL_PERTURBATION																																		PARK_UNKNOWN	PARK_UNKNOWN_ONLY	mif_cd74_receptor_state	18.0	8.83733908701768e-06	False						
l1000_reversal_support_only	CGP-57380	MKNK1	L1000FWD	LINCS/L1000FWD	cell-line transcriptomic reversal				15.415784461775669	3.910711927676272		non-obvious target requires prior-art and safety review	0		PARK_L1000_ONLY_NEEDS_REAL_PERTURBATION																																		PARK_REVIEW	NO_GO	ifn_lysosomal_apc_state	13.0	5.87567820342275e-05	False						
l1000_reversal_support_only	BRD-K51556300	NAN	L1000FWD	LINCS/L1000FWD	cell-line transcriptomic reversal				0.0	3.9040679700710896		unresolved target/MOA; cannot nominate without deconvolution	0		PARK_L1000_ONLY_NEEDS_REAL_PERTURBATION																																		PARK_UNKNOWN	PARK_UNKNOWN_ONLY	mif_cd74_receptor_state	17.0	9.07597147335517e-06	True						
l1000_reversal_support_only	ICI-63197	NAN	L1000FWD	LINCS/L1000FWD	cell-line transcriptomic reversal				0.0	3.891370391229743		unresolved target/MOA; cannot nominate without deconvolution	0		PARK_L1000_ONLY_NEEDS_REAL_PERTURBATION																																		PARK_UNKNOWN	PARK_UNKNOWN_ONLY	ifn_lysosomal_apc_state	19.0	5.87567820342275e-05	False						
l1000_reversal_support_only	BRD-K30468800	NAN	L1000FWD	LINCS/L1000FWD	cell-line transcriptomic reversal				0.0	3.8856690332430377		unresolved target/MOA; cannot nominate without deconvolution	0		PARK_L1000_ONLY_NEEDS_REAL_PERTURBATION																																		PARK_UNKNOWN	PARK_UNKNOWN_ONLY	ifn_lysosomal_apc_state	15.0	5.87567820342275e-05	False						
l1000_reversal_support_only	BRD-K69516039	NAN	L1000FWD	LINCS/L1000FWD	cell-line transcriptomic reversal				12.771228213212703	3.8856050949690655		unresolved target/MOA; cannot nominate without deconvolution	0		PARK_L1000_ONLY_NEEDS_REAL_PERTURBATION																																		PARK_UNKNOWN	PARK_UNKNOWN_ONLY	mif_cd74_receptor_state	23.0	8.83733908701768e-06	False						
l1000_reversal_support_only	GW-843682X	PLK3	L1000FWD	LINCS/L1000FWD	cell-line transcriptomic reversal				0.0	3.882023520937507		non-obvious target requires prior-art and safety review	0		PARK_L1000_ONLY_NEEDS_REAL_PERTURBATION																																		PARK_REVIEW	NO_GO	ifn_lysosomal_apc_state	17.0	5.87567820342275e-05	False						
l1000_reversal_support_only	BAY-11-7082	NAN	L1000FWD	LINCS/L1000FWD	cell-line transcriptomic reversal				0.0	3.878229591229613		unresolved target/MOA; cannot nominate without deconvolution	0		PARK_L1000_ONLY_NEEDS_REAL_PERTURBATION																																		PARK_UNKNOWN	PARK_UNKNOWN_ONLY	mif_cd74_receptor_state	24.0	8.83733908701768e-06	False						
l1000_reversal_support_only	BRD-K72864428	NAN	L1000FWD	LINCS/L1000FWD	cell-line transcriptomic reversal				0.0	3.876190177946067		unresolved target/MOA; cannot nominate without deconvolution	0		PARK_L1000_ONLY_NEEDS_REAL_PERTURBATION																																		PARK_UNKNOWN	PARK_UNKNOWN_ONLY	ifn_lysosomal_apc_state	25.0	3.07544512029992e-05	False						
l1000_reversal_support_only	K784-3188	NAN	L1000FWD	LINCS/L1000FWD	cell-line transcriptomic reversal				0.0	3.869444516003011		unresolved target/MOA; cannot nominate without deconvolution	0		PARK_L1000_ONLY_NEEDS_REAL_PERTURBATION																																		PARK_UNKNOWN	PARK_UNKNOWN_ONLY	mif_cd74_receptor_state	26.0	8.83733908701768e-06	False						
l1000_reversal_support_only	WAY-213613	SLC1A2	L1000FWD	LINCS/L1000FWD	cell-line transcriptomic reversal				0.0	3.865734266900805		non-obvious target requires prior-art and safety review	0		PARK_L1000_ONLY_NEEDS_REAL_PERTURBATION																																		PARK_REVIEW	NO_GO	ifn_lysosomal_apc_state	16.0	6.03624873173514e-05	False						
l1000_reversal_support_only	fluocinolone	NAN	L1000FWD	LINCS/L1000FWD	cell-line transcriptomic reversal				0.0	3.864633309080497		unresolved target/MOA; cannot nominate without deconvolution	0		PARK_L1000_ONLY_NEEDS_REAL_PERTURBATION																																		PARK_UNKNOWN	PARK_UNKNOWN_ONLY	gse111972_ms_wm_full_top150	1.0	0.566910809286373	False						
l1000_reversal_support_only	BMY-45778	PTGIR	L1000FWD	LINCS/L1000FWD	cell-line transcriptomic reversal				0.0	3.859397569525026		non-obvious target requires prior-art and safety review	0		PARK_L1000_ONLY_NEEDS_REAL_PERTURBATION																																		PARK_REVIEW	NO_GO	ifn_lysosomal_apc_state	20.0	6.03624873173514e-05	False						
l1000_reversal_support_only	BRD-K60870698	NAN	L1000FWD	LINCS/L1000FWD	cell-line transcriptomic reversal				13.437059290176718	3.8560286852218737		unresolved target/MOA; cannot nominate without deconvolution	0		PARK_L1000_ONLY_NEEDS_REAL_PERTURBATION																																		PARK_UNKNOWN	PARK_UNKNOWN_ONLY	mif_cd74_receptor_state	28.0	8.83733908701768e-06	False						
l1000_reversal_support_only	angiogenesis-inhibitor	EGFR	L1000FWD	LINCS/L1000FWD	cell-line transcriptomic reversal				0.0	3.8539693938115462		non-obvious target requires prior-art and safety review	0		PARK_L1000_ONLY_NEEDS_REAL_PERTURBATION																																		PARK_REVIEW	NO_GO	ifn_lysosomal_apc_state	21.0	6.03624873173514e-05	False						
l1000_reversal_support_only	BRD-A68065211	NAN	L1000FWD	LINCS/L1000FWD	cell-line transcriptomic reversal				0.0	3.838737255518629		unresolved target/MOA; cannot nominate without deconvolution	0		PARK_L1000_ONLY_NEEDS_REAL_PERTURBATION																																		PARK_UNKNOWN	PARK_UNKNOWN_ONLY	mif_cd74_receptor_state	29.0	8.83733908701768e-06	False						
l1000_reversal_support_only	BRD-K28040935	NAN	L1000FWD	LINCS/L1000FWD	cell-line transcriptomic reversal				0.0	3.832849796885404		unresolved target/MOA; cannot nominate without deconvolution	0		PARK_L1000_ONLY_NEEDS_REAL_PERTURBATION																																		PARK_UNKNOWN	PARK_UNKNOWN_ONLY	mif_cd74_receptor_state	27.0	8.83733908701768e-06	False						
l1000_reversal_support_only	memantine	GRIN1	L1000FWD	LINCS/L1000FWD	cell-line transcriptomic reversal				0.0	3.826552875150392		non-obvious target requires prior-art and safety review	0		PARK_L1000_ONLY_NEEDS_REAL_PERTURBATION																																		PARK_REVIEW	NO_GO	gse111972_ms_wm_full_top150	3.0	0.566910809286373	False						
l1000_reversal_support_only	BRD-K05562558	NAN	L1000FWD	LINCS/L1000FWD	cell-line transcriptomic reversal				0.0	3.8241188887011672		unresolved target/MOA; cannot nominate without deconvolution	0		PARK_L1000_ONLY_NEEDS_REAL_PERTURBATION																																		PARK_UNKNOWN	PARK_UNKNOWN_ONLY	ifn_lysosomal_apc_state	24.0	5.87567820342275e-05	False						
l1000_reversal_support_only	BRD-U86222656	NAN	L1000FWD	LINCS/L1000FWD	cell-line transcriptomic reversal				0.0	3.8196926870262553		unresolved target/MOA; cannot nominate without deconvolution	0		PARK_L1000_ONLY_NEEDS_REAL_PERTURBATION																																		PARK_UNKNOWN	PARK_UNKNOWN_ONLY	mif_cd74_receptor_state	31.0	8.83733908701768e-06	False						
l1000_reversal_support_only	BRD-K50204028	NAN	L1000FWD	LINCS/L1000FWD	cell-line transcriptomic reversal				15.006588596511758	3.809688887801642		unresolved target/MOA; cannot nominate without deconvolution	0		PARK_L1000_ONLY_NEEDS_REAL_PERTURBATION																																		PARK_UNKNOWN	PARK_UNKNOWN_ONLY	ifn_lysosomal_apc_state	22.0	5.87567820342275e-05	False						
l1000_reversal_support_only	SB-216641	HTR1B	L1000FWD	LINCS/L1000FWD	cell-line transcriptomic reversal				0.0	3.777836711027624		non-obvious target requires prior-art and safety review	0		PARK_L1000_ONLY_NEEDS_REAL_PERTURBATION																																		PARK_REVIEW	NO_GO	ifn_lysosomal_apc_state	29.0	5.87567820342275e-05	False						
l1000_reversal_support_only	BRD-K05396879	NAN	L1000FWD	LINCS/L1000FWD	cell-line transcriptomic reversal				0.0	3.7732961563073326		unresolved target/MOA; cannot nominate without deconvolution	0		PARK_L1000_ONLY_NEEDS_REAL_PERTURBATION																																		PARK_UNKNOWN	PARK_UNKNOWN_ONLY	ifn_lysosomal_apc_state	27.0	5.87567820342275e-05	False						
l1000_reversal_support_only	LY-294002	MTOR	L1000FWD	LINCS/L1000FWD	cell-line transcriptomic reversal				12.097210035935046	3.771243913763377		non-obvious target requires prior-art and safety review	0		PARK_L1000_ONLY_NEEDS_REAL_PERTURBATION																																		PARK_REVIEW	NO_GO	mif_cd74_receptor_state	32.0	8.83733908701768e-06	False						
l1000_reversal_support_only	XMD-1150	LRRK2	L1000FWD	LINCS/L1000FWD	cell-line transcriptomic reversal				20.268036448597787	3.766399002569981		non-obvious target requires prior-art and safety review	0		PARK_L1000_ONLY_NEEDS_REAL_PERTURBATION																																		PARK_REVIEW	NO_GO	mif_cd74_receptor_state	30.0	9.36227738231777e-06	False						
l1000_reversal_support_only	rottlerin	NAN	L1000FWD	LINCS/L1000FWD	cell-line transcriptomic reversal				0.0	3.763813850838594		unresolved target/MOA; cannot nominate without deconvolution	0		PARK_L1000_ONLY_NEEDS_REAL_PERTURBATION																																		PARK_UNKNOWN	PARK_UNKNOWN_ONLY	ifn_lysosomal_apc_state	28.0	7.47387429893282e-05	False						
l1000_reversal_support_only	BRD-K99530743	NAN	L1000FWD	LINCS/L1000FWD	cell-line transcriptomic reversal				18.87555906462776	3.7597046290262472		unresolved target/MOA; cannot nominate without deconvolution	0		PARK_L1000_ONLY_NEEDS_REAL_PERTURBATION																																		PARK_UNKNOWN	PARK_UNKNOWN_ONLY	mif_cd74_receptor_state	35.0	8.83733908701768e-06	False						
l1000_reversal_support_only	cediranib	FLT1	L1000FWD	LINCS/L1000FWD	cell-line transcriptomic reversal				0.0	3.734629439448203		non-obvious target requires prior-art and safety review	0		PARK_L1000_ONLY_NEEDS_REAL_PERTURBATION																																		PARK_REVIEW	NO_GO	mif_cd74_receptor_state	38.0	8.83733908701768e-06	False						
l1000_reversal_support_only	BRD-K84203638	NAN	L1000FWD	LINCS/L1000FWD	cell-line transcriptomic reversal				0.0	3.7238763129660537		unresolved target/MOA; cannot nominate without deconvolution	0		PARK_L1000_ONLY_NEEDS_REAL_PERTURBATION																																		PARK_UNKNOWN	PARK_UNKNOWN_ONLY	ifn_lysosomal_apc_state	32.0	6.13340618985539e-05	False						
l1000_reversal_support_only	AS-605240	PIK3CG	L1000FWD	LINCS/L1000FWD	cell-line transcriptomic reversal				0.0	3.7163287263497073		non-obvious target requires prior-art and safety review	0		PARK_L1000_ONLY_NEEDS_REAL_PERTURBATION																																		PARK_REVIEW	NO_GO	ifn_lysosomal_apc_state	33.0	6.09760480042738e-05	False						
l1000_reversal_support_only	oligomycin-a	ATP5F1A	L1000FWD	LINCS/L1000FWD	cell-line transcriptomic reversal				12.10488718004912	3.701835258011461		non-obvious target requires prior-art and safety review	0		PARK_L1000_ONLY_NEEDS_REAL_PERTURBATION																																		PARK_REVIEW	NO_GO	mif_cd74_receptor_state	39.0	8.92001488176717e-06	False						
l1000_reversal_support_only	tozasertib	FLT3	L1000FWD	LINCS/L1000FWD	cell-line transcriptomic reversal				0.0	3.699270761340723		non-obvious target requires prior-art and safety review	0		PARK_L1000_ONLY_NEEDS_REAL_PERTURBATION																																		PARK_REVIEW	NO_GO	ifn_lysosomal_apc_state	35.0	6.09760480042738e-05	False						
l1000_reversal_support_only	BRD-K98004941	NAN	L1000FWD	LINCS/L1000FWD	cell-line transcriptomic reversal				-13.912795406252233	3.684618111853699		unresolved target/MOA; cannot nominate without deconvolution	0		PARK_L1000_ONLY_NEEDS_REAL_PERTURBATION																																		PARK_UNKNOWN	PARK_UNKNOWN_ONLY	ifn_lysosomal_apc_state	37.0	5.87567820342275e-05	False						
l1000_reversal_support_only	triprolidine	HRH1	L1000FWD	LINCS/L1000FWD	cell-line transcriptomic reversal				0.0	3.6823155658892146		non-obvious target requires prior-art and safety review	0		PARK_L1000_ONLY_NEEDS_REAL_PERTURBATION																																		PARK_REVIEW	NO_GO	gse111972_ms_wm_full_top150	4.0	0.805603902146875	False						
l1000_reversal_support_only	AG-592	NAN	L1000FWD	LINCS/L1000FWD	cell-line transcriptomic reversal				0.0	3.659215752606211		unresolved target/MOA; cannot nominate without deconvolution	0		PARK_L1000_ONLY_NEEDS_REAL_PERTURBATION																																		PARK_UNKNOWN	PARK_UNKNOWN_ONLY	ifn_lysosomal_apc_state	38.0	5.87567820342275e-05	False						
l1000_reversal_support_only	STK-249718	NAN	L1000FWD	LINCS/L1000FWD	cell-line transcriptomic reversal				0.0	3.6006340532675907		unresolved target/MOA; cannot nominate without deconvolution	0		PARK_L1000_ONLY_NEEDS_REAL_PERTURBATION																																		PARK_UNKNOWN	PARK_UNKNOWN_ONLY	gse111972_ms_wm_full_top150	7.0	0.844712216679552	False						
l1000_reversal_support_only	KU-C104141	NAN	L1000FWD	LINCS/L1000FWD	cell-line transcriptomic reversal				0.0	3.5924492503324528		unresolved target/MOA; cannot nominate without deconvolution	0		PARK_L1000_ONLY_NEEDS_REAL_PERTURBATION																																		PARK_UNKNOWN	PARK_UNKNOWN_ONLY	gse111972_ms_wm_full_top150	8.0	0.879621510318152	False						
l1000_reversal_support_only	BRD-K30697463	NAN	L1000FWD	LINCS/L1000FWD	cell-line transcriptomic reversal				0.0	3.5815437603757108		unresolved target/MOA; cannot nominate without deconvolution	0		PARK_L1000_ONLY_NEEDS_REAL_PERTURBATION																																		PARK_UNKNOWN	PARK_UNKNOWN_ONLY	gse111972_ms_wm_full_top150	13.0	0.805603902146875	False						
l1000_reversal_support_only	berbamine	CALM1	L1000FWD	LINCS/L1000FWD	cell-line transcriptomic reversal				0.0	3.579513692878307		non-obvious target requires prior-art and safety review	0		PARK_L1000_ONLY_NEEDS_REAL_PERTURBATION																																		PARK_REVIEW	NO_GO	ifn_lysosomal_apc_state	39.0	0.0005871982494016	False						
l1000_reversal_support_only	rotenone	ND1	L1000FWD	LINCS/L1000FWD	cell-line transcriptomic reversal				0.0	3.564887772222033		non-obvious target requires prior-art and safety review	0		PARK_L1000_ONLY_NEEDS_REAL_PERTURBATION																																		PARK_REVIEW	NO_GO	mif_cd74_receptor_state	44.0	0.0002426697405796	False						
l1000_reversal_support_only	miglitol	GAA	L1000FWD	LINCS/L1000FWD	cell-line transcriptomic reversal				0.0	3.5623071578835654		non-obvious target requires prior-art and safety review	0		PARK_L1000_ONLY_NEEDS_REAL_PERTURBATION																																		PARK_REVIEW	NO_GO	gse111972_ms_wm_full_top150	10.0	0.885415802724685	False						
l1000_reversal_support_only	MG-132	PSMB1	L1000FWD	LINCS/L1000FWD	cell-line transcriptomic reversal				0.0	3.5565281477975867		non-obvious target requires prior-art and safety review	0		PARK_L1000_ONLY_NEEDS_REAL_PERTURBATION																																		PARK_REVIEW	NO_GO	gse111972_ms_wm_full_top150	16.0	0.843182058232008	False						
l1000_reversal_support_only	ICI-199441	OPRK1	L1000FWD	LINCS/L1000FWD	cell-line transcriptomic reversal				0.0	3.545458038130324		non-obvious target requires prior-art and safety review	0		PARK_L1000_ONLY_NEEDS_REAL_PERTURBATION																																		PARK_REVIEW	NO_GO	mif_cd74_receptor_state	46.0	0.0002426697405796	False						
l1000_reversal_support_only	BRD-K56196992	NAN	L1000FWD	LINCS/L1000FWD	cell-line transcriptomic reversal				0.0	3.544597951913743		unresolved target/MOA; cannot nominate without deconvolution	0		PARK_L1000_ONLY_NEEDS_REAL_PERTURBATION																																		PARK_UNKNOWN	PARK_UNKNOWN_ONLY	mif_cd74_receptor_state	43.0	0.0002426697405796	False						
l1000_reversal_support_only	LY-2183240	FAAH	L1000FWD	LINCS/L1000FWD	cell-line transcriptomic reversal				16.384458896893634	3.542648036244662		non-obvious target requires prior-art and safety review	0		PARK_L1000_ONLY_NEEDS_REAL_PERTURBATION																																		PARK_REVIEW	NO_GO	mif_cd74_receptor_state	45.0	0.0002426697405796	False						
l1000_reversal_support_only	clobenpropit	HRH3	L1000FWD	LINCS/L1000FWD	cell-line transcriptomic reversal				-13.730241560332695	3.5145755892879915		non-obvious target requires prior-art and safety review	0		PARK_L1000_ONLY_NEEDS_REAL_PERTURBATION																																		PARK_REVIEW	NO_GO	ifn_lysosomal_apc_state	42.0	0.0005871982494016	False						
l1000_reversal_support_only	BRD-K10057859	NAN	L1000FWD	LINCS/L1000FWD	cell-line transcriptomic reversal				-14.469248030451014	3.499141046254859		unresolved target/MOA; cannot nominate without deconvolution	0		PARK_L1000_ONLY_NEEDS_REAL_PERTURBATION																																		PARK_UNKNOWN	PARK_UNKNOWN_ONLY	ifn_lysosomal_apc_state	46.0	0.0005871982494016	False						
l1000_reversal_support_only	BRD-K00429057	NAN	L1000FWD	LINCS/L1000FWD	cell-line transcriptomic reversal				0.0	3.472958496195341		unresolved target/MOA; cannot nominate without deconvolution	0		PARK_L1000_ONLY_NEEDS_REAL_PERTURBATION																																		PARK_UNKNOWN	PARK_UNKNOWN_ONLY	ifn_lysosomal_apc_state	44.0	0.0005871982494016	False						
l1000_reversal_support_only	mebendazole	NAN	L1000FWD	LINCS/L1000FWD	cell-line transcriptomic reversal				12.372859590468243	3.472866093146748		unresolved target/MOA; cannot nominate without deconvolution	0		PARK_L1000_ONLY_NEEDS_REAL_PERTURBATION																																		PARK_UNKNOWN	PARK_UNKNOWN_ONLY	mif_cd74_receptor_state	49.0	0.0002426697405796	False						
l1000_reversal_support_only	BRD-K72615639	NAN	L1000FWD	LINCS/L1000FWD	cell-line transcriptomic reversal				0.0	3.4712665443045028		unresolved target/MOA; cannot nominate without deconvolution	0		PARK_L1000_ONLY_NEEDS_REAL_PERTURBATION																																		PARK_UNKNOWN	PARK_UNKNOWN_ONLY	ifn_lysosomal_apc_state	45.0	0.0005926926022302	True						
l1000_reversal_support_only	BRD-K03736784	NAN	L1000FWD	LINCS/L1000FWD	cell-line transcriptomic reversal				-18.41975323933283	3.46258986342051		unresolved target/MOA; cannot nominate without deconvolution	0		PARK_L1000_ONLY_NEEDS_REAL_PERTURBATION																																		PARK_UNKNOWN	PARK_UNKNOWN_ONLY	ifn_lysosomal_apc_state	48.0	0.0005871982494016	True						
l1000_reversal_support_only	BRD-K10846167	NAN	L1000FWD	LINCS/L1000FWD	cell-line transcriptomic reversal				0.0	3.459308933924518		unresolved target/MOA; cannot nominate without deconvolution	0		PARK_L1000_ONLY_NEEDS_REAL_PERTURBATION																																		PARK_UNKNOWN	PARK_UNKNOWN_ONLY	mif_cd74_receptor_state	50.0	0.0002595698393733	False						
l1000_reversal_support_only	manumycin-a	FNTA	L1000FWD	LINCS/L1000FWD	cell-line transcriptomic reversal				0.0	3.4391233281871396		non-obvious target requires prior-art and safety review	0		PARK_L1000_ONLY_NEEDS_REAL_PERTURBATION																																		PARK_REVIEW	NO_GO	gse111972_ms_wm_full_top150	25.0	0.909831846556634	False						
l1000_reversal_support_only	SA-89068	NAN	L1000FWD	LINCS/L1000FWD	cell-line transcriptomic reversal				0.0	3.4218805570711615		unresolved target/MOA; cannot nominate without deconvolution	0		PARK_L1000_ONLY_NEEDS_REAL_PERTURBATION																																		PARK_UNKNOWN	PARK_UNKNOWN_ONLY	ifn_lysosomal_apc_state	49.0	0.0005871982494016	False						
l1000_reversal_support_only	pyrimethamine	NAN	L1000FWD	LINCS/L1000FWD	cell-line transcriptomic reversal				0.0	3.408327382614573		unresolved target/MOA; cannot nominate without deconvolution	0		PARK_L1000_ONLY_NEEDS_REAL_PERTURBATION																																		PARK_UNKNOWN	PARK_UNKNOWN_ONLY	gse111972_ms_wm_full_top150	18.0	1.0	False						
l1000_reversal_support_only	BG-FA-0953	NAN	L1000FWD	LINCS/L1000FWD	cell-line transcriptomic reversal				0.0	3.3984847761253665		unresolved target/MOA; cannot nominate without deconvolution	0		PARK_L1000_ONLY_NEEDS_REAL_PERTURBATION																																		PARK_UNKNOWN	PARK_UNKNOWN_ONLY	gse111972_ms_wm_full_top150	23.0	1.0	False						
l1000_reversal_support_only	alprazolam	GABRA1	L1000FWD	LINCS/L1000FWD	cell-line transcriptomic reversal				0.0	3.3973749535564335		non-obvious target requires prior-art and safety review	0		PARK_L1000_ONLY_NEEDS_REAL_PERTURBATION																																		PARK_REVIEW	NO_GO	gse111972_ms_wm_full_top150	21.0	1.0	False						
l1000_reversal_support_only	PK-11195	TSPO	L1000FWD	LINCS/L1000FWD	cell-line transcriptomic reversal				0.0	3.38086076005344		non-obvious target requires prior-art and safety review	0		PARK_L1000_ONLY_NEEDS_REAL_PERTURBATION																																		PARK_REVIEW	NO_GO	gse111972_ms_wm_full_top150	20.0	1.0	False						
l1000_reversal_support_only	ST-001903	NAN	L1000FWD	LINCS/L1000FWD	cell-line transcriptomic reversal				0.0	3.3717461763813237		unresolved target/MOA; cannot nominate without deconvolution	0		PARK_L1000_ONLY_NEEDS_REAL_PERTURBATION																																		PARK_UNKNOWN	PARK_UNKNOWN_ONLY	gse111972_ms_wm_full_top150	17.0	1.0	False						
l1000_reversal_support_only	BRD-K72381041	NAN	L1000FWD	LINCS/L1000FWD	cell-line transcriptomic reversal				0.0	3.3563770903841577		unresolved target/MOA; cannot nominate without deconvolution	0		PARK_L1000_ONLY_NEEDS_REAL_PERTURBATION																																		PARK_UNKNOWN	PARK_UNKNOWN_ONLY	gse111972_ms_wm_full_top150	24.0	1.0	False						
l1000_reversal_support_only	digitoxigenin	NAN	L1000FWD	LINCS/L1000FWD	cell-line transcriptomic reversal				0.0	3.350415132148449		unresolved target/MOA; cannot nominate without deconvolution	0		PARK_L1000_ONLY_NEEDS_REAL_PERTURBATION																																		PARK_UNKNOWN	PARK_UNKNOWN_ONLY	gse111972_ms_wm_full_top150	29.0	1.0	False						
l1000_reversal_support_only	BRD-K05979026	NAN	L1000FWD	LINCS/L1000FWD	cell-line transcriptomic reversal				0.0	3.346775965652331		unresolved target/MOA; cannot nominate without deconvolution	0		PARK_L1000_ONLY_NEEDS_REAL_PERTURBATION																																		PARK_UNKNOWN	PARK_UNKNOWN_ONLY	gse111972_ms_wm_full_top150	22.0	1.0	False						
l1000_reversal_support_only	tubocurarine	CHRNA2	L1000FWD	LINCS/L1000FWD	cell-line transcriptomic reversal				0.0	3.3163998145293316		non-obvious target requires prior-art and safety review	0		PARK_L1000_ONLY_NEEDS_REAL_PERTURBATION																																		PARK_REVIEW	NO_GO	gse111972_ms_wm_full_top150	34.0	1.0	False						
l1000_reversal_support_only	BRD-K80962769	NAN	L1000FWD	LINCS/L1000FWD	cell-line transcriptomic reversal				0.0	3.2902608152533226		unresolved target/MOA; cannot nominate without deconvolution	0		PARK_L1000_ONLY_NEEDS_REAL_PERTURBATION																																		PARK_UNKNOWN	PARK_UNKNOWN_ONLY	gse111972_ms_wm_full_top150	37.0	0.981075911167448	False						
l1000_reversal_support_only	BRD-K32636001	NAN	L1000FWD	LINCS/L1000FWD	cell-line transcriptomic reversal				0.0	3.284508698440815		unresolved target/MOA; cannot nominate without deconvolution	0		PARK_L1000_ONLY_NEEDS_REAL_PERTURBATION																																		PARK_UNKNOWN	PARK_UNKNOWN_ONLY	gse111972_ms_wm_full_top150	31.0	1.0	False						
l1000_reversal_support_only	estradiol	ESR1	L1000FWD	LINCS/L1000FWD	cell-line transcriptomic reversal				0.0	3.277072543859748		non-obvious target requires prior-art and safety review	0		PARK_L1000_ONLY_NEEDS_REAL_PERTURBATION																																		PARK_REVIEW	NO_GO	gse111972_ms_wm_full_top150	28.0	1.0	False						
l1000_reversal_support_only	L-ascorbyl-6-palmitate	NAN	L1000FWD	LINCS/L1000FWD	cell-line transcriptomic reversal				0.0	3.2734612302217627		unresolved target/MOA; cannot nominate without deconvolution	0		PARK_L1000_ONLY_NEEDS_REAL_PERTURBATION																																		PARK_UNKNOWN	PARK_UNKNOWN_ONLY	gse111972_ms_wm_full_top150	27.0	1.0	False						
l1000_reversal_support_only	BRD-K80346834	NAN	L1000FWD	LINCS/L1000FWD	cell-line transcriptomic reversal				0.0	3.246386921968204		unresolved target/MOA; cannot nominate without deconvolution	0		PARK_L1000_ONLY_NEEDS_REAL_PERTURBATION																																		PARK_UNKNOWN	PARK_UNKNOWN_ONLY	gse111972_ms_wm_full_top150	36.0	1.0	False						
l1000_reversal_support_only	EMF-sumo1-1	NAN	L1000FWD	LINCS/L1000FWD	cell-line transcriptomic reversal				0.0	3.243685875555996		unresolved target/MOA; cannot nominate without deconvolution	0		PARK_L1000_ONLY_NEEDS_REAL_PERTURBATION																																		PARK_UNKNOWN	PARK_UNKNOWN_ONLY	gse111972_ms_wm_full_top150	35.0	1.0	False						
l1000_reversal_support_only	BRD-A95513702	NAN	L1000FWD	LINCS/L1000FWD	cell-line transcriptomic reversal				0.0	3.1794204370856884		unresolved target/MOA; cannot nominate without deconvolution	0		PARK_L1000_ONLY_NEEDS_REAL_PERTURBATION																																		PARK_UNKNOWN	PARK_UNKNOWN_ONLY	gse111972_ms_wm_full_top150	38.0	1.0	False						
l1000_reversal_support_only	SKF-81297	DRD1	L1000FWD	LINCS/L1000FWD	cell-line transcriptomic reversal				0.0	3.1173254038711673		non-obvious target requires prior-art and safety review	0		PARK_L1000_ONLY_NEEDS_REAL_PERTURBATION																																		PARK_REVIEW	NO_GO	gse111972_ms_wm_full_top150	40.0	1.0	False						
l1000_reversal_support_only	BRD-K37340241	NAN	L1000FWD	LINCS/L1000FWD	cell-line transcriptomic reversal				0.0	3.103893572912931		unresolved target/MOA; cannot nominate without deconvolution	0		PARK_L1000_ONLY_NEEDS_REAL_PERTURBATION																																		PARK_UNKNOWN	PARK_UNKNOWN_ONLY	gse111972_ms_wm_full_top150	41.0	1.0	False						
l1000_reversal_support_only	BRD-A09719808	NAN	L1000FWD	LINCS/L1000FWD	cell-line transcriptomic reversal				0.0	3.090398622357929		unresolved target/MOA; cannot nominate without deconvolution	0		PARK_L1000_ONLY_NEEDS_REAL_PERTURBATION																																		PARK_UNKNOWN	PARK_UNKNOWN_ONLY	gse111972_ms_wm_full_top150	42.0	1.0	False						
l1000_reversal_support_only	erythrosine	NAN	L1000FWD	LINCS/L1000FWD	cell-line transcriptomic reversal				0.0	3.079820902286949		unresolved target/MOA; cannot nominate without deconvolution	0		PARK_L1000_ONLY_NEEDS_REAL_PERTURBATION																																		PARK_UNKNOWN	PARK_UNKNOWN_ONLY	gse111972_ms_wm_full_top150	44.0	1.0	False						
l1000_reversal_support_only	BRD-K06765193	NAN	L1000FWD	LINCS/L1000FWD	cell-line transcriptomic reversal				0.0	3.0742269098363924		unresolved target/MOA; cannot nominate without deconvolution	0		PARK_L1000_ONLY_NEEDS_REAL_PERTURBATION																																		PARK_UNKNOWN	PARK_UNKNOWN_ONLY	gse111972_ms_wm_full_top150	49.0	1.0	False						
l1000_reversal_support_only	dovitinib	EGFR	L1000FWD	LINCS/L1000FWD	cell-line transcriptomic reversal				0.0	3.046557974989275		non-obvious target requires prior-art and safety review	0		PARK_L1000_ONLY_NEEDS_REAL_PERTURBATION																																		PARK_REVIEW	NO_GO	gse111972_ms_wm_full_top150	43.0	1.0	False						
l1000_reversal_support_only	PD-0325901	MAP2K1	L1000FWD	LINCS/L1000FWD	cell-line transcriptomic reversal				0.0	3.02928597940513		non-obvious target requires prior-art and safety review	0		PARK_L1000_ONLY_NEEDS_REAL_PERTURBATION																																		PARK_REVIEW	NO_GO	gse111972_ms_wm_full_top150	45.0	1.0	False						
l1000_reversal_support_only	MK-1775	WEE1	L1000FWD	LINCS/L1000FWD	cell-line transcriptomic reversal				0.0	3.0057605024315266		non-obvious target requires prior-art and safety review	0		PARK_L1000_ONLY_NEEDS_REAL_PERTURBATION																																		PARK_REVIEW	NO_GO	gse111972_ms_wm_full_top150	50.0	1.0	False						
